n,seed,support_match,condensation_match,hamming,var_fscore,ari,cluster_f1,beta_min
100,0,0,0,37,0.5934065934065933,0.0,0.6896551724137931,0.5138680255555728
100,1,0,0,38,0.5777777777777777,0.0,0.6896551724137931,0.5138680255555728
100,2,0,0,47,0.5154639175257731,0.0,0.7142857142857143,0.5138680255555728
100,3,0,0,48,0.5,0.0,0.6666666666666666,0.5138680255555728
100,4,0,0,52,0.4583333333333333,0.0,0.7142857142857143,0.5138680255555728
100,5,0,0,44,0.5599999999999999,0.0,0.6666666666666666,0.5138680255555728
100,6,0,0,46,0.5740740740740741,0.0,0.6896551724137931,0.5138680255555728
100,7,0,0,28,0.6818181818181818,0.0,0.7142857142857143,0.5138680255555728
100,8,0,0,46,0.54,0.0,0.6666666666666666,0.5138680255555728
100,9,0,0,44,0.5599999999999999,0.0,0.6896551724137931,0.5138680255555728
100,10,0,0,38,0.5869565217391305,0.0,0.7142857142857143,0.5138680255555728
100,11,0,0,43,0.5376344086021506,0.0,0.7407407407407407,0.5138680255555728
100,12,0,0,45,0.5161290322580645,0.0,0.6666666666666666,0.5138680255555728
100,13,0,0,46,0.5,0.0,0.6206896551724138,0.5138680255555728
100,14,0,0,46,0.54,0.0,0.6666666666666666,0.5138680255555728
100,15,0,0,47,0.5252525252525253,0.0,0.6666666666666666,0.5138680255555728
100,16,0,0,11,0.8571428571428571,0.0,0.8333333333333333,0.5138680255555728
100,17,0,0,41,0.5591397849462365,0.0,0.6896551724137931,0.5138680255555728
100,18,0,0,48,0.52,0.0,0.6896551724137931,0.5138680255555728
100,19,0,0,48,0.5102040816326531,0.0,0.6666666666666666,0.5138680255555728
100,20,0,0,45,0.5544554455445544,0.0,0.6666666666666666,0.5138680255555728
100,21,0,0,47,0.5252525252525253,0.0,0.6666666666666666,0.5138680255555728
100,22,0,0,34,0.6136363636363636,0.0,0.7407407407407407,0.5138680255555728
100,23,0,0,41,0.5940594059405941,0.0,0.6896551724137931,0.5138680255555728
100,24,0,0,51,0.5048543689320388,0.0,0.6896551724137931,0.5138680255555728
100,25,0,0,36,0.5609756097560976,0.0,0.7407407407407407,0.5138680255555728
100,26,0,0,45,0.5454545454545455,0.0,0.7142857142857143,0.5138680255555728
100,27,0,0,43,0.5057471264367817,-0.0493827160493827,0.7142857142857143,0.5138680255555728
100,28,0,0,50,0.4791666666666666,0.0,0.6896551724137931,0.5138680255555728
100,29,0,0,35,0.5977011494252873,0.0,0.7407407407407407,0.5138680255555728
100,30,0,0,44,0.5510204081632654,0.0,0.6666666666666666,0.5138680255555728
100,31,0,0,46,0.5306122448979592,0.0,0.6666666666666667,0.5138680255555728
100,32,0,0,50,0.5454545454545454,0.0,0.7142857142857143,0.5138680255555728
100,33,0,0,43,0.5825242718446602,0.0,0.6896551724137931,0.5138680255555728
100,34,0,0,43,0.5376344086021506,0.0,0.6666666666666667,0.5138680255555728
100,35,0,0,41,0.6095238095238095,0.0,0.6666666666666666,0.5138680255555728
100,36,0,0,38,0.5869565217391305,0.0,0.6666666666666666,0.5138680255555728
100,37,0,0,41,0.5684210526315789,0.0,0.6666666666666667,0.5138680255555728
100,38,0,0,47,0.5154639175257731,0.0,0.7142857142857143,0.5138680255555728
100,39,0,0,38,0.5476190476190477,0.0,0.7407407407407407,0.5138680255555728
100,40,0,0,39,0.5806451612903226,0.0,0.5925925925925927,0.5138680255555728
100,41,0,0,45,0.5544554455445544,0.0,0.6896551724137931,0.5138680255555728
100,42,0,0,51,0.5142857142857142,0.0,0.6896551724137931,0.5138680255555728
100,43,0,0,36,0.6249999999999999,0.0,0.7407407407407407,0.5138680255555728
100,44,0,0,40,0.5348837209302327,0.0,0.7142857142857143,0.5138680255555728
100,45,0,0,21,0.7200000000000001,0.0,0.7692307692307693,0.5138680255555728
100,46,0,0,37,0.5934065934065933,0.0,0.7142857142857143,0.5138680255555728
100,47,0,0,37,0.5934065934065933,0.0,0.6896551724137931,0.5138680255555728
100,48,0,0,40,0.574468085106383,0.0,0.6666666666666666,0.5138680255555728
100,49,0,0,46,0.54,0.0,0.7142857142857143,0.5138680255555728
100,50,0,0,37,0.6185567010309279,0.0,0.6896551724137931,0.5138680255555728
100,51,0,0,33,0.6117647058823529,0.0,0.6666666666666667,0.5138680255555728
100,52,0,0,34,0.6304347826086957,0.0,0.6896551724137931,0.5138680255555728
100,53,0,0,37,0.6021505376344086,0.0,0.6896551724137931,0.5138680255555728
100,54,0,0,42,0.5714285714285715,0.0,0.6666666666666666,0.5138680255555728
100,55,0,0,46,0.54,0.0,0.6206896551724138,0.5138680255555728
100,56,0,0,51,0.4631578947368421,0.0,0.7142857142857143,0.5138680255555728
100,57,0,0,42,0.5333333333333333,0.0,0.6666666666666667,0.5138680255555728
100,58,0,0,30,0.6428571428571428,0.0,0.7407407407407407,0.5138680255555728
100,59,0,0,32,0.6444444444444445,0.0,0.6896551724137931,0.5138680255555728
100,60,0,0,29,0.6506024096385542,0.0,0.7692307692307693,0.5138680255555728
100,61,0,0,43,0.5742574257425742,0.0,0.6666666666666666,0.5138680255555728
100,62,0,0,36,0.6170212765957447,0.0,0.6666666666666666,0.5138680255555728
100,63,0,0,44,0.5599999999999999,0.0,0.6666666666666666,0.5138680255555728
100,64,0,0,43,0.5742574257425742,0.0,0.6666666666666666,0.5138680255555728
100,65,0,0,37,0.5747126436781609,0.0,0.6896551724137931,0.5138680255555728
100,66,0,0,33,0.6526315789473685,0.0,0.6666666666666666,0.5138680255555728
100,67,0,0,35,0.5882352941176471,0.0,0.6923076923076923,0.5138680255555728
100,68,0,0,46,0.5660377358490566,0.0,0.6896551724137931,0.5138680255555728
100,69,0,0,45,0.5454545454545455,0.0,0.6896551724137931,0.5138680255555728
100,70,0,0,33,0.6526315789473685,0.0,0.7142857142857143,0.5138680255555728
100,71,0,0,31,0.6075949367088608,0.0,0.6666666666666667,0.5138680255555728
100,72,0,0,45,0.5454545454545455,0.0,0.7142857142857143,0.5138680255555728
100,73,0,0,43,0.5567010309278351,0.0,0.6896551724137931,0.5138680255555728
100,74,0,0,50,0.5,0.0,0.7407407407407407,0.5138680255555728
100,75,0,0,41,0.5940594059405941,0.0,0.6896551724137931,0.5138680255555728
100,76,0,0,42,0.5625,0.0,0.7142857142857143,0.5138680255555728
100,77,0,0,42,0.5434782608695652,0.0,0.6896551724137931,0.5138680255555728
100,78,0,0,47,0.5436893203883495,0.0,0.6896551724137931,0.5138680255555728
100,79,0,0,37,0.6021505376344086,0.0,0.7142857142857143,0.5138680255555728
100,80,0,0,35,0.6153846153846154,0.0,0.7142857142857143,0.5138680255555728
100,81,0,0,42,0.5625,0.0,0.7142857142857143,0.5138680255555728
100,82,0,0,48,0.5294117647058824,0.0,0.6666666666666666,0.5138680255555728
100,83,0,0,43,0.5656565656565657,0.0,0.6666666666666666,0.5138680255555728
100,84,0,0,46,0.54,0.0,0.6896551724137931,0.5138680255555728
100,85,0,0,45,0.5263157894736842,0.0,0.6666666666666666,0.5138680255555728
100,86,0,0,39,0.5617977528089888,0.0,0.6666666666666666,0.5138680255555728
100,87,0,0,32,0.6521739130434782,0.0,0.7407407407407407,0.5138680255555728
100,88,0,0,42,0.5625,0.0,0.6666666666666666,0.5138680255555728
100,89,0,0,40,0.5652173913043478,0.0,0.6896551724137931,0.5138680255555728
100,90,0,0,39,0.5806451612903226,0.0,0.7142857142857143,0.5138680255555728
100,91,0,0,46,0.54,0.0,0.6896551724137931,0.5138680255555728
100,92,0,0,55,0.4761904761904762,0.0,0.6666666666666666,0.5138680255555728
100,93,0,0,31,0.6736842105263158,0.0,0.6896551724137931,0.5138680255555728
100,94,0,0,43,0.5742574257425742,0.0,0.6666666666666666,0.5138680255555728
100,95,0,0,41,0.5393258426966292,0.0123456790123456,0.6666666666666666,0.5138680255555728
100,96,0,0,33,0.6373626373626373,0.0,0.7407407407407407,0.5138680255555728
100,97,0,0,47,0.5154639175257731,0.0,0.6666666666666666,0.5138680255555728
100,98,0,0,42,0.5625,0.0,0.6896551724137931,0.5138680255555728
100,99,0,0,44,0.5510204081632654,0.0,0.6896551724137931,0.5138680255555728
100,100,0,0,38,0.5957446808510639,0.0,0.7142857142857143,0.5138680255555728
100,101,0,0,39,0.5714285714285714,0.0,0.7407407407407407,0.5138680255555728
100,102,0,0,39,0.5894736842105264,0.0,0.6666666666666666,0.5138680255555728
100,103,0,0,44,0.5111111111111111,0.0,0.7407407407407407,0.5138680255555728
100,104,0,0,44,0.5416666666666666,0.0,0.6666666666666666,0.5138680255555728
100,105,0,0,53,0.4752475247524753,0.0,0.6666666666666666,0.5138680255555728
100,106,0,0,33,0.6292134831460674,0.0,0.6666666666666666,0.5138680255555728
100,107,0,0,42,0.5625,0.0,0.6428571428571429,0.5138680255555728
100,108,0,0,34,0.6222222222222222,0.0,0.6206896551724138,0.5138680255555728
100,109,0,0,57,0.4571428571428572,0.0,0.6666666666666666,0.5138680255555728
100,110,0,0,43,0.5473684210526315,0.0,0.5925925925925927,0.5138680255555728
100,111,0,0,39,0.5894736842105264,0.0,0.6896551724137931,0.5138680255555728
100,112,0,0,36,0.6170212765957447,0.0,0.6896551724137931,0.5138680255555728
100,113,0,0,49,0.4948453608247422,0.0,0.6666666666666666,0.5138680255555728
100,114,0,0,43,0.5168539325842696,0.0,0.7142857142857143,0.5138680255555728
100,115,0,0,43,0.5567010309278351,0.0,0.6896551724137931,0.5138680255555728
100,116,0,0,45,0.5631067961165049,0.0,0.6896551724137931,0.5138680255555728
100,117,0,0,29,0.6419753086419753,0.0,0.8,0.5138680255555728
100,118,0,0,41,0.5684210526315789,0.0,0.6206896551724138,0.5138680255555728
100,119,0,0,32,0.6521739130434782,0.0,0.7142857142857143,0.5138680255555728
100,120,0,0,37,0.6021505376344086,0.0,0.7407407407407407,0.5138680255555728
100,121,0,0,45,0.5631067961165049,0.0,0.6666666666666666,0.5138680255555728
100,122,0,0,43,0.5656565656565657,0.0,0.6896551724137931,0.5138680255555728
100,123,0,0,47,0.4835164835164834,0.0,0.6896551724137931,0.5138680255555728
100,124,0,0,45,0.5794392523364487,0.0,0.6666666666666666,0.5138680255555728
100,125,0,0,35,0.6067415730337079,0.0,0.6896551724137931,0.5138680255555728
100,126,0,0,52,0.5,0.0,0.6666666666666666,0.5138680255555728
100,127,0,0,50,0.5283018867924528,0.0,0.6896551724137931,0.5138680255555728
100,128,0,0,39,0.5894736842105264,0.0,0.6923076923076923,0.5138680255555728
100,129,0,0,37,0.6021505376344086,0.0,0.6896551724137931,0.5138680255555728
100,130,0,0,51,0.4742268041237113,0.0,0.6206896551724138,0.5138680255555728
100,131,0,0,43,0.5376344086021506,0.0,0.6896551724137931,0.5138680255555728
100,132,0,0,33,0.6373626373626373,0.0,0.7142857142857143,0.5138680255555728
100,133,0,0,44,0.5510204081632654,0.0,0.6896551724137931,0.5138680255555728
100,134,0,0,43,0.5376344086021506,0.0,0.6896551724137931,0.5138680255555728
100,135,0,0,52,0.5094339622641509,0.0,0.6206896551724138,0.5138680255555728
100,136,0,0,36,0.5714285714285714,0.0,0.7407407407407407,0.5138680255555728
100,137,0,0,37,0.6021505376344086,0.0,0.6666666666666667,0.5138680255555728
100,138,0,0,39,0.5894736842105264,0.0,0.7142857142857143,0.5138680255555728
100,139,0,0,38,0.6122448979591837,0.0,0.7142857142857143,0.5138680255555728
100,140,0,0,30,0.6341463414634148,0.0,0.6923076923076923,0.5138680255555728
100,141,0,0,45,0.5544554455445544,0.0,0.6666666666666666,0.5138680255555728
100,142,0,0,35,0.5977011494252873,0.0,0.7142857142857143,0.5138680255555728
100,143,0,0,40,0.5918367346938775,0.0,0.6896551724137931,0.5138680255555728
100,144,0,0,40,0.5555555555555555,0.0,0.6896551724137931,0.5138680255555728
100,145,0,0,13,0.821917808219178,0.1564792176039119,0.8695652173913044,0.5138680255555728
100,146,0,0,48,0.52,0.0,0.6896551724137931,0.5138680255555728
100,147,0,0,48,0.4893617021276595,0.0,0.6896551724137931,0.5138680255555728
100,148,0,0,30,0.6666666666666666,0.0,0.7142857142857143,0.5138680255555728
100,149,0,0,47,0.5436893203883495,0.0,0.7142857142857143,0.5138680255555728
100,150,0,0,43,0.5567010309278351,0.0,0.6666666666666666,0.5138680255555728
100,151,0,0,35,0.5977011494252873,0.0,0.7407407407407407,0.5138680255555728
100,152,0,0,47,0.505263157894737,0.0,0.6428571428571429,0.5138680255555728
100,153,0,0,38,0.5957446808510639,0.0,0.7407407407407407,0.5138680255555728
100,154,0,0,41,0.5393258426966292,0.0,0.7407407407407407,0.5138680255555728
100,155,0,0,50,0.4680851063829787,0.0,0.7142857142857143,0.5138680255555728
100,156,0,0,47,0.5252525252525253,0.0,0.6666666666666666,0.5138680255555728
100,157,0,0,46,0.5208333333333334,0.0,0.6896551724137931,0.5138680255555728
100,158,0,0,23,0.7228915662650602,0.0,0.7407407407407407,0.5138680255555728
100,159,0,0,50,0.5098039215686274,0.0,0.6896551724137931,0.5138680255555728
100,160,0,0,49,0.5242718446601942,0.0,0.6666666666666666,0.5138680255555728
100,161,0,0,51,0.5048543689320388,0.0,0.6206896551724138,0.5138680255555728
100,162,0,0,51,0.5142857142857142,0.0,0.6666666666666666,0.5138680255555728
100,163,0,0,48,0.5384615384615384,0.0,0.6666666666666666,0.5138680255555728
100,164,0,0,48,0.5102040816326531,0.0,0.7407407407407407,0.5138680255555728
100,165,0,0,55,0.4660194174757281,0.0,0.6666666666666666,0.5138680255555728
100,166,0,0,47,0.4719101123595506,0.0,0.7142857142857143,0.5138680255555728
100,167,0,0,39,0.5979381443298969,0.0,0.7142857142857143,0.5138680255555728
100,168,0,0,29,0.6588235294117647,0.0,0.7142857142857143,0.5138680255555728
100,169,0,0,27,0.6823529411764707,0.0,0.6666666666666667,0.5138680255555728
100,170,0,0,49,0.5333333333333333,0.0,0.6666666666666666,0.5138680255555728
100,171,0,0,48,0.5,0.0,0.6666666666666666,0.5138680255555728
100,172,0,0,41,0.5591397849462365,0.0,0.6896551724137931,0.5138680255555728
100,173,0,0,40,0.5454545454545455,0.0,0.6896551724137931,0.5138680255555728
100,174,0,0,53,0.5391304347826088,0.0,0.6666666666666666,0.5138680255555728
100,175,0,0,56,0.44,0.0,0.6666666666666666,0.5138680255555728
100,176,0,0,47,0.505263157894737,0.0,0.6428571428571429,0.5138680255555728
100,177,0,0,48,0.52,0.0,0.6896551724137931,0.5138680255555728
100,178,0,0,37,0.6021505376344086,0.0,0.6896551724137931,0.5138680255555728
100,179,0,0,26,0.6904761904761905,0.0,0.7692307692307693,0.5138680255555728
100,180,0,0,19,0.7246376811594203,0.0,0.8,0.5138680255555728
100,181,0,0,44,0.5217391304347826,0.0,0.7142857142857143,0.5138680255555728
100,182,0,0,43,0.5473684210526315,0.0,0.7142857142857143,0.5138680255555728
100,183,0,0,38,0.5957446808510639,0.0,0.7142857142857143,0.5138680255555728
100,184,0,0,46,0.5208333333333334,0.0,0.7142857142857143,0.5138680255555728
100,185,0,0,33,0.6373626373626373,0.0,0.7407407407407407,0.5138680255555728
100,186,0,0,41,0.5287356321839082,0.0,0.6896551724137931,0.5138680255555728
100,187,0,0,47,0.505263157894737,0.0,0.6666666666666666,0.5138680255555728
100,188,0,0,42,0.5714285714285715,0.0,0.6896551724137931,0.5138680255555728
100,189,0,0,13,0.8115942028985507,0.1867469879518072,0.8695652173913044,0.5138680255555728
100,190,0,0,47,0.5346534653465347,0.0,0.6666666666666666,0.5138680255555728
100,191,0,0,43,0.5742574257425742,0.0,0.6666666666666666,0.5138680255555728
100,192,0,0,41,0.5684210526315789,0.0,0.6896551724137931,0.5138680255555728
100,193,0,0,29,0.6588235294117647,0.0,0.6896551724137931,0.5138680255555728
100,194,0,0,36,0.6170212765957447,0.0,0.6666666666666666,0.5138680255555728
100,195,0,0,38,0.6122448979591837,0.0,0.6896551724137931,0.5138680255555728
100,196,0,0,47,0.5523809523809524,0.0,0.6206896551724138,0.5138680255555728
100,197,0,0,44,0.5599999999999999,0.0,0.6896551724137931,0.5138680255555728
100,198,0,0,33,0.6373626373626373,0.0,0.6896551724137931,0.5138680255555728
100,199,0,0,41,0.5684210526315789,0.0,0.6666666666666666,0.5138680255555728
100,200,0,0,43,0.5656565656565657,0.0,0.6666666666666666,0.5138680255555728
100,201,0,0,46,0.54,0.0,0.6666666666666666,0.5138680255555728
100,202,0,0,39,0.5806451612903226,0.0,0.6896551724137931,0.5138680255555728
100,203,0,0,42,0.5961538461538461,0.0,0.6666666666666666,0.5138680255555728
100,204,0,0,32,0.6444444444444445,0.0,0.6923076923076923,0.5138680255555728
100,205,0,0,42,0.5531914893617021,0.0,0.7142857142857143,0.5138680255555728
100,206,0,0,36,0.5714285714285714,0.0,0.6206896551724138,0.5138680255555728
100,207,0,0,39,0.5894736842105264,0.0,0.6896551724137931,0.5138680255555728
100,208,0,0,47,0.5436893203883495,0.0,0.6666666666666666,0.5138680255555728
100,209,0,0,48,0.5102040816326531,0.0,0.6666666666666666,0.5138680255555728
100,210,0,0,39,0.5517241379310345,0.0,0.7692307692307693,0.5138680255555728
100,211,0,0,34,0.6458333333333333,0.0,0.7142857142857143,0.5138680255555728
100,212,0,0,43,0.5656565656565657,0.0,0.6896551724137931,0.5138680255555728
100,213,0,0,53,0.5046728971962617,0.0,0.6666666666666666,0.5138680255555728
100,214,0,0,29,0.6881720430107527,0.0,0.7407407407407407,0.5138680255555728
100,215,0,0,41,0.5591397849462365,0.0,0.6206896551724138,0.5138680255555728
100,216,0,0,42,0.5625,0.0,0.7142857142857143,0.5138680255555728
100,217,0,0,44,0.5599999999999999,0.0,0.6666666666666666,0.5138680255555728
100,218,0,0,22,0.7027027027027027,0.0,0.7407407407407407,0.5138680255555728
100,219,0,0,45,0.5544554455445544,0.0,0.6666666666666666,0.5138680255555728
100,220,0,0,42,0.5434782608695652,0.0,0.6666666666666667,0.5138680255555728
100,221,0,0,43,0.5742574257425742,0.0,0.6896551724137931,0.5138680255555728
100,222,0,0,45,0.5263157894736842,0.0,0.7142857142857143,0.5138680255555728
100,223,0,0,51,0.5233644859813085,0.0,0.6206896551724138,0.5138680255555728
100,224,0,0,44,0.5510204081632654,0.0,0.6896551724137931,0.5138680255555728
100,225,0,0,33,0.6373626373626373,0.0,0.6923076923076923,0.5138680255555728
100,226,0,0,12,0.8378378378378378,0.1564792176039119,0.8333333333333333,0.5138680255555728
100,227,0,0,46,0.5106382978723404,0.0,0.6666666666666666,0.5138680255555728
100,228,0,0,38,0.6274509803921569,0.0,0.6666666666666666,0.5138680255555728
100,229,0,0,32,0.627906976744186,0.0,0.7407407407407407,0.5138680255555728
100,230,0,0,51,0.5486725663716815,0.0,0.6666666666666666,0.5138680255555728
100,231,0,0,46,0.5490196078431372,0.0,0.6666666666666666,0.5138680255555728
100,232,0,0,28,0.6818181818181818,0.0,0.7142857142857143,0.5138680255555728
100,233,0,0,41,0.5773195876288659,0.0,0.7142857142857143,0.5138680255555728
100,234,0,0,53,0.4854368932038834,0.0,0.6666666666666666,0.5138680255555728
100,235,0,0,38,0.6041666666666666,0.0,0.7407407407407407,0.5138680255555728
100,236,0,0,44,0.5510204081632654,0.0,0.6896551724137931,0.5138680255555728
100,237,0,0,16,0.7837837837837839,0.0,0.8,0.5138680255555728
100,238,0,0,44,0.5416666666666666,0.0,0.7142857142857143,0.5138680255555728
100,239,0,0,35,0.6067415730337079,0.0,0.6896551724137931,0.5138680255555728
100,240,0,0,39,0.5617977528089888,0.0,0.6666666666666667,0.5138680255555728
100,241,0,0,39,0.5714285714285714,0.0,0.6896551724137931,0.5138680255555728
100,242,0,0,39,0.5979381443298969,0.0,0.7142857142857143,0.5138680255555728
100,243,0,0,42,0.58,0.0,0.6896551724137931,0.5138680255555728
100,244,0,0,44,0.5686274509803921,0.0,0.6428571428571429,0.5138680255555728
100,245,0,0,36,0.6,0.0,0.6666666666666667,0.5138680255555728
100,246,0,0,40,0.5833333333333334,0.0,0.7142857142857143,0.5138680255555728
100,247,0,0,33,0.6117647058823529,0.0,0.7407407407407407,0.5138680255555728
100,248,0,0,17,0.7605633802816901,0.0954773869346733,0.8333333333333333,0.5138680255555728
100,249,0,0,45,0.5631067961165049,0.0,0.6896551724137931,0.5138680255555728
100,250,0,0,40,0.5555555555555555,0.0,0.6428571428571429,0.5138680255555728
100,251,0,0,44,0.5319148936170214,0.0,0.5384615384615384,0.5138680255555728
100,252,0,0,39,0.5806451612903226,0.0,0.7142857142857143,0.5138680255555728
100,253,0,0,45,0.5631067961165049,0.0,0.6666666666666666,0.5138680255555728
100,254,0,0,46,0.5660377358490566,0.0,0.6206896551724138,0.5138680255555728
100,255,0,0,50,0.4897959183673469,0.0,0.6896551724137931,0.5138680255555728
100,256,0,0,41,0.5684210526315789,0.0,0.7407407407407407,0.5138680255555728
100,257,0,0,53,0.4752475247524753,0.0,0.6666666666666666,0.5138680255555728
100,258,0,0,34,0.6222222222222222,0.0,0.6896551724137931,0.5138680255555728
100,259,0,0,29,0.6741573033707865,0.0,0.6896551724137931,0.5138680255555728
100,260,0,0,29,0.6813186813186812,0.0,0.7407407407407407,0.5138680255555728
100,261,0,0,54,0.4807692307692308,0.0,0.6666666666666666,0.5138680255555728
100,262,0,0,40,0.5833333333333334,0.0,0.6206896551724138,0.5138680255555728
100,263,0,0,50,0.5454545454545454,0.0,0.6666666666666666,0.5138680255555728
100,264,0,0,48,0.5471698113207547,0.0,0.6666666666666666,0.5138680255555728
100,265,0,0,38,0.5777777777777777,0.0,0.6666666666666666,0.5138680255555728
100,266,0,0,54,0.4807692307692308,0.0,0.6666666666666666,0.5138680255555728
100,267,0,0,41,0.5773195876288659,0.0,0.7142857142857143,0.5138680255555728
100,268,0,0,45,0.49438202247191,0.0,0.7407407407407407,0.5138680255555728
100,269,0,0,35,0.6236559139784946,0.0,0.6896551724137931,0.5138680255555728
100,270,0,0,54,0.4807692307692308,0.0,0.6896551724137931,0.5138680255555728
100,271,0,0,34,0.6382978723404255,0.0,0.7142857142857143,0.5138680255555728
100,272,0,0,42,0.5434782608695652,0.0,0.6896551724137931,0.5138680255555728
100,273,0,0,51,0.4742268041237113,0.0,0.6206896551724138,0.5138680255555728
100,274,0,0,46,0.5576923076923077,0.0,0.6666666666666666,0.5138680255555728
100,275,0,0,35,0.5977011494252873,0.0,0.7407407407407407,0.5138680255555728
100,276,0,0,35,0.6236559139784946,0.0,0.7142857142857143,0.5138680255555728
100,277,0,0,33,0.6024096385542169,0.0,0.6666666666666667,0.5138680255555728
100,278,0,0,48,0.5102040816326531,0.0,0.6428571428571429,0.5138680255555728
100,279,0,0,40,0.574468085106383,0.0,0.6666666666666666,0.5138680255555728
100,280,0,0,35,0.631578947368421,0.0,0.6896551724137931,0.5138680255555728
100,281,0,0,43,0.5825242718446602,0.0,0.6896551724137931,0.5138680255555728
100,282,0,0,49,0.4948453608247422,0.0,0.6896551724137931,0.5138680255555728
100,283,0,0,41,0.5940594059405941,0.0,0.6666666666666666,0.5138680255555728
100,284,0,0,39,0.5714285714285714,0.0,0.7692307692307693,0.5138680255555728
100,285,0,0,38,0.6041666666666666,0.0,0.6896551724137931,0.5138680255555728
100,286,0,0,39,0.5979381443298969,0.0,0.7142857142857143,0.5138680255555728
100,287,0,0,34,0.6046511627906975,0.0,0.7692307692307693,0.5138680255555728
100,288,0,0,44,0.5686274509803921,0.0,0.6896551724137931,0.5138680255555728
100,289,0,0,51,0.4631578947368421,0.0,0.6666666666666666,0.5138680255555728
100,290,0,0,32,0.6444444444444445,0.0,0.6896551724137931,0.5138680255555728
100,291,0,0,40,0.5652173913043478,0.0,0.6896551724137931,0.5138680255555728
100,292,0,0,53,0.4952380952380952,0.0,0.6666666666666666,0.5138680255555728
100,293,0,0,40,0.574468085106383,0.0,0.6896551724137931,0.5138680255555728
100,294,0,0,50,0.4897959183673469,0.0,0.6206896551724138,0.5138680255555728
100,295,0,0,48,0.5102040816326531,0.0,0.6666666666666666,0.5138680255555728
100,296,0,0,46,0.54,0.0,0.6896551724137931,0.5138680255555728
100,297,0,0,52,0.5357142857142857,0.0,0.6666666666666666,0.5138680255555728
100,298,0,0,40,0.5652173913043478,0.0,0.6923076923076923,0.5138680255555728
100,299,0,0,33,0.6292134831460674,0.0,0.7142857142857143,0.5138680255555728
200,0,0,0,31,0.6265060240963856,0.0,0.7407407407407407,0.5138680255555728
200,1,0,0,34,0.5952380952380952,0.0,0.7142857142857143,0.5138680255555728
200,2,0,0,28,0.6585365853658536,0.0,0.7407407407407407,0.5138680255555728
200,3,0,0,19,0.759493670886076,0.0,0.7407407407407407,0.5138680255555728
200,4,0,0,33,0.6526315789473685,0.0,0.7142857142857143,0.5138680255555728
200,5,0,0,33,0.6117647058823529,0.0,0.7142857142857143,0.5138680255555728
200,6,0,0,34,0.6222222222222222,0.0,0.7142857142857143,0.5138680255555728
200,7,0,0,7,0.8985507246376813,0.1564792176039119,0.8695652173913044,0.5138680255555728
200,8,0,0,31,0.6436781609195402,0.0,0.6923076923076923,0.5138680255555728
200,9,0,0,22,0.7179487179487178,0.0,0.7407407407407407,0.5138680255555728
200,10,0,0,43,0.5825242718446602,0.0,0.6666666666666666,0.5138680255555728
200,11,0,0,30,0.6153846153846153,0.1564792176039119,0.8333333333333333,0.5138680255555728
200,12,0,0,29,0.6588235294117647,0.0,0.7692307692307693,0.5138680255555728
200,13,0,0,15,0.7945205479452054,0.1564792176039119,0.9090909090909092,0.5138680255555728
200,14,0,0,6,0.9166666666666666,0.0,0.8695652173913044,0.5138680255555728
200,15,0,0,22,0.7317073170731708,0.0,0.8333333333333333,0.5138680255555728
200,16,0,0,6,0.9166666666666666,0.4043321299638989,0.9090909090909092,0.5138680255555728
200,17,0,1,1,0.9850746268656716,1.0,1.0,0.5138680255555728
200,18,0,0,28,0.65,0.0,0.7692307692307693,0.5138680255555728
200,19,0,0,9,0.8732394366197183,0.1564792176039119,0.9090909090909092,0.5138680255555728
200,20,0,0,36,0.6086956521739131,0.0,0.7407407407407407,0.5138680255555728
200,21,0,0,23,0.7294117647058823,0.0,0.8,0.5138680255555728
200,22,0,0,31,0.6265060240963856,0.0,0.7407407407407407,0.5138680255555728
200,23,0,0,4,0.9428571428571428,0.8314606741573034,0.9523809523809524,0.5138680255555728
200,24,0,0,34,0.6046511627906975,0.0,0.7407407407407407,0.5138680255555728
200,25,0,0,39,0.5979381443298969,0.0,0.6896551724137931,0.5138680255555728
200,26,0,0,23,0.7012987012987013,0.0,0.8,0.5138680255555728
200,27,0,0,10,0.8529411764705883,0.5945945945945946,0.9523809523809524,0.5138680255555728
200,28,0,0,35,0.5679012345679013,0.0,0.7142857142857143,0.5138680255555728
200,29,0,0,45,0.5263157894736842,0.0,0.6666666666666666,0.5138680255555728
200,30,0,0,5,0.927536231884058,0.1564792176039119,0.8571428571428572,0.5138680255555728
200,31,0,0,39,0.5411764705882354,0.0,0.6896551724137931,0.5138680255555728
200,32,0,0,26,0.6904761904761905,0.0,0.7142857142857143,0.5138680255555728
200,33,0,0,3,0.9565217391304348,0.4043321299638989,0.9090909090909092,0.5138680255555728
200,34,0,0,35,0.5977011494252873,0.0,0.7407407407407407,0.5138680255555728
200,35,0,0,8,0.8857142857142858,0.1564792176039119,0.9090909090909092,0.5138680255555728
200,36,0,0,52,0.5094339622641509,0.0,0.6666666666666666,0.5138680255555728
200,37,0,0,29,0.6133333333333334,0.0,0.8,0.5138680255555728
200,38,0,0,32,0.6595744680851064,0.0,0.7142857142857143,0.5138680255555728
200,39,0,0,26,0.711111111111111,0.0,0.6896551724137931,0.5138680255555728
200,40,0,0,7,0.8955223880597014,0.5945945945945946,0.9523809523809524,0.5138680255555728
200,41,0,0,32,0.6190476190476191,0.0,0.7407407407407407,0.5138680255555728
200,42,0,0,5,0.927536231884058,0.1564792176039119,0.9090909090909092,0.5138680255555728
200,43,0,0,31,0.6352941176470589,0.0,0.7142857142857143,0.5138680255555728
200,44,0,0,1,0.9846153846153848,1.0,0.9473684210526316,0.5138680255555728
200,45,0,0,31,0.6352941176470589,0.0,0.7692307692307693,0.5138680255555728
200,46,0,0,31,0.6075949367088608,0.0,0.7692307692307693,0.5138680255555728
200,47,0,0,31,0.6352941176470589,0.0,0.7142857142857143,0.5138680255555728
200,48,0,0,21,0.7529411764705882,0.0,0.7692307692307693,0.5138680255555728
200,49,0,0,36,0.5609756097560976,0.0,0.7407407407407407,0.5138680255555728
200,50,0,1,1,0.9850746268656716,1.0,1.0,0.5138680255555728
200,51,0,0,34,0.6046511627906975,0.0,0.7142857142857143,0.5138680255555728
200,52,0,0,7,0.9014084507042254,0.5945945945945946,0.9523809523809524,0.5138680255555728
200,53,0,0,24,0.7142857142857143,0.0,0.7407407407407407,0.5138680255555728
200,54,1,1,0,1.0,1.0,1.0,0.5138680255555728
200,55,0,0,35,0.6236559139784946,0.0,0.6896551724137931,0.5138680255555728
200,56,0,0,20,0.7435897435897436,0.0,0.8,0.5138680255555728
200,57,0,0,7,0.8985507246376813,0.1564792176039119,0.8181818181818182,0.5138680255555728
200,58,0,0,14,0.8157894736842105,0.1564792176039119,0.7692307692307693,0.5138680255555728
200,59,0,0,15,0.8051948051948052,0.0,0.8695652173913044,0.5138680255555728
200,60,0,0,26,0.6829268292682927,0.1564792176039119,0.7826086956521738,0.5138680255555728
200,61,0,0,7,0.9041095890410958,0.4043321299638989,0.8695652173913044,0.5138680255555728
200,62,0,0,28,0.6585365853658536,0.0,0.7692307692307693,0.5138680255555728
200,63,0,0,27,0.6966292134831461,0.0,0.7142857142857143,0.5138680255555728
200,64,0,0,23,0.7012987012987013,0.0,0.8,0.5138680255555728
200,65,0,0,42,0.58,0.0,0.6896551724137931,0.5138680255555728
200,66,0,0,27,0.64,0.0,0.8333333333333333,0.5138680255555728
200,67,0,0,28,0.6585365853658536,0.0,0.7692307692307693,0.5138680255555728
200,68,0,0,31,0.651685393258427,0.0,0.7200000000000001,0.5138680255555728
200,69,0,0,44,0.5599999999999999,0.0123456790123456,0.6896551724137931,0.5138680255555728
200,70,0,0,31,0.6265060240963856,0.0,0.7407407407407407,0.5138680255555728
200,71,0,0,42,0.5531914893617021,0.0,0.7142857142857143,0.5138680255555728
200,72,0,0,36,0.6170212765957447,0.0,0.6896551724137931,0.5138680255555728
200,73,0,0,36,0.5909090909090909,0.0,0.7407407407407407,0.5138680255555728
200,74,0,0,47,0.4835164835164834,0.0,0.6896551724137931,0.5138680255555728
200,75,0,0,14,0.8108108108108109,0.4043321299638989,0.9523809523809524,0.5138680255555728
200,76,0,0,14,0.8108108108108109,0.1564792176039119,0.8695652173913044,0.5138680255555728
200,77,0,0,5,0.9253731343283584,0.7619047619047619,0.9523809523809524,0.5138680255555728
200,78,0,0,32,0.6363636363636364,0.0,0.7407407407407407,0.5138680255555728
200,79,0,0,21,0.7341772151898734,0.1564792176039119,0.8333333333333333,0.5138680255555728
200,80,0,0,35,0.6067415730337079,0.0,0.7142857142857143,0.5138680255555728
200,81,0,0,22,0.7179487179487178,0.0,0.7407407407407407,0.5138680255555728
200,82,0,0,4,0.9428571428571428,0.1564792176039119,0.9090909090909092,0.5138680255555728
200,83,0,0,9,0.88,0.1564792176039119,0.9090909090909092,0.5138680255555728
200,84,0,0,38,0.5581395348837209,0.0,0.7692307692307693,0.5138680255555728
200,85,0,0,35,0.5977011494252873,0.0,0.7142857142857143,0.5138680255555728
200,86,0,0,21,0.7341772151898734,0.5493562231759657,0.9090909090909092,0.5138680255555728
200,87,0,0,20,0.7297297297297297,0.7,0.9523809523809524,0.5138680255555728
200,88,0,0,48,0.5294117647058824,0.0,0.6896551724137931,0.5138680255555728
200,89,0,0,34,0.6046511627906975,0.0,0.7407407407407407,0.5138680255555728
200,90,0,0,27,0.6896551724137931,0.0,0.6923076923076923,0.5138680255555728
200,91,0,0,32,0.6444444444444445,0.0,0.7407407407407407,0.5138680255555728
200,92,0,0,38,0.5581395348837209,0.0,0.7142857142857143,0.5138680255555728
200,93,0,0,8,0.8918918918918919,0.8314606741573034,0.9523809523809524,0.5138680255555728
200,94,0,0,35,0.6153846153846154,0.0,0.6896551724137931,0.5138680255555728
200,95,0,0,11,0.8493150684931509,0.1564792176039119,0.8695652173913044,0.5138680255555728
200,96,0,0,6,0.9166666666666666,0.5081967213114754,0.9090909090909092,0.5138680255555728
200,97,0,0,39,0.5894736842105264,0.0,0.6666666666666667,0.5138680255555728
200,98,0,0,41,0.5684210526315789,0.0,0.7142857142857143,0.5138680255555728
200,99,0,0,28,0.611111111111111,0.0954773869346733,0.8695652173913044,0.5138680255555728
200,100,0,1,1,0.9850746268656716,1.0,1.0,0.5138680255555728
200,101,0,0,32,0.627906976744186,0.0,0.7407407407407407,0.5138680255555728
200,102,0,0,33,0.6451612903225806,0.0,0.6666666666666667,0.5138680255555728
200,103,0,0,56,0.5,0.0,0.6666666666666666,0.5138680255555728
200,104,0,0,15,0.7945205479452054,0.0,0.8695652173913044,0.5138680255555728
200,105,0,0,37,0.6021505376344086,0.0,0.7407407407407407,0.5138680255555728
200,106,0,0,21,0.7407407407407406,0.0,0.8,0.5138680255555728
200,107,0,0,41,0.5591397849462365,0.0,0.6896551724137931,0.5138680255555728
200,108,0,0,30,0.6428571428571428,0.0,0.8,0.5138680255555728
200,109,0,0,17,0.7848101265822786,0.1564792176039119,0.8695652173913044,0.5138680255555728
200,110,0,0,26,0.675,0.1564792176039119,0.8,0.5138680255555728
200,111,0,0,2,0.9705882352941176,0.5945945945945946,0.9523809523809524,0.5138680255555728
200,112,0,0,14,0.8205128205128205,0.0,0.8,0.5138680255555728
200,113,0,0,6,0.9166666666666666,0.2990654205607476,0.8333333333333333,0.5138680255555728
200,114,0,0,4,0.9428571428571428,0.1564792176039119,0.9090909090909092,0.5138680255555728
200,115,0,0,35,0.5783132530120482,0.0,0.8,0.5138680255555728
200,116,0,0,16,0.7837837837837839,0.5945945945945946,0.9523809523809524,0.5138680255555728
200,117,0,0,19,0.759493670886076,0.0,0.8,0.5138680255555728
200,118,0,0,21,0.7407407407407406,0.0,0.7692307692307693,0.5138680255555728
200,119,0,0,32,0.6363636363636364,0.0,0.6896551724137931,0.5138680255555728
200,120,0,0,22,0.6944444444444444,0.1564792176039119,0.8333333333333333,0.5138680255555728
200,121,0,0,31,0.6352941176470589,0.0,0.7142857142857143,0.5138680255555728
200,122,0,0,14,0.8108108108108109,0.4043321299638989,0.8695652173913044,0.5138680255555728
200,123,0,0,25,0.6987951807228915,0.0,0.7407407407407407,0.5138680255555728
200,124,0,0,13,0.8266666666666667,0.1564792176039119,0.8,0.5138680255555728
200,125,0,0,23,0.7294117647058823,0.0,0.7407407407407407,0.5138680255555728
200,126,0,0,26,0.6829268292682927,0.0,0.8,0.5138680255555728
200,127,0,0,38,0.6122448979591837,0.0,0.6896551724137931,0.5138680255555728
200,128,0,0,36,0.5909090909090909,0.0,0.7142857142857143,0.5138680255555728
200,129,0,0,5,0.927536231884058,0.4043321299638989,0.9090909090909092,0.5138680255555728
200,130,0,0,19,0.732394366197183,0.1564792176039119,0.8181818181818182,0.5138680255555728
200,131,0,0,20,0.75,0.1564792176039119,0.8333333333333333,0.5138680255555728
200,132,0,0,6,0.9166666666666666,0.5945945945945946,0.9523809523809524,0.5138680255555728
200,133,0,0,27,0.6582278481012658,0.0,0.7407407407407407,0.5138680255555728
200,134,0,0,4,0.9411764705882354,0.1564792176039119,0.9523809523809524,0.5138680255555728
200,135,0,0,37,0.6021505376344086,0.0,0.6896551724137931,0.5138680255555728
200,136,0,0,31,0.651685393258427,0.0,0.7407407407407407,0.5138680255555728
200,137,0,0,14,0.8108108108108109,0.0,0.7692307692307693,0.5138680255555728
200,138,0,0,28,0.65,0.0,0.7692307692307693,0.5138680255555728
200,139,1,1,0,1.0,1.0,1.0,0.5138680255555728
200,140,0,0,7,0.9014084507042254,0.1564792176039119,0.8695652173913044,0.5138680255555728
200,141,0,0,15,0.8051948051948052,0.1564792176039119,0.8,0.5138680255555728
200,142,0,0,26,0.6904761904761905,0.0,0.7692307692307693,0.5138680255555728
200,143,0,0,38,0.5681818181818181,0.0,0.7407407407407407,0.5138680255555728
200,144,0,0,38,0.5681818181818181,0.0,0.7142857142857143,0.5138680255555728
200,145,0,0,5,0.9295774647887324,0.1564792176039119,0.9090909090909092,0.5138680255555728
200,146,0,0,25,0.691358024691358,0.1564792176039119,0.8695652173913044,0.5138680255555728
200,147,0,0,46,0.5208333333333334,0.0,0.7407407407407407,0.5138680255555728
200,148,0,0,38,0.5777777777777777,0.0,0.7692307692307693,0.5138680255555728
200,149,0,0,38,0.5777777777777777,0.0,0.7692307692307693,0.5138680255555728
200,150,0,0,24,0.6842105263157895,0.0,0.8333333333333333,0.5138680255555728
200,151,0,0,19,0.7466666666666666,0.1564792176039119,0.9090909090909092,0.5138680255555728
200,152,0,0,30,0.625,0.0,0.75,0.5138680255555728
200,153,0,0,23,0.7356321839080459,0.0,0.7407407407407407,0.5138680255555728
200,154,0,0,6,0.9142857142857144,0.1564792176039119,0.9090909090909092,0.5138680255555728
200,155,0,0,30,0.6511627906976744,0.0,0.7692307692307693,0.5138680255555728
200,156,0,0,29,0.6588235294117647,0.0,0.7692307692307693,0.5138680255555728
200,157,0,0,4,0.9428571428571428,0.5081967213114754,0.9090909090909092,0.5138680255555728
200,158,0,0,6,0.9142857142857144,0.0,0.8695652173913044,0.5138680255555728
200,159,0,0,33,0.5925925925925926,0.0,0.8,0.5138680255555728
200,160,0,0,36,0.5714285714285714,0.0,0.7142857142857143,0.5138680255555728
200,161,0,0,13,0.8266666666666667,0.4360902255639097,0.9090909090909092,0.5138680255555728
200,162,0,0,43,0.5473684210526315,0.0,0.6666666666666666,0.5138680255555728
200,163,0,0,19,0.7532467532467532,0.1564792176039119,0.9090909090909092,0.5138680255555728
200,164,0,0,1,0.9850746268656716,0.8314606741573034,0.9523809523809524,0.5138680255555728
200,165,0,0,18,0.7857142857142858,0.0,0.8,0.5138680255555728
200,166,0,0,6,0.9166666666666666,0.4043321299638989,0.9090909090909092,0.5138680255555728
200,167,0,0,24,0.7272727272727272,0.0,0.7142857142857143,0.5138680255555728
200,168,0,0,12,0.846153846153846,0.4043321299638989,0.9090909090909092,0.5138680255555728
200,169,0,0,38,0.5869565217391305,0.0,0.7692307692307693,0.5138680255555728
200,170,0,0,36,0.5714285714285714,0.0,0.7407407407407407,0.5138680255555728
200,171,0,0,36,0.6086956521739131,0.0,0.7142857142857143,0.5138680255555728
200,172,0,0,28,0.6216216216216217,0.0,0.8,0.5138680255555728
200,173,0,0,30,0.625,0.0,0.8,0.5138680255555728
200,174,0,0,30,0.6511627906976744,0.0,0.7407407407407407,0.5138680255555728
200,175,0,0,27,0.6582278481012658,0.0,0.7142857142857143,0.5138680255555728
200,176,0,0,36,0.6086956521739131,0.0,0.6923076923076923,0.5138680255555728
200,177,0,0,25,0.6987951807228915,0.1564792176039119,0.7692307692307693,0.5138680255555728
200,178,0,0,17,0.7901234567901234,0.0,0.8,0.5138680255555728
200,179,0,0,28,0.6666666666666667,0.0,0.8,0.5138680255555728
200,180,0,0,25,0.6835443037974683,0.1564792176039119,0.8333333333333333,0.5138680255555728
200,181,0,0,24,0.7073170731707316,0.0,0.8,0.5138680255555728
200,182,0,0,32,0.6190476190476191,0.0,0.8,0.5138680255555728
200,183,0,0,26,0.6578947368421053,0.0,0.8,0.5138680255555728
200,184,0,0,31,0.6352941176470589,0.0,0.7407407407407407,0.5138680255555728
200,185,0,0,38,0.5869565217391305,0.0,0.7142857142857143,0.5138680255555728
200,186,0,0,9,0.8732394366197183,0.4043321299638989,0.9090909090909092,0.5138680255555728
200,187,0,0,25,0.691358024691358,0.0,0.8,0.5138680255555728
200,188,0,0,21,0.7341772151898734,0.0,0.8,0.5138680255555728
200,189,0,0,6,0.9117647058823528,0.4043321299638989,0.9523809523809524,0.5138680255555728
200,190,0,0,31,0.6436781609195402,0.0,0.7407407407407407,0.5138680255555728
200,191,0,0,25,0.6835443037974683,0.1564792176039119,0.8,0.5138680255555728
200,192,0,0,42,0.5531914893617021,0.0,0.6896551724137931,0.5138680255555728
200,193,0,0,36,0.6170212765957447,0.0,0.7142857142857143,0.5138680255555728
200,194,0,0,3,0.9565217391304348,0.4043321299638989,0.9523809523809524,0.5138680255555728
200,195,0,0,23,0.7012987012987013,0.0,0.8333333333333333,0.5138680255555728
200,196,0,0,33,0.6451612903225806,0.0,0.7407407407407407,0.5138680255555728
200,197,0,0,31,0.5866666666666667,0.0,0.7142857142857143,0.5138680255555728
200,198,0,0,25,0.6835443037974683,0.1564792176039119,0.8333333333333333,0.5138680255555728
200,199,0,1,2,0.9705882352941176,1.0,1.0,0.5138680255555728
200,200,0,0,23,0.6933333333333334,0.0,0.7407407407407407,0.5138680255555728
200,201,0,0,38,0.6041666666666666,0.0,0.6896551724137931,0.5138680255555728
200,202,0,0,10,0.8571428571428571,0.4043321299638989,0.9090909090909092,0.5138680255555728
200,203,0,0,14,0.8055555555555556,0.0,0.8695652173913044,0.5138680255555728
200,204,0,0,8,0.8888888888888888,0.4043321299638989,0.8695652173913044,0.5138680255555728
200,205,0,0,42,0.5227272727272727,0.0,0.7142857142857143,0.5138680255555728
200,206,0,0,24,0.7209302325581395,0.0,0.7407407407407407,0.5138680255555728
200,207,0,0,1,0.9846153846153848,1.0,0.9473684210526316,0.5138680255555728
200,208,0,0,24,0.7073170731707316,0.0,0.7407407407407407,0.5138680255555728
200,209,0,0,23,0.7228915662650602,0.0,0.7142857142857143,0.5138680255555728
200,210,0,0,28,0.6585365853658536,0.0,0.6896551724137931,0.5138680255555728
200,211,0,0,1,0.9850746268656716,0.5945945945945946,0.9523809523809524,0.5138680255555728
200,212,0,0,4,0.9411764705882354,0.5081967213114754,0.9523809523809524,0.5138680255555728
200,213,0,0,18,0.7567567567567567,0.1564792176039119,0.8,0.5138680255555728
200,214,0,0,6,0.9142857142857144,0.1564792176039119,0.9,0.5138680255555728
200,215,0,0,13,0.821917808219178,0.5945945945945946,0.9523809523809524,0.5138680255555728
200,216,0,0,36,0.5909090909090909,0.0,0.7692307692307693,0.5138680255555728
200,217,0,0,27,0.6746987951807228,0.0,0.7142857142857143,0.5138680255555728
200,218,0,0,5,0.9295774647887324,0.4043321299638989,0.9523809523809524,0.5138680255555728
200,219,0,0,12,0.8421052631578948,0.0,0.8333333333333333,0.5138680255555728
200,220,0,0,9,0.8767123287671234,0.4043321299638989,0.9090909090909092,0.5138680255555728
200,221,0,0,31,0.6075949367088608,0.1564792176039119,0.8,0.5138680255555728
200,222,0,0,21,0.7341772151898734,0.0,0.8,0.5138680255555728
200,223,0,0,34,0.6046511627906975,0.0,0.7142857142857143,0.5138680255555728
200,224,0,0,5,0.927536231884058,0.0,0.9090909090909092,0.5138680255555728
200,225,0,0,29,0.6233766233766234,0.0,0.6923076923076923,0.5138680255555728
200,226,0,1,3,0.9565217391304348,1.0,1.0,0.5138680255555728
200,227,0,0,15,0.7887323943661972,0.1564792176039119,0.8695652173913044,0.5138680255555728
200,228,0,0,48,0.5294117647058824,0.0,0.6666666666666666,0.5138680255555728
200,229,0,0,15,0.7945205479452054,0.1564792176039119,0.8695652173913044,0.5138680255555728
200,230,0,0,39,0.5979381443298969,0.0,0.6896551724137931,0.5138680255555728
200,231,0,0,41,0.5287356321839082,0.0,0.7407407407407407,0.5138680255555728
200,232,0,0,39,0.5714285714285714,0.0,0.6428571428571429,0.5138680255555728
200,233,0,0,43,0.5567010309278351,0.0,0.7142857142857143,0.5138680255555728
200,234,0,0,48,0.52,0.0,0.6666666666666666,0.5138680255555728
200,235,0,0,25,0.6835443037974683,0.0,0.7692307692307693,0.5138680255555728
200,236,0,0,30,0.6428571428571428,0.0,0.7407407407407407,0.5138680255555728
200,237,0,0,35,0.5977011494252873,0.0,0.7407407407407407,0.5138680255555728
200,238,0,0,10,0.8648648648648648,0.0,0.8,0.5138680255555728
200,239,0,0,38,0.5476190476190477,0.0,0.6666666666666667,0.5138680255555728
200,240,0,0,29,0.6506024096385542,0.0,0.7692307692307693,0.5138680255555728
200,241,0,0,22,0.7179487179487178,0.0,0.8333333333333333,0.5138680255555728
200,242,0,1,2,0.96875,1.0,1.0,0.5138680255555728
200,243,0,0,27,0.6966292134831461,0.0,0.7407407407407407,0.5138680255555728
200,244,0,0,16,0.7948717948717948,0.0,0.8,0.5138680255555728
200,245,0,0,25,0.6987951807228915,0.0,0.7692307692307693,0.5138680255555728
200,246,0,0,16,0.7999999999999999,0.0,0.7407407407407407,0.5138680255555728
200,247,0,0,7,0.9041095890410958,0.1564792176039119,0.8695652173913044,0.5138680255555728
200,248,0,0,29,0.6506024096385542,0.0,0.7407407407407407,0.5138680255555728
200,249,0,0,18,0.7631578947368421,0.1564792176039119,0.8333333333333333,0.5138680255555728
200,250,0,0,33,0.6292134831460674,0.0,0.8,0.5138680255555728
200,251,0,0,25,0.7058823529411764,0.0,0.7407407407407407,0.5138680255555728
200,252,0,0,19,0.7532467532467532,0.0,0.7692307692307693,0.5138680255555728
200,253,0,0,19,0.7466666666666666,0.0,0.8,0.5138680255555728
200,254,0,0,42,0.5333333333333333,0.0,0.7142857142857143,0.5138680255555728
200,255,0,0,42,0.5116279069767442,0.0,0.8,0.5138680255555728
200,256,0,0,34,0.6046511627906975,0.0,0.7692307692307693,0.5138680255555728
200,257,0,0,39,0.5185185185185185,0.0,0.6923076923076923,0.5138680255555728
200,258,0,0,38,0.5957446808510639,0.0,0.6896551724137931,0.5138680255555728
200,259,0,0,42,0.5227272727272727,0.0,0.7142857142857143,0.5138680255555728
200,260,0,0,17,0.7733333333333333,0.1564792176039119,0.8333333333333333,0.5138680255555728
200,261,0,0,31,0.6593406593406593,0.0,0.7142857142857143,0.5138680255555728
200,262,0,0,6,0.9142857142857144,0.4043321299638989,0.8571428571428572,0.5138680255555728
200,263,0,0,21,0.7341772151898734,0.0,0.6923076923076923,0.5138680255555728
200,264,0,0,22,0.7179487179487178,0.0,0.8333333333333333,0.5138680255555728
200,265,0,0,12,0.8378378378378378,0.1564792176039119,0.8333333333333333,0.5138680255555728
200,266,0,0,44,0.5416666666666666,0.0,0.7407407407407407,0.5138680255555728
200,267,0,0,5,0.9295774647887324,0.1564792176039119,0.8695652173913044,0.5138680255555728
200,268,0,0,46,0.5106382978723404,0.0,0.6896551724137931,0.5138680255555728
200,269,0,0,37,0.5647058823529413,0.0,0.7407407407407407,0.5138680255555728
200,270,0,0,32,0.5999999999999999,0.0,0.8333333333333333,0.5138680255555728
200,271,0,0,34,0.6222222222222222,0.0,0.6896551724137931,0.5138680255555728
200,272,0,0,23,0.7160493827160493,0.0,0.7407407407407407,0.5138680255555728
200,273,0,0,34,0.6304347826086957,0.0,0.6666666666666666,0.5138680255555728
200,274,0,0,32,0.6444444444444445,0.0,0.7407407407407407,0.5138680255555728
200,275,0,0,33,0.5822784810126582,0.0,0.8333333333333333,0.5138680255555728
200,276,0,0,34,0.6136363636363636,0.0,0.6896551724137931,0.5138680255555728
200,277,0,0,35,0.6236559139784946,0.0,0.6896551724137931,0.5138680255555728
200,278,0,0,33,0.6292134831460674,0.0,0.7407407407407407,0.5138680255555728
200,279,0,0,15,0.7945205479452054,0.1564792176039119,0.8333333333333333,0.5138680255555728
200,280,0,0,24,0.7,0.0,0.7407407407407407,0.5138680255555728
200,281,0,0,38,0.5869565217391305,0.0,0.7142857142857143,0.5138680255555728
200,282,0,0,5,0.9295774647887324,0.4043321299638989,0.9090909090909092,0.5138680255555728
200,283,1,1,0,1.0,1.0,1.0,0.5138680255555728
200,284,0,0,30,0.6511627906976744,0.0,0.7692307692307693,0.5138680255555728
200,285,0,0,26,0.6578947368421053,0.1564792176039119,0.8333333333333333,0.5138680255555728
200,286,0,0,30,0.673913043478261,0.0,0.7407407407407407,0.5138680255555728
200,287,0,0,33,0.6117647058823529,0.0,0.7692307692307693,0.5138680255555728
200,288,0,0,5,0.927536231884058,0.1564792176039119,0.9090909090909092,0.5138680255555728
200,289,0,0,29,0.6233766233766234,0.0,0.8,0.5138680255555728
200,290,0,0,44,0.5686274509803921,0.0,0.6896551724137931,0.5138680255555728
200,291,0,0,29,0.6881720430107527,0.0,0.7142857142857143,0.5138680255555728
200,292,0,0,27,0.6823529411764707,0.0,0.7407407407407407,0.5138680255555728
200,293,0,0,35,0.6153846153846154,0.0,0.6896551724137931,0.5138680255555728
200,294,0,0,25,0.7126436781609197,0.0,0.6923076923076923,0.5138680255555728
200,295,0,0,14,0.8205128205128205,0.0,0.7692307692307693,0.5138680255555728
200,296,0,0,25,0.691358024691358,0.0,0.7692307692307693,0.5138680255555728
200,297,0,1,4,0.9393939393939394,1.0,1.0,0.5138680255555728
200,298,0,0,27,0.6493506493506495,0.0,0.6923076923076923,0.5138680255555728
200,299,0,0,29,0.6233766233766234,0.0,0.7692307692307693,0.5138680255555728
300,0,0,1,3,0.955223880597015,1.0,1.0,0.5138680255555728
300,1,0,0,2,0.9705882352941176,0.5945945945945946,0.9523809523809524,0.5138680255555728
300,2,0,0,2,0.9696969696969696,0.7619047619047619,0.9523809523809524,0.5138680255555728
300,3,0,1,3,0.955223880597015,1.0,1.0,0.5138680255555728
300,4,0,0,5,0.927536231884058,0.4043321299638989,0.9523809523809524,0.5138680255555728
300,5,0,0,4,0.9428571428571428,0.1564792176039119,0.9523809523809524,0.5138680255555728
300,6,0,1,1,0.9850746268656716,1.0,1.0,0.5138680255555728
300,7,0,0,15,0.7826086956521738,0.5945945945945946,0.9523809523809524,0.5138680255555728
300,8,0,0,11,0.8493150684931509,0.0,0.8695652173913044,0.5138680255555728
300,9,0,0,20,0.7222222222222221,0.0,0.8333333333333333,0.5138680255555728
300,10,0,0,15,0.810126582278481,0.0,0.7692307692307693,0.5138680255555728
300,11,1,1,0,1.0,1.0,1.0,0.5138680255555728
300,12,0,0,17,0.7671232876712328,0.1564792176039119,0.8333333333333333,0.5138680255555728
300,13,0,0,21,0.7200000000000001,0.1564792176039119,0.8695652173913044,0.5138680255555728
300,14,0,1,3,0.953846153846154,1.0,1.0,0.5138680255555728
300,15,0,0,30,0.625,0.0,0.7407407407407407,0.5138680255555728
300,16,0,1,1,0.9850746268656716,1.0,1.0,0.5138680255555728
300,17,0,0,29,0.6233766233766234,0.0,0.8,0.5138680255555728
300,18,0,1,1,0.9850746268656716,1.0,1.0,0.5138680255555728
300,19,0,1,1,0.9850746268656716,1.0,1.0,0.5138680255555728
300,20,0,0,26,0.675,0.0,0.7407407407407407,0.5138680255555728
300,21,0,1,1,0.9850746268656716,1.0,1.0,0.5138680255555728
300,22,0,0,3,0.9565217391304348,0.8314606741573034,0.9523809523809524,0.5138680255555728
300,23,0,1,1,0.9850746268656716,1.0,1.0,0.5138680255555728
300,24,0,0,14,0.8157894736842105,0.1564792176039119,0.7826086956521738,0.5138680255555728
300,25,0,0,25,0.691358024691358,0.0,0.7407407407407407,0.5138680255555728
300,26,0,0,43,0.5376344086021506,0.0,0.6896551724137931,0.5138680255555728
300,27,1,1,0,1.0,1.0,1.0,0.5138680255555728
300,28,0,1,3,0.9565217391304348,1.0,1.0,0.5138680255555728
300,29,0,0,10,0.8571428571428571,0.4360902255639097,0.9090909090909092,0.5138680255555728
300,30,0,0,7,0.9014084507042254,0.1564792176039119,0.8695652173913044,0.5138680255555728
300,31,0,0,18,0.7428571428571429,0.1564792176039119,0.9523809523809524,0.5138680255555728
300,32,0,0,19,0.7532467532467532,0.0,0.8,0.5138680255555728
300,33,1,1,0,1.0,1.0,1.0,0.5138680255555728
300,34,1,1,0,1.0,1.0,1.0,0.5138680255555728
300,35,0,0,3,0.9565217391304348,0.5945945945945946,0.9523809523809524,0.5138680255555728
300,36,0,0,19,0.759493670886076,0.0,0.7407407407407407,0.5138680255555728
300,37,0,0,15,0.7945205479452054,0.0,0.7692307692307693,0.5138680255555728
300,38,0,0,2,0.9705882352941176,0.7619047619047619,0.9523809523809524,0.5138680255555728
300,39,0,0,3,0.955223880597015,0.4043321299638989,0.9523809523809524,0.5138680255555728
300,40,0,0,34,0.5952380952380952,0.0,0.7407407407407407,0.5138680255555728
300,41,0,0,2,0.9705882352941176,0.1564792176039119,0.9523809523809524,0.5138680255555728
300,42,0,1,1,0.9850746268656716,1.0,1.0,0.5138680255555728
300,43,0,0,4,0.9428571428571428,0.1564792176039119,0.9090909090909092,0.5138680255555728
300,44,1,1,0,1.0,1.0,1.0,0.5138680255555728
300,45,0,0,28,0.65,0.0,0.7692307692307693,0.5138680255555728
300,46,0,0,25,0.7058823529411764,0.0,0.7407407407407407,0.5138680255555728
300,47,0,0,1,0.9850746268656716,0.5945945945945946,0.9523809523809524,0.5138680255555728
300,48,0,0,3,0.9565217391304348,0.5945945945945946,0.9523809523809524,0.5138680255555728
300,49,0,0,18,0.7500000000000001,0.1564792176039119,0.8695652173913044,0.5138680255555728
300,50,0,0,2,0.9705882352941176,0.4043321299638989,0.9090909090909092,0.5138680255555728
300,51,0,0,17,0.7671232876712328,0.0,0.8333333333333333,0.5138680255555728
300,52,0,0,13,0.8266666666666667,0.0,0.8333333333333333,0.5138680255555728
300,53,0,0,2,0.9705882352941176,0.1564792176039119,0.9090909090909092,0.5138680255555728
300,54,0,0,3,0.955223880597015,0.4043321299638989,0.9523809523809524,0.5138680255555728
300,55,0,0,3,0.9565217391304348,0.1564792176039119,0.9523809523809524,0.5138680255555728
300,56,1,1,0,1.0,1.0,1.0,0.5138680255555728
300,57,0,0,24,0.6923076923076923,0.1564792176039119,0.8181818181818182,0.5138680255555728
300,58,0,0,12,0.8285714285714285,0.1564792176039119,0.8695652173913044,0.5138680255555728
300,59,0,0,4,0.9428571428571428,0.5945945945945946,0.9523809523809524,0.5138680255555728
300,60,0,1,1,0.9850746268656716,1.0,1.0,0.5138680255555728
300,61,0,1,4,0.9428571428571428,1.0,1.0,0.5138680255555728
300,62,0,0,2,0.9705882352941176,0.8314606741573034,0.9523809523809524,0.5138680255555728
300,63,0,0,28,0.65,0.0,0.75,0.5138680255555728
300,64,0,0,19,0.7397260273972603,0.1564792176039119,0.8695652173913044,0.5138680255555728
300,65,0,0,7,0.8985507246376813,0.1564792176039119,0.8695652173913044,0.5138680255555728
300,66,0,0,1,0.9850746268656716,0.1564792176039119,0.9523809523809524,0.5138680255555728
300,67,0,0,16,0.7894736842105263,0.1564792176039119,0.8695652173913044,0.5138680255555728
300,68,0,0,2,0.9696969696969696,0.5945945945945946,0.9523809523809524,0.5138680255555728
300,69,0,1,2,0.9705882352941176,1.0,1.0,0.5138680255555728
300,70,0,0,2,0.9705882352941176,0.4043321299638989,0.9523809523809524,0.5138680255555728
300,71,0,1,1,0.9850746268656716,1.0,1.0,0.5138680255555728
300,72,0,0,2,0.9705882352941176,0.5945945945945946,0.9523809523809524,0.5138680255555728
300,73,0,1,1,0.9850746268656716,1.0,1.0,0.5138680255555728
300,74,0,0,10,0.8529411764705883,0.4043321299638989,0.9090909090909092,0.5138680255555728
300,75,0,0,2,0.9705882352941176,0.4043321299638989,0.9523809523809524,0.5138680255555728
300,76,0,0,2,0.9705882352941176,0.4043321299638989,0.9523809523809524,0.5138680255555728
300,77,0,1,2,0.9705882352941176,1.0,1.0,0.5138680255555728
300,78,0,0,31,0.6075949367088608,0.0,0.8333333333333333,0.5138680255555728
300,79,0,0,2,0.9705882352941176,0.5945945945945946,0.9523809523809524,0.5138680255555728
300,80,1,1,0,1.0,1.0,1.0,0.5138680255555728
300,81,0,0,18,0.7692307692307692,0.0,0.8,0.5138680255555728
300,82,0,0,2,0.9705882352941176,0.5081967213114754,0.9090909090909092,0.5138680255555728
300,83,1,1,0,1.0,1.0,1.0,0.5138680255555728
300,84,0,1,3,0.955223880597015,1.0,1.0,0.5138680255555728
300,85,0,0,5,0.9295774647887324,0.7619047619047619,0.9523809523809524,0.5138680255555728
300,86,0,0,2,0.9705882352941176,0.5945945945945946,0.9523809523809524,0.5138680255555728
300,87,0,0,1,0.9850746268656716,0.5945945945945946,0.9523809523809524,0.5138680255555728
300,88,0,0,24,0.6842105263157895,0.0,0.8333333333333333,0.5138680255555728
300,89,0,0,17,0.7671232876712328,0.0,0.7692307692307693,0.5138680255555728
300,90,0,0,4,0.9428571428571428,0.5945945945945946,0.9523809523809524,0.5138680255555728
300,91,0,0,10,0.8648648648648648,0.4360902255639097,0.9090909090909092,0.5138680255555728
300,92,0,1,2,0.9705882352941176,1.0,1.0,0.5138680255555728
300,93,0,0,13,0.821917808219178,0.1564792176039119,0.8695652173913044,0.5138680255555728
300,94,0,0,2,0.9705882352941176,0.8314606741573034,0.9523809523809524,0.5138680255555728
300,95,0,0,3,0.9565217391304348,0.4043321299638989,0.9523809523809524,0.5138680255555728
300,96,0,0,3,0.955223880597015,0.1564792176039119,0.9523809523809524,0.5138680255555728
300,97,0,0,26,0.6666666666666666,0.0,0.6923076923076923,0.5138680255555728
300,98,0,1,2,0.9696969696969696,1.0,1.0,0.5138680255555728
300,99,0,1,1,0.9850746268656716,1.0,1.0,0.5138680255555728
300,100,0,0,1,0.9850746268656716,0.8314606741573034,0.9523809523809524,0.5138680255555728
300,101,0,0,43,0.5057471264367817,0.0,0.7692307692307693,0.5138680255555728
300,102,0,0,1,0.9850746268656716,0.7619047619047619,0.9523809523809524,0.5138680255555728
300,103,0,0,21,0.7341772151898734,0.0,0.7407407407407407,0.5138680255555728
300,104,0,0,20,0.7297297297297297,0.1564792176039119,0.8695652173913044,0.5138680255555728
300,105,0,0,3,0.955223880597015,0.4043321299638989,0.9523809523809524,0.5138680255555728
300,106,0,0,34,0.6046511627906975,0.0,0.7142857142857143,0.5138680255555728
300,107,0,0,21,0.7272727272727273,0.0,0.8333333333333333,0.5138680255555728
300,108,1,1,0,1.0,1.0,1.0,0.5138680255555728
300,109,0,0,38,0.5681818181818181,0.0,0.7142857142857143,0.5138680255555728
300,110,0,0,15,0.8,0.1121495327102803,0.8333333333333333,0.5138680255555728
300,111,0,0,2,0.9705882352941176,0.7619047619047619,0.9523809523809524,0.5138680255555728
300,112,0,1,2,0.9705882352941176,1.0,1.0,0.5138680255555728
300,113,1,1,0,1.0,1.0,1.0,0.5138680255555728
300,114,0,0,2,0.9705882352941176,0.5945945945945946,0.9523809523809524,0.5138680255555728
300,115,1,1,0,1.0,1.0,1.0,0.5138680255555728
300,116,0,0,4,0.9411764705882354,0.7619047619047619,0.9523809523809524,0.5138680255555728
300,117,0,0,8,0.8918918918918919,0.4043321299638989,0.9090909090909092,0.5138680255555728
300,118,0,0,2,0.9705882352941176,0.5081967213114754,0.9523809523809524,0.5138680255555728
300,119,0,0,3,0.9565217391304348,0.4043321299638989,0.9523809523809524,0.5138680255555728
300,120,0,0,11,0.8450704225352113,0.1564792176039119,0.8695652173913044,0.5138680255555728
300,121,1,1,0,1.0,1.0,1.0,0.5138680255555728
300,122,0,0,9,0.8695652173913043,0.1564792176039119,0.9090909090909092,0.5138680255555728
300,123,0,1,3,0.955223880597015,1.0,1.0,0.5138680255555728
300,124,0,1,2,0.9696969696969696,1.0,1.0,0.5138680255555728
300,125,0,0,3,0.9565217391304348,0.4043321299638989,0.9523809523809524,0.5138680255555728
300,126,0,0,2,0.9696969696969696,0.5945945945945946,0.9523809523809524,0.5138680255555728
300,127,0,1,1,0.9850746268656716,1.0,1.0,0.5138680255555728
300,128,0,0,23,0.7012987012987013,0.0,0.8333333333333333,0.5138680255555728
300,129,0,0,19,0.759493670886076,0.0,0.7407407407407407,0.5138680255555728
300,130,0,0,3,0.9565217391304348,0.0,0.8695652173913044,0.5138680255555728
300,131,0,1,1,0.9850746268656716,1.0,1.0,0.5138680255555728
300,132,0,1,2,0.9705882352941176,1.0,1.0,0.5138680255555728
300,133,1,1,0,1.0,1.0,1.0,0.5138680255555728
300,134,1,1,0,1.0,1.0,1.0,0.5138680255555728
300,135,0,0,36,0.6249999999999999,0.0,0.7142857142857143,0.5138680255555728
300,136,0,1,3,0.9565217391304348,1.0,1.0,0.5138680255555728
300,137,1,1,0,1.0,1.0,1.0,0.5138680255555728
300,138,0,0,1,0.9850746268656716,0.4043321299638989,0.9523809523809524,0.5138680255555728
300,139,1,1,0,1.0,1.0,1.0,0.5138680255555728
300,140,1,1,0,1.0,1.0,1.0,0.5138680255555728
300,141,0,0,2,0.9705882352941176,0.8314606741573034,0.9523809523809524,0.5138680255555728
300,142,0,0,17,0.7792207792207791,0.0,0.7407407407407407,0.5138680255555728
300,143,0,0,20,0.7560975609756098,0.0,0.7692307692307693,0.5138680255555728
300,144,0,0,24,0.6923076923076923,0.0,0.8333333333333333,0.5138680255555728
300,145,0,1,3,0.9565217391304348,1.0,1.0,0.5138680255555728
300,146,0,0,1,0.9850746268656716,0.4043321299638989,0.9523809523809524,0.5138680255555728
300,147,0,0,26,0.6666666666666666,0.0,0.7692307692307693,0.5138680255555728
300,148,0,1,1,0.9850746268656716,1.0,1.0,0.5138680255555728
300,149,0,0,15,0.7826086956521738,0.1564792176039119,0.9523809523809524,0.5138680255555728
300,150,0,0,4,0.9428571428571428,0.1564792176039119,0.9523809523809524,0.5138680255555728
300,151,0,0,6,0.9142857142857144,0.1564792176039119,0.9090909090909092,0.5138680255555728
300,152,0,0,1,0.9850746268656716,0.5945945945945946,0.9523809523809524,0.5138680255555728
300,153,0,0,3,0.9565217391304348,0.4043321299638989,0.9090909090909092,0.5138680255555728
300,154,0,0,28,0.6585365853658536,0.0,0.7692307692307693,0.5138680255555728
300,155,1,1,0,1.0,1.0,1.0,0.5138680255555728
300,156,0,1,1,0.9850746268656716,1.0,1.0,0.5138680255555728
300,157,0,0,5,0.9295774647887324,0.1564792176039119,0.9090909090909092,0.5138680255555728
300,158,0,1,1,0.9850746268656716,1.0,1.0,0.5138680255555728
300,159,0,0,1,0.9850746268656716,0.4043321299638989,0.9523809523809524,0.5138680255555728
300,160,0,0,16,0.7894736842105263,0.0,0.7692307692307693,0.5138680255555728
300,161,0,0,7,0.9014084507042254,0.4043321299638989,0.9523809523809524,0.5138680255555728
300,162,0,0,24,0.6756756756756757,0.0,0.8333333333333333,0.5138680255555728
300,163,0,0,3,0.955223880597015,0.7619047619047619,0.9523809523809524,0.5138680255555728
300,164,0,0,19,0.732394366197183,0.1564792176039119,0.9090909090909092,0.5138680255555728
300,165,1,1,0,1.0,1.0,1.0,0.5138680255555728
300,166,0,0,2,0.9705882352941176,0.1564792176039119,0.9090909090909092,0.5138680255555728
300,167,0,0,27,0.6823529411764707,0.0,0.7407407407407407,0.5138680255555728
300,168,0,0,30,0.625,0.0,0.7407407407407407,0.5138680255555728
300,169,0,1,1,0.9846153846153848,1.0,1.0,0.5138680255555728
300,170,0,0,24,0.6571428571428571,0.0,0.8,0.5138680255555728
300,171,1,1,0,1.0,1.0,1.0,0.5138680255555728
300,172,0,0,2,0.9705882352941176,0.5945945945945946,0.9523809523809524,0.5138680255555728
300,173,1,1,0,1.0,1.0,1.0,0.5138680255555728
300,174,0,0,41,0.5494505494505494,0.0,0.6896551724137931,0.5138680255555728
300,175,0,1,1,0.9850746268656716,1.0,1.0,0.5138680255555728
300,176,0,0,20,0.761904761904762,0.0,0.7407407407407407,0.5138680255555728
300,177,0,1,4,0.9393939393939394,1.0,1.0,0.5138680255555728
300,178,0,0,4,0.9428571428571428,0.5945945945945946,0.9523809523809524,0.5138680255555728
300,179,0,0,23,0.6933333333333334,0.1564792176039119,0.8695652173913044,0.5138680255555728
300,180,0,0,22,0.7250000000000001,0.0,0.7407407407407407,0.5138680255555728
300,181,0,1,2,0.9705882352941176,1.0,1.0,0.5138680255555728
300,182,0,0,4,0.9411764705882354,0.4043321299638989,0.9523809523809524,0.5138680255555728
300,183,0,0,26,0.675,0.0,0.7407407407407407,0.5138680255555728
300,184,0,1,1,0.9850746268656716,1.0,1.0,0.5138680255555728
300,185,0,1,1,0.9850746268656716,1.0,1.0,0.5138680255555728
300,186,1,1,0,1.0,1.0,1.0,0.5138680255555728
300,187,0,0,4,0.9411764705882354,0.5945945945945946,0.9523809523809524,0.5138680255555728
300,188,0,0,4,0.9411764705882354,0.4043321299638989,0.9523809523809524,0.5138680255555728
300,189,0,0,20,0.7222222222222221,0.1564792176039119,0.8333333333333333,0.5138680255555728
300,190,0,0,29,0.6666666666666667,0.0,0.7407407407407407,0.5138680255555728
300,191,0,0,20,0.75,0.0,0.7407407407407407,0.5138680255555728
300,192,1,1,0,1.0,1.0,1.0,0.5138680255555728
300,193,0,0,8,0.8888888888888888,0.1564792176039119,0.8695652173913044,0.5138680255555728
300,194,0,1,4,0.9411764705882354,1.0,1.0,0.5138680255555728
300,195,0,0,5,0.927536231884058,0.1564792176039119,0.9090909090909092,0.5138680255555728
300,196,0,1,3,0.9565217391304348,1.0,1.0,0.5138680255555728
300,197,0,0,2,0.9705882352941176,0.5945945945945946,0.9523809523809524,0.5138680255555728
300,198,0,1,1,0.9850746268656716,1.0,1.0,0.5138680255555728
300,199,0,0,23,0.7012987012987013,0.1564792176039119,0.8695652173913044,0.5138680255555728
300,200,0,0,5,0.9253731343283584,0.5945945945945946,0.9523809523809524,0.5138680255555728
300,201,0,0,21,0.7341772151898734,0.1564792176039119,0.8695652173913044,0.5138680255555728
300,202,0,1,1,0.9850746268656716,1.0,1.0,0.5138680255555728
300,203,0,0,6,0.9117647058823528,0.1564792176039119,0.9090909090909092,0.5138680255555728
300,204,0,0,10,0.8571428571428571,0.0,0.8695652173913044,0.5138680255555728
300,205,0,0,4,0.9428571428571428,0.1564792176039119,0.9090909090909092,0.5138680255555728
300,206,0,0,22,0.7179487179487178,0.0,0.7692307692307693,0.5138680255555728
300,207,1,1,0,1.0,1.0,1.0,0.5138680255555728
300,208,0,0,4,0.9411764705882354,0.4043321299638989,0.8571428571428572,0.5138680255555728
300,209,1,1,0,1.0,1.0,1.0,0.5138680255555728
300,210,0,1,14,0.7878787878787878,1.0,1.0,0.5138680255555728
300,211,0,0,22,0.7179487179487178,0.0,0.7692307692307693,0.5138680255555728
300,212,0,0,21,0.7341772151898734,0.0,0.7407407407407407,0.5138680255555728
300,213,0,0,19,0.7466666666666666,0.1564792176039119,0.8333333333333333,0.5138680255555728
300,214,1,1,0,1.0,1.0,1.0,0.5138680255555728
300,215,0,1,1,0.9850746268656716,1.0,1.0,0.5138680255555728
300,216,0,1,4,0.9428571428571428,1.0,1.0,0.5138680255555728
300,217,0,1,1,0.9850746268656716,1.0,1.0,0.5138680255555728
300,218,0,1,4,0.9428571428571428,1.0,1.0,0.5138680255555728
300,219,0,1,2,0.9705882352941176,1.0,1.0,0.5138680255555728
300,220,0,1,1,0.9850746268656716,1.0,1.0,0.5138680255555728
300,221,0,0,42,0.5434782608695652,0.0,0.6896551724137931,0.5138680255555728
300,222,0,0,23,0.7088607594936709,0.0,0.8,0.5138680255555728
300,223,0,0,24,0.6842105263157895,0.0,0.8,0.5138680255555728
300,224,0,0,21,0.704225352112676,0.0,0.8333333333333333,0.5138680255555728
300,225,0,1,1,0.9850746268656716,1.0,1.0,0.5138680255555728
300,226,0,1,3,0.9565217391304348,1.0,1.0,0.5138680255555728
300,227,0,1,2,0.9705882352941176,1.0,1.0,0.5138680255555728
300,228,0,0,37,0.5542168674698795,0.0,0.6428571428571429,0.5138680255555728
300,229,0,0,3,0.9565217391304348,0.7619047619047619,0.9523809523809524,0.5138680255555728
300,230,0,0,30,0.6666666666666666,0.0,0.7407407407407407,0.5138680255555728
300,231,0,1,2,0.9705882352941176,1.0,1.0,0.5138680255555728
300,232,0,0,17,0.7536231884057971,0.7619047619047619,0.9523809523809524,0.5138680255555728
300,233,0,0,3,0.9565217391304348,0.1564792176039119,0.9523809523809524,0.5138680255555728
300,234,1,1,0,1.0,1.0,1.0,0.5138680255555728
300,235,0,0,30,0.6153846153846153,0.0,0.7692307692307693,0.5138680255555728
300,236,0,0,21,0.7341772151898734,0.0,0.8333333333333333,0.5138680255555728
300,237,0,1,4,0.9428571428571428,1.0,1.0,0.5138680255555728
300,238,0,1,1,0.9850746268656716,1.0,1.0,0.5138680255555728
300,239,0,0,34,0.6222222222222222,0.0,0.6896551724137931,0.5138680255555728
300,240,0,0,36,0.5813953488372093,0.0,0.6896551724137931,0.5138680255555728
300,241,0,1,2,0.9696969696969696,1.0,1.0,0.5138680255555728
300,242,0,1,1,0.9850746268656716,1.0,1.0,0.5138680255555728
300,243,0,0,6,0.9117647058823528,0.5945945945945946,0.9523809523809524,0.5138680255555728
300,244,0,0,13,0.8059701492537314,0.1564792176039119,0.9523809523809524,0.5138680255555728
300,245,1,1,0,1.0,1.0,1.0,0.5138680255555728
300,246,0,0,8,0.8888888888888888,0.1564792176039119,0.9090909090909092,0.5138680255555728
300,247,0,1,1,0.9846153846153848,1.0,1.0,0.5138680255555728
300,248,0,0,4,0.9428571428571428,0.4043321299638989,0.9090909090909092,0.5138680255555728
300,249,0,0,10,0.8571428571428571,0.1564792176039119,0.9090909090909092,0.5138680255555728
300,250,0,0,2,0.9705882352941176,0.8314606741573034,0.9523809523809524,0.5138680255555728
300,251,0,0,24,0.6666666666666667,0.0,0.8695652173913044,0.5138680255555728
300,252,0,0,5,0.9295774647887324,0.7619047619047619,0.9523809523809524,0.5138680255555728
300,253,0,0,3,0.9565217391304348,0.1564792176039119,0.9523809523809524,0.5138680255555728
300,254,0,0,6,0.9142857142857144,0.4043321299638989,0.9090909090909092,0.5138680255555728
300,255,0,1,2,0.9705882352941176,1.0,1.0,0.5138680255555728
300,256,0,0,18,0.7631578947368421,0.1564792176039119,0.8695652173913044,0.5138680255555728
300,257,0,0,34,0.6046511627906975,0.1564792176039119,0.8,0.5138680255555728
300,258,0,0,6,0.9142857142857144,0.3225806451612903,0.8181818181818182,0.5138680255555728
300,259,1,1,0,1.0,1.0,1.0,0.5138680255555728
300,260,0,0,2,0.9705882352941176,0.7,0.9523809523809524,0.5138680255555728
300,261,0,0,22,0.7105263157894738,0.1564792176039119,0.8333333333333333,0.5138680255555728
300,262,0,0,17,0.7792207792207791,0.0,0.8,0.5138680255555728
300,263,0,0,4,0.9411764705882354,0.4043321299638989,0.9090909090909092,0.5138680255555728
300,264,0,0,3,0.9565217391304348,0.1564792176039119,0.9523809523809524,0.5138680255555728
300,265,0,0,2,0.9696969696969696,0.5945945945945946,0.9523809523809524,0.5138680255555728
300,266,0,0,25,0.6753246753246752,0.0,0.8333333333333333,0.5138680255555728
300,267,0,0,1,0.9850746268656716,0.7619047619047619,0.9523809523809524,0.5138680255555728
300,268,0,0,11,0.8405797101449276,0.4043321299638989,0.9523809523809524,0.5138680255555728
300,269,0,0,12,0.8378378378378378,0.0,0.8333333333333333,0.5138680255555728
300,270,0,0,6,0.9117647058823528,0.0,0.9523809523809524,0.5138680255555728
300,271,0,0,4,0.9428571428571428,0.1564792176039119,0.9090909090909092,0.5138680255555728
300,272,1,1,0,1.0,1.0,1.0,0.5138680255555728
300,273,1,1,0,1.0,1.0,1.0,0.5138680255555728
300,274,0,0,21,0.7341772151898734,0.1564792176039119,0.8333333333333333,0.5138680255555728
300,275,0,0,3,0.955223880597015,0.8314606741573034,0.9523809523809524,0.5138680255555728
300,276,0,0,9,0.8695652173913043,0.1564792176039119,0.9090909090909092,0.5138680255555728
300,277,0,0,27,0.64,0.0,0.8,0.5138680255555728
300,278,0,0,2,0.9705882352941176,0.8314606741573034,0.9523809523809524,0.5138680255555728
300,279,0,0,21,0.7272727272727273,0.0,0.8333333333333333,0.5138680255555728
300,280,0,0,3,0.955223880597015,0.4043321299638989,0.9090909090909092,0.5138680255555728
300,281,0,1,2,0.9696969696969696,1.0,1.0,0.5138680255555728
300,282,0,0,3,0.9565217391304348,0.5945945945945946,0.9523809523809524,0.5138680255555728
300,283,0,0,5,0.927536231884058,0.1564792176039119,0.9090909090909092,0.5138680255555728
300,284,0,0,34,0.5853658536585367,0.0,0.8,0.5138680255555728
300,285,0,0,2,0.9705882352941176,0.4043321299638989,0.9523809523809524,0.5138680255555728
300,286,0,0,1,0.9850746268656716,0.4043321299638989,0.9523809523809524,0.5138680255555728
300,287,1,1,0,1.0,1.0,1.0,0.5138680255555728
300,288,0,0,17,0.7792207792207791,0.0,0.7692307692307693,0.5138680255555728
300,289,0,0,30,0.6052631578947368,0.0,0.7692307692307693,0.5138680255555728
300,290,0,0,3,0.9565217391304348,0.1564792176039119,0.9090909090909092,0.5138680255555728
300,291,1,1,0,1.0,1.0,1.0,0.5138680255555728
300,292,0,0,1,0.9850746268656716,0.1564792176039119,0.9523809523809524,0.5138680255555728
300,293,0,0,25,0.6666666666666667,0.1564792176039119,0.8695652173913044,0.5138680255555728
300,294,0,0,3,0.9565217391304348,0.4043321299638989,0.9090909090909092,0.5138680255555728
300,295,0,0,27,0.6582278481012658,0.0,0.7692307692307693,0.5138680255555728
300,296,0,0,9,0.8767123287671234,0.0,0.8,0.5138680255555728
300,297,0,1,3,0.9565217391304348,1.0,1.0,0.5138680255555728
300,298,0,1,1,0.9850746268656716,1.0,1.0,0.5138680255555728
300,299,0,1,3,0.9565217391304348,1.0,1.0,0.5138680255555728
400,0,1,1,0,1.0,1.0,1.0,0.5138680255555728
400,1,0,0,18,0.7567567567567567,0.1564792176039119,0.8695652173913044,0.5138680255555728
400,2,0,0,4,0.9428571428571428,0.5945945945945946,0.9523809523809524,0.5138680255555728
400,3,0,0,1,0.9850746268656716,0.1564792176039119,0.9523809523809524,0.5138680255555728
400,4,0,1,1,0.9850746268656716,1.0,1.0,0.5138680255555728
400,5,1,1,0,1.0,1.0,1.0,0.5138680255555728
400,6,0,1,1,0.9850746268656716,1.0,1.0,0.5138680255555728
400,7,1,1,0,1.0,1.0,1.0,0.5138680255555728
400,8,0,0,2,0.9705882352941176,0.4043321299638989,0.9523809523809524,0.5138680255555728
400,9,1,1,0,1.0,1.0,1.0,0.5138680255555728
400,10,0,0,2,0.9705882352941176,0.4043321299638989,0.9090909090909092,0.5138680255555728
400,11,1,1,0,1.0,1.0,1.0,0.5138680255555728
400,12,0,0,17,0.7671232876712328,0.0,0.8333333333333333,0.5138680255555728
400,13,0,0,2,0.96875,1.0,0.9473684210526316,0.5138680255555728
400,14,1,1,0,1.0,1.0,1.0,0.5138680255555728
400,15,1,1,0,1.0,1.0,1.0,0.5138680255555728
400,16,0,0,2,0.9705882352941176,0.4043321299638989,0.9523809523809524,0.5138680255555728
400,17,1,1,0,1.0,1.0,1.0,0.5138680255555728
400,18,1,1,0,1.0,1.0,1.0,0.5138680255555728
400,19,0,1,1,0.9850746268656716,1.0,1.0,0.5138680255555728
400,20,0,1,1,0.9850746268656716,1.0,1.0,0.5138680255555728
400,21,0,0,14,0.7941176470588236,0.7619047619047619,0.9523809523809524,0.5138680255555728
400,22,1,1,0,1.0,1.0,1.0,0.5138680255555728
400,23,0,0,2,0.9696969696969696,0.5945945945945946,0.9523809523809524,0.5138680255555728
400,24,0,0,1,0.9850746268656716,0.5945945945945946,0.9523809523809524,0.5138680255555728
400,25,1,1,0,1.0,1.0,1.0,0.5138680255555728
400,26,1,1,0,1.0,1.0,1.0,0.5138680255555728
400,27,1,1,0,1.0,1.0,1.0,0.5138680255555728
400,28,0,1,1,0.9850746268656716,1.0,1.0,0.5138680255555728
400,29,0,0,5,0.927536231884058,0.1564792176039119,0.8695652173913044,0.5138680255555728
400,30,0,1,1,0.9850746268656716,1.0,1.0,0.5138680255555728
400,31,1,1,0,1.0,1.0,1.0,0.5138680255555728
400,32,1,1,0,1.0,1.0,1.0,0.5138680255555728
400,33,1,1,0,1.0,1.0,1.0,0.5138680255555728
400,34,0,1,1,0.9850746268656716,1.0,1.0,0.5138680255555728
400,35,1,1,0,1.0,1.0,1.0,0.5138680255555728
400,36,1,1,0,1.0,1.0,1.0,0.5138680255555728
400,37,0,1,2,0.9696969696969696,1.0,1.0,0.5138680255555728
400,38,1,1,0,1.0,1.0,1.0,0.5138680255555728
400,39,1,1,0,1.0,1.0,1.0,0.5138680255555728
400,40,0,1,1,0.9850746268656716,1.0,1.0,0.5138680255555728
400,41,1,1,0,1.0,1.0,1.0,0.5138680255555728
400,42,1,1,0,1.0,1.0,1.0,0.5138680255555728
400,43,0,1,2,0.9696969696969696,1.0,1.0,0.5138680255555728
400,44,0,1,1,0.9850746268656716,1.0,1.0,0.5138680255555728
400,45,0,0,1,0.9850746268656716,0.1564792176039119,0.9523809523809524,0.5138680255555728
400,46,0,1,2,0.9696969696969696,1.0,1.0,0.5138680255555728
400,47,1,1,0,1.0,1.0,1.0,0.5138680255555728
400,48,0,1,1,0.9850746268656716,1.0,1.0,0.5138680255555728
400,49,1,1,0,1.0,1.0,1.0,0.5138680255555728
400,50,0,1,2,0.9705882352941176,1.0,1.0,0.5138680255555728
400,51,1,1,0,1.0,1.0,1.0,0.5138680255555728
400,52,0,1,3,0.9565217391304348,1.0,1.0,0.5138680255555728
400,53,0,1,2,0.9696969696969696,1.0,1.0,0.5138680255555728
400,54,1,1,0,1.0,1.0,1.0,0.5138680255555728
400,55,1,1,0,1.0,1.0,1.0,0.5138680255555728
400,56,0,0,9,0.8732394366197183,0.4043321299638989,0.9090909090909092,0.5138680255555728
400,57,1,1,0,1.0,1.0,1.0,0.5138680255555728
400,58,0,0,1,0.9850746268656716,0.4043321299638989,0.9523809523809524,0.5138680255555728
400,59,1,1,0,1.0,1.0,1.0,0.5138680255555728
400,60,0,0,18,0.7428571428571429,0.1564792176039119,0.9090909090909092,0.5138680255555728
400,61,0,1,1,0.9850746268656716,1.0,1.0,0.5138680255555728
400,62,1,1,0,1.0,1.0,1.0,0.5138680255555728
400,63,1,1,0,1.0,1.0,1.0,0.5138680255555728
400,64,0,1,1,0.9850746268656716,1.0,1.0,0.5138680255555728
400,65,0,0,8,0.8857142857142858,0.4043321299638989,0.9090909090909092,0.5138680255555728
400,66,0,1,4,0.9411764705882354,1.0,1.0,0.5138680255555728
400,67,0,1,5,0.9253731343283584,1.0,1.0,0.5138680255555728
400,68,0,0,24,0.6842105263157895,0.0,0.8333333333333333,0.5138680255555728
400,69,0,1,1,0.9850746268656716,1.0,1.0,0.5138680255555728
400,70,0,0,4,0.9428571428571428,0.1564792176039119,0.9090909090909092,0.5138680255555728
400,71,1,1,0,1.0,1.0,1.0,0.5138680255555728
400,72,0,0,3,0.9565217391304348,0.1564792176039119,0.9523809523809524,0.5138680255555728
400,73,1,1,0,1.0,1.0,1.0,0.5138680255555728
400,74,1,1,0,1.0,1.0,1.0,0.5138680255555728
400,75,0,1,1,0.9850746268656716,1.0,1.0,0.5138680255555728
400,76,0,0,3,0.9565217391304348,0.8314606741573034,0.9523809523809524,0.5138680255555728
400,77,0,1,1,0.9850746268656716,1.0,1.0,0.5138680255555728
400,78,1,1,0,1.0,1.0,1.0,0.5138680255555728
400,79,1,1,0,1.0,1.0,1.0,0.5138680255555728
400,80,0,0,27,0.6746987951807228,0.0,0.7692307692307693,0.5138680255555728
400,81,0,0,21,0.7200000000000001,0.0,0.7692307692307693,0.5138680255555728
400,82,0,1,1,0.9850746268656716,1.0,1.0,0.5138680255555728
400,83,0,1,1,0.9850746268656716,1.0,1.0,0.5138680255555728
400,84,0,1,1,0.9846153846153848,1.0,1.0,0.5138680255555728
400,85,0,1,1,0.9850746268656716,1.0,1.0,0.5138680255555728
400,86,1,1,0,1.0,1.0,1.0,0.5138680255555728
400,87,1,1,0,1.0,1.0,1.0,0.5138680255555728
400,88,0,0,18,0.7567567567567567,0.0,0.8,0.5138680255555728
400,89,0,1,1,0.9850746268656716,1.0,1.0,0.5138680255555728
400,90,1,1,0,1.0,1.0,1.0,0.5138680255555728
400,91,0,1,1,0.9850746268656716,1.0,1.0,0.5138680255555728
400,92,1,1,0,1.0,1.0,1.0,0.5138680255555728
400,93,1,1,0,1.0,1.0,1.0,0.5138680255555728
400,94,0,1,3,0.953846153846154,1.0,1.0,0.5138680255555728
400,95,0,0,1,0.9850746268656716,0.8314606741573034,0.9523809523809524,0.5138680255555728
400,96,1,1,0,1.0,1.0,1.0,0.5138680255555728
400,97,0,1,2,0.9696969696969696,1.0,1.0,0.5138680255555728
400,98,0,0,4,0.9428571428571428,0.4043321299638989,0.9523809523809524,0.5138680255555728
400,99,1,1,0,1.0,1.0,1.0,0.5138680255555728
400,100,1,1,0,1.0,1.0,1.0,0.5138680255555728
400,101,0,1,2,0.9696969696969696,1.0,1.0,0.5138680255555728
400,102,0,0,7,0.8985507246376813,0.4043321299638989,0.9090909090909092,0.5138680255555728
400,103,1,1,0,1.0,1.0,1.0,0.5138680255555728
400,104,0,1,1,0.9850746268656716,1.0,1.0,0.5138680255555728
400,105,0,1,2,0.9705882352941176,1.0,1.0,0.5138680255555728
400,106,0,0,1,0.9850746268656716,0.8314606741573034,0.9523809523809524,0.5138680255555728
400,107,0,1,2,0.9696969696969696,1.0,1.0,0.5138680255555728
400,108,0,0,15,0.7826086956521738,0.1564792176039119,0.9090909090909092,0.5138680255555728
400,109,1,1,0,1.0,1.0,1.0,0.5138680255555728
400,110,0,1,1,0.9846153846153848,1.0,1.0,0.5138680255555728
400,111,1,1,0,1.0,1.0,1.0,0.5138680255555728
400,112,0,0,2,0.9705882352941176,0.8314606741573034,0.9523809523809524,0.5138680255555728
400,113,0,0,2,0.9705882352941176,0.7619047619047619,0.9523809523809524,0.5138680255555728
400,114,0,1,1,0.9850746268656716,1.0,1.0,0.5138680255555728
400,115,1,1,0,1.0,1.0,1.0,0.5138680255555728
400,116,0,1,2,0.9696969696969696,1.0,1.0,0.5138680255555728
400,117,0,0,2,0.9705882352941176,0.1564792176039119,0.9523809523809524,0.5138680255555728
400,118,0,1,1,0.9850746268656716,1.0,1.0,0.5138680255555728
400,119,0,0,20,0.7297297297297297,0.0,0.8695652173913044,0.5138680255555728
400,120,0,0,1,0.9850746268656716,0.5945945945945946,0.9523809523809524,0.5138680255555728
400,121,0,1,1,0.9850746268656716,1.0,1.0,0.5138680255555728
400,122,0,0,4,0.9428571428571428,0.1564792176039119,0.9090909090909092,0.5138680255555728
400,123,0,0,23,0.6933333333333334,0.0,0.8333333333333333,0.5138680255555728
400,124,0,1,1,0.9846153846153848,1.0,1.0,0.5138680255555728
400,125,0,0,13,0.8059701492537314,0.1564792176039119,0.9523809523809524,0.5138680255555728
400,126,0,1,2,0.9705882352941176,1.0,1.0,0.5138680255555728
400,127,0,0,1,0.9850746268656716,0.7619047619047619,0.9523809523809524,0.5138680255555728
400,128,0,1,1,0.9850746268656716,1.0,1.0,0.5138680255555728
400,129,1,1,0,1.0,1.0,1.0,0.5138680255555728
400,130,1,1,0,1.0,1.0,1.0,0.5138680255555728
400,131,0,0,33,0.5925925925925926,0.0,0.8,0.5138680255555728
400,132,1,1,0,1.0,1.0,1.0,0.5138680255555728
400,133,1,1,0,1.0,1.0,1.0,0.5138680255555728
400,134,0,0,9,0.8732394366197183,0.4043321299638989,0.9090909090909092,0.5138680255555728
400,135,0,0,3,0.9565217391304348,0.5945945945945946,0.9523809523809524,0.5138680255555728
400,136,0,0,1,0.9850746268656716,0.5945945945945946,0.9523809523809524,0.5138680255555728
400,137,0,0,4,0.9428571428571428,0.1564792176039119,0.9090909090909092,0.5138680255555728
400,138,1,1,0,1.0,1.0,1.0,0.5138680255555728
400,139,0,1,1,0.9850746268656716,1.0,1.0,0.5138680255555728
400,140,1,1,0,1.0,1.0,1.0,0.5138680255555728
400,141,0,1,9,0.8656716417910447,1.0,1.0,0.5138680255555728
400,142,0,0,2,0.9705882352941176,0.5945945945945946,0.9523809523809524,0.5138680255555728
400,143,0,1,2,0.9696969696969696,1.0,1.0,0.5138680255555728
400,144,0,0,1,0.9850746268656716,0.7619047619047619,0.9523809523809524,0.5138680255555728
400,145,0,1,3,0.9565217391304348,1.0,1.0,0.5138680255555728
400,146,0,1,1,0.9850746268656716,1.0,1.0,0.5138680255555728
400,147,1,1,0,1.0,1.0,1.0,0.5138680255555728
400,148,1,1,0,1.0,1.0,1.0,0.5138680255555728
400,149,0,1,2,0.9705882352941176,1.0,1.0,0.5138680255555728
400,150,0,0,1,0.9850746268656716,0.4043321299638989,0.9523809523809524,0.5138680255555728
400,151,0,1,1,0.9850746268656716,1.0,1.0,0.5138680255555728
400,152,0,1,1,0.9850746268656716,1.0,1.0,0.5138680255555728
400,153,0,1,1,0.9850746268656716,1.0,1.0,0.5138680255555728
400,154,0,0,16,0.7777777777777778,0.1564792176039119,0.8333333333333333,0.5138680255555728
400,155,0,1,7,0.8955223880597014,1.0,1.0,0.5138680255555728
400,156,1,1,0,1.0,1.0,1.0,0.5138680255555728
400,157,1,1,0,1.0,1.0,1.0,0.5138680255555728
400,158,1,1,0,1.0,1.0,1.0,0.5138680255555728
400,159,0,0,11,0.8533333333333334,0.1564792176039119,0.8333333333333333,0.5138680255555728
400,160,0,1,2,0.9705882352941176,1.0,1.0,0.5138680255555728
400,161,0,0,5,0.927536231884058,0.1564792176039119,0.9090909090909092,0.5138680255555728
400,162,0,0,25,0.6835443037974683,0.0,0.8333333333333333,0.5138680255555728
400,163,0,0,1,0.9850746268656716,0.1564792176039119,0.9523809523809524,0.5138680255555728
400,164,0,0,1,0.9850746268656716,0.4043321299638989,0.9523809523809524,0.5138680255555728
400,165,0,1,1,0.9850746268656716,1.0,1.0,0.5138680255555728
400,166,0,0,2,0.9705882352941176,0.4043321299638989,0.9523809523809524,0.5138680255555728
400,167,0,1,1,0.9850746268656716,1.0,1.0,0.5138680255555728
400,168,0,0,1,0.9850746268656716,0.7619047619047619,0.9523809523809524,0.5138680255555728
400,169,0,1,1,0.9850746268656716,1.0,1.0,0.5138680255555728
400,170,0,0,2,0.9705882352941176,0.4043321299638989,0.9523809523809524,0.5138680255555728
400,171,0,0,22,0.7105263157894738,0.0,0.7826086956521738,0.5138680255555728
400,172,0,0,17,0.7792207792207791,0.0,0.8333333333333333,0.5138680255555728
400,173,0,0,1,0.9850746268656716,0.7619047619047619,0.9523809523809524,0.5138680255555728
400,174,1,1,0,1.0,1.0,1.0,0.5138680255555728
400,175,1,1,0,1.0,1.0,1.0,0.5138680255555728
400,176,0,0,9,0.8656716417910447,0.5945945945945946,0.9523809523809524,0.5138680255555728
400,177,0,0,1,0.9850746268656716,0.4043321299638989,0.9523809523809524,0.5138680255555728
400,178,0,0,3,0.9565217391304348,0.5945945945945946,0.9523809523809524,0.5138680255555728
400,179,1,1,0,1.0,1.0,1.0,0.5138680255555728
400,180,0,0,1,0.9850746268656716,0.4043321299638989,0.9523809523809524,0.5138680255555728
400,181,0,0,17,0.7536231884057971,0.1564792176039119,0.9523809523809524,0.5138680255555728
400,182,1,1,0,1.0,1.0,1.0,0.5138680255555728
400,183,0,1,1,0.9850746268656716,1.0,1.0,0.5138680255555728
400,184,1,1,0,1.0,1.0,1.0,0.5138680255555728
400,185,1,1,0,1.0,1.0,1.0,0.5138680255555728
400,186,0,1,2,0.9696969696969696,1.0,1.0,0.5138680255555728
400,187,0,1,1,0.9850746268656716,1.0,1.0,0.5138680255555728
400,188,1,1,0,1.0,1.0,1.0,0.5138680255555728
400,189,0,0,1,0.9846153846153848,1.0,0.9473684210526316,0.5138680255555728
400,190,0,1,7,0.8955223880597014,1.0,1.0,0.5138680255555728
400,191,0,0,1,0.9850746268656716,0.1564792176039119,0.9523809523809524,0.5138680255555728
400,192,0,0,15,0.7761194029850745,0.5945945945945946,0.9523809523809524,0.5138680255555728
400,193,0,1,1,0.9846153846153848,1.0,1.0,0.5138680255555728
400,194,0,1,1,0.9846153846153848,1.0,1.0,0.5138680255555728
400,195,0,1,2,0.9705882352941176,1.0,1.0,0.5138680255555728
400,196,0,1,5,0.927536231884058,1.0,1.0,0.5138680255555728
400,197,1,1,0,1.0,1.0,1.0,0.5138680255555728
400,198,1,1,0,1.0,1.0,1.0,0.5138680255555728
400,199,1,1,0,1.0,1.0,1.0,0.5138680255555728
400,200,0,1,3,0.955223880597015,1.0,1.0,0.5138680255555728
400,201,0,0,3,0.9565217391304348,0.5945945945945946,0.9523809523809524,0.5138680255555728
400,202,1,1,0,1.0,1.0,1.0,0.5138680255555728
400,203,1,1,0,1.0,1.0,1.0,0.5138680255555728
400,204,1,1,0,1.0,1.0,1.0,0.5138680255555728
400,205,1,1,0,1.0,1.0,1.0,0.5138680255555728
400,206,1,1,0,1.0,1.0,1.0,0.5138680255555728
400,207,0,1,1,0.9846153846153848,1.0,1.0,0.5138680255555728
400,208,1,1,0,1.0,1.0,1.0,0.5138680255555728
400,209,0,1,2,0.9705882352941176,1.0,1.0,0.5138680255555728
400,210,1,1,0,1.0,1.0,1.0,0.5138680255555728
400,211,0,1,1,0.9850746268656716,1.0,1.0,0.5138680255555728
400,212,0,0,2,0.9696969696969696,0.1564792176039119,0.9523809523809524,0.5138680255555728
400,213,0,1,1,0.9850746268656716,1.0,1.0,0.5138680255555728
400,214,0,0,16,0.7647058823529412,0.1564792176039119,0.9090909090909092,0.5138680255555728
400,215,0,1,1,0.9850746268656716,1.0,1.0,0.5138680255555728
400,216,0,0,1,0.9850746268656716,0.5945945945945946,0.9523809523809524,0.5138680255555728
400,217,0,1,1,0.9846153846153848,1.0,1.0,0.5138680255555728
400,218,0,0,1,0.9850746268656716,0.5945945945945946,0.9523809523809524,0.5138680255555728
400,219,0,0,3,0.9565217391304348,0.4043321299638989,0.9523809523809524,0.5138680255555728
400,220,0,0,4,0.9411764705882354,0.8314606741573034,0.9,0.5138680255555728
400,221,1,1,0,1.0,1.0,1.0,0.5138680255555728
400,222,0,1,4,0.9411764705882354,1.0,1.0,0.5138680255555728
400,223,0,0,1,0.9850746268656716,0.5945945945945946,0.9523809523809524,0.5138680255555728
400,224,1,1,0,1.0,1.0,1.0,0.5138680255555728
400,225,0,1,2,0.9696969696969696,1.0,1.0,0.5138680255555728
400,226,1,1,0,1.0,1.0,1.0,0.5138680255555728
400,227,1,1,0,1.0,1.0,1.0,0.5138680255555728
400,228,1,1,0,1.0,1.0,1.0,0.5138680255555728
400,229,1,1,0,1.0,1.0,1.0,0.5138680255555728
400,230,0,0,4,0.9428571428571428,0.5945945945945946,0.9523809523809524,0.5138680255555728
400,231,0,1,1,0.9850746268656716,1.0,1.0,0.5138680255555728
400,232,1,1,0,1.0,1.0,1.0,0.5138680255555728
400,233,0,0,30,0.5945945945945946,0.0,0.8,0.5138680255555728
400,234,0,1,1,0.9850746268656716,1.0,1.0,0.5138680255555728
400,235,1,1,0,1.0,1.0,1.0,0.5138680255555728
400,236,0,1,1,0.9850746268656716,1.0,1.0,0.5138680255555728
400,237,1,1,0,1.0,1.0,1.0,0.5138680255555728
400,238,1,1,0,1.0,1.0,1.0,0.5138680255555728
400,239,0,0,3,0.9565217391304348,0.4043321299638989,0.9523809523809524,0.5138680255555728
400,240,0,0,1,0.9850746268656716,0.4043321299638989,0.9523809523809524,0.5138680255555728
400,241,1,1,0,1.0,1.0,1.0,0.5138680255555728
400,242,1,1,0,1.0,1.0,1.0,0.5138680255555728
400,243,1,1,0,1.0,1.0,1.0,0.5138680255555728
400,244,1,1,0,1.0,1.0,1.0,0.5138680255555728
400,245,0,0,15,0.8,0.0,0.8333333333333333,0.5138680255555728
400,246,0,1,1,0.9850746268656716,1.0,1.0,0.5138680255555728
400,247,0,1,1,0.9850746268656716,1.0,1.0,0.5138680255555728
400,248,1,1,0,1.0,1.0,1.0,0.5138680255555728
400,249,0,1,1,0.9846153846153848,1.0,1.0,0.5138680255555728
400,250,0,0,13,0.821917808219178,0.1564792176039119,0.9090909090909092,0.5138680255555728
400,251,1,1,0,1.0,1.0,1.0,0.5138680255555728
400,252,0,0,3,0.9565217391304348,0.7,0.9523809523809524,0.5138680255555728
400,253,1,1,0,1.0,1.0,1.0,0.5138680255555728
400,254,1,1,0,1.0,1.0,1.0,0.5138680255555728
400,255,0,0,3,0.9565217391304348,0.4043321299638989,0.9090909090909092,0.5138680255555728
400,256,1,1,0,1.0,1.0,1.0,0.5138680255555728
400,257,0,0,1,0.9850746268656716,0.5945945945945946,0.9523809523809524,0.5138680255555728
400,258,0,0,22,0.7027027027027027,0.0,0.7692307692307693,0.5138680255555728
400,259,1,1,0,1.0,1.0,1.0,0.5138680255555728
400,260,1,1,0,1.0,1.0,1.0,0.5138680255555728
400,261,0,1,3,0.955223880597015,1.0,1.0,0.5138680255555728
400,262,0,0,2,0.9696969696969696,0.4043321299638989,0.9523809523809524,0.5138680255555728
400,263,0,0,19,0.7397260273972603,0.0,0.8695652173913044,0.5138680255555728
400,264,0,1,2,0.9696969696969696,1.0,1.0,0.5138680255555728
400,265,0,1,1,0.9850746268656716,1.0,1.0,0.5138680255555728
400,266,1,1,0,1.0,1.0,1.0,0.5138680255555728
400,267,1,1,0,1.0,1.0,1.0,0.5138680255555728
400,268,1,1,0,1.0,1.0,1.0,0.5138680255555728
400,269,0,1,1,0.9850746268656716,1.0,1.0,0.5138680255555728
400,270,0,0,1,0.9850746268656716,0.5945945945945946,0.9523809523809524,0.5138680255555728
400,271,0,0,30,0.625,0.0,0.7407407407407407,0.5138680255555728
400,272,0,1,1,0.9850746268656716,1.0,1.0,0.5138680255555728
400,273,0,1,2,0.9696969696969696,1.0,1.0,0.5138680255555728
400,274,1,1,0,1.0,1.0,1.0,0.5138680255555728
400,275,1,1,0,1.0,1.0,1.0,0.5138680255555728
400,276,0,0,12,0.8333333333333333,0.0,0.8,0.5138680255555728
400,277,0,0,32,0.5675675675675675,0.0,0.8,0.5138680255555728
400,278,0,0,1,0.9850746268656716,0.7619047619047619,0.9523809523809524,0.5138680255555728
400,279,0,0,1,0.9850746268656716,0.4043321299638989,0.9523809523809524,0.5138680255555728
400,280,0,0,4,0.9428571428571428,0.1564792176039119,0.9523809523809524,0.5138680255555728
400,281,0,0,8,0.8918918918918919,0.0,0.8333333333333333,0.5138680255555728
400,282,0,0,2,0.9705882352941176,0.4043321299638989,0.9523809523809524,0.5138680255555728
400,283,1,1,0,1.0,1.0,1.0,0.5138680255555728
400,284,0,1,1,0.9850746268656716,1.0,1.0,0.5138680255555728
400,285,0,0,6,0.9142857142857144,0.0,0.9090909090909092,0.5138680255555728
400,286,1,1,0,1.0,1.0,1.0,0.5138680255555728
400,287,1,1,0,1.0,1.0,1.0,0.5138680255555728
400,288,0,1,4,0.9411764705882354,1.0,1.0,0.5138680255555728
400,289,0,0,3,0.9565217391304348,0.8314606741573034,0.9523809523809524,0.5138680255555728
400,290,0,0,1,0.9850746268656716,0.5081967213114754,0.9523809523809524,0.5138680255555728
400,291,0,0,18,0.7631578947368421,0.0,0.8,0.5138680255555728
400,292,1,1,0,1.0,1.0,1.0,0.5138680255555728
400,293,0,0,2,0.9705882352941176,0.5945945945945946,0.9523809523809524,0.5138680255555728
400,294,1,1,0,1.0,1.0,1.0,0.5138680255555728
400,295,0,1,1,0.9850746268656716,1.0,1.0,0.5138680255555728
400,296,0,0,1,0.9850746268656716,0.5945945945945946,0.9523809523809524,0.5138680255555728
400,297,0,1,2,0.9696969696969696,1.0,1.0,0.5138680255555728
400,298,1,1,0,1.0,1.0,1.0,0.5138680255555728
400,299,0,0,12,0.8285714285714285,0.7,0.9523809523809524,0.5138680255555728
500,0,1,1,0,1.0,1.0,1.0,0.5138680255555728
500,1,1,1,0,1.0,1.0,1.0,0.5138680255555728
500,2,1,1,0,1.0,1.0,1.0,0.5138680255555728
500,3,0,1,2,0.9696969696969696,1.0,1.0,0.5138680255555728
500,4,0,1,1,0.9850746268656716,1.0,1.0,0.5138680255555728
500,5,1,1,0,1.0,1.0,1.0,0.5138680255555728
500,6,1,1,0,1.0,1.0,1.0,0.5138680255555728
500,7,1,1,0,1.0,1.0,1.0,0.5138680255555728
500,8,1,1,0,1.0,1.0,1.0,0.5138680255555728
500,9,1,1,0,1.0,1.0,1.0,0.5138680255555728
500,10,0,0,7,0.9014084507042254,0.1564792176039119,0.9090909090909092,0.5138680255555728
500,11,1,1,0,1.0,1.0,1.0,0.5138680255555728
500,12,1,1,0,1.0,1.0,1.0,0.5138680255555728
500,13,0,1,1,0.9850746268656716,1.0,1.0,0.5138680255555728
500,14,1,1,0,1.0,1.0,1.0,0.5138680255555728
500,15,0,0,16,0.7714285714285715,0.1564792176039119,0.9090909090909092,0.5138680255555728
500,16,0,1,2,0.9696969696969696,1.0,1.0,0.5138680255555728
500,17,0,0,1,0.9850746268656716,0.8314606741573034,0.9523809523809524,0.5138680255555728
500,18,1,1,0,1.0,1.0,1.0,0.5138680255555728
500,19,1,1,0,1.0,1.0,1.0,0.5138680255555728
500,20,1,1,0,1.0,1.0,1.0,0.5138680255555728
500,21,0,0,7,0.8955223880597014,0.4043321299638989,0.9523809523809524,0.5138680255555728
500,22,1,1,0,1.0,1.0,1.0,0.5138680255555728
500,23,1,1,0,1.0,1.0,1.0,0.5138680255555728
500,24,0,0,19,0.732394366197183,0.0,0.75,0.5138680255555728
500,25,1,1,0,1.0,1.0,1.0,0.5138680255555728
500,26,0,0,1,0.9850746268656716,0.5945945945945946,0.9523809523809524,0.5138680255555728
500,27,1,1,0,1.0,1.0,1.0,0.5138680255555728
500,28,0,1,1,0.9850746268656716,1.0,1.0,0.5138680255555728
500,29,1,1,0,1.0,1.0,1.0,0.5138680255555728
500,30,1,1,0,1.0,1.0,1.0,0.5138680255555728
500,31,1,1,0,1.0,1.0,1.0,0.5138680255555728
500,32,1,1,0,1.0,1.0,1.0,0.5138680255555728
500,33,0,1,1,0.9850746268656716,1.0,1.0,0.5138680255555728
500,34,0,1,14,0.7941176470588236,1.0,1.0,0.5138680255555728
500,35,1,1,0,1.0,1.0,1.0,0.5138680255555728
500,36,0,1,1,0.9850746268656716,1.0,1.0,0.5138680255555728
500,37,1,1,0,1.0,1.0,1.0,0.5138680255555728
500,38,1,1,0,1.0,1.0,1.0,0.5138680255555728
500,39,1,1,0,1.0,1.0,1.0,0.5138680255555728
500,40,1,1,0,1.0,1.0,1.0,0.5138680255555728
500,41,1,1,0,1.0,1.0,1.0,0.5138680255555728
500,42,1,1,0,1.0,1.0,1.0,0.5138680255555728
500,43,0,0,1,0.9850746268656716,0.5945945945945946,0.9523809523809524,0.5138680255555728
500,44,1,1,0,1.0,1.0,1.0,0.5138680255555728
500,45,0,1,2,0.9696969696969696,1.0,1.0,0.5138680255555728
500,46,0,0,19,0.7532467532467532,0.0,0.7407407407407407,0.5138680255555728
500,47,0,1,1,0.9850746268656716,1.0,1.0,0.5138680255555728
500,48,1,1,0,1.0,1.0,1.0,0.5138680255555728
500,49,0,0,1,0.9850746268656716,0.5945945945945946,0.9523809523809524,0.5138680255555728
500,50,1,1,0,1.0,1.0,1.0,0.5138680255555728
500,51,1,1,0,1.0,1.0,1.0,0.5138680255555728
500,52,0,0,9,0.8732394366197183,0.1564792176039119,0.9090909090909092,0.5138680255555728
500,53,1,1,0,1.0,1.0,1.0,0.5138680255555728
500,54,1,1,0,1.0,1.0,1.0,0.5138680255555728
500,55,1,1,0,1.0,1.0,1.0,0.5138680255555728
500,56,0,1,1,0.9850746268656716,1.0,1.0,0.5138680255555728
500,57,1,1,0,1.0,1.0,1.0,0.5138680255555728
500,58,1,1,0,1.0,1.0,1.0,0.5138680255555728
500,59,1,1,0,1.0,1.0,1.0,0.5138680255555728
500,60,1,1,0,1.0,1.0,1.0,0.5138680255555728
500,61,0,0,1,0.9850746268656716,0.4043321299638989,0.9523809523809524,0.5138680255555728
500,62,0,1,1,0.9850746268656716,1.0,1.0,0.5138680255555728
500,63,1,1,0,1.0,1.0,1.0,0.5138680255555728
500,64,0,0,1,0.9850746268656716,0.5945945945945946,0.9523809523809524,0.5138680255555728
500,65,1,1,0,1.0,1.0,1.0,0.5138680255555728
500,66,1,1,0,1.0,1.0,1.0,0.5138680255555728
500,67,0,0,14,0.8000000000000002,0.4043321299638989,0.9090909090909092,0.5138680255555728
500,68,1,1,0,1.0,1.0,1.0,0.5138680255555728
500,69,0,1,1,0.9850746268656716,1.0,1.0,0.5138680255555728
500,70,1,1,0,1.0,1.0,1.0,0.5138680255555728
500,71,0,1,1,0.9846153846153848,1.0,1.0,0.5138680255555728
500,72,0,0,1,0.9850746268656716,0.5945945945945946,0.9523809523809524,0.5138680255555728
500,73,0,1,1,0.9850746268656716,1.0,1.0,0.5138680255555728
500,74,1,1,0,1.0,1.0,1.0,0.5138680255555728
500,75,1,1,0,1.0,1.0,1.0,0.5138680255555728
500,76,1,1,0,1.0,1.0,1.0,0.5138680255555728
500,77,1,1,0,1.0,1.0,1.0,0.5138680255555728
500,78,1,1,0,1.0,1.0,1.0,0.5138680255555728
500,79,0,1,1,0.9850746268656716,1.0,1.0,0.5138680255555728
500,80,1,1,0,1.0,1.0,1.0,0.5138680255555728
500,81,0,1,1,0.9850746268656716,1.0,1.0,0.5138680255555728
500,82,1,1,0,1.0,1.0,1.0,0.5138680255555728
500,83,1,1,0,1.0,1.0,1.0,0.5138680255555728
500,84,1,1,0,1.0,1.0,1.0,0.5138680255555728
500,85,1,1,0,1.0,1.0,1.0,0.5138680255555728
500,86,1,1,0,1.0,1.0,1.0,0.5138680255555728
500,87,1,1,0,1.0,1.0,1.0,0.5138680255555728
500,88,0,1,1,0.9850746268656716,1.0,1.0,0.5138680255555728
500,89,1,1,0,1.0,1.0,1.0,0.5138680255555728
500,90,1,1,0,1.0,1.0,1.0,0.5138680255555728
500,91,1,1,0,1.0,1.0,1.0,0.5138680255555728
500,92,1,1,0,1.0,1.0,1.0,0.5138680255555728
500,93,1,1,0,1.0,1.0,1.0,0.5138680255555728
500,94,0,0,20,0.736842105263158,0.1564792176039119,0.8333333333333333,0.5138680255555728
500,95,0,1,1,0.9846153846153848,1.0,1.0,0.5138680255555728
500,96,1,1,0,1.0,1.0,1.0,0.5138680255555728
500,97,0,0,17,0.746268656716418,0.5945945945945946,0.9523809523809524,0.5138680255555728
500,98,0,0,1,0.9850746268656716,0.7,0.9523809523809524,0.5138680255555728
500,99,1,1,0,1.0,1.0,1.0,0.5138680255555728
500,100,1,1,0,1.0,1.0,1.0,0.5138680255555728
500,101,0,1,1,0.9850746268656716,1.0,1.0,0.5138680255555728
500,102,0,0,2,0.9696969696969696,0.4043321299638989,0.9523809523809524,0.5138680255555728
500,103,1,1,0,1.0,1.0,1.0,0.5138680255555728
500,104,0,1,2,0.9696969696969696,1.0,1.0,0.5138680255555728
500,105,0,0,2,0.9696969696969696,0.5945945945945946,0.9523809523809524,0.5138680255555728
500,106,1,1,0,1.0,1.0,1.0,0.5138680255555728
500,107,1,1,0,1.0,1.0,1.0,0.5138680255555728
500,108,0,1,1,0.9850746268656716,1.0,1.0,0.5138680255555728
500,109,0,1,1,0.9850746268656716,1.0,1.0,0.5138680255555728
500,110,0,1,1,0.9846153846153848,1.0,1.0,0.5138680255555728
500,111,1,1,0,1.0,1.0,1.0,0.5138680255555728
500,112,1,1,0,1.0,1.0,1.0,0.5138680255555728
500,113,0,0,3,0.9565217391304348,0.1564792176039119,0.9090909090909092,0.5138680255555728
500,114,0,1,1,0.9850746268656716,1.0,1.0,0.5138680255555728
500,115,1,1,0,1.0,1.0,1.0,0.5138680255555728
500,116,1,1,0,1.0,1.0,1.0,0.5138680255555728
500,117,1,1,0,1.0,1.0,1.0,0.5138680255555728
500,118,1,1,0,1.0,1.0,1.0,0.5138680255555728
500,119,0,1,1,0.9846153846153848,1.0,1.0,0.5138680255555728
500,120,1,1,0,1.0,1.0,1.0,0.5138680255555728
500,121,0,0,2,0.9705882352941176,0.5081967213114754,0.9523809523809524,0.5138680255555728
500,122,1,1,0,1.0,1.0,1.0,0.5138680255555728
500,123,1,1,0,1.0,1.0,1.0,0.5138680255555728
500,124,1,1,0,1.0,1.0,1.0,0.5138680255555728
500,125,0,1,1,0.9850746268656716,1.0,1.0,0.5138680255555728
500,126,1,1,0,1.0,1.0,1.0,0.5138680255555728
500,127,1,1,0,1.0,1.0,1.0,0.5138680255555728
500,128,0,1,1,0.9850746268656716,1.0,1.0,0.5138680255555728
500,129,1,1,0,1.0,1.0,1.0,0.5138680255555728
500,130,1,1,0,1.0,1.0,1.0,0.5138680255555728
500,131,1,1,0,1.0,1.0,1.0,0.5138680255555728
500,132,1,1,0,1.0,1.0,1.0,0.5138680255555728
500,133,0,1,1,0.9846153846153848,1.0,1.0,0.5138680255555728
500,134,0,1,1,0.9846153846153848,1.0,1.0,0.5138680255555728
500,135,1,1,0,1.0,1.0,1.0,0.5138680255555728
500,136,1,1,0,1.0,1.0,1.0,0.5138680255555728
500,137,0,0,5,0.9253731343283584,0.5945945945945946,0.9523809523809524,0.5138680255555728
500,138,1,1,0,1.0,1.0,1.0,0.5138680255555728
500,139,1,1,0,1.0,1.0,1.0,0.5138680255555728
500,140,1,1,0,1.0,1.0,1.0,0.5138680255555728
500,141,0,0,2,0.9705882352941176,0.4043321299638989,0.9523809523809524,0.5138680255555728
500,142,0,1,1,0.9850746268656716,1.0,1.0,0.5138680255555728
500,143,0,0,12,0.823529411764706,0.4043321299638989,0.9090909090909092,0.5138680255555728
500,144,1,1,0,1.0,1.0,1.0,0.5138680255555728
500,145,1,1,0,1.0,1.0,1.0,0.5138680255555728
500,146,0,0,7,0.8955223880597014,0.4043321299638989,0.9523809523809524,0.5138680255555728
500,147,1,1,0,1.0,1.0,1.0,0.5138680255555728
500,148,1,1,0,1.0,1.0,1.0,0.5138680255555728
500,149,1,1,0,1.0,1.0,1.0,0.5138680255555728
500,150,1,1,0,1.0,1.0,1.0,0.5138680255555728
500,151,0,1,3,0.955223880597015,1.0,1.0,0.5138680255555728
500,152,0,1,1,0.9850746268656716,1.0,1.0,0.5138680255555728
500,153,0,0,11,0.8405797101449276,0.1564792176039119,0.9523809523809524,0.5138680255555728
500,154,0,1,1,0.9850746268656716,1.0,1.0,0.5138680255555728
500,155,1,1,0,1.0,1.0,1.0,0.5138680255555728
500,156,0,1,1,0.9850746268656716,1.0,1.0,0.5138680255555728
500,157,1,1,0,1.0,1.0,1.0,0.5138680255555728
500,158,0,0,2,0.9705882352941176,0.4043321299638989,0.9090909090909092,0.5138680255555728
500,159,0,1,1,0.9846153846153848,1.0,1.0,0.5138680255555728
500,160,0,0,3,0.9565217391304348,0.8314606741573034,0.9523809523809524,0.5138680255555728
500,161,0,0,1,0.9850746268656716,0.7619047619047619,0.9523809523809524,0.5138680255555728
500,162,1,1,0,1.0,1.0,1.0,0.5138680255555728
500,163,0,0,1,0.9850746268656716,0.4043321299638989,0.9523809523809524,0.5138680255555728
500,164,1,1,0,1.0,1.0,1.0,0.5138680255555728
500,165,0,1,1,0.9846153846153848,1.0,1.0,0.5138680255555728
500,166,1,1,0,1.0,1.0,1.0,0.5138680255555728
500,167,1,1,0,1.0,1.0,1.0,0.5138680255555728
500,168,0,0,4,0.9428571428571428,0.4043321299638989,0.9090909090909092,0.5138680255555728
500,169,1,1,0,1.0,1.0,1.0,0.5138680255555728
500,170,0,1,1,0.9850746268656716,1.0,1.0,0.5138680255555728
500,171,1,1,0,1.0,1.0,1.0,0.5138680255555728
500,172,1,1,0,1.0,1.0,1.0,0.5138680255555728
500,173,1,1,0,1.0,1.0,1.0,0.5138680255555728
500,174,1,1,0,1.0,1.0,1.0,0.5138680255555728
500,175,1,1,0,1.0,1.0,1.0,0.5138680255555728
500,176,1,1,0,1.0,1.0,1.0,0.5138680255555728
500,177,1,1,0,1.0,1.0,1.0,0.5138680255555728
500,178,1,1,0,1.0,1.0,1.0,0.5138680255555728
500,179,1,1,0,1.0,1.0,1.0,0.5138680255555728
500,180,0,0,3,0.9565217391304348,0.1564792176039119,0.9090909090909092,0.5138680255555728
500,181,1,1,0,1.0,1.0,1.0,0.5138680255555728
500,182,0,0,29,0.6133333333333334,0.0,0.8,0.5138680255555728
500,183,1,1,0,1.0,1.0,1.0,0.5138680255555728
500,184,1,1,0,1.0,1.0,1.0,0.5138680255555728
500,185,0,0,1,0.9850746268656716,0.5945945945945946,0.9523809523809524,0.5138680255555728
500,186,0,1,1,0.9850746268656716,1.0,1.0,0.5138680255555728
500,187,1,1,0,1.0,1.0,1.0,0.5138680255555728
500,188,0,0,1,0.9846153846153848,1.0,0.9473684210526316,0.5138680255555728
500,189,1,1,0,1.0,1.0,1.0,0.5138680255555728
500,190,1,1,0,1.0,1.0,1.0,0.5138680255555728
500,191,1,1,0,1.0,1.0,1.0,0.5138680255555728
500,192,1,1,0,1.0,1.0,1.0,0.5138680255555728
500,193,1,1,0,1.0,1.0,1.0,0.5138680255555728
500,194,1,1,0,1.0,1.0,1.0,0.5138680255555728
500,195,1,1,0,1.0,1.0,1.0,0.5138680255555728
500,196,1,1,0,1.0,1.0,1.0,0.5138680255555728
500,197,1,1,0,1.0,1.0,1.0,0.5138680255555728
500,198,1,1,0,1.0,1.0,1.0,0.5138680255555728
500,199,1,1,0,1.0,1.0,1.0,0.5138680255555728
500,200,0,1,1,0.9850746268656716,1.0,1.0,0.5138680255555728
500,201,0,0,1,0.9846153846153848,1.0,0.9473684210526316,0.5138680255555728
500,202,1,1,0,1.0,1.0,1.0,0.5138680255555728
500,203,0,0,2,0.9696969696969696,1.0,0.9473684210526316,0.5138680255555728
500,204,1,1,0,1.0,1.0,1.0,0.5138680255555728
500,205,0,1,1,0.9850746268656716,1.0,1.0,0.5138680255555728
500,206,1,1,0,1.0,1.0,1.0,0.5138680255555728
500,207,0,0,1,0.9850746268656716,0.5945945945945946,0.9523809523809524,0.5138680255555728
500,208,0,0,15,0.7761194029850745,0.1564792176039119,0.9523809523809524,0.5138680255555728
500,209,1,1,0,1.0,1.0,1.0,0.5138680255555728
500,210,1,1,0,1.0,1.0,1.0,0.5138680255555728
500,211,0,1,1,0.9850746268656716,1.0,1.0,0.5138680255555728
500,212,1,1,0,1.0,1.0,1.0,0.5138680255555728
500,213,0,0,2,0.9705882352941176,0.4043321299638989,0.9090909090909092,0.5138680255555728
500,214,1,1,0,1.0,1.0,1.0,0.5138680255555728
500,215,0,1,1,0.9850746268656716,1.0,1.0,0.5138680255555728
500,216,1,1,0,1.0,1.0,1.0,0.5138680255555728
500,217,1,1,0,1.0,1.0,1.0,0.5138680255555728
500,218,1,1,0,1.0,1.0,1.0,0.5138680255555728
500,219,1,1,0,1.0,1.0,1.0,0.5138680255555728
500,220,1,1,0,1.0,1.0,1.0,0.5138680255555728
500,221,1,1,0,1.0,1.0,1.0,0.5138680255555728
500,222,1,1,0,1.0,1.0,1.0,0.5138680255555728
500,223,1,1,0,1.0,1.0,1.0,0.5138680255555728
500,224,1,1,0,1.0,1.0,1.0,0.5138680255555728
500,225,0,0,7,0.8955223880597014,0.5945945945945946,0.9523809523809524,0.5138680255555728
500,226,1,1,0,1.0,1.0,1.0,0.5138680255555728
500,227,0,0,15,0.7761194029850745,0.5945945945945946,0.9523809523809524,0.5138680255555728
500,228,0,1,1,0.9846153846153848,1.0,1.0,0.5138680255555728
500,229,1,1,0,1.0,1.0,1.0,0.5138680255555728
500,230,1,1,0,1.0,1.0,1.0,0.5138680255555728
500,231,1,1,0,1.0,1.0,1.0,0.5138680255555728
500,232,1,1,0,1.0,1.0,1.0,0.5138680255555728
500,233,0,0,1,0.9850746268656716,0.5945945945945946,0.9523809523809524,0.5138680255555728
500,234,0,1,1,0.9850746268656716,1.0,1.0,0.5138680255555728
500,235,1,1,0,1.0,1.0,1.0,0.5138680255555728
500,236,0,0,1,0.9850746268656716,0.4043321299638989,0.9523809523809524,0.5138680255555728
500,237,1,1,0,1.0,1.0,1.0,0.5138680255555728
500,238,1,1,0,1.0,1.0,1.0,0.5138680255555728
500,239,1,1,0,1.0,1.0,1.0,0.5138680255555728
500,240,0,0,22,0.6944444444444444,0.0,0.8333333333333333,0.5138680255555728
500,241,1,1,0,1.0,1.0,1.0,0.5138680255555728
500,242,1,1,0,1.0,1.0,1.0,0.5138680255555728
500,243,0,0,18,0.7428571428571429,0.0,0.9090909090909092,0.5138680255555728
500,244,0,1,2,0.9696969696969696,1.0,1.0,0.5138680255555728
500,245,1,1,0,1.0,1.0,1.0,0.5138680255555728
500,246,1,1,0,1.0,1.0,1.0,0.5138680255555728
500,247,1,1,0,1.0,1.0,1.0,0.5138680255555728
500,248,1,1,0,1.0,1.0,1.0,0.5138680255555728
500,249,1,1,0,1.0,1.0,1.0,0.5138680255555728
500,250,1,1,0,1.0,1.0,1.0,0.5138680255555728
500,251,1,1,0,1.0,1.0,1.0,0.5138680255555728
500,252,0,0,5,0.9253731343283584,0.5945945945945946,0.9523809523809524,0.5138680255555728
500,253,0,1,1,0.9846153846153848,1.0,1.0,0.5138680255555728
500,254,1,1,0,1.0,1.0,1.0,0.5138680255555728
500,255,1,1,0,1.0,1.0,1.0,0.5138680255555728
500,256,1,1,0,1.0,1.0,1.0,0.5138680255555728
500,257,0,0,2,0.9705882352941176,0.4043321299638989,0.9090909090909092,0.5138680255555728
500,258,0,0,4,0.9411764705882354,0.8314606741573034,0.9523809523809524,0.5138680255555728
500,259,1,1,0,1.0,1.0,1.0,0.5138680255555728
500,260,1,1,0,1.0,1.0,1.0,0.5138680255555728
500,261,1,1,0,1.0,1.0,1.0,0.5138680255555728
500,262,1,1,0,1.0,1.0,1.0,0.5138680255555728
500,263,1,1,0,1.0,1.0,1.0,0.5138680255555728
500,264,1,1,0,1.0,1.0,1.0,0.5138680255555728
500,265,1,1,0,1.0,1.0,1.0,0.5138680255555728
500,266,1,1,0,1.0,1.0,1.0,0.5138680255555728
500,267,1,1,0,1.0,1.0,1.0,0.5138680255555728
500,268,0,1,1,0.9846153846153848,1.0,1.0,0.5138680255555728
500,269,1,1,0,1.0,1.0,1.0,0.5138680255555728
500,270,1,1,0,1.0,1.0,1.0,0.5138680255555728
500,271,1,1,0,1.0,1.0,1.0,0.5138680255555728
500,272,0,0,2,0.9705882352941176,0.5945945945945946,0.9523809523809524,0.5138680255555728
500,273,1,1,0,1.0,1.0,1.0,0.5138680255555728
500,274,1,1,0,1.0,1.0,1.0,0.5138680255555728
500,275,1,1,0,1.0,1.0,1.0,0.5138680255555728
500,276,1,1,0,1.0,1.0,1.0,0.5138680255555728
500,277,0,1,1,0.9850746268656716,1.0,1.0,0.5138680255555728
500,278,1,1,0,1.0,1.0,1.0,0.5138680255555728
500,279,1,1,0,1.0,1.0,1.0,0.5138680255555728
500,280,0,0,1,0.9850746268656716,0.7619047619047619,0.9523809523809524,0.5138680255555728
500,281,1,1,0,1.0,1.0,1.0,0.5138680255555728
500,282,0,0,2,0.9705882352941176,0.5945945945945946,0.9523809523809524,0.5138680255555728
500,283,1,1,0,1.0,1.0,1.0,0.5138680255555728
500,284,0,1,1,0.9850746268656716,1.0,1.0,0.5138680255555728
500,285,1,1,0,1.0,1.0,1.0,0.5138680255555728
500,286,1,1,0,1.0,1.0,1.0,0.5138680255555728
500,287,1,1,0,1.0,1.0,1.0,0.5138680255555728
500,288,0,1,2,0.9705882352941176,1.0,1.0,0.5138680255555728
500,289,1,1,0,1.0,1.0,1.0,0.5138680255555728
500,290,0,0,1,0.9850746268656716,0.7619047619047619,0.9523809523809524,0.5138680255555728
500,291,1,1,0,1.0,1.0,1.0,0.5138680255555728
500,292,1,1,0,1.0,1.0,1.0,0.5138680255555728
500,293,0,0,2,0.9705882352941176,0.5945945945945946,0.9523809523809524,0.5138680255555728
500,294,1,1,0,1.0,1.0,1.0,0.5138680255555728
500,295,1,1,0,1.0,1.0,1.0,0.5138680255555728
500,296,1,1,0,1.0,1.0,1.0,0.5138680255555728
500,297,0,1,1,0.9850746268656716,1.0,1.0,0.5138680255555728
500,298,1,1,0,1.0,1.0,1.0,0.5138680255555728
500,299,1,1,0,1.0,1.0,1.0,0.5138680255555728
700,0,1,1,0,1.0,1.0,1.0,0.5138680255555728
700,1,1,1,0,1.0,1.0,1.0,0.5138680255555728
700,2,1,1,0,1.0,1.0,1.0,0.5138680255555728
700,3,1,1,0,1.0,1.0,1.0,0.5138680255555728
700,4,1,1,0,1.0,1.0,1.0,0.5138680255555728
700,5,1,1,0,1.0,1.0,1.0,0.5138680255555728
700,6,1,1,0,1.0,1.0,1.0,0.5138680255555728
700,7,1,1,0,1.0,1.0,1.0,0.5138680255555728
700,8,1,1,0,1.0,1.0,1.0,0.5138680255555728
700,9,1,1,0,1.0,1.0,1.0,0.5138680255555728
700,10,1,1,0,1.0,1.0,1.0,0.5138680255555728
700,11,1,1,0,1.0,1.0,1.0,0.5138680255555728
700,12,0,1,1,0.9850746268656716,1.0,1.0,0.5138680255555728
700,13,1,1,0,1.0,1.0,1.0,0.5138680255555728
700,14,1,1,0,1.0,1.0,1.0,0.5138680255555728
700,15,0,1,1,0.9850746268656716,1.0,1.0,0.5138680255555728
700,16,0,1,1,0.9850746268656716,1.0,1.0,0.5138680255555728
700,17,1,1,0,1.0,1.0,1.0,0.5138680255555728
700,18,1,1,0,1.0,1.0,1.0,0.5138680255555728
700,19,1,1,0,1.0,1.0,1.0,0.5138680255555728
700,20,1,1,0,1.0,1.0,1.0,0.5138680255555728
700,21,1,1,0,1.0,1.0,1.0,0.5138680255555728
700,22,1,1,0,1.0,1.0,1.0,0.5138680255555728
700,23,1,1,0,1.0,1.0,1.0,0.5138680255555728
700,24,1,1,0,1.0,1.0,1.0,0.5138680255555728
700,25,1,1,0,1.0,1.0,1.0,0.5138680255555728
700,26,0,1,1,0.9850746268656716,1.0,1.0,0.5138680255555728
700,27,1,1,0,1.0,1.0,1.0,0.5138680255555728
700,28,1,1,0,1.0,1.0,1.0,0.5138680255555728
700,29,1,1,0,1.0,1.0,1.0,0.5138680255555728
700,30,1,1,0,1.0,1.0,1.0,0.5138680255555728
700,31,1,1,0,1.0,1.0,1.0,0.5138680255555728
700,32,1,1,0,1.0,1.0,1.0,0.5138680255555728
700,33,1,1,0,1.0,1.0,1.0,0.5138680255555728
700,34,1,1,0,1.0,1.0,1.0,0.5138680255555728
700,35,1,1,0,1.0,1.0,1.0,0.5138680255555728
700,36,1,1,0,1.0,1.0,1.0,0.5138680255555728
700,37,1,1,0,1.0,1.0,1.0,0.5138680255555728
700,38,0,1,1,0.9850746268656716,1.0,1.0,0.5138680255555728
700,39,1,1,0,1.0,1.0,1.0,0.5138680255555728
700,40,1,1,0,1.0,1.0,1.0,0.5138680255555728
700,41,1,1,0,1.0,1.0,1.0,0.5138680255555728
700,42,1,1,0,1.0,1.0,1.0,0.5138680255555728
700,43,1,1,0,1.0,1.0,1.0,0.5138680255555728
700,44,1,1,0,1.0,1.0,1.0,0.5138680255555728
700,45,1,1,0,1.0,1.0,1.0,0.5138680255555728
700,46,1,1,0,1.0,1.0,1.0,0.5138680255555728
700,47,1,1,0,1.0,1.0,1.0,0.5138680255555728
700,48,1,1,0,1.0,1.0,1.0,0.5138680255555728
700,49,1,1,0,1.0,1.0,1.0,0.5138680255555728
700,50,1,1,0,1.0,1.0,1.0,0.5138680255555728
700,51,1,1,0,1.0,1.0,1.0,0.5138680255555728
700,52,1,1,0,1.0,1.0,1.0,0.5138680255555728
700,53,1,1,0,1.0,1.0,1.0,0.5138680255555728
700,54,1,1,0,1.0,1.0,1.0,0.5138680255555728
700,55,0,1,2,0.9696969696969696,1.0,1.0,0.5138680255555728
700,56,1,1,0,1.0,1.0,1.0,0.5138680255555728
700,57,1,1,0,1.0,1.0,1.0,0.5138680255555728
700,58,1,1,0,1.0,1.0,1.0,0.5138680255555728
700,59,1,1,0,1.0,1.0,1.0,0.5138680255555728
700,60,1,1,0,1.0,1.0,1.0,0.5138680255555728
700,61,1,1,0,1.0,1.0,1.0,0.5138680255555728
700,62,1,1,0,1.0,1.0,1.0,0.5138680255555728
700,63,1,1,0,1.0,1.0,1.0,0.5138680255555728
700,64,1,1,0,1.0,1.0,1.0,0.5138680255555728
700,65,1,1,0,1.0,1.0,1.0,0.5138680255555728
700,66,1,1,0,1.0,1.0,1.0,0.5138680255555728
700,67,0,0,15,0.7761194029850745,0.1564792176039119,0.9523809523809524,0.5138680255555728
700,68,1,1,0,1.0,1.0,1.0,0.5138680255555728
700,69,1,1,0,1.0,1.0,1.0,0.5138680255555728
700,70,1,1,0,1.0,1.0,1.0,0.5138680255555728
700,71,1,1,0,1.0,1.0,1.0,0.5138680255555728
700,72,1,1,0,1.0,1.0,1.0,0.5138680255555728
700,73,1,1,0,1.0,1.0,1.0,0.5138680255555728
700,74,1,1,0,1.0,1.0,1.0,0.5138680255555728
700,75,1,1,0,1.0,1.0,1.0,0.5138680255555728
700,76,1,1,0,1.0,1.0,1.0,0.5138680255555728
700,77,1,1,0,1.0,1.0,1.0,0.5138680255555728
700,78,1,1,0,1.0,1.0,1.0,0.5138680255555728
700,79,1,1,0,1.0,1.0,1.0,0.5138680255555728
700,80,1,1,0,1.0,1.0,1.0,0.5138680255555728
700,81,1,1,0,1.0,1.0,1.0,0.5138680255555728
700,82,1,1,0,1.0,1.0,1.0,0.5138680255555728
700,83,1,1,0,1.0,1.0,1.0,0.5138680255555728
700,84,1,1,0,1.0,1.0,1.0,0.5138680255555728
700,85,0,1,1,0.9850746268656716,1.0,1.0,0.5138680255555728
700,86,1,1,0,1.0,1.0,1.0,0.5138680255555728
700,87,0,0,1,0.9850746268656716,0.5945945945945946,0.9523809523809524,0.5138680255555728
700,88,1,1,0,1.0,1.0,1.0,0.5138680255555728
700,89,1,1,0,1.0,1.0,1.0,0.5138680255555728
700,90,1,1,0,1.0,1.0,1.0,0.5138680255555728
700,91,0,1,1,0.9850746268656716,1.0,1.0,0.5138680255555728
700,92,1,1,0,1.0,1.0,1.0,0.5138680255555728
700,93,1,1,0,1.0,1.0,1.0,0.5138680255555728
700,94,1,1,0,1.0,1.0,1.0,0.5138680255555728
700,95,1,1,0,1.0,1.0,1.0,0.5138680255555728
700,96,1,1,0,1.0,1.0,1.0,0.5138680255555728
700,97,0,1,1,0.9850746268656716,1.0,1.0,0.5138680255555728
700,98,0,1,1,0.9850746268656716,1.0,1.0,0.5138680255555728
700,99,1,1,0,1.0,1.0,1.0,0.5138680255555728
700,100,1,1,0,1.0,1.0,1.0,0.5138680255555728
700,101,1,1,0,1.0,1.0,1.0,0.5138680255555728
700,102,1,1,0,1.0,1.0,1.0,0.5138680255555728
700,103,1,1,0,1.0,1.0,1.0,0.5138680255555728
700,104,1,1,0,1.0,1.0,1.0,0.5138680255555728
700,105,1,1,0,1.0,1.0,1.0,0.5138680255555728
700,106,1,1,0,1.0,1.0,1.0,0.5138680255555728
700,107,1,1,0,1.0,1.0,1.0,0.5138680255555728
700,108,1,1,0,1.0,1.0,1.0,0.5138680255555728
700,109,1,1,0,1.0,1.0,1.0,0.5138680255555728
700,110,1,1,0,1.0,1.0,1.0,0.5138680255555728
700,111,1,1,0,1.0,1.0,1.0,0.5138680255555728
700,112,1,1,0,1.0,1.0,1.0,0.5138680255555728
700,113,1,1,0,1.0,1.0,1.0,0.5138680255555728
700,114,1,1,0,1.0,1.0,1.0,0.5138680255555728
700,115,1,1,0,1.0,1.0,1.0,0.5138680255555728
700,116,1,1,0,1.0,1.0,1.0,0.5138680255555728
700,117,1,1,0,1.0,1.0,1.0,0.5138680255555728
700,118,1,1,0,1.0,1.0,1.0,0.5138680255555728
700,119,0,0,1,0.9850746268656716,0.5945945945945946,0.9523809523809524,0.5138680255555728
700,120,1,1,0,1.0,1.0,1.0,0.5138680255555728
700,121,1,1,0,1.0,1.0,1.0,0.5138680255555728
700,122,1,1,0,1.0,1.0,1.0,0.5138680255555728
700,123,1,1,0,1.0,1.0,1.0,0.5138680255555728
700,124,1,1,0,1.0,1.0,1.0,0.5138680255555728
700,125,1,1,0,1.0,1.0,1.0,0.5138680255555728
700,126,1,1,0,1.0,1.0,1.0,0.5138680255555728
700,127,1,1,0,1.0,1.0,1.0,0.5138680255555728
700,128,1,1,0,1.0,1.0,1.0,0.5138680255555728
700,129,1,1,0,1.0,1.0,1.0,0.5138680255555728
700,130,1,1,0,1.0,1.0,1.0,0.5138680255555728
700,131,1,1,0,1.0,1.0,1.0,0.5138680255555728
700,132,1,1,0,1.0,1.0,1.0,0.5138680255555728
700,133,1,1,0,1.0,1.0,1.0,0.5138680255555728
700,134,1,1,0,1.0,1.0,1.0,0.5138680255555728
700,135,1,1,0,1.0,1.0,1.0,0.5138680255555728
700,136,1,1,0,1.0,1.0,1.0,0.5138680255555728
700,137,1,1,0,1.0,1.0,1.0,0.5138680255555728
700,138,1,1,0,1.0,1.0,1.0,0.5138680255555728
700,139,1,1,0,1.0,1.0,1.0,0.5138680255555728
700,140,1,1,0,1.0,1.0,1.0,0.5138680255555728
700,141,1,1,0,1.0,1.0,1.0,0.5138680255555728
700,142,0,0,1,0.9846153846153848,1.0,0.9473684210526316,0.5138680255555728
700,143,1,1,0,1.0,1.0,1.0,0.5138680255555728
700,144,1,1,0,1.0,1.0,1.0,0.5138680255555728
700,145,1,1,0,1.0,1.0,1.0,0.5138680255555728
700,146,1,1,0,1.0,1.0,1.0,0.5138680255555728
700,147,1,1,0,1.0,1.0,1.0,0.5138680255555728
700,148,1,1,0,1.0,1.0,1.0,0.5138680255555728
700,149,1,1,0,1.0,1.0,1.0,0.5138680255555728
700,150,1,1,0,1.0,1.0,1.0,0.5138680255555728
700,151,1,1,0,1.0,1.0,1.0,0.5138680255555728
700,152,1,1,0,1.0,1.0,1.0,0.5138680255555728
700,153,1,1,0,1.0,1.0,1.0,0.5138680255555728
700,154,1,1,0,1.0,1.0,1.0,0.5138680255555728
700,155,0,1,2,0.9696969696969696,1.0,1.0,0.5138680255555728
700,156,1,1,0,1.0,1.0,1.0,0.5138680255555728
700,157,1,1,0,1.0,1.0,1.0,0.5138680255555728
700,158,1,1,0,1.0,1.0,1.0,0.5138680255555728
700,159,1,1,0,1.0,1.0,1.0,0.5138680255555728
700,160,1,1,0,1.0,1.0,1.0,0.5138680255555728
700,161,1,1,0,1.0,1.0,1.0,0.5138680255555728
700,162,1,1,0,1.0,1.0,1.0,0.5138680255555728
700,163,1,1,0,1.0,1.0,1.0,0.5138680255555728
700,164,1,1,0,1.0,1.0,1.0,0.5138680255555728
700,165,1,1,0,1.0,1.0,1.0,0.5138680255555728
700,166,1,1,0,1.0,1.0,1.0,0.5138680255555728
700,167,1,1,0,1.0,1.0,1.0,0.5138680255555728
700,168,1,1,0,1.0,1.0,1.0,0.5138680255555728
700,169,1,1,0,1.0,1.0,1.0,0.5138680255555728
700,170,1,1,0,1.0,1.0,1.0,0.5138680255555728
700,171,0,1,1,0.9850746268656716,1.0,1.0,0.5138680255555728
700,172,1,1,0,1.0,1.0,1.0,0.5138680255555728
700,173,1,1,0,1.0,1.0,1.0,0.5138680255555728
700,174,1,1,0,1.0,1.0,1.0,0.5138680255555728
700,175,1,1,0,1.0,1.0,1.0,0.5138680255555728
700,176,1,1,0,1.0,1.0,1.0,0.5138680255555728
700,177,1,1,0,1.0,1.0,1.0,0.5138680255555728
700,178,1,1,0,1.0,1.0,1.0,0.5138680255555728
700,179,1,1,0,1.0,1.0,1.0,0.5138680255555728
700,180,1,1,0,1.0,1.0,1.0,0.5138680255555728
700,181,1,1,0,1.0,1.0,1.0,0.5138680255555728
700,182,1,1,0,1.0,1.0,1.0,0.5138680255555728
700,183,1,1,0,1.0,1.0,1.0,0.5138680255555728
700,184,1,1,0,1.0,1.0,1.0,0.5138680255555728
700,185,1,1,0,1.0,1.0,1.0,0.5138680255555728
700,186,1,1,0,1.0,1.0,1.0,0.5138680255555728
700,187,1,1,0,1.0,1.0,1.0,0.5138680255555728
700,188,1,1,0,1.0,1.0,1.0,0.5138680255555728
700,189,1,1,0,1.0,1.0,1.0,0.5138680255555728
700,190,1,1,0,1.0,1.0,1.0,0.5138680255555728
700,191,1,1,0,1.0,1.0,1.0,0.5138680255555728
700,192,1,1,0,1.0,1.0,1.0,0.5138680255555728
700,193,1,1,0,1.0,1.0,1.0,0.5138680255555728
700,194,1,1,0,1.0,1.0,1.0,0.5138680255555728
700,195,1,1,0,1.0,1.0,1.0,0.5138680255555728
700,196,1,1,0,1.0,1.0,1.0,0.5138680255555728
700,197,1,1,0,1.0,1.0,1.0,0.5138680255555728
700,198,1,1,0,1.0,1.0,1.0,0.5138680255555728
700,199,1,1,0,1.0,1.0,1.0,0.5138680255555728
700,200,1,1,0,1.0,1.0,1.0,0.5138680255555728
700,201,1,1,0,1.0,1.0,1.0,0.5138680255555728
700,202,0,0,9,0.8656716417910447,0.1564792176039119,0.9523809523809524,0.5138680255555728
700,203,1,1,0,1.0,1.0,1.0,0.5138680255555728
700,204,1,1,0,1.0,1.0,1.0,0.5138680255555728
700,205,1,1,0,1.0,1.0,1.0,0.5138680255555728
700,206,1,1,0,1.0,1.0,1.0,0.5138680255555728
700,207,1,1,0,1.0,1.0,1.0,0.5138680255555728
700,208,1,1,0,1.0,1.0,1.0,0.5138680255555728
700,209,1,1,0,1.0,1.0,1.0,0.5138680255555728
700,210,1,1,0,1.0,1.0,1.0,0.5138680255555728
700,211,1,1,0,1.0,1.0,1.0,0.5138680255555728
700,212,1,1,0,1.0,1.0,1.0,0.5138680255555728
700,213,1,1,0,1.0,1.0,1.0,0.5138680255555728
700,214,1,1,0,1.0,1.0,1.0,0.5138680255555728
700,215,1,1,0,1.0,1.0,1.0,0.5138680255555728
700,216,1,1,0,1.0,1.0,1.0,0.5138680255555728
700,217,1,1,0,1.0,1.0,1.0,0.5138680255555728
700,218,1,1,0,1.0,1.0,1.0,0.5138680255555728
700,219,1,1,0,1.0,1.0,1.0,0.5138680255555728
700,220,1,1,0,1.0,1.0,1.0,0.5138680255555728
700,221,1,1,0,1.0,1.0,1.0,0.5138680255555728
700,222,1,1,0,1.0,1.0,1.0,0.5138680255555728
700,223,0,1,1,0.9850746268656716,1.0,1.0,0.5138680255555728
700,224,1,1,0,1.0,1.0,1.0,0.5138680255555728
700,225,1,1,0,1.0,1.0,1.0,0.5138680255555728
700,226,1,1,0,1.0,1.0,1.0,0.5138680255555728
700,227,1,1,0,1.0,1.0,1.0,0.5138680255555728
700,228,1,1,0,1.0,1.0,1.0,0.5138680255555728
700,229,1,1,0,1.0,1.0,1.0,0.5138680255555728
700,230,1,1,0,1.0,1.0,1.0,0.5138680255555728
700,231,1,1,0,1.0,1.0,1.0,0.5138680255555728
700,232,1,1,0,1.0,1.0,1.0,0.5138680255555728
700,233,0,0,1,0.9850746268656716,0.8314606741573034,0.9523809523809524,0.5138680255555728
700,234,1,1,0,1.0,1.0,1.0,0.5138680255555728
700,235,1,1,0,1.0,1.0,1.0,0.5138680255555728
700,236,1,1,0,1.0,1.0,1.0,0.5138680255555728
700,237,1,1,0,1.0,1.0,1.0,0.5138680255555728
700,238,1,1,0,1.0,1.0,1.0,0.5138680255555728
700,239,1,1,0,1.0,1.0,1.0,0.5138680255555728
700,240,1,1,0,1.0,1.0,1.0,0.5138680255555728
700,241,1,1,0,1.0,1.0,1.0,0.5138680255555728
700,242,1,1,0,1.0,1.0,1.0,0.5138680255555728
700,243,1,1,0,1.0,1.0,1.0,0.5138680255555728
700,244,1,1,0,1.0,1.0,1.0,0.5138680255555728
700,245,1,1,0,1.0,1.0,1.0,0.5138680255555728
700,246,1,1,0,1.0,1.0,1.0,0.5138680255555728
700,247,1,1,0,1.0,1.0,1.0,0.5138680255555728
700,248,1,1,0,1.0,1.0,1.0,0.5138680255555728
700,249,1,1,0,1.0,1.0,1.0,0.5138680255555728
700,250,1,1,0,1.0,1.0,1.0,0.5138680255555728
700,251,1,1,0,1.0,1.0,1.0,0.5138680255555728
700,252,1,1,0,1.0,1.0,1.0,0.5138680255555728
700,253,1,1,0,1.0,1.0,1.0,0.5138680255555728
700,254,1,1,0,1.0,1.0,1.0,0.5138680255555728
700,255,1,1,0,1.0,1.0,1.0,0.5138680255555728
700,256,1,1,0,1.0,1.0,1.0,0.5138680255555728
700,257,1,1,0,1.0,1.0,1.0,0.5138680255555728
700,258,1,1,0,1.0,1.0,1.0,0.5138680255555728
700,259,1,1,0,1.0,1.0,1.0,0.5138680255555728
700,260,1,1,0,1.0,1.0,1.0,0.5138680255555728
700,261,1,1,0,1.0,1.0,1.0,0.5138680255555728
700,262,1,1,0,1.0,1.0,1.0,0.5138680255555728
700,263,1,1,0,1.0,1.0,1.0,0.5138680255555728
700,264,1,1,0,1.0,1.0,1.0,0.5138680255555728
700,265,1,1,0,1.0,1.0,1.0,0.5138680255555728
700,266,1,1,0,1.0,1.0,1.0,0.5138680255555728
700,267,1,1,0,1.0,1.0,1.0,0.5138680255555728
700,268,1,1,0,1.0,1.0,1.0,0.5138680255555728
700,269,1,1,0,1.0,1.0,1.0,0.5138680255555728
700,270,1,1,0,1.0,1.0,1.0,0.5138680255555728
700,271,1,1,0,1.0,1.0,1.0,0.5138680255555728
700,272,1,1,0,1.0,1.0,1.0,0.5138680255555728
700,273,1,1,0,1.0,1.0,1.0,0.5138680255555728
700,274,1,1,0,1.0,1.0,1.0,0.5138680255555728
700,275,1,1,0,1.0,1.0,1.0,0.5138680255555728
700,276,1,1,0,1.0,1.0,1.0,0.5138680255555728
700,277,1,1,0,1.0,1.0,1.0,0.5138680255555728
700,278,1,1,0,1.0,1.0,1.0,0.5138680255555728
700,279,1,1,0,1.0,1.0,1.0,0.5138680255555728
700,280,1,1,0,1.0,1.0,1.0,0.5138680255555728
700,281,1,1,0,1.0,1.0,1.0,0.5138680255555728
700,282,1,1,0,1.0,1.0,1.0,0.5138680255555728
700,283,1,1,0,1.0,1.0,1.0,0.5138680255555728
700,284,1,1,0,1.0,1.0,1.0,0.5138680255555728
700,285,1,1,0,1.0,1.0,1.0,0.5138680255555728
700,286,1,1,0,1.0,1.0,1.0,0.5138680255555728
700,287,1,1,0,1.0,1.0,1.0,0.5138680255555728
700,288,1,1,0,1.0,1.0,1.0,0.5138680255555728
700,289,1,1,0,1.0,1.0,1.0,0.5138680255555728
700,290,1,1,0,1.0,1.0,1.0,0.5138680255555728
700,291,1,1,0,1.0,1.0,1.0,0.5138680255555728
700,292,1,1,0,1.0,1.0,1.0,0.5138680255555728
700,293,1,1,0,1.0,1.0,1.0,0.5138680255555728
700,294,1,1,0,1.0,1.0,1.0,0.5138680255555728
700,295,1,1,0,1.0,1.0,1.0,0.5138680255555728
700,296,1,1,0,1.0,1.0,1.0,0.5138680255555728
700,297,1,1,0,1.0,1.0,1.0,0.5138680255555728
700,298,1,1,0,1.0,1.0,1.0,0.5138680255555728
700,299,1,1,0,1.0,1.0,1.0,0.5138680255555728
1000,0,1,1,0,1.0,1.0,1.0,0.5138680255555728
1000,1,1,1,0,1.0,1.0,1.0,0.5138680255555728
1000,2,1,1,0,1.0,1.0,1.0,0.5138680255555728
1000,3,1,1,0,1.0,1.0,1.0,0.5138680255555728
1000,4,1,1,0,1.0,1.0,1.0,0.5138680255555728
1000,5,1,1,0,1.0,1.0,1.0,0.5138680255555728
1000,6,1,1,0,1.0,1.0,1.0,0.5138680255555728
1000,7,0,1,1,0.9850746268656716,1.0,1.0,0.5138680255555728
1000,8,1,1,0,1.0,1.0,1.0,0.5138680255555728
1000,9,1,1,0,1.0,1.0,1.0,0.5138680255555728
1000,10,1,1,0,1.0,1.0,1.0,0.5138680255555728
1000,11,1,1,0,1.0,1.0,1.0,0.5138680255555728
1000,12,1,1,0,1.0,1.0,1.0,0.5138680255555728
1000,13,1,1,0,1.0,1.0,1.0,0.5138680255555728
1000,14,1,1,0,1.0,1.0,1.0,0.5138680255555728
1000,15,1,1,0,1.0,1.0,1.0,0.5138680255555728
1000,16,1,1,0,1.0,1.0,1.0,0.5138680255555728
1000,17,1,1,0,1.0,1.0,1.0,0.5138680255555728
1000,18,1,1,0,1.0,1.0,1.0,0.5138680255555728
1000,19,1,1,0,1.0,1.0,1.0,0.5138680255555728
1000,20,1,1,0,1.0,1.0,1.0,0.5138680255555728
1000,21,1,1,0,1.0,1.0,1.0,0.5138680255555728
1000,22,1,1,0,1.0,1.0,1.0,0.5138680255555728
1000,23,1,1,0,1.0,1.0,1.0,0.5138680255555728
1000,24,1,1,0,1.0,1.0,1.0,0.5138680255555728
1000,25,1,1,0,1.0,1.0,1.0,0.5138680255555728
1000,26,0,1,1,0.9850746268656716,1.0,1.0,0.5138680255555728
1000,27,1,1,0,1.0,1.0,1.0,0.5138680255555728
1000,28,1,1,0,1.0,1.0,1.0,0.5138680255555728
1000,29,1,1,0,1.0,1.0,1.0,0.5138680255555728
1000,30,1,1,0,1.0,1.0,1.0,0.5138680255555728
1000,31,1,1,0,1.0,1.0,1.0,0.5138680255555728
1000,32,1,1,0,1.0,1.0,1.0,0.5138680255555728
1000,33,1,1,0,1.0,1.0,1.0,0.5138680255555728
1000,34,1,1,0,1.0,1.0,1.0,0.5138680255555728
1000,35,1,1,0,1.0,1.0,1.0,0.5138680255555728
1000,36,1,1,0,1.0,1.0,1.0,0.5138680255555728
1000,37,1,1,0,1.0,1.0,1.0,0.5138680255555728
1000,38,1,1,0,1.0,1.0,1.0,0.5138680255555728
1000,39,1,1,0,1.0,1.0,1.0,0.5138680255555728
1000,40,1,1,0,1.0,1.0,1.0,0.5138680255555728
1000,41,1,1,0,1.0,1.0,1.0,0.5138680255555728
1000,42,1,1,0,1.0,1.0,1.0,0.5138680255555728
1000,43,1,1,0,1.0,1.0,1.0,0.5138680255555728
1000,44,1,1,0,1.0,1.0,1.0,0.5138680255555728
1000,45,1,1,0,1.0,1.0,1.0,0.5138680255555728
1000,46,1,1,0,1.0,1.0,1.0,0.5138680255555728
1000,47,1,1,0,1.0,1.0,1.0,0.5138680255555728
1000,48,1,1,0,1.0,1.0,1.0,0.5138680255555728
1000,49,1,1,0,1.0,1.0,1.0,0.5138680255555728
1000,50,1,1,0,1.0,1.0,1.0,0.5138680255555728
1000,51,1,1,0,1.0,1.0,1.0,0.5138680255555728
1000,52,1,1,0,1.0,1.0,1.0,0.5138680255555728
1000,53,1,1,0,1.0,1.0,1.0,0.5138680255555728
1000,54,1,1,0,1.0,1.0,1.0,0.5138680255555728
1000,55,1,1,0,1.0,1.0,1.0,0.5138680255555728
1000,56,1,1,0,1.0,1.0,1.0,0.5138680255555728
1000,57,1,1,0,1.0,1.0,1.0,0.5138680255555728
1000,58,1,1,0,1.0,1.0,1.0,0.5138680255555728
1000,59,1,1,0,1.0,1.0,1.0,0.5138680255555728
1000,60,1,1,0,1.0,1.0,1.0,0.5138680255555728
1000,61,1,1,0,1.0,1.0,1.0,0.5138680255555728
1000,62,1,1,0,1.0,1.0,1.0,0.5138680255555728
1000,63,1,1,0,1.0,1.0,1.0,0.5138680255555728
1000,64,1,1,0,1.0,1.0,1.0,0.5138680255555728
1000,65,1,1,0,1.0,1.0,1.0,0.5138680255555728
1000,66,1,1,0,1.0,1.0,1.0,0.5138680255555728
1000,67,1,1,0,1.0,1.0,1.0,0.5138680255555728
1000,68,1,1,0,1.0,1.0,1.0,0.5138680255555728
1000,69,1,1,0,1.0,1.0,1.0,0.5138680255555728
1000,70,1,1,0,1.0,1.0,1.0,0.5138680255555728
1000,71,1,1,0,1.0,1.0,1.0,0.5138680255555728
1000,72,1,1,0,1.0,1.0,1.0,0.5138680255555728
1000,73,1,1,0,1.0,1.0,1.0,0.5138680255555728
1000,74,1,1,0,1.0,1.0,1.0,0.5138680255555728
1000,75,1,1,0,1.0,1.0,1.0,0.5138680255555728
1000,76,1,1,0,1.0,1.0,1.0,0.5138680255555728
1000,77,1,1,0,1.0,1.0,1.0,0.5138680255555728
1000,78,1,1,0,1.0,1.0,1.0,0.5138680255555728
1000,79,1,1,0,1.0,1.0,1.0,0.5138680255555728
1000,80,1,1,0,1.0,1.0,1.0,0.5138680255555728
1000,81,1,1,0,1.0,1.0,1.0,0.5138680255555728
1000,82,1,1,0,1.0,1.0,1.0,0.5138680255555728
1000,83,1,1,0,1.0,1.0,1.0,0.5138680255555728
1000,84,1,1,0,1.0,1.0,1.0,0.5138680255555728
1000,85,1,1,0,1.0,1.0,1.0,0.5138680255555728
1000,86,1,1,0,1.0,1.0,1.0,0.5138680255555728
1000,87,1,1,0,1.0,1.0,1.0,0.5138680255555728
1000,88,1,1,0,1.0,1.0,1.0,0.5138680255555728
1000,89,1,1,0,1.0,1.0,1.0,0.5138680255555728
1000,90,1,1,0,1.0,1.0,1.0,0.5138680255555728
1000,91,1,1,0,1.0,1.0,1.0,0.5138680255555728
1000,92,1,1,0,1.0,1.0,1.0,0.5138680255555728
1000,93,1,1,0,1.0,1.0,1.0,0.5138680255555728
1000,94,1,1,0,1.0,1.0,1.0,0.5138680255555728
1000,95,1,1,0,1.0,1.0,1.0,0.5138680255555728
1000,96,1,1,0,1.0,1.0,1.0,0.5138680255555728
1000,97,1,1,0,1.0,1.0,1.0,0.5138680255555728
1000,98,1,1,0,1.0,1.0,1.0,0.5138680255555728
1000,99,1,1,0,1.0,1.0,1.0,0.5138680255555728
1000,100,0,1,1,0.9850746268656716,1.0,1.0,0.5138680255555728
1000,101,1,1,0,1.0,1.0,1.0,0.5138680255555728
1000,102,1,1,0,1.0,1.0,1.0,0.5138680255555728
1000,103,1,1,0,1.0,1.0,1.0,0.5138680255555728
1000,104,1,1,0,1.0,1.0,1.0,0.5138680255555728
1000,105,1,1,0,1.0,1.0,1.0,0.5138680255555728
1000,106,1,1,0,1.0,1.0,1.0,0.5138680255555728
1000,107,1,1,0,1.0,1.0,1.0,0.5138680255555728
1000,108,1,1,0,1.0,1.0,1.0,0.5138680255555728
1000,109,1,1,0,1.0,1.0,1.0,0.5138680255555728
1000,110,1,1,0,1.0,1.0,1.0,0.5138680255555728
1000,111,1,1,0,1.0,1.0,1.0,0.5138680255555728
1000,112,1,1,0,1.0,1.0,1.0,0.5138680255555728
1000,113,1,1,0,1.0,1.0,1.0,0.5138680255555728
1000,114,1,1,0,1.0,1.0,1.0,0.5138680255555728
1000,115,1,1,0,1.0,1.0,1.0,0.5138680255555728
1000,116,1,1,0,1.0,1.0,1.0,0.5138680255555728
1000,117,1,1,0,1.0,1.0,1.0,0.5138680255555728
1000,118,1,1,0,1.0,1.0,1.0,0.5138680255555728
1000,119,1,1,0,1.0,1.0,1.0,0.5138680255555728
1000,120,1,1,0,1.0,1.0,1.0,0.5138680255555728
1000,121,1,1,0,1.0,1.0,1.0,0.5138680255555728
1000,122,1,1,0,1.0,1.0,1.0,0.5138680255555728
1000,123,1,1,0,1.0,1.0,1.0,0.5138680255555728
1000,124,1,1,0,1.0,1.0,1.0,0.5138680255555728
1000,125,1,1,0,1.0,1.0,1.0,0.5138680255555728
1000,126,1,1,0,1.0,1.0,1.0,0.5138680255555728
1000,127,1,1,0,1.0,1.0,1.0,0.5138680255555728
1000,128,1,1,0,1.0,1.0,1.0,0.5138680255555728
1000,129,1,1,0,1.0,1.0,1.0,0.5138680255555728
1000,130,1,1,0,1.0,1.0,1.0,0.5138680255555728
1000,131,1,1,0,1.0,1.0,1.0,0.5138680255555728
1000,132,1,1,0,1.0,1.0,1.0,0.5138680255555728
1000,133,1,1,0,1.0,1.0,1.0,0.5138680255555728
1000,134,1,1,0,1.0,1.0,1.0,0.5138680255555728
1000,135,1,1,0,1.0,1.0,1.0,0.5138680255555728
1000,136,1,1,0,1.0,1.0,1.0,0.5138680255555728
1000,137,1,1,0,1.0,1.0,1.0,0.5138680255555728
1000,138,1,1,0,1.0,1.0,1.0,0.5138680255555728
1000,139,1,1,0,1.0,1.0,1.0,0.5138680255555728
1000,140,1,1,0,1.0,1.0,1.0,0.5138680255555728
1000,141,1,1,0,1.0,1.0,1.0,0.5138680255555728
1000,142,1,1,0,1.0,1.0,1.0,0.5138680255555728
1000,143,1,1,0,1.0,1.0,1.0,0.5138680255555728
1000,144,1,1,0,1.0,1.0,1.0,0.5138680255555728
1000,145,1,1,0,1.0,1.0,1.0,0.5138680255555728
1000,146,1,1,0,1.0,1.0,1.0,0.5138680255555728
1000,147,1,1,0,1.0,1.0,1.0,0.5138680255555728
1000,148,1,1,0,1.0,1.0,1.0,0.5138680255555728
1000,149,1,1,0,1.0,1.0,1.0,0.5138680255555728
1000,150,1,1,0,1.0,1.0,1.0,0.5138680255555728
1000,151,1,1,0,1.0,1.0,1.0,0.5138680255555728
1000,152,1,1,0,1.0,1.0,1.0,0.5138680255555728
1000,153,1,1,0,1.0,1.0,1.0,0.5138680255555728
1000,154,1,1,0,1.0,1.0,1.0,0.5138680255555728
1000,155,1,1,0,1.0,1.0,1.0,0.5138680255555728
1000,156,1,1,0,1.0,1.0,1.0,0.5138680255555728
1000,157,1,1,0,1.0,1.0,1.0,0.5138680255555728
1000,158,1,1,0,1.0,1.0,1.0,0.5138680255555728
1000,159,1,1,0,1.0,1.0,1.0,0.5138680255555728
1000,160,1,1,0,1.0,1.0,1.0,0.5138680255555728
1000,161,1,1,0,1.0,1.0,1.0,0.5138680255555728
1000,162,1,1,0,1.0,1.0,1.0,0.5138680255555728
1000,163,1,1,0,1.0,1.0,1.0,0.5138680255555728
1000,164,1,1,0,1.0,1.0,1.0,0.5138680255555728
1000,165,1,1,0,1.0,1.0,1.0,0.5138680255555728
1000,166,1,1,0,1.0,1.0,1.0,0.5138680255555728
1000,167,1,1,0,1.0,1.0,1.0,0.5138680255555728
1000,168,1,1,0,1.0,1.0,1.0,0.5138680255555728
1000,169,1,1,0,1.0,1.0,1.0,0.5138680255555728
1000,170,1,1,0,1.0,1.0,1.0,0.5138680255555728
1000,171,1,1,0,1.0,1.0,1.0,0.5138680255555728
1000,172,1,1,0,1.0,1.0,1.0,0.5138680255555728
1000,173,1,1,0,1.0,1.0,1.0,0.5138680255555728
1000,174,1,1,0,1.0,1.0,1.0,0.5138680255555728
1000,175,1,1,0,1.0,1.0,1.0,0.5138680255555728
1000,176,1,1,0,1.0,1.0,1.0,0.5138680255555728
1000,177,1,1,0,1.0,1.0,1.0,0.5138680255555728
1000,178,1,1,0,1.0,1.0,1.0,0.5138680255555728
1000,179,1,1,0,1.0,1.0,1.0,0.5138680255555728
1000,180,1,1,0,1.0,1.0,1.0,0.5138680255555728
1000,181,1,1,0,1.0,1.0,1.0,0.5138680255555728
1000,182,1,1,0,1.0,1.0,1.0,0.5138680255555728
1000,183,1,1,0,1.0,1.0,1.0,0.5138680255555728
1000,184,1,1,0,1.0,1.0,1.0,0.5138680255555728
1000,185,1,1,0,1.0,1.0,1.0,0.5138680255555728
1000,186,1,1,0,1.0,1.0,1.0,0.5138680255555728
1000,187,1,1,0,1.0,1.0,1.0,0.5138680255555728
1000,188,1,1,0,1.0,1.0,1.0,0.5138680255555728
1000,189,1,1,0,1.0,1.0,1.0,0.5138680255555728
1000,190,1,1,0,1.0,1.0,1.0,0.5138680255555728
1000,191,1,1,0,1.0,1.0,1.0,0.5138680255555728
1000,192,1,1,0,1.0,1.0,1.0,0.5138680255555728
1000,193,1,1,0,1.0,1.0,1.0,0.5138680255555728
1000,194,1,1,0,1.0,1.0,1.0,0.5138680255555728
1000,195,1,1,0,1.0,1.0,1.0,0.5138680255555728
1000,196,1,1,0,1.0,1.0,1.0,0.5138680255555728
1000,197,1,1,0,1.0,1.0,1.0,0.5138680255555728
1000,198,1,1,0,1.0,1.0,1.0,0.5138680255555728
1000,199,1,1,0,1.0,1.0,1.0,0.5138680255555728
1000,200,1,1,0,1.0,1.0,1.0,0.5138680255555728
1000,201,1,1,0,1.0,1.0,1.0,0.5138680255555728
1000,202,1,1,0,1.0,1.0,1.0,0.5138680255555728
1000,203,1,1,0,1.0,1.0,1.0,0.5138680255555728
1000,204,1,1,0,1.0,1.0,1.0,0.5138680255555728
1000,205,1,1,0,1.0,1.0,1.0,0.5138680255555728
1000,206,1,1,0,1.0,1.0,1.0,0.5138680255555728
1000,207,1,1,0,1.0,1.0,1.0,0.5138680255555728
1000,208,1,1,0,1.0,1.0,1.0,0.5138680255555728
1000,209,1,1,0,1.0,1.0,1.0,0.5138680255555728
1000,210,1,1,0,1.0,1.0,1.0,0.5138680255555728
1000,211,1,1,0,1.0,1.0,1.0,0.5138680255555728
1000,212,1,1,0,1.0,1.0,1.0,0.5138680255555728
1000,213,1,1,0,1.0,1.0,1.0,0.5138680255555728
1000,214,1,1,0,1.0,1.0,1.0,0.5138680255555728
1000,215,1,1,0,1.0,1.0,1.0,0.5138680255555728
1000,216,1,1,0,1.0,1.0,1.0,0.5138680255555728
1000,217,1,1,0,1.0,1.0,1.0,0.5138680255555728
1000,218,1,1,0,1.0,1.0,1.0,0.5138680255555728
1000,219,1,1,0,1.0,1.0,1.0,0.5138680255555728
1000,220,1,1,0,1.0,1.0,1.0,0.5138680255555728
1000,221,1,1,0,1.0,1.0,1.0,0.5138680255555728
1000,222,1,1,0,1.0,1.0,1.0,0.5138680255555728
1000,223,1,1,0,1.0,1.0,1.0,0.5138680255555728
1000,224,1,1,0,1.0,1.0,1.0,0.5138680255555728
1000,225,1,1,0,1.0,1.0,1.0,0.5138680255555728
1000,226,1,1,0,1.0,1.0,1.0,0.5138680255555728
1000,227,1,1,0,1.0,1.0,1.0,0.5138680255555728
1000,228,1,1,0,1.0,1.0,1.0,0.5138680255555728
1000,229,1,1,0,1.0,1.0,1.0,0.5138680255555728
1000,230,1,1,0,1.0,1.0,1.0,0.5138680255555728
1000,231,1,1,0,1.0,1.0,1.0,0.5138680255555728
1000,232,1,1,0,1.0,1.0,1.0,0.5138680255555728
1000,233,1,1,0,1.0,1.0,1.0,0.5138680255555728
1000,234,1,1,0,1.0,1.0,1.0,0.5138680255555728
1000,235,1,1,0,1.0,1.0,1.0,0.5138680255555728
1000,236,1,1,0,1.0,1.0,1.0,0.5138680255555728
1000,237,1,1,0,1.0,1.0,1.0,0.5138680255555728
1000,238,1,1,0,1.0,1.0,1.0,0.5138680255555728
1000,239,1,1,0,1.0,1.0,1.0,0.5138680255555728
1000,240,1,1,0,1.0,1.0,1.0,0.5138680255555728
1000,241,1,1,0,1.0,1.0,1.0,0.5138680255555728
1000,242,1,1,0,1.0,1.0,1.0,0.5138680255555728
1000,243,1,1,0,1.0,1.0,1.0,0.5138680255555728
1000,244,1,1,0,1.0,1.0,1.0,0.5138680255555728
1000,245,1,1,0,1.0,1.0,1.0,0.5138680255555728
1000,246,1,1,0,1.0,1.0,1.0,0.5138680255555728
1000,247,1,1,0,1.0,1.0,1.0,0.5138680255555728
1000,248,1,1,0,1.0,1.0,1.0,0.5138680255555728
1000,249,1,1,0,1.0,1.0,1.0,0.5138680255555728
1000,250,1,1,0,1.0,1.0,1.0,0.5138680255555728
1000,251,1,1,0,1.0,1.0,1.0,0.5138680255555728
1000,252,1,1,0,1.0,1.0,1.0,0.5138680255555728
1000,253,1,1,0,1.0,1.0,1.0,0.5138680255555728
1000,254,1,1,0,1.0,1.0,1.0,0.5138680255555728
1000,255,1,1,0,1.0,1.0,1.0,0.5138680255555728
1000,256,1,1,0,1.0,1.0,1.0,0.5138680255555728
1000,257,1,1,0,1.0,1.0,1.0,0.5138680255555728
1000,258,1,1,0,1.0,1.0,1.0,0.5138680255555728
1000,259,1,1,0,1.0,1.0,1.0,0.5138680255555728
1000,260,1,1,0,1.0,1.0,1.0,0.5138680255555728
1000,261,1,1,0,1.0,1.0,1.0,0.5138680255555728
1000,262,1,1,0,1.0,1.0,1.0,0.5138680255555728
1000,263,1,1,0,1.0,1.0,1.0,0.5138680255555728
1000,264,1,1,0,1.0,1.0,1.0,0.5138680255555728
1000,265,1,1,0,1.0,1.0,1.0,0.5138680255555728
1000,266,1,1,0,1.0,1.0,1.0,0.5138680255555728
1000,267,1,1,0,1.0,1.0,1.0,0.5138680255555728
1000,268,1,1,0,1.0,1.0,1.0,0.5138680255555728
1000,269,1,1,0,1.0,1.0,1.0,0.5138680255555728
1000,270,1,1,0,1.0,1.0,1.0,0.5138680255555728
1000,271,1,1,0,1.0,1.0,1.0,0.5138680255555728
1000,272,1,1,0,1.0,1.0,1.0,0.5138680255555728
1000,273,1,1,0,1.0,1.0,1.0,0.5138680255555728
1000,274,1,1,0,1.0,1.0,1.0,0.5138680255555728
1000,275,1,1,0,1.0,1.0,1.0,0.5138680255555728
1000,276,1,1,0,1.0,1.0,1.0,0.5138680255555728
1000,277,1,1,0,1.0,1.0,1.0,0.5138680255555728
1000,278,1,1,0,1.0,1.0,1.0,0.5138680255555728
1000,279,1,1,0,1.0,1.0,1.0,0.5138680255555728
1000,280,1,1,0,1.0,1.0,1.0,0.5138680255555728
1000,281,1,1,0,1.0,1.0,1.0,0.5138680255555728
1000,282,1,1,0,1.0,1.0,1.0,0.5138680255555728
1000,283,1,1,0,1.0,1.0,1.0,0.5138680255555728
1000,284,1,1,0,1.0,1.0,1.0,0.5138680255555728
1000,285,1,1,0,1.0,1.0,1.0,0.5138680255555728
1000,286,1,1,0,1.0,1.0,1.0,0.5138680255555728
1000,287,1,1,0,1.0,1.0,1.0,0.5138680255555728
1000,288,1,1,0,1.0,1.0,1.0,0.5138680255555728
1000,289,1,1,0,1.0,1.0,1.0,0.5138680255555728
1000,290,1,1,0,1.0,1.0,1.0,0.5138680255555728
1000,291,1,1,0,1.0,1.0,1.0,0.5138680255555728
1000,292,1,1,0,1.0,1.0,1.0,0.5138680255555728
1000,293,1,1,0,1.0,1.0,1.0,0.5138680255555728
1000,294,1,1,0,1.0,1.0,1.0,0.5138680255555728
1000,295,1,1,0,1.0,1.0,1.0,0.5138680255555728
1000,296,1,1,0,1.0,1.0,1.0,0.5138680255555728
1000,297,1,1,0,1.0,1.0,1.0,0.5138680255555728
1000,298,1,1,0,1.0,1.0,1.0,0.5138680255555728
1000,299,1,1,0,1.0,1.0,1.0,0.5138680255555728
2000,0,1,1,0,1.0,1.0,1.0,0.5138680255555728
2000,1,1,1,0,1.0,1.0,1.0,0.5138680255555728
2000,2,1,1,0,1.0,1.0,1.0,0.5138680255555728
2000,3,1,1,0,1.0,1.0,1.0,0.5138680255555728
2000,4,1,1,0,1.0,1.0,1.0,0.5138680255555728
2000,5,1,1,0,1.0,1.0,1.0,0.5138680255555728
2000,6,1,1,0,1.0,1.0,1.0,0.5138680255555728
2000,7,1,1,0,1.0,1.0,1.0,0.5138680255555728
2000,8,1,1,0,1.0,1.0,1.0,0.5138680255555728
2000,9,1,1,0,1.0,1.0,1.0,0.5138680255555728
2000,10,1,1,0,1.0,1.0,1.0,0.5138680255555728
2000,11,1,1,0,1.0,1.0,1.0,0.5138680255555728
2000,12,1,1,0,1.0,1.0,1.0,0.5138680255555728
2000,13,1,1,0,1.0,1.0,1.0,0.5138680255555728
2000,14,1,1,0,1.0,1.0,1.0,0.5138680255555728
2000,15,1,1,0,1.0,1.0,1.0,0.5138680255555728
2000,16,1,1,0,1.0,1.0,1.0,0.5138680255555728
2000,17,1,1,0,1.0,1.0,1.0,0.5138680255555728
2000,18,1,1,0,1.0,1.0,1.0,0.5138680255555728
2000,19,1,1,0,1.0,1.0,1.0,0.5138680255555728
2000,20,1,1,0,1.0,1.0,1.0,0.5138680255555728
2000,21,1,1,0,1.0,1.0,1.0,0.5138680255555728
2000,22,1,1,0,1.0,1.0,1.0,0.5138680255555728
2000,23,1,1,0,1.0,1.0,1.0,0.5138680255555728
2000,24,1,1,0,1.0,1.0,1.0,0.5138680255555728
2000,25,1,1,0,1.0,1.0,1.0,0.5138680255555728
2000,26,1,1,0,1.0,1.0,1.0,0.5138680255555728
2000,27,1,1,0,1.0,1.0,1.0,0.5138680255555728
2000,28,1,1,0,1.0,1.0,1.0,0.5138680255555728
2000,29,1,1,0,1.0,1.0,1.0,0.5138680255555728
2000,30,1,1,0,1.0,1.0,1.0,0.5138680255555728
2000,31,1,1,0,1.0,1.0,1.0,0.5138680255555728
2000,32,1,1,0,1.0,1.0,1.0,0.5138680255555728
2000,33,1,1,0,1.0,1.0,1.0,0.5138680255555728
2000,34,1,1,0,1.0,1.0,1.0,0.5138680255555728
2000,35,1,1,0,1.0,1.0,1.0,0.5138680255555728
2000,36,1,1,0,1.0,1.0,1.0,0.5138680255555728
2000,37,1,1,0,1.0,1.0,1.0,0.5138680255555728
2000,38,1,1,0,1.0,1.0,1.0,0.5138680255555728
2000,39,1,1,0,1.0,1.0,1.0,0.5138680255555728
2000,40,1,1,0,1.0,1.0,1.0,0.5138680255555728
2000,41,1,1,0,1.0,1.0,1.0,0.5138680255555728
2000,42,1,1,0,1.0,1.0,1.0,0.5138680255555728
2000,43,1,1,0,1.0,1.0,1.0,0.5138680255555728
2000,44,1,1,0,1.0,1.0,1.0,0.5138680255555728
2000,45,1,1,0,1.0,1.0,1.0,0.5138680255555728
2000,46,1,1,0,1.0,1.0,1.0,0.5138680255555728
2000,47,1,1,0,1.0,1.0,1.0,0.5138680255555728
2000,48,1,1,0,1.0,1.0,1.0,0.5138680255555728
2000,49,1,1,0,1.0,1.0,1.0,0.5138680255555728
2000,50,1,1,0,1.0,1.0,1.0,0.5138680255555728
2000,51,1,1,0,1.0,1.0,1.0,0.5138680255555728
2000,52,1,1,0,1.0,1.0,1.0,0.5138680255555728
2000,53,1,1,0,1.0,1.0,1.0,0.5138680255555728
2000,54,1,1,0,1.0,1.0,1.0,0.5138680255555728
2000,55,1,1,0,1.0,1.0,1.0,0.5138680255555728
2000,56,1,1,0,1.0,1.0,1.0,0.5138680255555728
2000,57,1,1,0,1.0,1.0,1.0,0.5138680255555728
2000,58,1,1,0,1.0,1.0,1.0,0.5138680255555728
2000,59,1,1,0,1.0,1.0,1.0,0.5138680255555728
2000,60,1,1,0,1.0,1.0,1.0,0.5138680255555728
2000,61,1,1,0,1.0,1.0,1.0,0.5138680255555728
2000,62,1,1,0,1.0,1.0,1.0,0.5138680255555728
2000,63,1,1,0,1.0,1.0,1.0,0.5138680255555728
2000,64,1,1,0,1.0,1.0,1.0,0.5138680255555728
2000,65,1,1,0,1.0,1.0,1.0,0.5138680255555728
2000,66,1,1,0,1.0,1.0,1.0,0.5138680255555728
2000,67,1,1,0,1.0,1.0,1.0,0.5138680255555728
2000,68,1,1,0,1.0,1.0,1.0,0.5138680255555728
2000,69,1,1,0,1.0,1.0,1.0,0.5138680255555728
2000,70,1,1,0,1.0,1.0,1.0,0.5138680255555728
2000,71,1,1,0,1.0,1.0,1.0,0.5138680255555728
2000,72,1,1,0,1.0,1.0,1.0,0.5138680255555728
2000,73,1,1,0,1.0,1.0,1.0,0.5138680255555728
2000,74,1,1,0,1.0,1.0,1.0,0.5138680255555728
2000,75,1,1,0,1.0,1.0,1.0,0.5138680255555728
2000,76,1,1,0,1.0,1.0,1.0,0.5138680255555728
2000,77,1,1,0,1.0,1.0,1.0,0.5138680255555728
2000,78,1,1,0,1.0,1.0,1.0,0.5138680255555728
2000,79,1,1,0,1.0,1.0,1.0,0.5138680255555728
2000,80,1,1,0,1.0,1.0,1.0,0.5138680255555728
2000,81,1,1,0,1.0,1.0,1.0,0.5138680255555728
2000,82,1,1,0,1.0,1.0,1.0,0.5138680255555728
2000,83,1,1,0,1.0,1.0,1.0,0.5138680255555728
2000,84,1,1,0,1.0,1.0,1.0,0.5138680255555728
2000,85,1,1,0,1.0,1.0,1.0,0.5138680255555728
2000,86,1,1,0,1.0,1.0,1.0,0.5138680255555728
2000,87,1,1,0,1.0,1.0,1.0,0.5138680255555728
2000,88,1,1,0,1.0,1.0,1.0,0.5138680255555728
2000,89,1,1,0,1.0,1.0,1.0,0.5138680255555728
2000,90,1,1,0,1.0,1.0,1.0,0.5138680255555728
2000,91,1,1,0,1.0,1.0,1.0,0.5138680255555728
2000,92,1,1,0,1.0,1.0,1.0,0.5138680255555728
2000,93,1,1,0,1.0,1.0,1.0,0.5138680255555728
2000,94,1,1,0,1.0,1.0,1.0,0.5138680255555728
2000,95,1,1,0,1.0,1.0,1.0,0.5138680255555728
2000,96,1,1,0,1.0,1.0,1.0,0.5138680255555728
2000,97,1,1,0,1.0,1.0,1.0,0.5138680255555728
2000,98,1,1,0,1.0,1.0,1.0,0.5138680255555728
2000,99,1,1,0,1.0,1.0,1.0,0.5138680255555728
2000,100,1,1,0,1.0,1.0,1.0,0.5138680255555728
2000,101,1,1,0,1.0,1.0,1.0,0.5138680255555728
2000,102,1,1,0,1.0,1.0,1.0,0.5138680255555728
2000,103,1,1,0,1.0,1.0,1.0,0.5138680255555728
2000,104,1,1,0,1.0,1.0,1.0,0.5138680255555728
2000,105,1,1,0,1.0,1.0,1.0,0.5138680255555728
2000,106,1,1,0,1.0,1.0,1.0,0.5138680255555728
2000,107,1,1,0,1.0,1.0,1.0,0.5138680255555728
2000,108,1,1,0,1.0,1.0,1.0,0.5138680255555728
2000,109,1,1,0,1.0,1.0,1.0,0.5138680255555728
2000,110,1,1,0,1.0,1.0,1.0,0.5138680255555728
2000,111,1,1,0,1.0,1.0,1.0,0.5138680255555728
2000,112,1,1,0,1.0,1.0,1.0,0.5138680255555728
2000,113,1,1,0,1.0,1.0,1.0,0.5138680255555728
2000,114,1,1,0,1.0,1.0,1.0,0.5138680255555728
2000,115,1,1,0,1.0,1.0,1.0,0.5138680255555728
2000,116,1,1,0,1.0,1.0,1.0,0.5138680255555728
2000,117,1,1,0,1.0,1.0,1.0,0.5138680255555728
2000,118,1,1,0,1.0,1.0,1.0,0.5138680255555728
2000,119,1,1,0,1.0,1.0,1.0,0.5138680255555728
2000,120,1,1,0,1.0,1.0,1.0,0.5138680255555728
2000,121,1,1,0,1.0,1.0,1.0,0.5138680255555728
2000,122,1,1,0,1.0,1.0,1.0,0.5138680255555728
2000,123,1,1,0,1.0,1.0,1.0,0.5138680255555728
2000,124,1,1,0,1.0,1.0,1.0,0.5138680255555728
2000,125,1,1,0,1.0,1.0,1.0,0.5138680255555728
2000,126,1,1,0,1.0,1.0,1.0,0.5138680255555728
2000,127,1,1,0,1.0,1.0,1.0,0.5138680255555728
2000,128,1,1,0,1.0,1.0,1.0,0.5138680255555728
2000,129,1,1,0,1.0,1.0,1.0,0.5138680255555728
2000,130,1,1,0,1.0,1.0,1.0,0.5138680255555728
2000,131,1,1,0,1.0,1.0,1.0,0.5138680255555728
2000,132,1,1,0,1.0,1.0,1.0,0.5138680255555728
2000,133,1,1,0,1.0,1.0,1.0,0.5138680255555728
2000,134,1,1,0,1.0,1.0,1.0,0.5138680255555728
2000,135,1,1,0,1.0,1.0,1.0,0.5138680255555728
2000,136,1,1,0,1.0,1.0,1.0,0.5138680255555728
2000,137,1,1,0,1.0,1.0,1.0,0.5138680255555728
2000,138,1,1,0,1.0,1.0,1.0,0.5138680255555728
2000,139,1,1,0,1.0,1.0,1.0,0.5138680255555728
2000,140,1,1,0,1.0,1.0,1.0,0.5138680255555728
2000,141,1,1,0,1.0,1.0,1.0,0.5138680255555728
2000,142,1,1,0,1.0,1.0,1.0,0.5138680255555728
2000,143,1,1,0,1.0,1.0,1.0,0.5138680255555728
2000,144,1,1,0,1.0,1.0,1.0,0.5138680255555728
2000,145,1,1,0,1.0,1.0,1.0,0.5138680255555728
2000,146,1,1,0,1.0,1.0,1.0,0.5138680255555728
2000,147,1,1,0,1.0,1.0,1.0,0.5138680255555728
2000,148,1,1,0,1.0,1.0,1.0,0.5138680255555728
2000,149,1,1,0,1.0,1.0,1.0,0.5138680255555728
2000,150,1,1,0,1.0,1.0,1.0,0.5138680255555728
2000,151,1,1,0,1.0,1.0,1.0,0.5138680255555728
2000,152,1,1,0,1.0,1.0,1.0,0.5138680255555728
2000,153,1,1,0,1.0,1.0,1.0,0.5138680255555728
2000,154,1,1,0,1.0,1.0,1.0,0.5138680255555728
2000,155,1,1,0,1.0,1.0,1.0,0.5138680255555728
2000,156,1,1,0,1.0,1.0,1.0,0.5138680255555728
2000,157,1,1,0,1.0,1.0,1.0,0.5138680255555728
2000,158,1,1,0,1.0,1.0,1.0,0.5138680255555728
2000,159,1,1,0,1.0,1.0,1.0,0.5138680255555728
2000,160,1,1,0,1.0,1.0,1.0,0.5138680255555728
2000,161,1,1,0,1.0,1.0,1.0,0.5138680255555728
2000,162,1,1,0,1.0,1.0,1.0,0.5138680255555728
2000,163,1,1,0,1.0,1.0,1.0,0.5138680255555728
2000,164,1,1,0,1.0,1.0,1.0,0.5138680255555728
2000,165,1,1,0,1.0,1.0,1.0,0.5138680255555728
2000,166,1,1,0,1.0,1.0,1.0,0.5138680255555728
2000,167,1,1,0,1.0,1.0,1.0,0.5138680255555728
2000,168,1,1,0,1.0,1.0,1.0,0.5138680255555728
2000,169,1,1,0,1.0,1.0,1.0,0.5138680255555728
2000,170,1,1,0,1.0,1.0,1.0,0.5138680255555728
2000,171,1,1,0,1.0,1.0,1.0,0.5138680255555728
2000,172,1,1,0,1.0,1.0,1.0,0.5138680255555728
2000,173,1,1,0,1.0,1.0,1.0,0.5138680255555728
2000,174,1,1,0,1.0,1.0,1.0,0.5138680255555728
2000,175,1,1,0,1.0,1.0,1.0,0.5138680255555728
2000,176,1,1,0,1.0,1.0,1.0,0.5138680255555728
2000,177,1,1,0,1.0,1.0,1.0,0.5138680255555728
2000,178,1,1,0,1.0,1.0,1.0,0.5138680255555728
2000,179,1,1,0,1.0,1.0,1.0,0.5138680255555728
2000,180,1,1,0,1.0,1.0,1.0,0.5138680255555728
2000,181,1,1,0,1.0,1.0,1.0,0.5138680255555728
2000,182,1,1,0,1.0,1.0,1.0,0.5138680255555728
2000,183,1,1,0,1.0,1.0,1.0,0.5138680255555728
2000,184,1,1,0,1.0,1.0,1.0,0.5138680255555728
2000,185,1,1,0,1.0,1.0,1.0,0.5138680255555728
2000,186,1,1,0,1.0,1.0,1.0,0.5138680255555728
2000,187,1,1,0,1.0,1.0,1.0,0.5138680255555728
2000,188,1,1,0,1.0,1.0,1.0,0.5138680255555728
2000,189,1,1,0,1.0,1.0,1.0,0.5138680255555728
2000,190,1,1,0,1.0,1.0,1.0,0.5138680255555728
2000,191,1,1,0,1.0,1.0,1.0,0.5138680255555728
2000,192,1,1,0,1.0,1.0,1.0,0.5138680255555728
2000,193,1,1,0,1.0,1.0,1.0,0.5138680255555728
2000,194,1,1,0,1.0,1.0,1.0,0.5138680255555728
2000,195,1,1,0,1.0,1.0,1.0,0.5138680255555728
2000,196,1,1,0,1.0,1.0,1.0,0.5138680255555728
2000,197,1,1,0,1.0,1.0,1.0,0.5138680255555728
2000,198,1,1,0,1.0,1.0,1.0,0.5138680255555728
2000,199,1,1,0,1.0,1.0,1.0,0.5138680255555728
2000,200,1,1,0,1.0,1.0,1.0,0.5138680255555728
2000,201,1,1,0,1.0,1.0,1.0,0.5138680255555728
2000,202,1,1,0,1.0,1.0,1.0,0.5138680255555728
2000,203,1,1,0,1.0,1.0,1.0,0.5138680255555728
2000,204,1,1,0,1.0,1.0,1.0,0.5138680255555728
2000,205,1,1,0,1.0,1.0,1.0,0.5138680255555728
2000,206,1,1,0,1.0,1.0,1.0,0.5138680255555728
2000,207,1,1,0,1.0,1.0,1.0,0.5138680255555728
2000,208,1,1,0,1.0,1.0,1.0,0.5138680255555728
2000,209,1,1,0,1.0,1.0,1.0,0.5138680255555728
2000,210,1,1,0,1.0,1.0,1.0,0.5138680255555728
2000,211,1,1,0,1.0,1.0,1.0,0.5138680255555728
2000,212,1,1,0,1.0,1.0,1.0,0.5138680255555728
2000,213,1,1,0,1.0,1.0,1.0,0.5138680255555728
2000,214,1,1,0,1.0,1.0,1.0,0.5138680255555728
2000,215,1,1,0,1.0,1.0,1.0,0.5138680255555728
2000,216,1,1,0,1.0,1.0,1.0,0.5138680255555728
2000,217,1,1,0,1.0,1.0,1.0,0.5138680255555728
2000,218,1,1,0,1.0,1.0,1.0,0.5138680255555728
2000,219,1,1,0,1.0,1.0,1.0,0.5138680255555728
2000,220,1,1,0,1.0,1.0,1.0,0.5138680255555728
2000,221,1,1,0,1.0,1.0,1.0,0.5138680255555728
2000,222,1,1,0,1.0,1.0,1.0,0.5138680255555728
2000,223,1,1,0,1.0,1.0,1.0,0.5138680255555728
2000,224,1,1,0,1.0,1.0,1.0,0.5138680255555728
2000,225,1,1,0,1.0,1.0,1.0,0.5138680255555728
2000,226,1,1,0,1.0,1.0,1.0,0.5138680255555728
2000,227,1,1,0,1.0,1.0,1.0,0.5138680255555728
2000,228,1,1,0,1.0,1.0,1.0,0.5138680255555728
2000,229,1,1,0,1.0,1.0,1.0,0.5138680255555728
2000,230,1,1,0,1.0,1.0,1.0,0.5138680255555728
2000,231,1,1,0,1.0,1.0,1.0,0.5138680255555728
2000,232,1,1,0,1.0,1.0,1.0,0.5138680255555728
2000,233,1,1,0,1.0,1.0,1.0,0.5138680255555728
2000,234,1,1,0,1.0,1.0,1.0,0.5138680255555728
2000,235,1,1,0,1.0,1.0,1.0,0.5138680255555728
2000,236,1,1,0,1.0,1.0,1.0,0.5138680255555728
2000,237,1,1,0,1.0,1.0,1.0,0.5138680255555728
2000,238,1,1,0,1.0,1.0,1.0,0.5138680255555728
2000,239,1,1,0,1.0,1.0,1.0,0.5138680255555728
2000,240,1,1,0,1.0,1.0,1.0,0.5138680255555728
2000,241,1,1,0,1.0,1.0,1.0,0.5138680255555728
2000,242,1,1,0,1.0,1.0,1.0,0.5138680255555728
2000,243,1,1,0,1.0,1.0,1.0,0.5138680255555728
2000,244,1,1,0,1.0,1.0,1.0,0.5138680255555728
2000,245,1,1,0,1.0,1.0,1.0,0.5138680255555728
2000,246,1,1,0,1.0,1.0,1.0,0.5138680255555728
2000,247,1,1,0,1.0,1.0,1.0,0.5138680255555728
2000,248,1,1,0,1.0,1.0,1.0,0.5138680255555728
2000,249,1,1,0,1.0,1.0,1.0,0.5138680255555728
2000,250,1,1,0,1.0,1.0,1.0,0.5138680255555728
2000,251,1,1,0,1.0,1.0,1.0,0.5138680255555728
2000,252,1,1,0,1.0,1.0,1.0,0.5138680255555728
2000,253,1,1,0,1.0,1.0,1.0,0.5138680255555728
2000,254,1,1,0,1.0,1.0,1.0,0.5138680255555728
2000,255,1,1,0,1.0,1.0,1.0,0.5138680255555728
2000,256,1,1,0,1.0,1.0,1.0,0.5138680255555728
2000,257,1,1,0,1.0,1.0,1.0,0.5138680255555728
2000,258,1,1,0,1.0,1.0,1.0,0.5138680255555728
2000,259,1,1,0,1.0,1.0,1.0,0.5138680255555728
2000,260,1,1,0,1.0,1.0,1.0,0.5138680255555728
2000,261,1,1,0,1.0,1.0,1.0,0.5138680255555728
2000,262,1,1,0,1.0,1.0,1.0,0.5138680255555728
2000,263,1,1,0,1.0,1.0,1.0,0.5138680255555728
2000,264,1,1,0,1.0,1.0,1.0,0.5138680255555728
2000,265,1,1,0,1.0,1.0,1.0,0.5138680255555728
2000,266,1,1,0,1.0,1.0,1.0,0.5138680255555728
2000,267,1,1,0,1.0,1.0,1.0,0.5138680255555728
2000,268,1,1,0,1.0,1.0,1.0,0.5138680255555728
2000,269,1,1,0,1.0,1.0,1.0,0.5138680255555728
2000,270,1,1,0,1.0,1.0,1.0,0.5138680255555728
2000,271,1,1,0,1.0,1.0,1.0,0.5138680255555728
2000,272,1,1,0,1.0,1.0,1.0,0.5138680255555728
2000,273,1,1,0,1.0,1.0,1.0,0.5138680255555728
2000,274,1,1,0,1.0,1.0,1.0,0.5138680255555728
2000,275,1,1,0,1.0,1.0,1.0,0.5138680255555728
2000,276,1,1,0,1.0,1.0,1.0,0.5138680255555728
2000,277,1,1,0,1.0,1.0,1.0,0.5138680255555728
2000,278,1,1,0,1.0,1.0,1.0,0.5138680255555728
2000,279,1,1,0,1.0,1.0,1.0,0.5138680255555728
2000,280,1,1,0,1.0,1.0,1.0,0.5138680255555728
2000,281,1,1,0,1.0,1.0,1.0,0.5138680255555728
2000,282,1,1,0,1.0,1.0,1.0,0.5138680255555728
2000,283,1,1,0,1.0,1.0,1.0,0.5138680255555728
2000,284,1,1,0,1.0,1.0,1.0,0.5138680255555728
2000,285,1,1,0,1.0,1.0,1.0,0.5138680255555728
2000,286,1,1,0,1.0,1.0,1.0,0.5138680255555728
2000,287,1,1,0,1.0,1.0,1.0,0.5138680255555728
2000,288,1,1,0,1.0,1.0,1.0,0.5138680255555728
2000,289,1,1,0,1.0,1.0,1.0,0.5138680255555728
2000,290,1,1,0,1.0,1.0,1.0,0.5138680255555728
2000,291,1,1,0,1.0,1.0,1.0,0.5138680255555728
2000,292,1,1,0,1.0,1.0,1.0,0.5138680255555728
2000,293,1,1,0,1.0,1.0,1.0,0.5138680255555728
2000,294,1,1,0,1.0,1.0,1.0,0.5138680255555728
2000,295,1,1,0,1.0,1.0,1.0,0.5138680255555728
2000,296,1,1,0,1.0,1.0,1.0,0.5138680255555728
2000,297,1,1,0,1.0,1.0,1.0,0.5138680255555728
2000,298,1,1,0,1.0,1.0,1.0,0.5138680255555728
2000,299,1,1,0,1.0,1.0,1.0,0.5138680255555728
5000,0,1,1,0,1.0,1.0,1.0,0.5138680255555728
5000,1,1,1,0,1.0,1.0,1.0,0.5138680255555728
5000,2,1,1,0,1.0,1.0,1.0,0.5138680255555728
5000,3,1,1,0,1.0,1.0,1.0,0.5138680255555728
5000,4,1,1,0,1.0,1.0,1.0,0.5138680255555728
5000,5,1,1,0,1.0,1.0,1.0,0.5138680255555728
5000,6,1,1,0,1.0,1.0,1.0,0.5138680255555728
5000,7,1,1,0,1.0,1.0,1.0,0.5138680255555728
5000,8,1,1,0,1.0,1.0,1.0,0.5138680255555728
5000,9,1,1,0,1.0,1.0,1.0,0.5138680255555728
5000,10,1,1,0,1.0,1.0,1.0,0.5138680255555728
5000,11,1,1,0,1.0,1.0,1.0,0.5138680255555728
5000,12,1,1,0,1.0,1.0,1.0,0.5138680255555728
5000,13,1,1,0,1.0,1.0,1.0,0.5138680255555728
5000,14,1,1,0,1.0,1.0,1.0,0.5138680255555728
5000,15,1,1,0,1.0,1.0,1.0,0.5138680255555728
5000,16,1,1,0,1.0,1.0,1.0,0.5138680255555728
5000,17,1,1,0,1.0,1.0,1.0,0.5138680255555728
5000,18,1,1,0,1.0,1.0,1.0,0.5138680255555728
5000,19,1,1,0,1.0,1.0,1.0,0.5138680255555728
5000,20,1,1,0,1.0,1.0,1.0,0.5138680255555728
5000,21,1,1,0,1.0,1.0,1.0,0.5138680255555728
5000,22,1,1,0,1.0,1.0,1.0,0.5138680255555728
5000,23,1,1,0,1.0,1.0,1.0,0.5138680255555728
5000,24,1,1,0,1.0,1.0,1.0,0.5138680255555728
5000,25,1,1,0,1.0,1.0,1.0,0.5138680255555728
5000,26,1,1,0,1.0,1.0,1.0,0.5138680255555728
5000,27,1,1,0,1.0,1.0,1.0,0.5138680255555728
5000,28,1,1,0,1.0,1.0,1.0,0.5138680255555728
5000,29,1,1,0,1.0,1.0,1.0,0.5138680255555728
5000,30,1,1,0,1.0,1.0,1.0,0.5138680255555728
5000,31,1,1,0,1.0,1.0,1.0,0.5138680255555728
5000,32,1,1,0,1.0,1.0,1.0,0.5138680255555728
5000,33,1,1,0,1.0,1.0,1.0,0.5138680255555728
5000,34,1,1,0,1.0,1.0,1.0,0.5138680255555728
5000,35,1,1,0,1.0,1.0,1.0,0.5138680255555728
5000,36,1,1,0,1.0,1.0,1.0,0.5138680255555728
5000,37,1,1,0,1.0,1.0,1.0,0.5138680255555728
5000,38,1,1,0,1.0,1.0,1.0,0.5138680255555728
5000,39,1,1,0,1.0,1.0,1.0,0.5138680255555728
5000,40,1,1,0,1.0,1.0,1.0,0.5138680255555728
5000,41,1,1,0,1.0,1.0,1.0,0.5138680255555728
5000,42,1,1,0,1.0,1.0,1.0,0.5138680255555728
5000,43,1,1,0,1.0,1.0,1.0,0.5138680255555728
5000,44,1,1,0,1.0,1.0,1.0,0.5138680255555728
5000,45,1,1,0,1.0,1.0,1.0,0.5138680255555728
5000,46,1,1,0,1.0,1.0,1.0,0.5138680255555728
5000,47,1,1,0,1.0,1.0,1.0,0.5138680255555728
5000,48,1,1,0,1.0,1.0,1.0,0.5138680255555728
5000,49,1,1,0,1.0,1.0,1.0,0.5138680255555728
5000,50,1,1,0,1.0,1.0,1.0,0.5138680255555728
5000,51,1,1,0,1.0,1.0,1.0,0.5138680255555728
5000,52,1,1,0,1.0,1.0,1.0,0.5138680255555728
5000,53,1,1,0,1.0,1.0,1.0,0.5138680255555728
5000,54,1,1,0,1.0,1.0,1.0,0.5138680255555728
5000,55,1,1,0,1.0,1.0,1.0,0.5138680255555728
5000,56,1,1,0,1.0,1.0,1.0,0.5138680255555728
5000,57,1,1,0,1.0,1.0,1.0,0.5138680255555728
5000,58,1,1,0,1.0,1.0,1.0,0.5138680255555728
5000,59,1,1,0,1.0,1.0,1.0,0.5138680255555728
5000,60,1,1,0,1.0,1.0,1.0,0.5138680255555728
5000,61,1,1,0,1.0,1.0,1.0,0.5138680255555728
5000,62,1,1,0,1.0,1.0,1.0,0.5138680255555728
5000,63,1,1,0,1.0,1.0,1.0,0.5138680255555728
5000,64,1,1,0,1.0,1.0,1.0,0.5138680255555728
5000,65,1,1,0,1.0,1.0,1.0,0.5138680255555728
5000,66,1,1,0,1.0,1.0,1.0,0.5138680255555728
5000,67,1,1,0,1.0,1.0,1.0,0.5138680255555728
5000,68,1,1,0,1.0,1.0,1.0,0.5138680255555728
5000,69,1,1,0,1.0,1.0,1.0,0.5138680255555728
5000,70,1,1,0,1.0,1.0,1.0,0.5138680255555728
5000,71,1,1,0,1.0,1.0,1.0,0.5138680255555728
5000,72,1,1,0,1.0,1.0,1.0,0.5138680255555728
5000,73,1,1,0,1.0,1.0,1.0,0.5138680255555728
5000,74,1,1,0,1.0,1.0,1.0,0.5138680255555728
5000,75,1,1,0,1.0,1.0,1.0,0.5138680255555728
5000,76,1,1,0,1.0,1.0,1.0,0.5138680255555728
5000,77,1,1,0,1.0,1.0,1.0,0.5138680255555728
5000,78,1,1,0,1.0,1.0,1.0,0.5138680255555728
5000,79,1,1,0,1.0,1.0,1.0,0.5138680255555728
5000,80,1,1,0,1.0,1.0,1.0,0.5138680255555728
5000,81,1,1,0,1.0,1.0,1.0,0.5138680255555728
5000,82,1,1,0,1.0,1.0,1.0,0.5138680255555728
5000,83,1,1,0,1.0,1.0,1.0,0.5138680255555728
5000,84,1,1,0,1.0,1.0,1.0,0.5138680255555728
5000,85,1,1,0,1.0,1.0,1.0,0.5138680255555728
5000,86,1,1,0,1.0,1.0,1.0,0.5138680255555728
5000,87,1,1,0,1.0,1.0,1.0,0.5138680255555728
5000,88,1,1,0,1.0,1.0,1.0,0.5138680255555728
5000,89,1,1,0,1.0,1.0,1.0,0.5138680255555728
5000,90,1,1,0,1.0,1.0,1.0,0.5138680255555728
5000,91,1,1,0,1.0,1.0,1.0,0.5138680255555728
5000,92,1,1,0,1.0,1.0,1.0,0.5138680255555728
5000,93,1,1,0,1.0,1.0,1.0,0.5138680255555728
5000,94,1,1,0,1.0,1.0,1.0,0.5138680255555728
5000,95,1,1,0,1.0,1.0,1.0,0.5138680255555728
5000,96,1,1,0,1.0,1.0,1.0,0.5138680255555728
5000,97,1,1,0,1.0,1.0,1.0,0.5138680255555728
5000,98,1,1,0,1.0,1.0,1.0,0.5138680255555728
5000,99,1,1,0,1.0,1.0,1.0,0.5138680255555728
5000,100,1,1,0,1.0,1.0,1.0,0.5138680255555728
5000,101,1,1,0,1.0,1.0,1.0,0.5138680255555728
5000,102,1,1,0,1.0,1.0,1.0,0.5138680255555728
5000,103,1,1,0,1.0,1.0,1.0,0.5138680255555728
5000,104,1,1,0,1.0,1.0,1.0,0.5138680255555728
5000,105,1,1,0,1.0,1.0,1.0,0.5138680255555728
5000,106,1,1,0,1.0,1.0,1.0,0.5138680255555728
5000,107,1,1,0,1.0,1.0,1.0,0.5138680255555728
5000,108,1,1,0,1.0,1.0,1.0,0.5138680255555728
5000,109,1,1,0,1.0,1.0,1.0,0.5138680255555728
5000,110,1,1,0,1.0,1.0,1.0,0.5138680255555728
5000,111,1,1,0,1.0,1.0,1.0,0.5138680255555728
5000,112,1,1,0,1.0,1.0,1.0,0.5138680255555728
5000,113,1,1,0,1.0,1.0,1.0,0.5138680255555728
5000,114,1,1,0,1.0,1.0,1.0,0.5138680255555728
5000,115,1,1,0,1.0,1.0,1.0,0.5138680255555728
5000,116,1,1,0,1.0,1.0,1.0,0.5138680255555728
5000,117,1,1,0,1.0,1.0,1.0,0.5138680255555728
5000,118,1,1,0,1.0,1.0,1.0,0.5138680255555728
5000,119,1,1,0,1.0,1.0,1.0,0.5138680255555728
5000,120,1,1,0,1.0,1.0,1.0,0.5138680255555728
5000,121,1,1,0,1.0,1.0,1.0,0.5138680255555728
5000,122,1,1,0,1.0,1.0,1.0,0.5138680255555728
5000,123,1,1,0,1.0,1.0,1.0,0.5138680255555728
5000,124,1,1,0,1.0,1.0,1.0,0.5138680255555728
5000,125,1,1,0,1.0,1.0,1.0,0.5138680255555728
5000,126,1,1,0,1.0,1.0,1.0,0.5138680255555728
5000,127,1,1,0,1.0,1.0,1.0,0.5138680255555728
5000,128,1,1,0,1.0,1.0,1.0,0.5138680255555728
5000,129,1,1,0,1.0,1.0,1.0,0.5138680255555728
5000,130,1,1,0,1.0,1.0,1.0,0.5138680255555728
5000,131,1,1,0,1.0,1.0,1.0,0.5138680255555728
5000,132,1,1,0,1.0,1.0,1.0,0.5138680255555728
5000,133,1,1,0,1.0,1.0,1.0,0.5138680255555728
5000,134,1,1,0,1.0,1.0,1.0,0.5138680255555728
5000,135,1,1,0,1.0,1.0,1.0,0.5138680255555728
5000,136,1,1,0,1.0,1.0,1.0,0.5138680255555728
5000,137,1,1,0,1.0,1.0,1.0,0.5138680255555728
5000,138,1,1,0,1.0,1.0,1.0,0.5138680255555728
5000,139,1,1,0,1.0,1.0,1.0,0.5138680255555728
5000,140,1,1,0,1.0,1.0,1.0,0.5138680255555728
5000,141,1,1,0,1.0,1.0,1.0,0.5138680255555728
5000,142,1,1,0,1.0,1.0,1.0,0.5138680255555728
5000,143,1,1,0,1.0,1.0,1.0,0.5138680255555728
5000,144,1,1,0,1.0,1.0,1.0,0.5138680255555728
5000,145,1,1,0,1.0,1.0,1.0,0.5138680255555728
5000,146,1,1,0,1.0,1.0,1.0,0.5138680255555728
5000,147,1,1,0,1.0,1.0,1.0,0.5138680255555728
5000,148,1,1,0,1.0,1.0,1.0,0.5138680255555728
5000,149,1,1,0,1.0,1.0,1.0,0.5138680255555728
5000,150,1,1,0,1.0,1.0,1.0,0.5138680255555728
5000,151,1,1,0,1.0,1.0,1.0,0.5138680255555728
5000,152,1,1,0,1.0,1.0,1.0,0.5138680255555728
5000,153,1,1,0,1.0,1.0,1.0,0.5138680255555728
5000,154,1,1,0,1.0,1.0,1.0,0.5138680255555728
5000,155,1,1,0,1.0,1.0,1.0,0.5138680255555728
5000,156,1,1,0,1.0,1.0,1.0,0.5138680255555728
5000,157,1,1,0,1.0,1.0,1.0,0.5138680255555728
5000,158,1,1,0,1.0,1.0,1.0,0.5138680255555728
5000,159,1,1,0,1.0,1.0,1.0,0.5138680255555728
5000,160,1,1,0,1.0,1.0,1.0,0.5138680255555728
5000,161,1,1,0,1.0,1.0,1.0,0.5138680255555728
5000,162,1,1,0,1.0,1.0,1.0,0.5138680255555728
5000,163,1,1,0,1.0,1.0,1.0,0.5138680255555728
5000,164,1,1,0,1.0,1.0,1.0,0.5138680255555728
5000,165,1,1,0,1.0,1.0,1.0,0.5138680255555728
5000,166,1,1,0,1.0,1.0,1.0,0.5138680255555728
5000,167,1,1,0,1.0,1.0,1.0,0.5138680255555728
5000,168,1,1,0,1.0,1.0,1.0,0.5138680255555728
5000,169,1,1,0,1.0,1.0,1.0,0.5138680255555728
5000,170,1,1,0,1.0,1.0,1.0,0.5138680255555728
5000,171,1,1,0,1.0,1.0,1.0,0.5138680255555728
5000,172,1,1,0,1.0,1.0,1.0,0.5138680255555728
5000,173,1,1,0,1.0,1.0,1.0,0.5138680255555728
5000,174,1,1,0,1.0,1.0,1.0,0.5138680255555728
5000,175,1,1,0,1.0,1.0,1.0,0.5138680255555728
5000,176,1,1,0,1.0,1.0,1.0,0.5138680255555728
5000,177,1,1,0,1.0,1.0,1.0,0.5138680255555728
5000,178,1,1,0,1.0,1.0,1.0,0.5138680255555728
5000,179,1,1,0,1.0,1.0,1.0,0.5138680255555728
5000,180,1,1,0,1.0,1.0,1.0,0.5138680255555728
5000,181,1,1,0,1.0,1.0,1.0,0.5138680255555728
5000,182,1,1,0,1.0,1.0,1.0,0.5138680255555728
5000,183,1,1,0,1.0,1.0,1.0,0.5138680255555728
5000,184,1,1,0,1.0,1.0,1.0,0.5138680255555728
5000,185,1,1,0,1.0,1.0,1.0,0.5138680255555728
5000,186,1,1,0,1.0,1.0,1.0,0.5138680255555728
5000,187,1,1,0,1.0,1.0,1.0,0.5138680255555728
5000,188,1,1,0,1.0,1.0,1.0,0.5138680255555728
5000,189,1,1,0,1.0,1.0,1.0,0.5138680255555728
5000,190,1,1,0,1.0,1.0,1.0,0.5138680255555728
5000,191,1,1,0,1.0,1.0,1.0,0.5138680255555728
5000,192,1,1,0,1.0,1.0,1.0,0.5138680255555728
5000,193,1,1,0,1.0,1.0,1.0,0.5138680255555728
5000,194,1,1,0,1.0,1.0,1.0,0.5138680255555728
5000,195,1,1,0,1.0,1.0,1.0,0.5138680255555728
5000,196,1,1,0,1.0,1.0,1.0,0.5138680255555728
5000,197,1,1,0,1.0,1.0,1.0,0.5138680255555728
5000,198,1,1,0,1.0,1.0,1.0,0.5138680255555728
5000,199,1,1,0,1.0,1.0,1.0,0.5138680255555728
5000,200,1,1,0,1.0,1.0,1.0,0.5138680255555728
5000,201,1,1,0,1.0,1.0,1.0,0.5138680255555728
5000,202,1,1,0,1.0,1.0,1.0,0.5138680255555728
5000,203,1,1,0,1.0,1.0,1.0,0.5138680255555728
5000,204,1,1,0,1.0,1.0,1.0,0.5138680255555728
5000,205,1,1,0,1.0,1.0,1.0,0.5138680255555728
5000,206,1,1,0,1.0,1.0,1.0,0.5138680255555728
5000,207,1,1,0,1.0,1.0,1.0,0.5138680255555728
5000,208,1,1,0,1.0,1.0,1.0,0.5138680255555728
5000,209,1,1,0,1.0,1.0,1.0,0.5138680255555728
5000,210,1,1,0,1.0,1.0,1.0,0.5138680255555728
5000,211,1,1,0,1.0,1.0,1.0,0.5138680255555728
5000,212,1,1,0,1.0,1.0,1.0,0.5138680255555728
5000,213,1,1,0,1.0,1.0,1.0,0.5138680255555728
5000,214,1,1,0,1.0,1.0,1.0,0.5138680255555728
5000,215,1,1,0,1.0,1.0,1.0,0.5138680255555728
5000,216,1,1,0,1.0,1.0,1.0,0.5138680255555728
5000,217,1,1,0,1.0,1.0,1.0,0.5138680255555728
5000,218,1,1,0,1.0,1.0,1.0,0.5138680255555728
5000,219,1,1,0,1.0,1.0,1.0,0.5138680255555728
5000,220,1,1,0,1.0,1.0,1.0,0.5138680255555728
5000,221,1,1,0,1.0,1.0,1.0,0.5138680255555728
5000,222,1,1,0,1.0,1.0,1.0,0.5138680255555728
5000,223,1,1,0,1.0,1.0,1.0,0.5138680255555728
5000,224,1,1,0,1.0,1.0,1.0,0.5138680255555728
5000,225,1,1,0,1.0,1.0,1.0,0.5138680255555728
5000,226,1,1,0,1.0,1.0,1.0,0.5138680255555728
5000,227,1,1,0,1.0,1.0,1.0,0.5138680255555728
5000,228,1,1,0,1.0,1.0,1.0,0.5138680255555728
5000,229,1,1,0,1.0,1.0,1.0,0.5138680255555728
5000,230,1,1,0,1.0,1.0,1.0,0.5138680255555728
5000,231,1,1,0,1.0,1.0,1.0,0.5138680255555728
5000,232,1,1,0,1.0,1.0,1.0,0.5138680255555728
5000,233,1,1,0,1.0,1.0,1.0,0.5138680255555728
5000,234,1,1,0,1.0,1.0,1.0,0.5138680255555728
5000,235,1,1,0,1.0,1.0,1.0,0.5138680255555728
5000,236,1,1,0,1.0,1.0,1.0,0.5138680255555728
5000,237,1,1,0,1.0,1.0,1.0,0.5138680255555728
5000,238,1,1,0,1.0,1.0,1.0,0.5138680255555728
5000,239,1,1,0,1.0,1.0,1.0,0.5138680255555728
5000,240,1,1,0,1.0,1.0,1.0,0.5138680255555728
5000,241,1,1,0,1.0,1.0,1.0,0.5138680255555728
5000,242,1,1,0,1.0,1.0,1.0,0.5138680255555728
5000,243,1,1,0,1.0,1.0,1.0,0.5138680255555728
5000,244,1,1,0,1.0,1.0,1.0,0.5138680255555728
5000,245,1,1,0,1.0,1.0,1.0,0.5138680255555728
5000,246,1,1,0,1.0,1.0,1.0,0.5138680255555728
5000,247,1,1,0,1.0,1.0,1.0,0.5138680255555728
5000,248,1,1,0,1.0,1.0,1.0,0.5138680255555728
5000,249,1,1,0,1.0,1.0,1.0,0.5138680255555728
5000,250,1,1,0,1.0,1.0,1.0,0.5138680255555728
5000,251,1,1,0,1.0,1.0,1.0,0.5138680255555728
5000,252,1,1,0,1.0,1.0,1.0,0.5138680255555728
5000,253,1,1,0,1.0,1.0,1.0,0.5138680255555728
5000,254,1,1,0,1.0,1.0,1.0,0.5138680255555728
5000,255,1,1,0,1.0,1.0,1.0,0.5138680255555728
5000,256,1,1,0,1.0,1.0,1.0,0.5138680255555728
5000,257,1,1,0,1.0,1.0,1.0,0.5138680255555728
5000,258,1,1,0,1.0,1.0,1.0,0.5138680255555728
5000,259,1,1,0,1.0,1.0,1.0,0.5138680255555728
5000,260,1,1,0,1.0,1.0,1.0,0.5138680255555728
5000,261,1,1,0,1.0,1.0,1.0,0.5138680255555728
5000,262,1,1,0,1.0,1.0,1.0,0.5138680255555728
5000,263,1,1,0,1.0,1.0,1.0,0.5138680255555728
5000,264,1,1,0,1.0,1.0,1.0,0.5138680255555728
5000,265,1,1,0,1.0,1.0,1.0,0.5138680255555728
5000,266,1,1,0,1.0,1.0,1.0,0.5138680255555728
5000,267,1,1,0,1.0,1.0,1.0,0.5138680255555728
5000,268,1,1,0,1.0,1.0,1.0,0.5138680255555728
5000,269,1,1,0,1.0,1.0,1.0,0.5138680255555728
5000,270,1,1,0,1.0,1.0,1.0,0.5138680255555728
5000,271,1,1,0,1.0,1.0,1.0,0.5138680255555728
5000,272,1,1,0,1.0,1.0,1.0,0.5138680255555728
5000,273,1,1,0,1.0,1.0,1.0,0.5138680255555728
5000,274,1,1,0,1.0,1.0,1.0,0.5138680255555728
5000,275,1,1,0,1.0,1.0,1.0,0.5138680255555728
5000,276,1,1,0,1.0,1.0,1.0,0.5138680255555728
5000,277,1,1,0,1.0,1.0,1.0,0.5138680255555728
5000,278,1,1,0,1.0,1.0,1.0,0.5138680255555728
5000,279,1,1,0,1.0,1.0,1.0,0.5138680255555728
5000,280,1,1,0,1.0,1.0,1.0,0.5138680255555728
5000,281,1,1,0,1.0,1.0,1.0,0.5138680255555728
5000,282,1,1,0,1.0,1.0,1.0,0.5138680255555728
5000,283,1,1,0,1.0,1.0,1.0,0.5138680255555728
5000,284,1,1,0,1.0,1.0,1.0,0.5138680255555728
5000,285,1,1,0,1.0,1.0,1.0,0.5138680255555728
5000,286,1,1,0,1.0,1.0,1.0,0.5138680255555728
5000,287,1,1,0,1.0,1.0,1.0,0.5138680255555728
5000,288,1,1,0,1.0,1.0,1.0,0.5138680255555728
5000,289,1,1,0,1.0,1.0,1.0,0.5138680255555728
5000,290,1,1,0,1.0,1.0,1.0,0.5138680255555728
5000,291,1,1,0,1.0,1.0,1.0,0.5138680255555728
5000,292,1,1,0,1.0,1.0,1.0,0.5138680255555728
5000,293,1,1,0,1.0,1.0,1.0,0.5138680255555728
5000,294,1,1,0,1.0,1.0,1.0,0.5138680255555728
5000,295,1,1,0,1.0,1.0,1.0,0.5138680255555728
5000,296,1,1,0,1.0,1.0,1.0,0.5138680255555728
5000,297,1,1,0,1.0,1.0,1.0,0.5138680255555728
5000,298,1,1,0,1.0,1.0,1.0,0.5138680255555728
5000,299,1,1,0,1.0,1.0,1.0,0.5138680255555728
10000,0,1,1,0,1.0,1.0,1.0,0.5138680255555728
10000,1,1,1,0,1.0,1.0,1.0,0.5138680255555728
10000,2,1,1,0,1.0,1.0,1.0,0.5138680255555728
10000,3,1,1,0,1.0,1.0,1.0,0.5138680255555728
10000,4,1,1,0,1.0,1.0,1.0,0.5138680255555728
10000,5,1,1,0,1.0,1.0,1.0,0.5138680255555728
10000,6,1,1,0,1.0,1.0,1.0,0.5138680255555728
10000,7,1,1,0,1.0,1.0,1.0,0.5138680255555728
10000,8,1,1,0,1.0,1.0,1.0,0.5138680255555728
10000,9,1,1,0,1.0,1.0,1.0,0.5138680255555728
10000,10,1,1,0,1.0,1.0,1.0,0.5138680255555728
10000,11,1,1,0,1.0,1.0,1.0,0.5138680255555728
10000,12,1,1,0,1.0,1.0,1.0,0.5138680255555728
10000,13,1,1,0,1.0,1.0,1.0,0.5138680255555728
10000,14,1,1,0,1.0,1.0,1.0,0.5138680255555728
10000,15,1,1,0,1.0,1.0,1.0,0.5138680255555728
10000,16,1,1,0,1.0,1.0,1.0,0.5138680255555728
10000,17,1,1,0,1.0,1.0,1.0,0.5138680255555728
10000,18,1,1,0,1.0,1.0,1.0,0.5138680255555728
10000,19,1,1,0,1.0,1.0,1.0,0.5138680255555728
10000,20,1,1,0,1.0,1.0,1.0,0.5138680255555728
10000,21,1,1,0,1.0,1.0,1.0,0.5138680255555728
10000,22,1,1,0,1.0,1.0,1.0,0.5138680255555728
10000,23,1,1,0,1.0,1.0,1.0,0.5138680255555728
10000,24,1,1,0,1.0,1.0,1.0,0.5138680255555728
10000,25,1,1,0,1.0,1.0,1.0,0.5138680255555728
10000,26,1,1,0,1.0,1.0,1.0,0.5138680255555728
10000,27,1,1,0,1.0,1.0,1.0,0.5138680255555728
10000,28,1,1,0,1.0,1.0,1.0,0.5138680255555728
10000,29,1,1,0,1.0,1.0,1.0,0.5138680255555728
10000,30,1,1,0,1.0,1.0,1.0,0.5138680255555728
10000,31,1,1,0,1.0,1.0,1.0,0.5138680255555728
10000,32,1,1,0,1.0,1.0,1.0,0.5138680255555728
10000,33,1,1,0,1.0,1.0,1.0,0.5138680255555728
10000,34,1,1,0,1.0,1.0,1.0,0.5138680255555728
10000,35,1,1,0,1.0,1.0,1.0,0.5138680255555728
10000,36,1,1,0,1.0,1.0,1.0,0.5138680255555728
10000,37,1,1,0,1.0,1.0,1.0,0.5138680255555728
10000,38,1,1,0,1.0,1.0,1.0,0.5138680255555728
10000,39,1,1,0,1.0,1.0,1.0,0.5138680255555728
10000,40,1,1,0,1.0,1.0,1.0,0.5138680255555728
10000,41,1,1,0,1.0,1.0,1.0,0.5138680255555728
10000,42,1,1,0,1.0,1.0,1.0,0.5138680255555728
10000,43,1,1,0,1.0,1.0,1.0,0.5138680255555728
10000,44,1,1,0,1.0,1.0,1.0,0.5138680255555728
10000,45,1,1,0,1.0,1.0,1.0,0.5138680255555728
10000,46,1,1,0,1.0,1.0,1.0,0.5138680255555728
10000,47,1,1,0,1.0,1.0,1.0,0.5138680255555728
10000,48,1,1,0,1.0,1.0,1.0,0.5138680255555728
10000,49,1,1,0,1.0,1.0,1.0,0.5138680255555728
10000,50,1,1,0,1.0,1.0,1.0,0.5138680255555728
10000,51,1,1,0,1.0,1.0,1.0,0.5138680255555728
10000,52,1,1,0,1.0,1.0,1.0,0.5138680255555728
10000,53,1,1,0,1.0,1.0,1.0,0.5138680255555728
10000,54,1,1,0,1.0,1.0,1.0,0.5138680255555728
10000,55,1,1,0,1.0,1.0,1.0,0.5138680255555728
10000,56,1,1,0,1.0,1.0,1.0,0.5138680255555728
10000,57,1,1,0,1.0,1.0,1.0,0.5138680255555728
10000,58,1,1,0,1.0,1.0,1.0,0.5138680255555728
10000,59,1,1,0,1.0,1.0,1.0,0.5138680255555728
10000,60,1,1,0,1.0,1.0,1.0,0.5138680255555728
10000,61,1,1,0,1.0,1.0,1.0,0.5138680255555728
10000,62,1,1,0,1.0,1.0,1.0,0.5138680255555728
10000,63,1,1,0,1.0,1.0,1.0,0.5138680255555728
10000,64,1,1,0,1.0,1.0,1.0,0.5138680255555728
10000,65,1,1,0,1.0,1.0,1.0,0.5138680255555728
10000,66,1,1,0,1.0,1.0,1.0,0.5138680255555728
10000,67,1,1,0,1.0,1.0,1.0,0.5138680255555728
10000,68,1,1,0,1.0,1.0,1.0,0.5138680255555728
10000,69,1,1,0,1.0,1.0,1.0,0.5138680255555728
10000,70,1,1,0,1.0,1.0,1.0,0.5138680255555728
10000,71,1,1,0,1.0,1.0,1.0,0.5138680255555728
10000,72,1,1,0,1.0,1.0,1.0,0.5138680255555728
10000,73,1,1,0,1.0,1.0,1.0,0.5138680255555728
10000,74,1,1,0,1.0,1.0,1.0,0.5138680255555728
10000,75,1,1,0,1.0,1.0,1.0,0.5138680255555728
10000,76,1,1,0,1.0,1.0,1.0,0.5138680255555728
10000,77,1,1,0,1.0,1.0,1.0,0.5138680255555728
10000,78,1,1,0,1.0,1.0,1.0,0.5138680255555728
10000,79,1,1,0,1.0,1.0,1.0,0.5138680255555728
10000,80,1,1,0,1.0,1.0,1.0,0.5138680255555728
10000,81,1,1,0,1.0,1.0,1.0,0.5138680255555728
10000,82,1,1,0,1.0,1.0,1.0,0.5138680255555728
10000,83,1,1,0,1.0,1.0,1.0,0.5138680255555728
10000,84,1,1,0,1.0,1.0,1.0,0.5138680255555728
10000,85,1,1,0,1.0,1.0,1.0,0.5138680255555728
10000,86,1,1,0,1.0,1.0,1.0,0.5138680255555728
10000,87,1,1,0,1.0,1.0,1.0,0.5138680255555728
10000,88,1,1,0,1.0,1.0,1.0,0.5138680255555728
10000,89,1,1,0,1.0,1.0,1.0,0.5138680255555728
10000,90,1,1,0,1.0,1.0,1.0,0.5138680255555728
10000,91,1,1,0,1.0,1.0,1.0,0.5138680255555728
10000,92,1,1,0,1.0,1.0,1.0,0.5138680255555728
10000,93,1,1,0,1.0,1.0,1.0,0.5138680255555728
10000,94,1,1,0,1.0,1.0,1.0,0.5138680255555728
10000,95,1,1,0,1.0,1.0,1.0,0.5138680255555728
10000,96,1,1,0,1.0,1.0,1.0,0.5138680255555728
10000,97,1,1,0,1.0,1.0,1.0,0.5138680255555728
10000,98,1,1,0,1.0,1.0,1.0,0.5138680255555728
10000,99,1,1,0,1.0,1.0,1.0,0.5138680255555728
10000,100,1,1,0,1.0,1.0,1.0,0.5138680255555728
10000,101,1,1,0,1.0,1.0,1.0,0.5138680255555728
10000,102,1,1,0,1.0,1.0,1.0,0.5138680255555728
10000,103,1,1,0,1.0,1.0,1.0,0.5138680255555728
10000,104,1,1,0,1.0,1.0,1.0,0.5138680255555728
10000,105,1,1,0,1.0,1.0,1.0,0.5138680255555728
10000,106,1,1,0,1.0,1.0,1.0,0.5138680255555728
10000,107,1,1,0,1.0,1.0,1.0,0.5138680255555728
10000,108,1,1,0,1.0,1.0,1.0,0.5138680255555728
10000,109,1,1,0,1.0,1.0,1.0,0.5138680255555728
10000,110,1,1,0,1.0,1.0,1.0,0.5138680255555728
10000,111,1,1,0,1.0,1.0,1.0,0.5138680255555728
10000,112,1,1,0,1.0,1.0,1.0,0.5138680255555728
10000,113,1,1,0,1.0,1.0,1.0,0.5138680255555728
10000,114,1,1,0,1.0,1.0,1.0,0.5138680255555728
10000,115,1,1,0,1.0,1.0,1.0,0.5138680255555728
10000,116,1,1,0,1.0,1.0,1.0,0.5138680255555728
10000,117,1,1,0,1.0,1.0,1.0,0.5138680255555728
10000,118,1,1,0,1.0,1.0,1.0,0.5138680255555728
10000,119,1,1,0,1.0,1.0,1.0,0.5138680255555728
10000,120,1,1,0,1.0,1.0,1.0,0.5138680255555728
10000,121,1,1,0,1.0,1.0,1.0,0.5138680255555728
10000,122,1,1,0,1.0,1.0,1.0,0.5138680255555728
10000,123,1,1,0,1.0,1.0,1.0,0.5138680255555728
10000,124,1,1,0,1.0,1.0,1.0,0.5138680255555728
10000,125,1,1,0,1.0,1.0,1.0,0.5138680255555728
10000,126,1,1,0,1.0,1.0,1.0,0.5138680255555728
10000,127,1,1,0,1.0,1.0,1.0,0.5138680255555728
10000,128,1,1,0,1.0,1.0,1.0,0.5138680255555728
10000,129,1,1,0,1.0,1.0,1.0,0.5138680255555728
10000,130,1,1,0,1.0,1.0,1.0,0.5138680255555728
10000,131,1,1,0,1.0,1.0,1.0,0.5138680255555728
10000,132,1,1,0,1.0,1.0,1.0,0.5138680255555728
10000,133,1,1,0,1.0,1.0,1.0,0.5138680255555728
10000,134,1,1,0,1.0,1.0,1.0,0.5138680255555728
10000,135,1,1,0,1.0,1.0,1.0,0.5138680255555728
10000,136,1,1,0,1.0,1.0,1.0,0.5138680255555728
10000,137,1,1,0,1.0,1.0,1.0,0.5138680255555728
10000,138,1,1,0,1.0,1.0,1.0,0.5138680255555728
10000,139,1,1,0,1.0,1.0,1.0,0.5138680255555728
10000,140,1,1,0,1.0,1.0,1.0,0.5138680255555728
10000,141,1,1,0,1.0,1.0,1.0,0.5138680255555728
10000,142,1,1,0,1.0,1.0,1.0,0.5138680255555728
10000,143,1,1,0,1.0,1.0,1.0,0.5138680255555728
10000,144,1,1,0,1.0,1.0,1.0,0.5138680255555728
10000,145,1,1,0,1.0,1.0,1.0,0.5138680255555728
10000,146,1,1,0,1.0,1.0,1.0,0.5138680255555728
10000,147,1,1,0,1.0,1.0,1.0,0.5138680255555728
10000,148,1,1,0,1.0,1.0,1.0,0.5138680255555728
10000,149,1,1,0,1.0,1.0,1.0,0.5138680255555728
10000,150,1,1,0,1.0,1.0,1.0,0.5138680255555728
10000,151,1,1,0,1.0,1.0,1.0,0.5138680255555728
10000,152,1,1,0,1.0,1.0,1.0,0.5138680255555728
10000,153,1,1,0,1.0,1.0,1.0,0.5138680255555728
10000,154,1,1,0,1.0,1.0,1.0,0.5138680255555728
10000,155,1,1,0,1.0,1.0,1.0,0.5138680255555728
10000,156,1,1,0,1.0,1.0,1.0,0.5138680255555728
10000,157,1,1,0,1.0,1.0,1.0,0.5138680255555728
10000,158,1,1,0,1.0,1.0,1.0,0.5138680255555728
10000,159,1,1,0,1.0,1.0,1.0,0.5138680255555728
10000,160,1,1,0,1.0,1.0,1.0,0.5138680255555728
10000,161,1,1,0,1.0,1.0,1.0,0.5138680255555728
10000,162,1,1,0,1.0,1.0,1.0,0.5138680255555728
10000,163,1,1,0,1.0,1.0,1.0,0.5138680255555728
10000,164,1,1,0,1.0,1.0,1.0,0.5138680255555728
10000,165,1,1,0,1.0,1.0,1.0,0.5138680255555728
10000,166,1,1,0,1.0,1.0,1.0,0.5138680255555728
10000,167,1,1,0,1.0,1.0,1.0,0.5138680255555728
10000,168,1,1,0,1.0,1.0,1.0,0.5138680255555728
10000,169,1,1,0,1.0,1.0,1.0,0.5138680255555728
10000,170,1,1,0,1.0,1.0,1.0,0.5138680255555728
10000,171,1,1,0,1.0,1.0,1.0,0.5138680255555728
10000,172,1,1,0,1.0,1.0,1.0,0.5138680255555728
10000,173,1,1,0,1.0,1.0,1.0,0.5138680255555728
10000,174,1,1,0,1.0,1.0,1.0,0.5138680255555728
10000,175,1,1,0,1.0,1.0,1.0,0.5138680255555728
10000,176,1,1,0,1.0,1.0,1.0,0.5138680255555728
10000,177,1,1,0,1.0,1.0,1.0,0.5138680255555728
10000,178,1,1,0,1.0,1.0,1.0,0.5138680255555728
10000,179,1,1,0,1.0,1.0,1.0,0.5138680255555728
10000,180,1,1,0,1.0,1.0,1.0,0.5138680255555728
10000,181,1,1,0,1.0,1.0,1.0,0.5138680255555728
10000,182,1,1,0,1.0,1.0,1.0,0.5138680255555728
10000,183,1,1,0,1.0,1.0,1.0,0.5138680255555728
10000,184,1,1,0,1.0,1.0,1.0,0.5138680255555728
10000,185,1,1,0,1.0,1.0,1.0,0.5138680255555728
10000,186,1,1,0,1.0,1.0,1.0,0.5138680255555728
10000,187,1,1,0,1.0,1.0,1.0,0.5138680255555728
10000,188,1,1,0,1.0,1.0,1.0,0.5138680255555728
10000,189,1,1,0,1.0,1.0,1.0,0.5138680255555728
10000,190,1,1,0,1.0,1.0,1.0,0.5138680255555728
10000,191,1,1,0,1.0,1.0,1.0,0.5138680255555728
10000,192,1,1,0,1.0,1.0,1.0,0.5138680255555728
10000,193,1,1,0,1.0,1.0,1.0,0.5138680255555728
10000,194,1,1,0,1.0,1.0,1.0,0.5138680255555728
10000,195,1,1,0,1.0,1.0,1.0,0.5138680255555728
10000,196,1,1,0,1.0,1.0,1.0,0.5138680255555728
10000,197,1,1,0,1.0,1.0,1.0,0.5138680255555728
10000,198,1,1,0,1.0,1.0,1.0,0.5138680255555728
10000,199,1,1,0,1.0,1.0,1.0,0.5138680255555728
10000,200,1,1,0,1.0,1.0,1.0,0.5138680255555728
10000,201,1,1,0,1.0,1.0,1.0,0.5138680255555728
10000,202,1,1,0,1.0,1.0,1.0,0.5138680255555728
10000,203,1,1,0,1.0,1.0,1.0,0.5138680255555728
10000,204,1,1,0,1.0,1.0,1.0,0.5138680255555728
10000,205,1,1,0,1.0,1.0,1.0,0.5138680255555728
10000,206,1,1,0,1.0,1.0,1.0,0.5138680255555728
10000,207,1,1,0,1.0,1.0,1.0,0.5138680255555728
10000,208,1,1,0,1.0,1.0,1.0,0.5138680255555728
10000,209,1,1,0,1.0,1.0,1.0,0.5138680255555728
10000,210,1,1,0,1.0,1.0,1.0,0.5138680255555728
10000,211,1,1,0,1.0,1.0,1.0,0.5138680255555728
10000,212,1,1,0,1.0,1.0,1.0,0.5138680255555728
10000,213,1,1,0,1.0,1.0,1.0,0.5138680255555728
10000,214,1,1,0,1.0,1.0,1.0,0.5138680255555728
10000,215,1,1,0,1.0,1.0,1.0,0.5138680255555728
10000,216,1,1,0,1.0,1.0,1.0,0.5138680255555728
10000,217,1,1,0,1.0,1.0,1.0,0.5138680255555728
10000,218,1,1,0,1.0,1.0,1.0,0.5138680255555728
10000,219,1,1,0,1.0,1.0,1.0,0.5138680255555728
10000,220,1,1,0,1.0,1.0,1.0,0.5138680255555728
10000,221,1,1,0,1.0,1.0,1.0,0.5138680255555728
10000,222,1,1,0,1.0,1.0,1.0,0.5138680255555728
10000,223,1,1,0,1.0,1.0,1.0,0.5138680255555728
10000,224,1,1,0,1.0,1.0,1.0,0.5138680255555728
10000,225,1,1,0,1.0,1.0,1.0,0.5138680255555728
10000,226,1,1,0,1.0,1.0,1.0,0.5138680255555728
10000,227,1,1,0,1.0,1.0,1.0,0.5138680255555728
10000,228,1,1,0,1.0,1.0,1.0,0.5138680255555728
10000,229,1,1,0,1.0,1.0,1.0,0.5138680255555728
10000,230,1,1,0,1.0,1.0,1.0,0.5138680255555728
10000,231,1,1,0,1.0,1.0,1.0,0.5138680255555728
10000,232,1,1,0,1.0,1.0,1.0,0.5138680255555728
10000,233,1,1,0,1.0,1.0,1.0,0.5138680255555728
10000,234,1,1,0,1.0,1.0,1.0,0.5138680255555728
10000,235,1,1,0,1.0,1.0,1.0,0.5138680255555728
10000,236,1,1,0,1.0,1.0,1.0,0.5138680255555728
10000,237,1,1,0,1.0,1.0,1.0,0.5138680255555728
10000,238,1,1,0,1.0,1.0,1.0,0.5138680255555728
10000,239,1,1,0,1.0,1.0,1.0,0.5138680255555728
10000,240,1,1,0,1.0,1.0,1.0,0.5138680255555728
10000,241,1,1,0,1.0,1.0,1.0,0.5138680255555728
10000,242,1,1,0,1.0,1.0,1.0,0.5138680255555728
10000,243,1,1,0,1.0,1.0,1.0,0.5138680255555728
10000,244,1,1,0,1.0,1.0,1.0,0.5138680255555728
10000,245,1,1,0,1.0,1.0,1.0,0.5138680255555728
10000,246,1,1,0,1.0,1.0,1.0,0.5138680255555728
10000,247,1,1,0,1.0,1.0,1.0,0.5138680255555728
10000,248,1,1,0,1.0,1.0,1.0,0.5138680255555728
10000,249,1,1,0,1.0,1.0,1.0,0.5138680255555728
10000,250,1,1,0,1.0,1.0,1.0,0.5138680255555728
10000,251,1,1,0,1.0,1.0,1.0,0.5138680255555728
10000,252,1,1,0,1.0,1.0,1.0,0.5138680255555728
10000,253,1,1,0,1.0,1.0,1.0,0.5138680255555728
10000,254,1,1,0,1.0,1.0,1.0,0.5138680255555728
10000,255,1,1,0,1.0,1.0,1.0,0.5138680255555728
10000,256,1,1,0,1.0,1.0,1.0,0.5138680255555728
10000,257,1,1,0,1.0,1.0,1.0,0.5138680255555728
10000,258,1,1,0,1.0,1.0,1.0,0.5138680255555728
10000,259,1,1,0,1.0,1.0,1.0,0.5138680255555728
10000,260,1,1,0,1.0,1.0,1.0,0.5138680255555728
10000,261,1,1,0,1.0,1.0,1.0,0.5138680255555728
10000,262,1,1,0,1.0,1.0,1.0,0.5138680255555728
10000,263,1,1,0,1.0,1.0,1.0,0.5138680255555728
10000,264,1,1,0,1.0,1.0,1.0,0.5138680255555728
10000,265,1,1,0,1.0,1.0,1.0,0.5138680255555728
10000,266,1,1,0,1.0,1.0,1.0,0.5138680255555728
10000,267,1,1,0,1.0,1.0,1.0,0.5138680255555728
10000,268,1,1,0,1.0,1.0,1.0,0.5138680255555728
10000,269,1,1,0,1.0,1.0,1.0,0.5138680255555728
10000,270,1,1,0,1.0,1.0,1.0,0.5138680255555728
10000,271,1,1,0,1.0,1.0,1.0,0.5138680255555728
10000,272,1,1,0,1.0,1.0,1.0,0.5138680255555728
10000,273,1,1,0,1.0,1.0,1.0,0.5138680255555728
10000,274,1,1,0,1.0,1.0,1.0,0.5138680255555728
10000,275,1,1,0,1.0,1.0,1.0,0.5138680255555728
10000,276,1,1,0,1.0,1.0,1.0,0.5138680255555728
10000,277,1,1,0,1.0,1.0,1.0,0.5138680255555728
10000,278,1,1,0,1.0,1.0,1.0,0.5138680255555728
10000,279,1,1,0,1.0,1.0,1.0,0.5138680255555728
10000,280,1,1,0,1.0,1.0,1.0,0.5138680255555728
10000,281,1,1,0,1.0,1.0,1.0,0.5138680255555728
10000,282,1,1,0,1.0,1.0,1.0,0.5138680255555728
10000,283,1,1,0,1.0,1.0,1.0,0.5138680255555728
10000,284,1,1,0,1.0,1.0,1.0,0.5138680255555728
10000,285,1,1,0,1.0,1.0,1.0,0.5138680255555728
10000,286,1,1,0,1.0,1.0,1.0,0.5138680255555728
10000,287,1,1,0,1.0,1.0,1.0,0.5138680255555728
10000,288,1,1,0,1.0,1.0,1.0,0.5138680255555728
10000,289,1,1,0,1.0,1.0,1.0,0.5138680255555728
10000,290,1,1,0,1.0,1.0,1.0,0.5138680255555728
10000,291,1,1,0,1.0,1.0,1.0,0.5138680255555728
10000,292,1,1,0,1.0,1.0,1.0,0.5138680255555728
10000,293,1,1,0,1.0,1.0,1.0,0.5138680255555728
10000,294,1,1,0,1.0,1.0,1.0,0.5138680255555728
10000,295,1,1,0,1.0,1.0,1.0,0.5138680255555728
10000,296,1,1,0,1.0,1.0,1.0,0.5138680255555728
10000,297,1,1,0,1.0,1.0,1.0,0.5138680255555728
10000,298,1,1,0,1.0,1.0,1.0,0.5138680255555728
10000,299,1,1,0,1.0,1.0,1.0,0.5138680255555728
