regime,n,seed,ica_runtime_sec,W_hash,method,draw,status,selection_runtime_sec,total_runtime_sec,ari,exact,partition_exact,threshold_w_used,enumeration_cap_hit,enumeration_timed_out,chosen_is_stable,enumeration_runtime_sec,enumeration_rounds,n_candidates_enumerated,n_stable_candidates,permutation_admissible,min_abs_selected_diagonal
hard,10000,0,0.03157629101769999,53d07996f5deab5eb6f4a7140b66ff7278a1d1a1a7381d84ae4a92a8792acc91,ours,0,ok,8.483300916850567e-05,0.03166112402686849,1.0,1.0,1.0,0.1,False,False,,,,,,,
hard,10000,0,0.03157629101769999,53d07996f5deab5eb6f4a7140b66ff7278a1d1a1a7381d84ae4a92a8792acc91,enum_first_stable,0,ok,11.085019833990373,11.116596125008073,1.0,1.0,1.0,0.1,False,False,True,11.085016375000123,"[{'threshold': 0.1, 'n_candidates_enumerated': 96, 'enumeration_cap_hit': False, 'enumeration_timed_out': False}]",96.0,1.0,,
hard,10000,0,0.03157629101769999,53d07996f5deab5eb6f4a7140b66ff7278a1d1a1a7381d84ae4a92a8792acc91,enum_uniform_random,0,ok,11.085049958026502,11.116626249044202,1.0,1.0,1.0,0.1,False,False,False,11.085016375000123,"[{'threshold': 0.1, 'n_candidates_enumerated': 96, 'enumeration_cap_hit': False, 'enumeration_timed_out': False}]",96.0,1.0,,
hard,10000,0,0.03157629101769999,53d07996f5deab5eb6f4a7140b66ff7278a1d1a1a7381d84ae4a92a8792acc91,enum_uniform_random,1,ok,11.08503075002227,11.11660704103997,1.0,1.0,1.0,0.1,False,False,False,11.085016375000123,"[{'threshold': 0.1, 'n_candidates_enumerated': 96, 'enumeration_cap_hit': False, 'enumeration_timed_out': False}]",96.0,1.0,,
hard,10000,0,0.03157629101769999,53d07996f5deab5eb6f4a7140b66ff7278a1d1a1a7381d84ae4a92a8792acc91,enum_uniform_random,2,ok,11.085028667002916,11.116604958020616,0.848966613672496,0.0,0.0,0.1,False,False,False,11.085016375000123,"[{'threshold': 0.1, 'n_candidates_enumerated': 96, 'enumeration_cap_hit': False, 'enumeration_timed_out': False}]",96.0,1.0,,
hard,10000,0,0.03157629101769999,53d07996f5deab5eb6f4a7140b66ff7278a1d1a1a7381d84ae4a92a8792acc91,enum_uniform_random,3,ok,11.085028583998792,11.116604875016492,1.0,1.0,1.0,0.1,False,False,False,11.085016375000123,"[{'threshold': 0.1, 'n_candidates_enumerated': 96, 'enumeration_cap_hit': False, 'enumeration_timed_out': False}]",96.0,1.0,,
hard,10000,0,0.03157629101769999,53d07996f5deab5eb6f4a7140b66ff7278a1d1a1a7381d84ae4a92a8792acc91,enum_uniform_random,4,ok,11.085026791028213,11.116603082045913,1.0,1.0,1.0,0.1,False,False,False,11.085016375000123,"[{'threshold': 0.1, 'n_candidates_enumerated': 96, 'enumeration_cap_hit': False, 'enumeration_timed_out': False}]",96.0,1.0,,
hard,10000,0,0.03157629101769999,53d07996f5deab5eb6f4a7140b66ff7278a1d1a1a7381d84ae4a92a8792acc91,arbitrary_control,0,ok,6.70839799568057e-05,0.03164337499765679,0.0,0.0,0.0,,False,False,,,,,,False,0.0005110442248732107
hard,10000,0,0.03157629101769999,53d07996f5deab5eb6f4a7140b66ff7278a1d1a1a7381d84ae4a92a8792acc91,arbitrary_control,1,ok,3.3791991882026196e-05,0.03161008300958201,0.01098901098901099,0.0,0.0,,False,False,,,,,,False,0.0014008464445639615
hard,10000,0,0.03157629101769999,53d07996f5deab5eb6f4a7140b66ff7278a1d1a1a7381d84ae4a92a8792acc91,arbitrary_control,2,ok,2.90420139208436e-05,0.03160533303162083,0.0,0.0,0.0,,False,False,,,,,,False,0.0004235637609828315
hard,10000,0,0.03157629101769999,53d07996f5deab5eb6f4a7140b66ff7278a1d1a1a7381d84ae4a92a8792acc91,arbitrary_control,3,ok,2.8083042707294226e-05,0.03160437406040728,0.0,0.0,0.0,,False,False,,,,,,False,0.0008383245869335658
hard,10000,0,0.03157629101769999,53d07996f5deab5eb6f4a7140b66ff7278a1d1a1a7381d84ae4a92a8792acc91,arbitrary_control,4,ok,4.4000043999403715e-05,0.03162029106169939,0.0,0.0,0.0,,False,False,,,,,,False,0.0006195693529851031
hard,10000,1,0.02020083402749151,ebf3d376aa62faece4a21a4db2907ba959d2dd4fffba5c1a942e32f4be618fce,enum_first_stable,0,ok,0.6379660830134526,0.6581669170409441,1.0,1.0,1.0,0.1,False,False,True,0.6379607080016285,"[{'threshold': 0.1, 'n_candidates_enumerated': 1088, 'enumeration_cap_hit': False, 'enumeration_timed_out': False}]",1088.0,1.0,,
hard,10000,1,0.02020083402749151,ebf3d376aa62faece4a21a4db2907ba959d2dd4fffba5c1a942e32f4be618fce,enum_uniform_random,0,ok,0.6379977919859812,0.6581986260134727,0.6671208876776329,0.0,0.0,0.1,False,False,False,0.6379607080016285,"[{'threshold': 0.1, 'n_candidates_enumerated': 1088, 'enumeration_cap_hit': False, 'enumeration_timed_out': False}]",1088.0,1.0,,
hard,10000,1,0.02020083402749151,ebf3d376aa62faece4a21a4db2907ba959d2dd4fffba5c1a942e32f4be618fce,enum_uniform_random,1,ok,0.6379767920006998,0.6581776260281913,0.6671208876776329,0.0,0.0,0.1,False,False,False,0.6379607080016285,"[{'threshold': 0.1, 'n_candidates_enumerated': 1088, 'enumeration_cap_hit': False, 'enumeration_timed_out': False}]",1088.0,1.0,,
hard,10000,1,0.02020083402749151,ebf3d376aa62faece4a21a4db2907ba959d2dd4fffba5c1a942e32f4be618fce,enum_uniform_random,2,ok,0.6379755410016514,0.658176375029143,1.0,1.0,1.0,0.1,False,False,False,0.6379607080016285,"[{'threshold': 0.1, 'n_candidates_enumerated': 1088, 'enumeration_cap_hit': False, 'enumeration_timed_out': False}]",1088.0,1.0,,
hard,10000,1,0.02020083402749151,ebf3d376aa62faece4a21a4db2907ba959d2dd4fffba5c1a942e32f4be618fce,enum_uniform_random,3,ok,0.6379784169839695,0.658179251011461,0.46836623659256954,0.0,0.0,0.1,False,False,False,0.6379607080016285,"[{'threshold': 0.1, 'n_candidates_enumerated': 1088, 'enumeration_cap_hit': False, 'enumeration_timed_out': False}]",1088.0,1.0,,
hard,10000,1,0.02020083402749151,ebf3d376aa62faece4a21a4db2907ba959d2dd4fffba5c1a942e32f4be618fce,enum_uniform_random,4,ok,0.6379827079945244,0.6581835420220159,0.6671208876776329,0.0,0.0,0.1,False,False,False,0.6379607080016285,"[{'threshold': 0.1, 'n_candidates_enumerated': 1088, 'enumeration_cap_hit': False, 'enumeration_timed_out': False}]",1088.0,1.0,,
hard,10000,1,0.02020083402749151,ebf3d376aa62faece4a21a4db2907ba959d2dd4fffba5c1a942e32f4be618fce,arbitrary_control,0,ok,6.17500045336783e-05,0.020262584032025188,0.0,0.0,0.0,,False,False,,,,,,False,0.006662861176397903
hard,10000,1,0.02020083402749151,ebf3d376aa62faece4a21a4db2907ba959d2dd4fffba5c1a942e32f4be618fce,arbitrary_control,1,ok,3.0792027246207e-05,0.020231626054737717,0.0,0.0,0.0,,False,False,,,,,,False,0.0021406063858885457
hard,10000,1,0.02020083402749151,ebf3d376aa62faece4a21a4db2907ba959d2dd4fffba5c1a942e32f4be618fce,arbitrary_control,2,ok,3.287498839199543e-05,0.020233709015883505,0.0,0.0,0.0,,False,False,,,,,,False,0.0029395505627389834
hard,10000,1,0.02020083402749151,ebf3d376aa62faece4a21a4db2907ba959d2dd4fffba5c1a942e32f4be618fce,arbitrary_control,3,ok,2.7250032871961594e-05,0.02022808406036347,0.0,0.0,0.0,,False,False,,,,,,False,0.00024204018382619535
hard,10000,1,0.02020083402749151,ebf3d376aa62faece4a21a4db2907ba959d2dd4fffba5c1a942e32f4be618fce,arbitrary_control,4,ok,2.9084039852023125e-05,0.020229918067343533,0.0,0.0,0.0,,False,False,,,,,,False,0.0013099528634452364
hard,10000,1,0.02020083402749151,ebf3d376aa62faece4a21a4db2907ba959d2dd4fffba5c1a942e32f4be618fce,ours,0,ok,5.0957954954355955e-05,0.020251791982445866,1.0,1.0,1.0,0.1,False,False,,,,,,,
hard,10000,2,0.017797208041884005,f3773e4d1c21ede60beaad68883f0866e3952a9cf6279c88609c4a61cd0cb0af,arbitrary_control,0,ok,7.462501525878906e-05,0.017871833057142794,0.0,0.0,0.0,,False,False,,,,,,False,0.0006955645064082553
hard,10000,2,0.017797208041884005,f3773e4d1c21ede60beaad68883f0866e3952a9cf6279c88609c4a61cd0cb0af,arbitrary_control,1,ok,3.8207974284887314e-05,0.017835416016168892,0.020227560050568902,0.0,0.0,,False,False,,,,,,False,0.0004975568576067546
hard,10000,2,0.017797208041884005,f3773e4d1c21ede60beaad68883f0866e3952a9cf6279c88609c4a61cd0cb0af,arbitrary_control,2,ok,3.0791969038546085e-05,0.01782800001092255,0.0,0.0,0.0,,False,False,,,,,,False,0.0005425741516957031
hard,10000,2,0.017797208041884005,f3773e4d1c21ede60beaad68883f0866e3952a9cf6279c88609c4a61cd0cb0af,arbitrary_control,3,ok,2.7958012651652098e-05,0.017825166054535657,0.0,0.0,0.0,,False,False,,,,,,False,0.0012466951220917255
hard,10000,2,0.017797208041884005,f3773e4d1c21ede60beaad68883f0866e3952a9cf6279c88609c4a61cd0cb0af,arbitrary_control,4,ok,2.512504579499364e-05,0.017822333087679,0.0,0.0,0.0,,False,False,,,,,,False,5.0553589659356745e-05
hard,10000,2,0.017797208041884005,f3773e4d1c21ede60beaad68883f0866e3952a9cf6279c88609c4a61cd0cb0af,ours,0,ok,4.3791020289063454e-05,0.01784099906217307,1.0,1.0,1.0,0.1,False,False,,,,,,,
hard,10000,2,0.017797208041884005,f3773e4d1c21ede60beaad68883f0866e3952a9cf6279c88609c4a61cd0cb0af,enum_first_stable,0,ok,0.016096750972792506,0.03389395901467651,1.0,1.0,1.0,0.1,False,False,True,0.016094834019895643,"[{'threshold': 0.1, 'n_candidates_enumerated': 288, 'enumeration_cap_hit': False, 'enumeration_timed_out': False}]",288.0,1.0,,
hard,10000,2,0.017797208041884005,f3773e4d1c21ede60beaad68883f0866e3952a9cf6279c88609c4a61cd0cb0af,enum_uniform_random,0,ok,0.016167959023732692,0.0339651670656167,1.0,1.0,1.0,0.1,False,False,False,0.016094834019895643,"[{'threshold': 0.1, 'n_candidates_enumerated': 288, 'enumeration_cap_hit': False, 'enumeration_timed_out': False}]",288.0,1.0,,
hard,10000,2,0.017797208041884005,f3773e4d1c21ede60beaad68883f0866e3952a9cf6279c88609c4a61cd0cb0af,enum_uniform_random,1,ok,0.016113125020638108,0.03391033306252211,0.6945337620578779,0.0,0.0,0.1,False,False,False,0.016094834019895643,"[{'threshold': 0.1, 'n_candidates_enumerated': 288, 'enumeration_cap_hit': False, 'enumeration_timed_out': False}]",288.0,1.0,,
hard,10000,2,0.017797208041884005,f3773e4d1c21ede60beaad68883f0866e3952a9cf6279c88609c4a61cd0cb0af,enum_uniform_random,2,ok,0.016107542032841593,0.0339047500747256,0.6945337620578779,0.0,0.0,0.1,False,False,False,0.016094834019895643,"[{'threshold': 0.1, 'n_candidates_enumerated': 288, 'enumeration_cap_hit': False, 'enumeration_timed_out': False}]",288.0,1.0,,
hard,10000,2,0.017797208041884005,f3773e4d1c21ede60beaad68883f0866e3952a9cf6279c88609c4a61cd0cb0af,enum_uniform_random,3,ok,0.016106459021102637,0.03390366706298664,1.0,1.0,1.0,0.1,False,False,False,0.016094834019895643,"[{'threshold': 0.1, 'n_candidates_enumerated': 288, 'enumeration_cap_hit': False, 'enumeration_timed_out': False}]",288.0,1.0,,
hard,10000,2,0.017797208041884005,f3773e4d1c21ede60beaad68883f0866e3952a9cf6279c88609c4a61cd0cb0af,enum_uniform_random,4,ok,0.016105417045764625,0.03390262508764863,1.0,1.0,1.0,0.1,False,False,False,0.016094834019895643,"[{'threshold': 0.1, 'n_candidates_enumerated': 288, 'enumeration_cap_hit': False, 'enumeration_timed_out': False}]",288.0,1.0,,
hard,10000,3,0.0177696660393849,3172eca50ed0fa24d6965140c671bd9326ee2b722046f4ef32ab778fe4637a5d,ours,0,ok,4.979199729859829e-05,0.0178194580366835,1.0,1.0,1.0,0.1,False,False,,,,,,,
hard,10000,3,0.0177696660393849,3172eca50ed0fa24d6965140c671bd9326ee2b722046f4ef32ab778fe4637a5d,enum_first_stable,0,ok,0.19984670798294246,0.21761637402232736,1.0,1.0,1.0,0.1,False,False,True,0.1998369579669088,"[{'threshold': 0.1, 'n_candidates_enumerated': 1920, 'enumeration_cap_hit': False, 'enumeration_timed_out': False}]",1920.0,1.0,,
hard,10000,3,0.0177696660393849,3172eca50ed0fa24d6965140c671bd9326ee2b722046f4ef32ab778fe4637a5d,enum_uniform_random,0,ok,0.19987454096553847,0.21764420700492337,1.0,0.0,1.0,0.1,False,False,False,0.1998369579669088,"[{'threshold': 0.1, 'n_candidates_enumerated': 1920, 'enumeration_cap_hit': False, 'enumeration_timed_out': False}]",1920.0,1.0,,
hard,10000,3,0.0177696660393849,3172eca50ed0fa24d6965140c671bd9326ee2b722046f4ef32ab778fe4637a5d,enum_uniform_random,1,ok,0.19985987496329471,0.21762954100267962,1.0,1.0,1.0,0.1,False,False,False,0.1998369579669088,"[{'threshold': 0.1, 'n_candidates_enumerated': 1920, 'enumeration_cap_hit': False, 'enumeration_timed_out': False}]",1920.0,1.0,,
hard,10000,3,0.0177696660393849,3172eca50ed0fa24d6965140c671bd9326ee2b722046f4ef32ab778fe4637a5d,enum_uniform_random,2,ok,0.1998525409726426,0.2176222070120275,1.0,1.0,1.0,0.1,False,False,False,0.1998369579669088,"[{'threshold': 0.1, 'n_candidates_enumerated': 1920, 'enumeration_cap_hit': False, 'enumeration_timed_out': False}]",1920.0,1.0,,
hard,10000,3,0.0177696660393849,3172eca50ed0fa24d6965140c671bd9326ee2b722046f4ef32ab778fe4637a5d,enum_uniform_random,3,ok,0.1998515409650281,0.217621207004413,1.0,1.0,1.0,0.1,False,False,False,0.1998369579669088,"[{'threshold': 0.1, 'n_candidates_enumerated': 1920, 'enumeration_cap_hit': False, 'enumeration_timed_out': False}]",1920.0,1.0,,
hard,10000,3,0.0177696660393849,3172eca50ed0fa24d6965140c671bd9326ee2b722046f4ef32ab778fe4637a5d,enum_uniform_random,4,ok,0.1998505409574136,0.21762020699679852,1.0,1.0,1.0,0.1,False,False,False,0.1998369579669088,"[{'threshold': 0.1, 'n_candidates_enumerated': 1920, 'enumeration_cap_hit': False, 'enumeration_timed_out': False}]",1920.0,1.0,,
hard,10000,3,0.0177696660393849,3172eca50ed0fa24d6965140c671bd9326ee2b722046f4ef32ab778fe4637a5d,arbitrary_control,0,ok,4.370900569483638e-05,0.017813375045079738,0.024390243902439025,0.0,0.0,,False,False,,,,,,False,0.00046632900371246276
hard,10000,3,0.0177696660393849,3172eca50ed0fa24d6965140c671bd9326ee2b722046f4ef32ab778fe4637a5d,arbitrary_control,1,ok,4.208303289487958e-05,0.01781174907227978,0.0,0.0,0.0,,False,False,,,,,,False,0.0001913261085687151
hard,10000,3,0.0177696660393849,3172eca50ed0fa24d6965140c671bd9326ee2b722046f4ef32ab778fe4637a5d,arbitrary_control,2,ok,5.3499999921768904e-05,0.01782316603930667,0.0,0.0,0.0,,False,False,,,,,,False,0.0025685099007213743
hard,10000,3,0.0177696660393849,3172eca50ed0fa24d6965140c671bd9326ee2b722046f4ef32ab778fe4637a5d,arbitrary_control,3,ok,2.9749993700534105e-05,0.017799416033085436,0.024390243902439025,0.0,0.0,,False,False,,,,,,False,6.394583748523768e-05
hard,10000,3,0.0177696660393849,3172eca50ed0fa24d6965140c671bd9326ee2b722046f4ef32ab778fe4637a5d,arbitrary_control,4,ok,2.6250025257468224e-05,0.01779591606464237,0.0,0.0,0.0,,False,False,,,,,,False,0.0013655875492321959
hard,10000,4,0.014847124984953552,e76424c5e837a76b833a120515889315e3275854ad570df3d07665497e1bc328,enum_first_stable,0,ok,19.29787954100175,19.312726665986702,1.0,1.0,1.0,0.1,False,False,True,19.297876166005153,"[{'threshold': 0.1, 'n_candidates_enumerated': 144, 'enumeration_cap_hit': False, 'enumeration_timed_out': False}]",144.0,1.0,,
hard,10000,4,0.014847124984953552,e76424c5e837a76b833a120515889315e3275854ad570df3d07665497e1bc328,enum_uniform_random,0,ok,19.29792104102671,19.312768166011665,1.0,1.0,1.0,0.1,False,False,False,19.297876166005153,"[{'threshold': 0.1, 'n_candidates_enumerated': 144, 'enumeration_cap_hit': False, 'enumeration_timed_out': False}]",144.0,1.0,,
hard,10000,4,0.014847124984953552,e76424c5e837a76b833a120515889315e3275854ad570df3d07665497e1bc328,enum_uniform_random,1,ok,19.2978968739626,19.312743998947553,1.0,1.0,1.0,0.1,False,False,False,19.297876166005153,"[{'threshold': 0.1, 'n_candidates_enumerated': 144, 'enumeration_cap_hit': False, 'enumeration_timed_out': False}]",144.0,1.0,,
hard,10000,4,0.014847124984953552,e76424c5e837a76b833a120515889315e3275854ad570df3d07665497e1bc328,enum_uniform_random,2,ok,19.297888206958305,19.31273533194326,1.0,1.0,1.0,0.1,False,False,False,19.297876166005153,"[{'threshold': 0.1, 'n_candidates_enumerated': 144, 'enumeration_cap_hit': False, 'enumeration_timed_out': False}]",144.0,1.0,,
hard,10000,4,0.014847124984953552,e76424c5e837a76b833a120515889315e3275854ad570df3d07665497e1bc328,enum_uniform_random,3,ok,19.297887457010802,19.312734581995755,1.0,1.0,1.0,0.1,False,False,False,19.297876166005153,"[{'threshold': 0.1, 'n_candidates_enumerated': 144, 'enumeration_cap_hit': False, 'enumeration_timed_out': False}]",144.0,1.0,,
hard,10000,4,0.014847124984953552,e76424c5e837a76b833a120515889315e3275854ad570df3d07665497e1bc328,enum_uniform_random,4,ok,19.29788670700509,19.312733831990045,1.0,1.0,1.0,0.1,False,False,False,19.297876166005153,"[{'threshold': 0.1, 'n_candidates_enumerated': 144, 'enumeration_cap_hit': False, 'enumeration_timed_out': False}]",144.0,1.0,,
hard,10000,4,0.014847124984953552,e76424c5e837a76b833a120515889315e3275854ad570df3d07665497e1bc328,arbitrary_control,0,ok,7.754197577014565e-05,0.014924666960723698,0.0,0.0,0.0,,False,False,,,,,,False,0.0003395005381978982
hard,10000,4,0.014847124984953552,e76424c5e837a76b833a120515889315e3275854ad570df3d07665497e1bc328,arbitrary_control,1,ok,5.0125003326684237e-05,0.014897249988280237,0.0,0.0,0.0,,False,False,,,,,,False,0.0018762654632409248
hard,10000,4,0.014847124984953552,e76424c5e837a76b833a120515889315e3275854ad570df3d07665497e1bc328,arbitrary_control,2,ok,4.016701132059097e-05,0.014887291996274143,0.0,0.0,0.0,,False,False,,,,,,False,0.0032242737611005807
hard,10000,4,0.014847124984953552,e76424c5e837a76b833a120515889315e3275854ad570df3d07665497e1bc328,arbitrary_control,3,ok,3.2790994737297297e-05,0.01487991597969085,0.0,0.0,0.0,,False,False,,,,,,False,0.0008996964949529946
hard,10000,4,0.014847124984953552,e76424c5e837a76b833a120515889315e3275854ad570df3d07665497e1bc328,arbitrary_control,4,ok,5.1166978664696217e-05,0.014898291963618249,0.0,0.0,0.0,,False,False,,,,,,False,0.0019506497422081923
hard,10000,4,0.014847124984953552,e76424c5e837a76b833a120515889315e3275854ad570df3d07665497e1bc328,ours,0,ok,4.862499190494418e-05,0.014895749976858497,1.0,1.0,1.0,0.1,False,False,,,,,,,
hard,10000,5,0.01754112495109439,052964345cc9302e84a9bb9f5582f2531b624b1486f44e6f1479a8bec0c4c850,arbitrary_control,0,ok,8.970900671556592e-05,0.017630833957809955,0.0,0.0,0.0,,False,False,,,,,,False,0.00028456470365612453
hard,10000,5,0.01754112495109439,052964345cc9302e84a9bb9f5582f2531b624b1486f44e6f1479a8bec0c4c850,arbitrary_control,1,ok,5.058303941041231e-05,0.0175917079905048,0.0,0.0,0.0,,False,False,,,,,,False,0.00032112137813125363
hard,10000,5,0.01754112495109439,052964345cc9302e84a9bb9f5582f2531b624b1486f44e6f1479a8bec0c4c850,arbitrary_control,2,ok,3.187498077750206e-05,0.01757299993187189,0.0,0.0,0.0,,False,False,,,,,,False,0.0010294930209980744
hard,10000,5,0.01754112495109439,052964345cc9302e84a9bb9f5582f2531b624b1486f44e6f1479a8bec0c4c850,arbitrary_control,3,ok,2.929195761680603e-05,0.017570416908711195,0.0,0.0,0.0,,False,False,,,,,,False,0.0010294930209980744
hard,10000,5,0.01754112495109439,052964345cc9302e84a9bb9f5582f2531b624b1486f44e6f1479a8bec0c4c850,arbitrary_control,4,ok,4.754198016598821e-05,0.017588666931260377,0.0,0.0,0.0,,False,False,,,,,,False,0.00032112137813125363
hard,10000,5,0.01754112495109439,052964345cc9302e84a9bb9f5582f2531b624b1486f44e6f1479a8bec0c4c850,ours,0,ok,4.374998388811946e-05,0.01758487493498251,1.0,1.0,1.0,0.1,False,False,,,,,,,
hard,10000,5,0.01754112495109439,052964345cc9302e84a9bb9f5582f2531b624b1486f44e6f1479a8bec0c4c850,enum_first_stable,0,ok,2.721052666020114,2.7385937909712084,1.0,1.0,1.0,0.1,False,False,True,2.7210418329923414,"[{'threshold': 0.1, 'n_candidates_enumerated': 2016, 'enumeration_cap_hit': False, 'enumeration_timed_out': False}]",2016.0,1.0,,
hard,10000,5,0.01754112495109439,052964345cc9302e84a9bb9f5582f2531b624b1486f44e6f1479a8bec0c4c850,enum_uniform_random,0,ok,2.72109529201407,2.7386364169651642,1.0,1.0,1.0,0.1,False,False,False,2.7210418329923414,"[{'threshold': 0.1, 'n_candidates_enumerated': 2016, 'enumeration_cap_hit': False, 'enumeration_timed_out': False}]",2016.0,1.0,,
hard,10000,5,0.01754112495109439,052964345cc9302e84a9bb9f5582f2531b624b1486f44e6f1479a8bec0c4c850,enum_uniform_random,1,ok,2.72106241597794,2.7386035409290344,1.0,1.0,1.0,0.1,False,False,False,2.7210418329923414,"[{'threshold': 0.1, 'n_candidates_enumerated': 2016, 'enumeration_cap_hit': False, 'enumeration_timed_out': False}]",2016.0,1.0,,
hard,10000,5,0.01754112495109439,052964345cc9302e84a9bb9f5582f2531b624b1486f44e6f1479a8bec0c4c850,enum_uniform_random,2,ok,2.721058292023372,2.7385994169744663,1.0,1.0,1.0,0.1,False,False,False,2.7210418329923414,"[{'threshold': 0.1, 'n_candidates_enumerated': 2016, 'enumeration_cap_hit': False, 'enumeration_timed_out': False}]",2016.0,1.0,,
hard,10000,5,0.01754112495109439,052964345cc9302e84a9bb9f5582f2531b624b1486f44e6f1479a8bec0c4c850,enum_uniform_random,3,ok,2.721057542017661,2.7385986669687554,0.24227318045862412,0.0,0.0,0.1,False,False,False,2.7210418329923414,"[{'threshold': 0.1, 'n_candidates_enumerated': 2016, 'enumeration_cap_hit': False, 'enumeration_timed_out': False}]",2016.0,1.0,,
hard,10000,5,0.01754112495109439,052964345cc9302e84a9bb9f5582f2531b624b1486f44e6f1479a8bec0c4c850,enum_uniform_random,4,ok,2.7210605409927666,2.738601665943861,0.24227318045862412,0.0,0.0,0.1,False,False,False,2.7210418329923414,"[{'threshold': 0.1, 'n_candidates_enumerated': 2016, 'enumeration_cap_hit': False, 'enumeration_timed_out': False}]",2016.0,1.0,,
hard,10000,6,0.014255375019274652,a5c9b2a78b0f35a4b5210b5ed08163405dfbc4adc7c267eac15819a1e20496b3,ours,0,ok,6.754201604053378e-05,0.014322917035315186,1.0,1.0,1.0,0.1,False,False,,,,,,,
hard,10000,6,0.014255375019274652,a5c9b2a78b0f35a4b5210b5ed08163405dfbc4adc7c267eac15819a1e20496b3,enum_first_stable,0,ok,2.288938749989029,2.3031941250083037,1.0,1.0,1.0,0.1,False,False,True,2.288926250010263,"[{'threshold': 0.1, 'n_candidates_enumerated': 960, 'enumeration_cap_hit': False, 'enumeration_timed_out': False}]",960.0,1.0,,
hard,10000,6,0.014255375019274652,a5c9b2a78b0f35a4b5210b5ed08163405dfbc4adc7c267eac15819a1e20496b3,enum_uniform_random,0,ok,2.2889692910248414,2.303224666044116,0.09173328937608176,0.0,0.0,0.1,False,False,False,2.288926250010263,"[{'threshold': 0.1, 'n_candidates_enumerated': 960, 'enumeration_cap_hit': False, 'enumeration_timed_out': False}]",960.0,1.0,,
hard,10000,6,0.014255375019274652,a5c9b2a78b0f35a4b5210b5ed08163405dfbc4adc7c267eac15819a1e20496b3,enum_uniform_random,1,ok,2.28895195905352,2.3032073340727948,0.09173328937608176,0.0,0.0,0.1,False,False,False,2.288926250010263,"[{'threshold': 0.1, 'n_candidates_enumerated': 960, 'enumeration_cap_hit': False, 'enumeration_timed_out': False}]",960.0,1.0,,
hard,10000,6,0.014255375019274652,a5c9b2a78b0f35a4b5210b5ed08163405dfbc4adc7c267eac15819a1e20496b3,enum_uniform_random,2,ok,2.2889427090412937,2.3031980840605684,0.09173328937608176,0.0,0.0,0.1,False,False,False,2.288926250010263,"[{'threshold': 0.1, 'n_candidates_enumerated': 960, 'enumeration_cap_hit': False, 'enumeration_timed_out': False}]",960.0,1.0,,
hard,10000,6,0.014255375019274652,a5c9b2a78b0f35a4b5210b5ed08163405dfbc4adc7c267eac15819a1e20496b3,enum_uniform_random,3,ok,2.288939666992519,2.3031950420117937,0.09173328937608176,0.0,0.0,0.1,False,False,False,2.288926250010263,"[{'threshold': 0.1, 'n_candidates_enumerated': 960, 'enumeration_cap_hit': False, 'enumeration_timed_out': False}]",960.0,1.0,,
hard,10000,6,0.014255375019274652,a5c9b2a78b0f35a4b5210b5ed08163405dfbc4adc7c267eac15819a1e20496b3,enum_uniform_random,4,ok,2.2889392920187674,2.303194667038042,0.09173328937608176,0.0,0.0,0.1,False,False,False,2.288926250010263,"[{'threshold': 0.1, 'n_candidates_enumerated': 960, 'enumeration_cap_hit': False, 'enumeration_timed_out': False}]",960.0,1.0,,
hard,10000,6,0.014255375019274652,a5c9b2a78b0f35a4b5210b5ed08163405dfbc4adc7c267eac15819a1e20496b3,arbitrary_control,0,ok,6.187503458932042e-05,0.014317250053863972,0.0,0.0,0.0,,False,False,,,,,,False,0.0028796533779867073
hard,10000,6,0.014255375019274652,a5c9b2a78b0f35a4b5210b5ed08163405dfbc4adc7c267eac15819a1e20496b3,arbitrary_control,1,ok,3.541703335940838e-05,0.01429079205263406,0.0,0.0,0.0,,False,False,,,,,,False,0.001753942080979556
hard,10000,6,0.014255375019274652,a5c9b2a78b0f35a4b5210b5ed08163405dfbc4adc7c267eac15819a1e20496b3,arbitrary_control,2,ok,2.883397974073887e-05,0.014284208999015391,0.0,0.0,0.0,,False,False,,,,,,False,0.001753942080979556
hard,10000,6,0.014255375019274652,a5c9b2a78b0f35a4b5210b5ed08163405dfbc4adc7c267eac15819a1e20496b3,arbitrary_control,3,ok,4.083302337676287e-05,0.014296208042651415,0.0,0.0,0.0,,False,False,,,,,,False,0.0007047911160867384
hard,10000,6,0.014255375019274652,a5c9b2a78b0f35a4b5210b5ed08163405dfbc4adc7c267eac15819a1e20496b3,arbitrary_control,4,ok,2.887495793402195e-05,0.014284249977208674,0.0,0.0,0.0,,False,False,,,,,,False,0.0016983140672345795
hard,10000,7,0.01784450002014637,8858722ee1db8eb807b0ce6297f166505ee93ecdaa0131944af520b4fa2a95a6,enum_first_stable,0,ok,2.394667082990054,2.4125115830102004,1.0,1.0,1.0,0.1,False,False,True,2.3946579580078833,"[{'threshold': 0.1, 'n_candidates_enumerated': 336, 'enumeration_cap_hit': False, 'enumeration_timed_out': False}]",336.0,1.0,,
hard,10000,7,0.01784450002014637,8858722ee1db8eb807b0ce6297f166505ee93ecdaa0131944af520b4fa2a95a6,enum_uniform_random,0,ok,2.3947104159742594,2.4125549159944057,1.0,1.0,1.0,0.1,False,False,False,2.3946579580078833,"[{'threshold': 0.1, 'n_candidates_enumerated': 336, 'enumeration_cap_hit': False, 'enumeration_timed_out': False}]",336.0,1.0,,
hard,10000,7,0.01784450002014637,8858722ee1db8eb807b0ce6297f166505ee93ecdaa0131944af520b4fa2a95a6,enum_uniform_random,1,ok,2.3946743329870515,2.412518833007198,0.6682188591385332,0.0,0.0,0.1,False,False,False,2.3946579580078833,"[{'threshold': 0.1, 'n_candidates_enumerated': 336, 'enumeration_cap_hit': False, 'enumeration_timed_out': False}]",336.0,1.0,,
hard,10000,7,0.01784450002014637,8858722ee1db8eb807b0ce6297f166505ee93ecdaa0131944af520b4fa2a95a6,enum_uniform_random,2,ok,2.39467029098887,2.4125147910090163,0.6682188591385332,0.0,0.0,0.1,False,False,False,2.3946579580078833,"[{'threshold': 0.1, 'n_candidates_enumerated': 336, 'enumeration_cap_hit': False, 'enumeration_timed_out': False}]",336.0,1.0,,
hard,10000,7,0.01784450002014637,8858722ee1db8eb807b0ce6297f166505ee93ecdaa0131944af520b4fa2a95a6,enum_uniform_random,3,ok,2.3946691660094075,2.412513666029554,1.0,1.0,1.0,0.1,False,False,False,2.3946579580078833,"[{'threshold': 0.1, 'n_candidates_enumerated': 336, 'enumeration_cap_hit': False, 'enumeration_timed_out': False}]",336.0,1.0,,
hard,10000,7,0.01784450002014637,8858722ee1db8eb807b0ce6297f166505ee93ecdaa0131944af520b4fa2a95a6,enum_uniform_random,4,ok,2.394668916007504,2.4125134160276502,1.0,1.0,1.0,0.1,False,False,False,2.3946579580078833,"[{'threshold': 0.1, 'n_candidates_enumerated': 336, 'enumeration_cap_hit': False, 'enumeration_timed_out': False}]",336.0,1.0,,
hard,10000,7,0.01784450002014637,8858722ee1db8eb807b0ce6297f166505ee93ecdaa0131944af520b4fa2a95a6,arbitrary_control,0,ok,6.683298852294683e-05,0.017911333008669317,0.0,0.0,0.0,,False,False,,,,,,False,0.0014841759266878763
hard,10000,7,0.01784450002014637,8858722ee1db8eb807b0ce6297f166505ee93ecdaa0131944af520b4fa2a95a6,arbitrary_control,1,ok,5.1915994845330715e-05,0.0178964160149917,0.017521902377972465,0.0,0.0,,False,False,,,,,,False,0.0021932433831370417
hard,10000,7,0.01784450002014637,8858722ee1db8eb807b0ce6297f166505ee93ecdaa0131944af520b4fa2a95a6,arbitrary_control,2,ok,3.479095175862312e-05,0.017879290971904993,0.0,0.0,0.0,,False,False,,,,,,False,0.0010274522561299867
hard,10000,7,0.01784450002014637,8858722ee1db8eb807b0ce6297f166505ee93ecdaa0131944af520b4fa2a95a6,arbitrary_control,3,ok,2.783298259600997e-05,0.01787233300274238,0.0,0.0,0.0,,False,False,,,,,,False,0.0039796672857260835
hard,10000,7,0.01784450002014637,8858722ee1db8eb807b0ce6297f166505ee93ecdaa0131944af520b4fa2a95a6,arbitrary_control,4,ok,2.7582980692386627e-05,0.017872083000838757,0.0,0.0,0.0,,False,False,,,,,,False,2.2202178551316465e-05
hard,10000,7,0.01784450002014637,8858722ee1db8eb807b0ce6297f166505ee93ecdaa0131944af520b4fa2a95a6,ours,0,ok,4.9916969146579504e-05,0.01789441698929295,1.0,1.0,1.0,0.1,False,False,,,,,,,
hard,10000,8,0.013827542017679662,40a6fccf28c346829c8f8caddde2bb0295daae56b62715ce6f1583e77e340d66,arbitrary_control,0,ok,6.870896322652698e-05,0.013896250980906188,0.0,0.0,0.0,,False,False,,,,,,False,0.00023831652959376196
hard,10000,8,0.013827542017679662,40a6fccf28c346829c8f8caddde2bb0295daae56b62715ce6f1583e77e340d66,arbitrary_control,1,ok,5.6750024668872356e-05,0.013884292042348534,0.0,0.0,0.0,,False,False,,,,,,False,0.002513574178611131
hard,10000,8,0.013827542017679662,40a6fccf28c346829c8f8caddde2bb0295daae56b62715ce6f1583e77e340d66,arbitrary_control,2,ok,3.600004129111767e-05,0.01386354205897078,0.0,0.0,0.0,,False,False,,,,,,False,0.0006417444303476612
hard,10000,8,0.013827542017679662,40a6fccf28c346829c8f8caddde2bb0295daae56b62715ce6f1583e77e340d66,arbitrary_control,3,ok,2.8291018679738045e-05,0.0138558330363594,0.0,0.0,0.0,,False,False,,,,,,False,0.0012902911659530664
hard,10000,8,0.013827542017679662,40a6fccf28c346829c8f8caddde2bb0295daae56b62715ce6f1583e77e340d66,arbitrary_control,4,ok,2.679199678823352e-05,0.013854334014467895,0.0,0.0,0.0,,False,False,,,,,,False,0.003028600048453693
hard,10000,8,0.013827542017679662,40a6fccf28c346829c8f8caddde2bb0295daae56b62715ce6f1583e77e340d66,ours,0,ok,4.4208019971847534e-05,0.013871750037651509,1.0,1.0,1.0,0.1,False,False,,,,,,,
hard,10000,8,0.013827542017679662,40a6fccf28c346829c8f8caddde2bb0295daae56b62715ce6f1583e77e340d66,enum_first_stable,0,ok,2.7139733750373125,2.727800917054992,1.0,1.0,1.0,0.1,False,False,True,2.7137882920214906,"[{'threshold': 0.1, 'n_candidates_enumerated': 30336, 'enumeration_cap_hit': False, 'enumeration_timed_out': False}]",30336.0,1.0,,
hard,10000,8,0.013827542017679662,40a6fccf28c346829c8f8caddde2bb0295daae56b62715ce6f1583e77e340d66,enum_uniform_random,0,ok,2.7138830000185408,2.7277105420362204,0.5259759319049017,0.0,0.0,0.1,False,False,False,2.7137882920214906,"[{'threshold': 0.1, 'n_candidates_enumerated': 30336, 'enumeration_cap_hit': False, 'enumeration_timed_out': False}]",30336.0,1.0,,
hard,10000,8,0.013827542017679662,40a6fccf28c346829c8f8caddde2bb0295daae56b62715ce6f1583e77e340d66,enum_uniform_random,1,ok,2.7138725420227274,2.727700084040407,1.0,1.0,1.0,0.1,False,False,False,2.7137882920214906,"[{'threshold': 0.1, 'n_candidates_enumerated': 30336, 'enumeration_cap_hit': False, 'enumeration_timed_out': False}]",30336.0,1.0,,
hard,10000,8,0.013827542017679662,40a6fccf28c346829c8f8caddde2bb0295daae56b62715ce6f1583e77e340d66,enum_uniform_random,2,ok,2.713872250984423,2.7276997930021025,1.0,1.0,1.0,0.1,False,False,False,2.7137882920214906,"[{'threshold': 0.1, 'n_candidates_enumerated': 30336, 'enumeration_cap_hit': False, 'enumeration_timed_out': False}]",30336.0,1.0,,
hard,10000,8,0.013827542017679662,40a6fccf28c346829c8f8caddde2bb0295daae56b62715ce6f1583e77e340d66,enum_uniform_random,3,ok,2.713859042036347,2.7276865840540268,1.0,1.0,1.0,0.1,False,False,False,2.7137882920214906,"[{'threshold': 0.1, 'n_candidates_enumerated': 30336, 'enumeration_cap_hit': False, 'enumeration_timed_out': False}]",30336.0,1.0,,
hard,10000,8,0.013827542017679662,40a6fccf28c346829c8f8caddde2bb0295daae56b62715ce6f1583e77e340d66,enum_uniform_random,4,ok,2.7138717920170166,2.727699334034696,1.0,1.0,1.0,0.1,False,False,False,2.7137882920214906,"[{'threshold': 0.1, 'n_candidates_enumerated': 30336, 'enumeration_cap_hit': False, 'enumeration_timed_out': False}]",30336.0,1.0,,
hard,10000,9,0.01507091597886756,531c127d433f5d81a7f587d4312db18e0d8d16ee88b3cc6f3908a64103cb45fe,ours,0,ok,8.450000314041972e-05,0.01515541598200798,1.0,1.0,1.0,0.1,False,False,,,,,,,
hard,10000,9,0.01507091597886756,531c127d433f5d81a7f587d4312db18e0d8d16ee88b3cc6f3908a64103cb45fe,enum_first_stable,0,ok,57.47085366601823,57.4859245819971,1.0,1.0,1.0,0.1,False,False,True,57.47083233302692,"[{'threshold': 0.1, 'n_candidates_enumerated': 336, 'enumeration_cap_hit': False, 'enumeration_timed_out': False}]",336.0,1.0,,
hard,10000,9,0.01507091597886756,531c127d433f5d81a7f587d4312db18e0d8d16ee88b3cc6f3908a64103cb45fe,enum_uniform_random,0,ok,57.47099691606127,57.486067832040135,0.017521902377972465,0.0,0.0,0.1,False,False,False,57.47083233302692,"[{'threshold': 0.1, 'n_candidates_enumerated': 336, 'enumeration_cap_hit': False, 'enumeration_timed_out': False}]",336.0,1.0,,
hard,10000,9,0.01507091597886756,531c127d433f5d81a7f587d4312db18e0d8d16ee88b3cc6f3908a64103cb45fe,enum_uniform_random,1,ok,57.47084654105129,57.485917457030155,0.23066182630550125,0.0,0.0,0.1,False,False,False,57.47083233302692,"[{'threshold': 0.1, 'n_candidates_enumerated': 336, 'enumeration_cap_hit': False, 'enumeration_timed_out': False}]",336.0,1.0,,
hard,10000,9,0.01507091597886756,531c127d433f5d81a7f587d4312db18e0d8d16ee88b3cc6f3908a64103cb45fe,enum_uniform_random,2,ok,57.47084508300759,57.48591599898646,1.0,1.0,1.0,0.1,False,False,False,57.47083233302692,"[{'threshold': 0.1, 'n_candidates_enumerated': 336, 'enumeration_cap_hit': False, 'enumeration_timed_out': False}]",336.0,1.0,,
hard,10000,9,0.01507091597886756,531c127d433f5d81a7f587d4312db18e0d8d16ee88b3cc6f3908a64103cb45fe,enum_uniform_random,3,ok,57.470843583054375,57.48591449903324,0.3643122676579926,0.0,0.0,0.1,False,False,False,57.47083233302692,"[{'threshold': 0.1, 'n_candidates_enumerated': 336, 'enumeration_cap_hit': False, 'enumeration_timed_out': False}]",336.0,1.0,,
hard,10000,9,0.01507091597886756,531c127d433f5d81a7f587d4312db18e0d8d16ee88b3cc6f3908a64103cb45fe,enum_uniform_random,4,ok,57.47084291698411,57.48591383296298,0.3643122676579926,0.0,0.0,0.1,False,False,False,57.47083233302692,"[{'threshold': 0.1, 'n_candidates_enumerated': 336, 'enumeration_cap_hit': False, 'enumeration_timed_out': False}]",336.0,1.0,,
hard,10000,9,0.01507091597886756,531c127d433f5d81a7f587d4312db18e0d8d16ee88b3cc6f3908a64103cb45fe,arbitrary_control,0,ok,5.800003418698907e-05,0.01512891601305455,0.0,0.0,0.0,,False,False,,,,,,False,0.0003098623336102331
hard,10000,9,0.01507091597886756,531c127d433f5d81a7f587d4312db18e0d8d16ee88b3cc6f3908a64103cb45fe,arbitrary_control,1,ok,2.924998989328742e-05,0.015100165968760848,0.0,0.0,0.0,,False,False,,,,,,False,0.001379001109471996
hard,10000,9,0.01507091597886756,531c127d433f5d81a7f587d4312db18e0d8d16ee88b3cc6f3908a64103cb45fe,arbitrary_control,2,ok,2.5290995836257935e-05,0.015096206974703819,0.0,0.0,0.0,,False,False,,,,,,False,0.001119079807886187
hard,10000,9,0.01507091597886756,531c127d433f5d81a7f587d4312db18e0d8d16ee88b3cc6f3908a64103cb45fe,arbitrary_control,3,ok,2.475001383572817e-05,0.015095665992703289,0.0,0.0,0.0,,False,False,,,,,,False,0.001119079807886187
hard,10000,9,0.01507091597886756,531c127d433f5d81a7f587d4312db18e0d8d16ee88b3cc6f3908a64103cb45fe,arbitrary_control,4,ok,2.4041044525802135e-05,0.015094957023393363,0.0,0.0,0.0,,False,False,,,,,,False,0.00014962193487285487
hard,10000,10,0.017440415977034718,403516d308e41291b54ca6bac9fc0a97988c6eb870128d738757b388b11bd790,enum_first_stable,0,ok,0.21450975100742653,0.23195016698446125,1.0,1.0,1.0,0.1,False,False,True,0.21450545900734141,"[{'threshold': 0.1, 'n_candidates_enumerated': 1152, 'enumeration_cap_hit': False, 'enumeration_timed_out': False}]",1152.0,1.0,,
hard,10000,10,0.017440415977034718,403516d308e41291b54ca6bac9fc0a97988c6eb870128d738757b388b11bd790,enum_uniform_random,0,ok,0.21453725098399445,0.23197766696102917,0.19682110246871828,0.0,0.0,0.1,False,False,False,0.21450545900734141,"[{'threshold': 0.1, 'n_candidates_enumerated': 1152, 'enumeration_cap_hit': False, 'enumeration_timed_out': False}]",1152.0,1.0,,
hard,10000,10,0.017440415977034718,403516d308e41291b54ca6bac9fc0a97988c6eb870128d738757b388b11bd790,enum_uniform_random,1,ok,0.21452070900704712,0.23196112498408183,0.19682110246871828,0.0,0.0,0.1,False,False,False,0.21450545900734141,"[{'threshold': 0.1, 'n_candidates_enumerated': 1152, 'enumeration_cap_hit': False, 'enumeration_timed_out': False}]",1152.0,1.0,,
hard,10000,10,0.017440415977034718,403516d308e41291b54ca6bac9fc0a97988c6eb870128d738757b388b11bd790,enum_uniform_random,2,ok,0.21451895899372175,0.23195937497075647,0.19682110246871828,0.0,0.0,0.1,False,False,False,0.21450545900734141,"[{'threshold': 0.1, 'n_candidates_enumerated': 1152, 'enumeration_cap_hit': False, 'enumeration_timed_out': False}]",1152.0,1.0,,
hard,10000,10,0.017440415977034718,403516d308e41291b54ca6bac9fc0a97988c6eb870128d738757b388b11bd790,enum_uniform_random,3,ok,0.2145183760439977,0.23195879202103242,1.0,1.0,1.0,0.1,False,False,False,0.21450545900734141,"[{'threshold': 0.1, 'n_candidates_enumerated': 1152, 'enumeration_cap_hit': False, 'enumeration_timed_out': False}]",1152.0,1.0,,
hard,10000,10,0.017440415977034718,403516d308e41291b54ca6bac9fc0a97988c6eb870128d738757b388b11bd790,enum_uniform_random,4,ok,0.21451754204463214,0.23195795802166685,1.0,1.0,1.0,0.1,False,False,False,0.21450545900734141,"[{'threshold': 0.1, 'n_candidates_enumerated': 1152, 'enumeration_cap_hit': False, 'enumeration_timed_out': False}]",1152.0,1.0,,
hard,10000,10,0.017440415977034718,403516d308e41291b54ca6bac9fc0a97988c6eb870128d738757b388b11bd790,arbitrary_control,0,ok,3.32500203512609e-05,0.01747366599738598,0.0,0.0,0.0,,False,False,,,,,,False,0.0020910807086975875
hard,10000,10,0.017440415977034718,403516d308e41291b54ca6bac9fc0a97988c6eb870128d738757b388b11bd790,arbitrary_control,1,ok,2.7665984816849232e-05,0.017468081961851567,0.0,0.0,0.0,,False,False,,,,,,False,0.00039285137619546876
hard,10000,10,0.017440415977034718,403516d308e41291b54ca6bac9fc0a97988c6eb870128d738757b388b11bd790,arbitrary_control,2,ok,2.4333014152944088e-05,0.017464748991187662,0.0,0.0,0.0,,False,False,,,,,,False,0.0005417469598863189
hard,10000,10,0.017440415977034718,403516d308e41291b54ca6bac9fc0a97988c6eb870128d738757b388b11bd790,arbitrary_control,3,ok,2.354203024879098e-05,0.01746395800728351,0.0,0.0,0.0,,False,False,,,,,,False,0.001603085014268774
hard,10000,10,0.017440415977034718,403516d308e41291b54ca6bac9fc0a97988c6eb870128d738757b388b11bd790,arbitrary_control,4,ok,2.341700019314885e-05,0.017463832977227867,0.0,0.0,0.0,,False,False,,,,,,False,0.0011226293627585328
hard,10000,10,0.017440415977034718,403516d308e41291b54ca6bac9fc0a97988c6eb870128d738757b388b11bd790,ours,0,ok,3.749999450519681e-05,0.017477915971539915,1.0,1.0,1.0,0.1,False,False,,,,,,,
hard,10000,11,0.014228624990209937,8bafdca5a6024e9f39ee343dc851e6e7eea50498692f76cb836e24a96d58eb04,arbitrary_control,0,ok,3.975001163780689e-05,0.014268375001847744,0.0,0.0,0.0,,False,False,,,,,,False,0.003379475128312918
hard,10000,11,0.014228624990209937,8bafdca5a6024e9f39ee343dc851e6e7eea50498692f76cb836e24a96d58eb04,arbitrary_control,1,ok,2.620898885652423e-05,0.014254833979066461,0.0,0.0,0.0,,False,False,,,,,,False,0.0013330603865359626
hard,10000,11,0.014228624990209937,8bafdca5a6024e9f39ee343dc851e6e7eea50498692f76cb836e24a96d58eb04,arbitrary_control,2,ok,2.4374981876462698e-05,0.0142529999720864,0.0,0.0,0.0,,False,False,,,,,,False,0.0005403689945281181
hard,10000,11,0.014228624990209937,8bafdca5a6024e9f39ee343dc851e6e7eea50498692f76cb836e24a96d58eb04,arbitrary_control,3,ok,2.3707980290055275e-05,0.014252332970499992,0.0,0.0,0.0,,False,False,,,,,,False,0.003379475128312918
hard,10000,11,0.014228624990209937,8bafdca5a6024e9f39ee343dc851e6e7eea50498692f76cb836e24a96d58eb04,arbitrary_control,4,ok,2.3374974261969328e-05,0.014251999964471906,0.0,0.0,0.0,,False,False,,,,,,False,0.0019870022159299665
hard,10000,11,0.014228624990209937,8bafdca5a6024e9f39ee343dc851e6e7eea50498692f76cb836e24a96d58eb04,ours,0,ok,3.125000512227416e-05,0.014259874995332211,1.0,1.0,1.0,0.1,False,False,,,,,,,
hard,10000,11,0.014228624990209937,8bafdca5a6024e9f39ee343dc851e6e7eea50498692f76cb836e24a96d58eb04,enum_first_stable,0,ok,60.000057583034504,60.014286208024714,1.0,1.0,1.0,0.1,False,True,False,60.00002670800313,"[{'threshold': 0.1, 'n_candidates_enumerated': 2688, 'enumeration_cap_hit': False, 'enumeration_timed_out': True}]",2688.0,0.0,,
hard,10000,11,0.014228624990209937,8bafdca5a6024e9f39ee343dc851e6e7eea50498692f76cb836e24a96d58eb04,enum_uniform_random,0,ok,60.00007287500193,60.01430149999214,1.0,1.0,1.0,0.1,False,True,False,60.00002670800313,"[{'threshold': 0.1, 'n_candidates_enumerated': 2688, 'enumeration_cap_hit': False, 'enumeration_timed_out': True}]",2688.0,0.0,,
hard,10000,11,0.014228624990209937,8bafdca5a6024e9f39ee343dc851e6e7eea50498692f76cb836e24a96d58eb04,enum_uniform_random,1,ok,60.00004600000102,60.01427462499123,1.0,1.0,1.0,0.1,False,True,False,60.00002670800313,"[{'threshold': 0.1, 'n_candidates_enumerated': 2688, 'enumeration_cap_hit': False, 'enumeration_timed_out': True}]",2688.0,0.0,,
hard,10000,11,0.014228624990209937,8bafdca5a6024e9f39ee343dc851e6e7eea50498692f76cb836e24a96d58eb04,enum_uniform_random,2,ok,60.00004249997437,60.01427112496458,1.0,1.0,1.0,0.1,False,True,False,60.00002670800313,"[{'threshold': 0.1, 'n_candidates_enumerated': 2688, 'enumeration_cap_hit': False, 'enumeration_timed_out': True}]",2688.0,0.0,,
hard,10000,11,0.014228624990209937,8bafdca5a6024e9f39ee343dc851e6e7eea50498692f76cb836e24a96d58eb04,enum_uniform_random,3,ok,60.00004299997818,60.01427162496839,0.39083969465648855,0.0,0.0,0.1,False,True,False,60.00002670800313,"[{'threshold': 0.1, 'n_candidates_enumerated': 2688, 'enumeration_cap_hit': False, 'enumeration_timed_out': True}]",2688.0,0.0,,
hard,10000,11,0.014228624990209937,8bafdca5a6024e9f39ee343dc851e6e7eea50498692f76cb836e24a96d58eb04,enum_uniform_random,4,ok,60.00004291697405,60.01427154196426,0.6695652173913044,0.0,0.0,0.1,False,True,False,60.00002670800313,"[{'threshold': 0.1, 'n_candidates_enumerated': 2688, 'enumeration_cap_hit': False, 'enumeration_timed_out': True}]",2688.0,0.0,,
hard,10000,12,0.018352292012423277,50b9eae975a8b0779451ac6d514981296dcbd7b9591682c6a64e8c84bc72c83a,ours,0,ok,5.020800745114684e-05,0.018402500019874424,1.0,1.0,1.0,0.1,False,False,,,,,,,
hard,10000,12,0.018352292012423277,50b9eae975a8b0779451ac6d514981296dcbd7b9591682c6a64e8c84bc72c83a,enum_first_stable,0,ok,0.2393348750192672,0.2576871670316905,1.0,1.0,1.0,0.1,False,False,True,0.23932141700061038,"[{'threshold': 0.1, 'n_candidates_enumerated': 1920, 'enumeration_cap_hit': False, 'enumeration_timed_out': False}]",1920.0,1.0,,
hard,10000,12,0.018352292012423277,50b9eae975a8b0779451ac6d514981296dcbd7b9591682c6a64e8c84bc72c83a,enum_uniform_random,0,ok,0.23934891703538597,0.25770120904780924,1.0,1.0,1.0,0.1,False,False,False,0.23932141700061038,"[{'threshold': 0.1, 'n_candidates_enumerated': 1920, 'enumeration_cap_hit': False, 'enumeration_timed_out': False}]",1920.0,1.0,,
hard,10000,12,0.018352292012423277,50b9eae975a8b0779451ac6d514981296dcbd7b9591682c6a64e8c84bc72c83a,enum_uniform_random,1,ok,0.23933558398857713,0.2576878760010004,0.22309453712790317,0.0,0.0,0.1,False,False,False,0.23932141700061038,"[{'threshold': 0.1, 'n_candidates_enumerated': 1920, 'enumeration_cap_hit': False, 'enumeration_timed_out': False}]",1920.0,1.0,,
hard,10000,12,0.018352292012423277,50b9eae975a8b0779451ac6d514981296dcbd7b9591682c6a64e8c84bc72c83a,enum_uniform_random,2,ok,0.2393353339866735,0.2576876259990968,1.0,1.0,1.0,0.1,False,False,False,0.23932141700061038,"[{'threshold': 0.1, 'n_candidates_enumerated': 1920, 'enumeration_cap_hit': False, 'enumeration_timed_out': False}]",1920.0,1.0,,
hard,10000,12,0.018352292012423277,50b9eae975a8b0779451ac6d514981296dcbd7b9591682c6a64e8c84bc72c83a,enum_uniform_random,3,ok,0.23933541699079797,0.25768770900322124,0.8035837353549277,0.0,0.0,0.1,False,False,False,0.23932141700061038,"[{'threshold': 0.1, 'n_candidates_enumerated': 1920, 'enumeration_cap_hit': False, 'enumeration_timed_out': False}]",1920.0,1.0,,
hard,10000,12,0.018352292012423277,50b9eae975a8b0779451ac6d514981296dcbd7b9591682c6a64e8c84bc72c83a,enum_uniform_random,4,ok,0.2393341670394875,0.2576864590519108,1.0,1.0,1.0,0.1,False,False,False,0.23932141700061038,"[{'threshold': 0.1, 'n_candidates_enumerated': 1920, 'enumeration_cap_hit': False, 'enumeration_timed_out': False}]",1920.0,1.0,,
hard,10000,12,0.018352292012423277,50b9eae975a8b0779451ac6d514981296dcbd7b9591682c6a64e8c84bc72c83a,arbitrary_control,0,ok,3.566703526303172e-05,0.01838795904768631,0.0,0.0,0.0,,False,False,,,,,,False,0.00036658288071794883
hard,10000,12,0.018352292012423277,50b9eae975a8b0779451ac6d514981296dcbd7b9591682c6a64e8c84bc72c83a,arbitrary_control,1,ok,2.5457993615418673e-05,0.018377750006038696,0.0,0.0,0.0,,False,False,,,,,,False,0.00012470411312170894
hard,10000,12,0.018352292012423277,50b9eae975a8b0779451ac6d514981296dcbd7b9591682c6a64e8c84bc72c83a,arbitrary_control,2,ok,2.3667002096772194e-05,0.01837595901452005,0.0,0.0,0.0,,False,False,,,,,,False,8.359828824532112e-05
hard,10000,12,0.018352292012423277,50b9eae975a8b0779451ac6d514981296dcbd7b9591682c6a64e8c84bc72c83a,arbitrary_control,3,ok,2.3458036594092846e-05,0.01837575004901737,0.0,0.0,0.0,,False,False,,,,,,False,8.359828824532112e-05
hard,10000,12,0.018352292012423277,50b9eae975a8b0779451ac6d514981296dcbd7b9591682c6a64e8c84bc72c83a,arbitrary_control,4,ok,2.3916014470160007e-05,0.018376208026893437,0.0,0.0,0.0,,False,False,,,,,,False,0.0005220393882781807
hard,10000,13,0.013045540952589363,671b503305a2bcaa965ade41283157b3f6a5d8db4f9cc46bca6492a1aeee1fda,enum_first_stable,0,ok,1.1012120009982027,1.114257541950792,1.0,1.0,1.0,0.1,False,False,True,1.101206708990503,"[{'threshold': 0.1, 'n_candidates_enumerated': 112, 'enumeration_cap_hit': False, 'enumeration_timed_out': False}]",112.0,1.0,,
hard,10000,13,0.013045540952589363,671b503305a2bcaa965ade41283157b3f6a5d8db4f9cc46bca6492a1aeee1fda,enum_uniform_random,0,ok,1.1012615429935977,1.114307083946187,0.9174630755864466,0.0,0.0,0.1,False,False,False,1.101206708990503,"[{'threshold': 0.1, 'n_candidates_enumerated': 112, 'enumeration_cap_hit': False, 'enumeration_timed_out': False}]",112.0,1.0,,
hard,10000,13,0.013045540952589363,671b503305a2bcaa965ade41283157b3f6a5d8db4f9cc46bca6492a1aeee1fda,enum_uniform_random,1,ok,1.1012196670053527,1.114265207957942,0.9174630755864466,0.0,0.0,0.1,False,False,False,1.101206708990503,"[{'threshold': 0.1, 'n_candidates_enumerated': 112, 'enumeration_cap_hit': False, 'enumeration_timed_out': False}]",112.0,1.0,,
hard,10000,13,0.013045540952589363,671b503305a2bcaa965ade41283157b3f6a5d8db4f9cc46bca6492a1aeee1fda,enum_uniform_random,2,ok,1.1012179179815575,1.114263458934147,0.9174630755864466,0.0,0.0,0.1,False,False,False,1.101206708990503,"[{'threshold': 0.1, 'n_candidates_enumerated': 112, 'enumeration_cap_hit': False, 'enumeration_timed_out': False}]",112.0,1.0,,
hard,10000,13,0.013045540952589363,671b503305a2bcaa965ade41283157b3f6a5d8db4f9cc46bca6492a1aeee1fda,enum_uniform_random,3,ok,1.101216959010344,1.1142624999629334,1.0,1.0,1.0,0.1,False,False,False,1.101206708990503,"[{'threshold': 0.1, 'n_candidates_enumerated': 112, 'enumeration_cap_hit': False, 'enumeration_timed_out': False}]",112.0,1.0,,
hard,10000,13,0.013045540952589363,671b503305a2bcaa965ade41283157b3f6a5d8db4f9cc46bca6492a1aeee1fda,enum_uniform_random,4,ok,1.1012168339802884,1.1142623749328777,1.0,1.0,1.0,0.1,False,False,False,1.101206708990503,"[{'threshold': 0.1, 'n_candidates_enumerated': 112, 'enumeration_cap_hit': False, 'enumeration_timed_out': False}]",112.0,1.0,,
hard,10000,13,0.013045540952589363,671b503305a2bcaa965ade41283157b3f6a5d8db4f9cc46bca6492a1aeee1fda,arbitrary_control,0,ok,5.104194860905409e-05,0.013096582901198417,0.0,0.0,0.0,,False,False,,,,,,False,0.001993894081411337
hard,10000,13,0.013045540952589363,671b503305a2bcaa965ade41283157b3f6a5d8db4f9cc46bca6492a1aeee1fda,arbitrary_control,1,ok,2.9458024073392153e-05,0.013074998976662755,0.0,0.0,0.0,,False,False,,,,,,False,0.0008489543731859433
hard,10000,13,0.013045540952589363,671b503305a2bcaa965ade41283157b3f6a5d8db4f9cc46bca6492a1aeee1fda,arbitrary_control,2,ok,2.575002145022154e-05,0.013071290974039584,0.0,0.0,0.0,,False,False,,,,,,False,0.0004180006283950204
hard,10000,13,0.013045540952589363,671b503305a2bcaa965ade41283157b3f6a5d8db4f9cc46bca6492a1aeee1fda,arbitrary_control,3,ok,2.4458044208586216e-05,0.013069998996797949,0.0,0.0,0.0,,False,False,,,,,,False,0.0061647651891026615
hard,10000,13,0.013045540952589363,671b503305a2bcaa965ade41283157b3f6a5d8db4f9cc46bca6492a1aeee1fda,arbitrary_control,4,ok,2.3833010345697403e-05,0.01306937396293506,0.01486988847583643,0.0,0.0,,False,False,,,,,,False,0.0016279917670432517
hard,10000,13,0.013045540952589363,671b503305a2bcaa965ade41283157b3f6a5d8db4f9cc46bca6492a1aeee1fda,ours,0,ok,3.887503407895565e-05,0.013084415986668319,1.0,1.0,1.0,0.1,False,False,,,,,,,
hard,10000,14,0.014069917029701173,a093b26e8e33aa9e8cd54077bf9311093d8d945651d18bbfc749c63cb29c1322,arbitrary_control,0,ok,3.8166006561368704e-05,0.014108083036262542,0.0,0.0,0.0,,False,False,,,,,,False,0.0008781964385448464
hard,10000,14,0.014069917029701173,a093b26e8e33aa9e8cd54077bf9311093d8d945651d18bbfc749c63cb29c1322,arbitrary_control,1,ok,2.6999972760677338e-05,0.01409691700246185,0.0,0.0,0.0,,False,False,,,,,,False,0.0007652568260200358
hard,10000,14,0.014069917029701173,a093b26e8e33aa9e8cd54077bf9311093d8d945651d18bbfc749c63cb29c1322,arbitrary_control,2,ok,2.458301605656743e-05,0.01409450004575774,0.0,0.0,0.0,,False,False,,,,,,False,0.0011499612984295963
hard,10000,14,0.014069917029701173,a093b26e8e33aa9e8cd54077bf9311093d8d945651d18bbfc749c63cb29c1322,arbitrary_control,3,ok,2.3957982193678617e-05,0.014093875011894852,0.0,0.0,0.0,,False,False,,,,,,False,0.002120200327316015
hard,10000,14,0.014069917029701173,a093b26e8e33aa9e8cd54077bf9311093d8d945651d18bbfc749c63cb29c1322,arbitrary_control,4,ok,2.341700019314885e-05,0.014093334029894322,0.0,0.0,0.0,,False,False,,,,,,False,0.0012955955884991527
hard,10000,14,0.014069917029701173,a093b26e8e33aa9e8cd54077bf9311093d8d945651d18bbfc749c63cb29c1322,ours,0,ok,3.1540985219180584e-05,0.014101458014920354,1.0,1.0,1.0,0.1,False,False,,,,,,,
hard,10000,14,0.014069917029701173,a093b26e8e33aa9e8cd54077bf9311093d8d945651d18bbfc749c63cb29c1322,enum_first_stable,0,ok,16.172728958015796,16.186798875045497,1.0,1.0,1.0,0.1,False,False,True,16.17272487503942,"[{'threshold': 0.1, 'n_candidates_enumerated': 96, 'enumeration_cap_hit': False, 'enumeration_timed_out': False}]",96.0,1.0,,
hard,10000,14,0.014069917029701173,a093b26e8e33aa9e8cd54077bf9311093d8d945651d18bbfc749c63cb29c1322,enum_uniform_random,0,ok,16.17278433404863,16.18685425107833,1.0,1.0,1.0,0.1,False,False,False,16.17272487503942,"[{'threshold': 0.1, 'n_candidates_enumerated': 96, 'enumeration_cap_hit': False, 'enumeration_timed_out': False}]",96.0,1.0,,
hard,10000,14,0.014069917029701173,a093b26e8e33aa9e8cd54077bf9311093d8d945651d18bbfc749c63cb29c1322,enum_uniform_random,1,ok,16.17273800005205,16.18680791708175,1.0,1.0,1.0,0.1,False,False,False,16.17272487503942,"[{'threshold': 0.1, 'n_candidates_enumerated': 96, 'enumeration_cap_hit': False, 'enumeration_timed_out': False}]",96.0,1.0,,
hard,10000,14,0.014069917029701173,a093b26e8e33aa9e8cd54077bf9311093d8d945651d18bbfc749c63cb29c1322,enum_uniform_random,2,ok,16.17273583303904,16.186805750068743,1.0,1.0,1.0,0.1,False,False,False,16.17272487503942,"[{'threshold': 0.1, 'n_candidates_enumerated': 96, 'enumeration_cap_hit': False, 'enumeration_timed_out': False}]",96.0,1.0,,
hard,10000,14,0.014069917029701173,a093b26e8e33aa9e8cd54077bf9311093d8d945651d18bbfc749c63cb29c1322,enum_uniform_random,3,ok,16.172735041065607,16.18680495809531,1.0,1.0,1.0,0.1,False,False,False,16.17272487503942,"[{'threshold': 0.1, 'n_candidates_enumerated': 96, 'enumeration_cap_hit': False, 'enumeration_timed_out': False}]",96.0,1.0,,
hard,10000,14,0.014069917029701173,a093b26e8e33aa9e8cd54077bf9311093d8d945651d18bbfc749c63cb29c1322,enum_uniform_random,4,ok,16.17273470800137,16.186804625031073,1.0,1.0,1.0,0.1,False,False,False,16.17272487503942,"[{'threshold': 0.1, 'n_candidates_enumerated': 96, 'enumeration_cap_hit': False, 'enumeration_timed_out': False}]",96.0,1.0,,
hard,10000,15,0.01471787499031052,9a5a0fd449800dfe4c9f53679bd140d321b60b8a1afe7d78280b209dffc31b20,ours,0,ok,5.0875009037554264e-05,0.014768749999348074,0.7695107157298827,0.0,0.0,0.1,False,False,,,,,,,
hard,10000,15,0.01471787499031052,9a5a0fd449800dfe4c9f53679bd140d321b60b8a1afe7d78280b209dffc31b20,enum_first_stable,0,ok,60.00004658300895,60.01476445799926,0.7695107157298827,0.0,0.0,0.1,False,True,True,60.000040040991735,"[{'threshold': 0.1, 'n_candidates_enumerated': 192, 'enumeration_cap_hit': False, 'enumeration_timed_out': True}]",192.0,1.0,,
hard,10000,15,0.01471787499031052,9a5a0fd449800dfe4c9f53679bd140d321b60b8a1afe7d78280b209dffc31b20,enum_uniform_random,0,ok,60.00009533303091,60.01481320802122,0.12287700900490141,0.0,0.0,0.1,False,True,False,60.000040040991735,"[{'threshold': 0.1, 'n_candidates_enumerated': 192, 'enumeration_cap_hit': False, 'enumeration_timed_out': True}]",192.0,1.0,,
hard,10000,15,0.01471787499031052,9a5a0fd449800dfe4c9f53679bd140d321b60b8a1afe7d78280b209dffc31b20,enum_uniform_random,1,ok,60.00005304097431,60.01477091596462,0.7695107157298827,0.0,0.0,0.1,False,True,False,60.000040040991735,"[{'threshold': 0.1, 'n_candidates_enumerated': 192, 'enumeration_cap_hit': False, 'enumeration_timed_out': True}]",192.0,1.0,,
hard,10000,15,0.01471787499031052,9a5a0fd449800dfe4c9f53679bd140d321b60b8a1afe7d78280b209dffc31b20,enum_uniform_random,2,ok,60.00005100003909,60.014768875029404,0.12287700900490141,0.0,0.0,0.1,False,True,False,60.000040040991735,"[{'threshold': 0.1, 'n_candidates_enumerated': 192, 'enumeration_cap_hit': False, 'enumeration_timed_out': True}]",192.0,1.0,,
hard,10000,15,0.01471787499031052,9a5a0fd449800dfe4c9f53679bd140d321b60b8a1afe7d78280b209dffc31b20,enum_uniform_random,3,ok,60.00005033198977,60.01476820698008,0.3745743473325766,0.0,0.0,0.1,False,True,False,60.000040040991735,"[{'threshold': 0.1, 'n_candidates_enumerated': 192, 'enumeration_cap_hit': False, 'enumeration_timed_out': True}]",192.0,1.0,,
hard,10000,15,0.01471787499031052,9a5a0fd449800dfe4c9f53679bd140d321b60b8a1afe7d78280b209dffc31b20,enum_uniform_random,4,ok,60.0000503329793,60.01476820796961,0.7695107157298827,0.0,0.0,0.1,False,True,False,60.000040040991735,"[{'threshold': 0.1, 'n_candidates_enumerated': 192, 'enumeration_cap_hit': False, 'enumeration_timed_out': True}]",192.0,1.0,,
hard,10000,15,0.01471787499031052,9a5a0fd449800dfe4c9f53679bd140d321b60b8a1afe7d78280b209dffc31b20,arbitrary_control,0,ok,5.441700341179967e-05,0.01477229199372232,0.0,0.0,0.0,,False,False,,,,,,False,0.0026935144444458657
hard,10000,15,0.01471787499031052,9a5a0fd449800dfe4c9f53679bd140d321b60b8a1afe7d78280b209dffc31b20,arbitrary_control,1,ok,2.866698196157813e-05,0.014746541972272098,0.0,0.0,0.0,,False,False,,,,,,False,0.0019942816893945827
hard,10000,15,0.01471787499031052,9a5a0fd449800dfe4c9f53679bd140d321b60b8a1afe7d78280b209dffc31b20,arbitrary_control,2,ok,2.504198346287012e-05,0.01474291697377339,0.0,0.0,0.0,,False,False,,,,,,False,0.006317128751902413
hard,10000,15,0.01471787499031052,9a5a0fd449800dfe4c9f53679bd140d321b60b8a1afe7d78280b209dffc31b20,arbitrary_control,3,ok,2.4333014152944088e-05,0.014742208004463464,0.0,0.0,0.0,,False,False,,,,,,False,0.0016663225678848661
hard,10000,15,0.01471787499031052,9a5a0fd449800dfe4c9f53679bd140d321b60b8a1afe7d78280b209dffc31b20,arbitrary_control,4,ok,2.3833999875932932e-05,0.014741708990186453,0.0,0.0,0.0,,False,False,,,,,,False,0.00010337070501101176
hard,10000,16,0.01736166700720787,6c50041714ff25d3f1e377933430c35b041e963f5d3d99e5929a09f0933dd68e,enum_first_stable,0,ok,4.303947082953528,4.321308749960735,1.0,1.0,1.0,0.1,False,False,True,4.303943124949001,"[{'threshold': 0.1, 'n_candidates_enumerated': 240, 'enumeration_cap_hit': False, 'enumeration_timed_out': False}]",240.0,1.0,,
hard,10000,16,0.01736166700720787,6c50041714ff25d3f1e377933430c35b041e963f5d3d99e5929a09f0933dd68e,enum_uniform_random,0,ok,4.303980291937478,4.321341958944686,1.0,1.0,1.0,0.1,False,False,False,4.303943124949001,"[{'threshold': 0.1, 'n_candidates_enumerated': 240, 'enumeration_cap_hit': False, 'enumeration_timed_out': False}]",240.0,1.0,,
hard,10000,16,0.01736166700720787,6c50041714ff25d3f1e377933430c35b041e963f5d3d99e5929a09f0933dd68e,enum_uniform_random,1,ok,4.303956041985657,4.321317708992865,1.0,1.0,1.0,0.1,False,False,False,4.303943124949001,"[{'threshold': 0.1, 'n_candidates_enumerated': 240, 'enumeration_cap_hit': False, 'enumeration_timed_out': False}]",240.0,1.0,,
hard,10000,16,0.01736166700720787,6c50041714ff25d3f1e377933430c35b041e963f5d3d99e5929a09f0933dd68e,enum_uniform_random,2,ok,4.303953957976773,4.321315624983981,1.0,1.0,1.0,0.1,False,False,False,4.303943124949001,"[{'threshold': 0.1, 'n_candidates_enumerated': 240, 'enumeration_cap_hit': False, 'enumeration_timed_out': False}]",240.0,1.0,,
hard,10000,16,0.01736166700720787,6c50041714ff25d3f1e377933430c35b041e963f5d3d99e5929a09f0933dd68e,enum_uniform_random,3,ok,4.3039644589298405,4.321326125937048,1.0,1.0,1.0,0.1,False,False,False,4.303943124949001,"[{'threshold': 0.1, 'n_candidates_enumerated': 240, 'enumeration_cap_hit': False, 'enumeration_timed_out': False}]",240.0,1.0,,
hard,10000,16,0.01736166700720787,6c50041714ff25d3f1e377933430c35b041e963f5d3d99e5929a09f0933dd68e,enum_uniform_random,4,ok,4.30395299999509,4.321314667002298,1.0,1.0,1.0,0.1,False,False,False,4.303943124949001,"[{'threshold': 0.1, 'n_candidates_enumerated': 240, 'enumeration_cap_hit': False, 'enumeration_timed_out': False}]",240.0,1.0,,
hard,10000,16,0.01736166700720787,6c50041714ff25d3f1e377933430c35b041e963f5d3d99e5929a09f0933dd68e,arbitrary_control,0,ok,4.3666979763656855e-05,0.017405333986971527,0.0,0.0,0.0,,False,False,,,,,,False,0.0016044051072624708
hard,10000,16,0.01736166700720787,6c50041714ff25d3f1e377933430c35b041e963f5d3d99e5929a09f0933dd68e,arbitrary_control,1,ok,2.5667017325758934e-05,0.01738733402453363,0.0,0.0,0.0,,False,False,,,,,,False,0.0036507435896802553
hard,10000,16,0.01736166700720787,6c50041714ff25d3f1e377933430c35b041e963f5d3d99e5929a09f0933dd68e,arbitrary_control,2,ok,2.4667009711265564e-05,0.017386334016919136,0.0,0.0,0.0,,False,False,,,,,,False,0.0014037600448753716
hard,10000,16,0.01736166700720787,6c50041714ff25d3f1e377933430c35b041e963f5d3d99e5929a09f0933dd68e,arbitrary_control,3,ok,2.3957982193678617e-05,0.01738562498940155,0.0,0.0,0.0,,False,False,,,,,,False,0.0016413975608931884
hard,10000,16,0.01736166700720787,6c50041714ff25d3f1e377933430c35b041e963f5d3d99e5929a09f0933dd68e,arbitrary_control,4,ok,2.320797648280859e-05,0.01738487498369068,0.0,0.0,0.0,,False,False,,,,,,False,3.741838372075857e-05
hard,10000,16,0.01736166700720787,6c50041714ff25d3f1e377933430c35b041e963f5d3d99e5929a09f0933dd68e,ours,0,ok,3.637495683506131e-05,0.017398041964042932,1.0,1.0,1.0,0.1,False,False,,,,,,,
hard,10000,17,0.014127125032246113,bfee1dc9092038e3848c33691f57e189d94127d65d47ed785f6fd2f63163604f,arbitrary_control,0,ok,3.883300814777613e-05,0.014165958040393889,0.03162055335968379,0.0,0.0,,False,False,,,,,,False,0.0013202584524963717
hard,10000,17,0.014127125032246113,bfee1dc9092038e3848c33691f57e189d94127d65d47ed785f6fd2f63163604f,arbitrary_control,1,ok,2.641597529873252e-05,0.014153541007544845,0.0,0.0,0.0,,False,False,,,,,,False,0.0015517848423997895
hard,10000,17,0.014127125032246113,bfee1dc9092038e3848c33691f57e189d94127d65d47ed785f6fd2f63163604f,arbitrary_control,2,ok,2.458301605656743e-05,0.01415170804830268,0.0,0.0,0.0,,False,False,,,,,,False,0.001281372353770426
hard,10000,17,0.014127125032246113,bfee1dc9092038e3848c33691f57e189d94127d65d47ed785f6fd2f63163604f,arbitrary_control,3,ok,2.3541972041130066e-05,0.014150667004287243,0.0,0.0,0.0,,False,False,,,,,,False,0.0005538470042666281
hard,10000,17,0.014127125032246113,bfee1dc9092038e3848c33691f57e189d94127d65d47ed785f6fd2f63163604f,arbitrary_control,4,ok,2.31250305660069e-05,0.01415025006281212,0.0,0.0,0.0,,False,False,,,,,,False,0.00321845459059412
hard,10000,17,0.014127125032246113,bfee1dc9092038e3848c33691f57e189d94127d65d47ed785f6fd2f63163604f,ours,0,ok,3.058300353586674e-05,0.01415770803578198,1.0,1.0,1.0,0.1,False,False,,,,,,,
hard,10000,17,0.014127125032246113,bfee1dc9092038e3848c33691f57e189d94127d65d47ed785f6fd2f63163604f,enum_first_stable,0,ok,8.541052375978325,8.55517950101057,1.0,1.0,1.0,0.1,False,False,True,8.541004917002283,"[{'threshold': 0.1, 'n_candidates_enumerated': 3800, 'enumeration_cap_hit': False, 'enumeration_timed_out': False}]",3800.0,1.0,,
hard,10000,17,0.014127125032246113,bfee1dc9092038e3848c33691f57e189d94127d65d47ed785f6fd2f63163604f,enum_uniform_random,0,ok,8.541072416992392,8.555199542024639,0.26690876078075354,0.0,0.0,0.1,False,False,False,8.541004917002283,"[{'threshold': 0.1, 'n_candidates_enumerated': 3800, 'enumeration_cap_hit': False, 'enumeration_timed_out': False}]",3800.0,1.0,,
hard,10000,17,0.014127125032246113,bfee1dc9092038e3848c33691f57e189d94127d65d47ed785f6fd2f63163604f,enum_uniform_random,1,ok,8.541026916995179,8.555154042027425,0.26690876078075354,0.0,0.0,0.1,False,False,False,8.541004917002283,"[{'threshold': 0.1, 'n_candidates_enumerated': 3800, 'enumeration_cap_hit': False, 'enumeration_timed_out': False}]",3800.0,1.0,,
hard,10000,17,0.014127125032246113,bfee1dc9092038e3848c33691f57e189d94127d65d47ed785f6fd2f63163604f,enum_uniform_random,2,ok,8.54102345899446,8.555150584026705,0.26690876078075354,0.0,0.0,0.1,False,False,False,8.541004917002283,"[{'threshold': 0.1, 'n_candidates_enumerated': 3800, 'enumeration_cap_hit': False, 'enumeration_timed_out': False}]",3800.0,1.0,,
hard,10000,17,0.014127125032246113,bfee1dc9092038e3848c33691f57e189d94127d65d47ed785f6fd2f63163604f,enum_uniform_random,3,ok,8.541023958008736,8.555151083040982,0.26690876078075354,0.0,0.0,0.1,False,False,False,8.541004917002283,"[{'threshold': 0.1, 'n_candidates_enumerated': 3800, 'enumeration_cap_hit': False, 'enumeration_timed_out': False}]",3800.0,1.0,,
hard,10000,17,0.014127125032246113,bfee1dc9092038e3848c33691f57e189d94127d65d47ed785f6fd2f63163604f,enum_uniform_random,4,ok,8.541021541983355,8.555148667015601,0.26690876078075354,0.0,0.0,0.1,False,False,False,8.541004917002283,"[{'threshold': 0.1, 'n_candidates_enumerated': 3800, 'enumeration_cap_hit': False, 'enumeration_timed_out': False}]",3800.0,1.0,,
hard,10000,18,0.015259582956787199,f3b3cc0f618cab53464479afbc6f7a2c9eb96af245cc57dc928dc386526075bd,ours,0,ok,5.600001895800233e-05,0.015315582975745201,1.0,1.0,1.0,0.1,False,False,,,,,,,
hard,10000,18,0.015259582956787199,f3b3cc0f618cab53464479afbc6f7a2c9eb96af245cc57dc928dc386526075bd,enum_first_stable,0,ok,60.00004245899618,60.015302041952964,1.0,1.0,1.0,0.1,False,True,True,60.000034041993786,"[{'threshold': 0.1, 'n_candidates_enumerated': 576, 'enumeration_cap_hit': False, 'enumeration_timed_out': True}]",576.0,1.0,,
hard,10000,18,0.015259582956787199,f3b3cc0f618cab53464479afbc6f7a2c9eb96af245cc57dc928dc386526075bd,enum_uniform_random,0,ok,60.0000792510109,60.01533883396769,1.0,1.0,1.0,0.1,False,True,False,60.000034041993786,"[{'threshold': 0.1, 'n_candidates_enumerated': 576, 'enumeration_cap_hit': False, 'enumeration_timed_out': True}]",576.0,1.0,,
hard,10000,18,0.015259582956787199,f3b3cc0f618cab53464479afbc6f7a2c9eb96af245cc57dc928dc386526075bd,enum_uniform_random,1,ok,60.0000480839517,60.015307666908484,1.0,1.0,1.0,0.1,False,True,False,60.000034041993786,"[{'threshold': 0.1, 'n_candidates_enumerated': 576, 'enumeration_cap_hit': False, 'enumeration_timed_out': True}]",576.0,1.0,,
hard,10000,18,0.015259582956787199,f3b3cc0f618cab53464479afbc6f7a2c9eb96af245cc57dc928dc386526075bd,enum_uniform_random,2,ok,60.000046250002924,60.01530583295971,1.0,1.0,1.0,0.1,False,True,False,60.000034041993786,"[{'threshold': 0.1, 'n_candidates_enumerated': 576, 'enumeration_cap_hit': False, 'enumeration_timed_out': True}]",576.0,1.0,,
hard,10000,18,0.015259582956787199,f3b3cc0f618cab53464479afbc6f7a2c9eb96af245cc57dc928dc386526075bd,enum_uniform_random,3,ok,60.00004541699309,60.015304999949876,1.0,1.0,1.0,0.1,False,True,False,60.000034041993786,"[{'threshold': 0.1, 'n_candidates_enumerated': 576, 'enumeration_cap_hit': False, 'enumeration_timed_out': True}]",576.0,1.0,,
hard,10000,18,0.015259582956787199,f3b3cc0f618cab53464479afbc6f7a2c9eb96af245cc57dc928dc386526075bd,enum_uniform_random,4,ok,60.00004470901331,60.0153042919701,1.0,1.0,1.0,0.1,False,True,False,60.000034041993786,"[{'threshold': 0.1, 'n_candidates_enumerated': 576, 'enumeration_cap_hit': False, 'enumeration_timed_out': True}]",576.0,1.0,,
hard,10000,18,0.015259582956787199,f3b3cc0f618cab53464479afbc6f7a2c9eb96af245cc57dc928dc386526075bd,arbitrary_control,0,ok,5.616701673716307e-05,0.015315749973524362,0.0,0.0,0.0,,False,False,,,,,,False,4.0027717146664605e-06
hard,10000,18,0.015259582956787199,f3b3cc0f618cab53464479afbc6f7a2c9eb96af245cc57dc928dc386526075bd,arbitrary_control,1,ok,2.845795825123787e-05,0.015288040915038437,0.0,0.0,0.0,,False,False,,,,,,False,0.00025984918561520787
hard,10000,18,0.015259582956787199,f3b3cc0f618cab53464479afbc6f7a2c9eb96af245cc57dc928dc386526075bd,arbitrary_control,2,ok,2.5166955310851336e-05,0.01528474991209805,0.0,0.0,0.0,,False,False,,,,,,False,0.002646118962958825
hard,10000,18,0.015259582956787199,f3b3cc0f618cab53464479afbc6f7a2c9eb96af245cc57dc928dc386526075bd,arbitrary_control,3,ok,2.4083012249320745e-05,0.01528366596903652,0.0,0.0,0.0,,False,False,,,,,,False,0.0016476374099329803
hard,10000,18,0.015259582956787199,f3b3cc0f618cab53464479afbc6f7a2c9eb96af245cc57dc928dc386526075bd,arbitrary_control,4,ok,2.358300844207406e-05,0.015283165965229273,0.0,0.0,0.0,,False,False,,,,,,False,4.0027717146664605e-06
hard,10000,19,0.015614125004503876,8486fc7cdc2ae05d682abb8c3c3a0e9019d9060626187c8e9625dc66f76071e5,enum_first_stable,0,ok,47.93167675106088,47.94729087606538,1.0,1.0,1.0,0.1,False,False,True,47.93163004203234,"[{'threshold': 0.1, 'n_candidates_enumerated': 1008, 'enumeration_cap_hit': False, 'enumeration_timed_out': False}]",1008.0,1.0,,
hard,10000,19,0.015614125004503876,8486fc7cdc2ae05d682abb8c3c3a0e9019d9060626187c8e9625dc66f76071e5,enum_uniform_random,0,ok,47.93184854200808,47.94746266701259,0.45714285714285713,0.0,0.0,0.1,False,False,False,47.93163004203234,"[{'threshold': 0.1, 'n_candidates_enumerated': 1008, 'enumeration_cap_hit': False, 'enumeration_timed_out': False}]",1008.0,1.0,,
hard,10000,19,0.015614125004503876,8486fc7cdc2ae05d682abb8c3c3a0e9019d9060626187c8e9625dc66f76071e5,enum_uniform_random,1,ok,47.9316462079878,47.9472603329923,1.0,1.0,1.0,0.1,False,False,False,47.93163004203234,"[{'threshold': 0.1, 'n_candidates_enumerated': 1008, 'enumeration_cap_hit': False, 'enumeration_timed_out': False}]",1008.0,1.0,,
hard,10000,19,0.015614125004503876,8486fc7cdc2ae05d682abb8c3c3a0e9019d9060626187c8e9625dc66f76071e5,enum_uniform_random,2,ok,47.93164270906709,47.947256834071595,0.48945845390657294,0.0,0.0,0.1,False,False,False,47.93163004203234,"[{'threshold': 0.1, 'n_candidates_enumerated': 1008, 'enumeration_cap_hit': False, 'enumeration_timed_out': False}]",1008.0,1.0,,
hard,10000,19,0.015614125004503876,8486fc7cdc2ae05d682abb8c3c3a0e9019d9060626187c8e9625dc66f76071e5,enum_uniform_random,3,ok,47.93164283403894,47.94725695904344,0.22022982699835839,0.0,0.0,0.1,False,False,False,47.93163004203234,"[{'threshold': 0.1, 'n_candidates_enumerated': 1008, 'enumeration_cap_hit': False, 'enumeration_timed_out': False}]",1008.0,1.0,,
hard,10000,19,0.015614125004503876,8486fc7cdc2ae05d682abb8c3c3a0e9019d9060626187c8e9625dc66f76071e5,enum_uniform_random,4,ok,47.93164575000992,47.947259875014424,0.45714285714285713,0.0,0.0,0.1,False,False,False,47.93163004203234,"[{'threshold': 0.1, 'n_candidates_enumerated': 1008, 'enumeration_cap_hit': False, 'enumeration_timed_out': False}]",1008.0,1.0,,
hard,10000,19,0.015614125004503876,8486fc7cdc2ae05d682abb8c3c3a0e9019d9060626187c8e9625dc66f76071e5,arbitrary_control,0,ok,0.00012912496458739042,0.015743249969091266,0.0,0.0,0.0,,False,False,,,,,,False,0.00017471817037898802
hard,10000,19,0.015614125004503876,8486fc7cdc2ae05d682abb8c3c3a0e9019d9060626187c8e9625dc66f76071e5,arbitrary_control,1,ok,2.829195000231266e-05,0.01564241695450619,0.0,0.0,0.0,,False,False,,,,,,False,0.003485582304171625
hard,10000,19,0.015614125004503876,8486fc7cdc2ae05d682abb8c3c3a0e9019d9060626187c8e9625dc66f76071e5,arbitrary_control,2,ok,2.6582973077893257e-05,0.01564070797758177,0.0,0.0,0.0,,False,False,,,,,,False,0.000679287158733984
hard,10000,19,0.015614125004503876,8486fc7cdc2ae05d682abb8c3c3a0e9019d9060626187c8e9625dc66f76071e5,arbitrary_control,3,ok,2.458301605656743e-05,0.015638708020560443,0.0,0.0,0.0,,False,False,,,,,,False,1.8400014226051445e-05
hard,10000,19,0.015614125004503876,8486fc7cdc2ae05d682abb8c3c3a0e9019d9060626187c8e9625dc66f76071e5,arbitrary_control,4,ok,2.3915956262499094e-05,0.015638040960766375,0.0,0.0,0.0,,False,False,,,,,,False,0.00017471817037898802
hard,10000,19,0.015614125004503876,8486fc7cdc2ae05d682abb8c3c3a0e9019d9060626187c8e9625dc66f76071e5,ours,0,ok,9.262497769668698e-05,0.015706749982200563,1.0,1.0,1.0,0.1,False,False,,,,,,,
hard,10000,20,0.015487249998841435,54059431bda56bd115271b614f1060213e8071c65132690ebd7e917dd3ec4310,arbitrary_control,0,ok,8.412502938881516e-05,0.01557137502823025,0.0,0.0,0.0,,False,False,,,,,,False,0.001216251199655593
hard,10000,20,0.015487249998841435,54059431bda56bd115271b614f1060213e8071c65132690ebd7e917dd3ec4310,arbitrary_control,1,ok,3.570900298655033e-05,0.015522959001827985,0.0,0.0,0.0,,False,False,,,,,,False,0.001216251199655593
hard,10000,20,0.015487249998841435,54059431bda56bd115271b614f1060213e8071c65132690ebd7e917dd3ec4310,arbitrary_control,2,ok,2.9207963962107897e-05,0.015516457962803543,0.0,0.0,0.0,,False,False,,,,,,False,0.0009728753658923448
hard,10000,20,0.015487249998841435,54059431bda56bd115271b614f1060213e8071c65132690ebd7e917dd3ec4310,arbitrary_control,3,ok,2.6082969270646572e-05,0.015513332968112081,0.0,0.0,0.0,,False,False,,,,,,False,0.0019305597460560445
hard,10000,20,0.015487249998841435,54059431bda56bd115271b614f1060213e8071c65132690ebd7e917dd3ec4310,arbitrary_control,4,ok,2.5334011297672987e-05,0.015512584010139108,0.0,0.0,0.0,,False,False,,,,,,False,5.25409189956995e-05
hard,10000,20,0.015487249998841435,54059431bda56bd115271b614f1060213e8071c65132690ebd7e917dd3ec4310,ours,0,ok,3.629201091825962e-05,0.015523542009759694,1.0,1.0,1.0,0.1,False,False,,,,,,,
hard,10000,20,0.015487249998841435,54059431bda56bd115271b614f1060213e8071c65132690ebd7e917dd3ec4310,enum_first_stable,0,ok,60.000048624991905,60.015535874990746,0.2753197981457575,0.0,0.0,0.1,False,True,False,60.0000336249941,"[{'threshold': 0.1, 'n_candidates_enumerated': 1020, 'enumeration_cap_hit': False, 'enumeration_timed_out': True}]",1020.0,0.0,,
hard,10000,20,0.015487249998841435,54059431bda56bd115271b614f1060213e8071c65132690ebd7e917dd3ec4310,enum_uniform_random,0,ok,60.00009029096691,60.01557754096575,0.2753197981457575,0.0,0.0,0.1,False,True,False,60.0000336249941,"[{'threshold': 0.1, 'n_candidates_enumerated': 1020, 'enumeration_cap_hit': False, 'enumeration_timed_out': True}]",1020.0,0.0,,
hard,10000,20,0.015487249998841435,54059431bda56bd115271b614f1060213e8071c65132690ebd7e917dd3ec4310,enum_uniform_random,1,ok,60.00004779204028,60.01553504203912,0.2753197981457575,0.0,0.0,0.1,False,True,False,60.0000336249941,"[{'threshold': 0.1, 'n_candidates_enumerated': 1020, 'enumeration_cap_hit': False, 'enumeration_timed_out': True}]",1020.0,0.0,,
hard,10000,20,0.015487249998841435,54059431bda56bd115271b614f1060213e8071c65132690ebd7e917dd3ec4310,enum_uniform_random,2,ok,60.000046833010856,60.0155340830097,0.2753197981457575,0.0,0.0,0.1,False,True,False,60.0000336249941,"[{'threshold': 0.1, 'n_candidates_enumerated': 1020, 'enumeration_cap_hit': False, 'enumeration_timed_out': True}]",1020.0,0.0,,
hard,10000,20,0.015487249998841435,54059431bda56bd115271b614f1060213e8071c65132690ebd7e917dd3ec4310,enum_uniform_random,3,ok,60.000045666936785,60.015532916935626,0.2753197981457575,0.0,0.0,0.1,False,True,False,60.0000336249941,"[{'threshold': 0.1, 'n_candidates_enumerated': 1020, 'enumeration_cap_hit': False, 'enumeration_timed_out': True}]",1020.0,0.0,,
hard,10000,20,0.015487249998841435,54059431bda56bd115271b614f1060213e8071c65132690ebd7e917dd3ec4310,enum_uniform_random,4,ok,60.00004524999531,60.01553249999415,0.2753197981457575,0.0,0.0,0.1,False,True,False,60.0000336249941,"[{'threshold': 0.1, 'n_candidates_enumerated': 1020, 'enumeration_cap_hit': False, 'enumeration_timed_out': True}]",1020.0,0.0,,
hard,10000,21,0.015824792033527046,9f5faa2531b8bdb1cc63d9645120e9a87324e379bd31c1cce18b5f4a3d5472da,ours,0,ok,5.704100476577878e-05,0.015881833038292825,1.0,1.0,1.0,0.1,False,False,,,,,,,
hard,10000,21,0.015824792033527046,9f5faa2531b8bdb1cc63d9645120e9a87324e379bd31c1cce18b5f4a3d5472da,enum_first_stable,0,ok,8.706491124932654,8.722315916966181,1.0,1.0,1.0,0.1,False,False,True,8.706476166960783,"[{'threshold': 0.1, 'n_candidates_enumerated': 1344, 'enumeration_cap_hit': False, 'enumeration_timed_out': False}]",1344.0,1.0,,
hard,10000,21,0.015824792033527046,9f5faa2531b8bdb1cc63d9645120e9a87324e379bd31c1cce18b5f4a3d5472da,enum_uniform_random,0,ok,8.706514958990738,8.722339751024265,0.24483306836248012,0.0,0.0,0.1,False,False,False,8.706476166960783,"[{'threshold': 0.1, 'n_candidates_enumerated': 1344, 'enumeration_cap_hit': False, 'enumeration_timed_out': False}]",1344.0,1.0,,
hard,10000,21,0.015824792033527046,9f5faa2531b8bdb1cc63d9645120e9a87324e379bd31c1cce18b5f4a3d5472da,enum_uniform_random,1,ok,8.70649195794249,8.722316749976017,0.5490881838621035,0.0,0.0,0.1,False,False,False,8.706476166960783,"[{'threshold': 0.1, 'n_candidates_enumerated': 1344, 'enumeration_cap_hit': False, 'enumeration_timed_out': False}]",1344.0,1.0,,
hard,10000,21,0.015824792033527046,9f5faa2531b8bdb1cc63d9645120e9a87324e379bd31c1cce18b5f4a3d5472da,enum_uniform_random,2,ok,8.706489666947164,8.72231445898069,1.0,1.0,1.0,0.1,False,False,False,8.706476166960783,"[{'threshold': 0.1, 'n_candidates_enumerated': 1344, 'enumeration_cap_hit': False, 'enumeration_timed_out': False}]",1344.0,1.0,,
hard,10000,21,0.015824792033527046,9f5faa2531b8bdb1cc63d9645120e9a87324e379bd31c1cce18b5f4a3d5472da,enum_uniform_random,3,ok,8.706489374977536,8.722314167011064,0.6885245901639344,0.0,0.0,0.1,False,False,False,8.706476166960783,"[{'threshold': 0.1, 'n_candidates_enumerated': 1344, 'enumeration_cap_hit': False, 'enumeration_timed_out': False}]",1344.0,1.0,,
hard,10000,21,0.015824792033527046,9f5faa2531b8bdb1cc63d9645120e9a87324e379bd31c1cce18b5f4a3d5472da,enum_uniform_random,4,ok,8.706489083939232,8.722313875972759,0.7557840616966581,0.0,0.0,0.1,False,False,False,8.706476166960783,"[{'threshold': 0.1, 'n_candidates_enumerated': 1344, 'enumeration_cap_hit': False, 'enumeration_timed_out': False}]",1344.0,1.0,,
hard,10000,21,0.015824792033527046,9f5faa2531b8bdb1cc63d9645120e9a87324e379bd31c1cce18b5f4a3d5472da,arbitrary_control,0,ok,4.9291003961116076e-05,0.015874083037488163,0.0,0.0,0.0,,False,False,,,,,,False,0.001705042276621827
hard,10000,21,0.015824792033527046,9f5faa2531b8bdb1cc63d9645120e9a87324e379bd31c1cce18b5f4a3d5472da,arbitrary_control,1,ok,2.779200440272689e-05,0.015852584037929773,0.0,0.0,0.0,,False,False,,,,,,False,0.000527939751740185
hard,10000,21,0.015824792033527046,9f5faa2531b8bdb1cc63d9645120e9a87324e379bd31c1cce18b5f4a3d5472da,arbitrary_control,2,ok,2.5084009394049644e-05,0.015849876042921096,0.0,0.0,0.0,,False,False,,,,,,False,0.0010389521567540298
hard,10000,21,0.015824792033527046,9f5faa2531b8bdb1cc63d9645120e9a87324e379bd31c1cce18b5f4a3d5472da,arbitrary_control,3,ok,2.4042034056037664e-05,0.015848834067583084,0.0,0.0,0.0,,False,False,,,,,,False,0.004476298145548751
hard,10000,21,0.015824792033527046,9f5faa2531b8bdb1cc63d9645120e9a87324e379bd31c1cce18b5f4a3d5472da,arbitrary_control,4,ok,2.37500062212348e-05,0.01584854203974828,0.0,0.0,0.0,,False,False,,,,,,False,0.0036043628712187693
hard,10000,22,0.015279042010661215,4604affce04ec8fe10c28ac3c68a449ad2a7efa48972eca5262a6f5c17e30039,enum_first_stable,0,ok,0.041354917048010975,0.05663395905867219,1.0,1.0,1.0,0.1,False,False,True,0.04135312500875443,"[{'threshold': 0.1, 'n_candidates_enumerated': 360, 'enumeration_cap_hit': False, 'enumeration_timed_out': False}]",360.0,1.0,,
hard,10000,22,0.015279042010661215,4604affce04ec8fe10c28ac3c68a449ad2a7efa48972eca5262a6f5c17e30039,enum_uniform_random,0,ok,0.041375208995305,0.056654251005966216,0.17169684775318578,0.0,0.0,0.1,False,False,False,0.04135312500875443,"[{'threshold': 0.1, 'n_candidates_enumerated': 360, 'enumeration_cap_hit': False, 'enumeration_timed_out': False}]",360.0,1.0,,
hard,10000,22,0.015279042010661215,4604affce04ec8fe10c28ac3c68a449ad2a7efa48972eca5262a6f5c17e30039,enum_uniform_random,1,ok,0.04136354202637449,0.056642584037035704,0.17169684775318578,0.0,0.0,0.1,False,False,False,0.04135312500875443,"[{'threshold': 0.1, 'n_candidates_enumerated': 360, 'enumeration_cap_hit': False, 'enumeration_timed_out': False}]",360.0,1.0,,
hard,10000,22,0.015279042010661215,4604affce04ec8fe10c28ac3c68a449ad2a7efa48972eca5262a6f5c17e30039,enum_uniform_random,2,ok,0.041363249998539686,0.0566422920092009,1.0,0.0,1.0,0.1,False,False,False,0.04135312500875443,"[{'threshold': 0.1, 'n_candidates_enumerated': 360, 'enumeration_cap_hit': False, 'enumeration_timed_out': False}]",360.0,1.0,,
hard,10000,22,0.015279042010661215,4604affce04ec8fe10c28ac3c68a449ad2a7efa48972eca5262a6f5c17e30039,enum_uniform_random,3,ok,0.04136299999663606,0.05664204200729728,0.17169684775318578,0.0,0.0,0.1,False,False,False,0.04135312500875443,"[{'threshold': 0.1, 'n_candidates_enumerated': 360, 'enumeration_cap_hit': False, 'enumeration_timed_out': False}]",360.0,1.0,,
hard,10000,22,0.015279042010661215,4604affce04ec8fe10c28ac3c68a449ad2a7efa48972eca5262a6f5c17e30039,enum_uniform_random,4,ok,0.04136283305706456,0.05664187506772578,1.0,1.0,1.0,0.1,False,False,False,0.04135312500875443,"[{'threshold': 0.1, 'n_candidates_enumerated': 360, 'enumeration_cap_hit': False, 'enumeration_timed_out': False}]",360.0,1.0,,
hard,10000,22,0.015279042010661215,4604affce04ec8fe10c28ac3c68a449ad2a7efa48972eca5262a6f5c17e30039,arbitrary_control,0,ok,2.9292015824466944e-05,0.015308334026485682,0.0,0.0,0.0,,False,False,,,,,,False,2.520365943653105e-05
hard,10000,22,0.015279042010661215,4604affce04ec8fe10c28ac3c68a449ad2a7efa48972eca5262a6f5c17e30039,arbitrary_control,1,ok,2.4208042304962873e-05,0.015303250052966177,0.0,0.0,0.0,,False,False,,,,,,False,0.0032439401798507023
hard,10000,22,0.015279042010661215,4604affce04ec8fe10c28ac3c68a449ad2a7efa48972eca5262a6f5c17e30039,arbitrary_control,2,ok,2.3250002413988113e-05,0.015302292013075203,0.0,0.0,0.0,,False,False,,,,,,False,2.520365943653105e-05
hard,10000,22,0.015279042010661215,4604affce04ec8fe10c28ac3c68a449ad2a7efa48972eca5262a6f5c17e30039,arbitrary_control,3,ok,2.358300844207406e-05,0.015302625019103289,0.0,0.0,0.0,,False,False,,,,,,False,0.000106641390416216
hard,10000,22,0.015279042010661215,4604affce04ec8fe10c28ac3c68a449ad2a7efa48972eca5262a6f5c17e30039,arbitrary_control,4,ok,2.3957982193678617e-05,0.015302999992854893,0.0,0.0,0.0,,False,False,,,,,,False,0.0004836573282736346
hard,10000,22,0.015279042010661215,4604affce04ec8fe10c28ac3c68a449ad2a7efa48972eca5262a6f5c17e30039,ours,0,ok,2.9332994017750025e-05,0.015308375004678965,1.0,1.0,1.0,0.1,False,False,,,,,,,
hard,10000,23,0.014030833961442113,961416e0f0ff50b2c52d7cdb6a221927f9db8c3941313643b1e454a1f1e52efd,arbitrary_control,0,ok,3.774999640882015e-05,0.014068583957850933,0.0,0.0,0.0,,False,False,,,,,,False,0.0016139307260336203
hard,10000,23,0.014030833961442113,961416e0f0ff50b2c52d7cdb6a221927f9db8c3941313643b1e454a1f1e52efd,arbitrary_control,1,ok,2.5917019229382277e-05,0.014056750980671495,0.0,0.0,0.0,,False,False,,,,,,False,0.0011089272283971309
hard,10000,23,0.014030833961442113,961416e0f0ff50b2c52d7cdb6a221927f9db8c3941313643b1e454a1f1e52efd,arbitrary_control,2,ok,2.4083012249320745e-05,0.014054916973691434,0.0,0.0,0.0,,False,False,,,,,,False,0.0019097716629560282
hard,10000,23,0.014030833961442113,961416e0f0ff50b2c52d7cdb6a221927f9db8c3941313643b1e454a1f1e52efd,arbitrary_control,3,ok,2.3042026441544294e-05,0.014053875987883657,0.0,0.0,0.0,,False,False,,,,,,False,0.0022759643326650497
hard,10000,23,0.014030833961442113,961416e0f0ff50b2c52d7cdb6a221927f9db8c3941313643b1e454a1f1e52efd,arbitrary_control,4,ok,2.3500004317611456e-05,0.014054333965759724,0.027237354085603113,0.0,0.0,,False,False,,,,,,False,0.0053283175113307485
hard,10000,23,0.014030833961442113,961416e0f0ff50b2c52d7cdb6a221927f9db8c3941313643b1e454a1f1e52efd,ours,0,ok,2.9375019948929548e-05,0.014060208981391042,1.0,1.0,1.0,0.1,False,False,,,,,,,
hard,10000,23,0.014030833961442113,961416e0f0ff50b2c52d7cdb6a221927f9db8c3941313643b1e454a1f1e52efd,enum_first_stable,0,ok,11.642125874990597,11.65615670895204,1.0,1.0,1.0,0.1,False,False,True,11.642105375009123,"[{'threshold': 0.1, 'n_candidates_enumerated': 800, 'enumeration_cap_hit': False, 'enumeration_timed_out': False}]",800.0,1.0,,
hard,10000,23,0.014030833961442113,961416e0f0ff50b2c52d7cdb6a221927f9db8c3941313643b1e454a1f1e52efd,enum_uniform_random,0,ok,11.642156500020064,11.656187333981507,0.816469451823231,0.0,0.0,0.1,False,False,False,11.642105375009123,"[{'threshold': 0.1, 'n_candidates_enumerated': 800, 'enumeration_cap_hit': False, 'enumeration_timed_out': False}]",800.0,1.0,,
hard,10000,23,0.014030833961442113,961416e0f0ff50b2c52d7cdb6a221927f9db8c3941313643b1e454a1f1e52efd,enum_uniform_random,1,ok,11.642119083029684,11.656149916991126,1.0,0.0,1.0,0.1,False,False,False,11.642105375009123,"[{'threshold': 0.1, 'n_candidates_enumerated': 800, 'enumeration_cap_hit': False, 'enumeration_timed_out': False}]",800.0,1.0,,
hard,10000,23,0.014030833961442113,961416e0f0ff50b2c52d7cdb6a221927f9db8c3941313643b1e454a1f1e52efd,enum_uniform_random,2,ok,11.642117667011917,11.656148500973359,1.0,0.0,1.0,0.1,False,False,False,11.642105375009123,"[{'threshold': 0.1, 'n_candidates_enumerated': 800, 'enumeration_cap_hit': False, 'enumeration_timed_out': False}]",800.0,1.0,,
hard,10000,23,0.014030833961442113,961416e0f0ff50b2c52d7cdb6a221927f9db8c3941313643b1e454a1f1e52efd,enum_uniform_random,3,ok,11.642117541981861,11.656148375943303,0.816469451823231,0.0,0.0,0.1,False,False,False,11.642105375009123,"[{'threshold': 0.1, 'n_candidates_enumerated': 800, 'enumeration_cap_hit': False, 'enumeration_timed_out': False}]",800.0,1.0,,
hard,10000,23,0.014030833961442113,961416e0f0ff50b2c52d7cdb6a221927f9db8c3941313643b1e454a1f1e52efd,enum_uniform_random,4,ok,11.642116500006523,11.656147333967965,1.0,1.0,1.0,0.1,False,False,False,11.642105375009123,"[{'threshold': 0.1, 'n_candidates_enumerated': 800, 'enumeration_cap_hit': False, 'enumeration_timed_out': False}]",800.0,1.0,,
hard,10000,24,0.013778917025774717,0a38cdf812b459373e37e76555650bdbdcdd1764554d5a63e5c36435812d8d8e,ours,0,ok,6.483303150162101e-05,0.013843750057276338,1.0,1.0,1.0,0.1,False,False,,,,,,,
hard,10000,24,0.013778917025774717,0a38cdf812b459373e37e76555650bdbdcdd1764554d5a63e5c36435812d8d8e,enum_first_stable,0,ok,41.66663337498903,41.68041229201481,1.0,1.0,1.0,0.1,False,False,True,41.666624457982834,"[{'threshold': 0.1, 'n_candidates_enumerated': 192, 'enumeration_cap_hit': False, 'enumeration_timed_out': False}]",192.0,1.0,,
hard,10000,24,0.013778917025774717,0a38cdf812b459373e37e76555650bdbdcdd1764554d5a63e5c36435812d8d8e,enum_uniform_random,0,ok,41.66665970796021,41.68043862498598,1.0,0.0,1.0,0.1,False,False,False,41.666624457982834,"[{'threshold': 0.1, 'n_candidates_enumerated': 192, 'enumeration_cap_hit': False, 'enumeration_timed_out': False}]",192.0,1.0,,
hard,10000,24,0.013778917025774717,0a38cdf812b459373e37e76555650bdbdcdd1764554d5a63e5c36435812d8d8e,enum_uniform_random,1,ok,41.666637790971436,41.68041670799721,1.0,0.0,1.0,0.1,False,False,False,41.666624457982834,"[{'threshold': 0.1, 'n_candidates_enumerated': 192, 'enumeration_cap_hit': False, 'enumeration_timed_out': False}]",192.0,1.0,,
hard,10000,24,0.013778917025774717,0a38cdf812b459373e37e76555650bdbdcdd1764554d5a63e5c36435812d8d8e,enum_uniform_random,2,ok,41.66663595801219,41.68041487503797,1.0,0.0,1.0,0.1,False,False,False,41.666624457982834,"[{'threshold': 0.1, 'n_candidates_enumerated': 192, 'enumeration_cap_hit': False, 'enumeration_timed_out': False}]",192.0,1.0,,
hard,10000,24,0.013778917025774717,0a38cdf812b459373e37e76555650bdbdcdd1764554d5a63e5c36435812d8d8e,enum_uniform_random,3,ok,41.666635458008386,41.68041437503416,1.0,0.0,1.0,0.1,False,False,False,41.666624457982834,"[{'threshold': 0.1, 'n_candidates_enumerated': 192, 'enumeration_cap_hit': False, 'enumeration_timed_out': False}]",192.0,1.0,,
hard,10000,24,0.013778917025774717,0a38cdf812b459373e37e76555650bdbdcdd1764554d5a63e5c36435812d8d8e,enum_uniform_random,4,ok,41.66663454094669,41.68041345797246,1.0,0.0,1.0,0.1,False,False,False,41.666624457982834,"[{'threshold': 0.1, 'n_candidates_enumerated': 192, 'enumeration_cap_hit': False, 'enumeration_timed_out': False}]",192.0,1.0,,
hard,10000,24,0.013778917025774717,0a38cdf812b459373e37e76555650bdbdcdd1764554d5a63e5c36435812d8d8e,arbitrary_control,0,ok,4.63749747723341e-05,0.013825292000547051,0.0,0.0,0.0,,False,False,,,,,,False,9.689275266044285e-05
hard,10000,24,0.013778917025774717,0a38cdf812b459373e37e76555650bdbdcdd1764554d5a63e5c36435812d8d8e,arbitrary_control,1,ok,2.8332986403256655e-05,0.013807250012177974,0.0,0.0,0.0,,False,False,,,,,,False,0.0003148242029869958
hard,10000,24,0.013778917025774717,0a38cdf812b459373e37e76555650bdbdcdd1764554d5a63e5c36435812d8d8e,arbitrary_control,2,ok,2.583296736702323e-05,0.01380474999314174,0.0,0.0,0.0,,False,False,,,,,,False,0.0008703005188884851
hard,10000,24,0.013778917025774717,0a38cdf812b459373e37e76555650bdbdcdd1764554d5a63e5c36435812d8d8e,arbitrary_control,3,ok,2.4749955628067255e-05,0.013803666981402785,0.0,0.0,0.0,,False,False,,,,,,False,0.000525259928518571
hard,10000,24,0.013778917025774717,0a38cdf812b459373e37e76555650bdbdcdd1764554d5a63e5c36435812d8d8e,arbitrary_control,4,ok,2.4416949599981308e-05,0.013803333975374699,0.0,0.0,0.0,,False,False,,,,,,False,0.0001788649027815766
hard,10000,25,0.01630970899714157,01f5d531114259da8c0d0c996eafb27e807e589eef857b7694fe328d85a63e9b,enum_first_stable,0,ok,7.804397749947384,7.820707458944526,1.0,1.0,1.0,0.1,False,False,True,7.804387790965848,"[{'threshold': 0.1, 'n_candidates_enumerated': 1344, 'enumeration_cap_hit': False, 'enumeration_timed_out': False}]",1344.0,1.0,,
hard,10000,25,0.01630970899714157,01f5d531114259da8c0d0c996eafb27e807e589eef857b7694fe328d85a63e9b,enum_uniform_random,0,ok,7.804429832962342,7.820739541959483,1.0,1.0,1.0,0.1,False,False,False,7.804387790965848,"[{'threshold': 0.1, 'n_candidates_enumerated': 1344, 'enumeration_cap_hit': False, 'enumeration_timed_out': False}]",1344.0,1.0,,
hard,10000,25,0.01630970899714157,01f5d531114259da8c0d0c996eafb27e807e589eef857b7694fe328d85a63e9b,enum_uniform_random,1,ok,7.804401749919634,7.820711458916776,1.0,1.0,1.0,0.1,False,False,False,7.804387790965848,"[{'threshold': 0.1, 'n_candidates_enumerated': 1344, 'enumeration_cap_hit': False, 'enumeration_timed_out': False}]",1344.0,1.0,,
hard,10000,25,0.01630970899714157,01f5d531114259da8c0d0c996eafb27e807e589eef857b7694fe328d85a63e9b,enum_uniform_random,2,ok,7.804400540946517,7.820710249943659,1.0,1.0,1.0,0.1,False,False,False,7.804387790965848,"[{'threshold': 0.1, 'n_candidates_enumerated': 1344, 'enumeration_cap_hit': False, 'enumeration_timed_out': False}]",1344.0,1.0,,
hard,10000,25,0.01630970899714157,01f5d531114259da8c0d0c996eafb27e807e589eef857b7694fe328d85a63e9b,enum_uniform_random,3,ok,7.804399540938903,7.820709249936044,1.0,1.0,1.0,0.1,False,False,False,7.804387790965848,"[{'threshold': 0.1, 'n_candidates_enumerated': 1344, 'enumeration_cap_hit': False, 'enumeration_timed_out': False}]",1344.0,1.0,,
hard,10000,25,0.01630970899714157,01f5d531114259da8c0d0c996eafb27e807e589eef857b7694fe328d85a63e9b,enum_uniform_random,4,ok,7.8043993319734,7.8207090409705415,1.0,1.0,1.0,0.1,False,False,False,7.804387790965848,"[{'threshold': 0.1, 'n_candidates_enumerated': 1344, 'enumeration_cap_hit': False, 'enumeration_timed_out': False}]",1344.0,1.0,,
hard,10000,25,0.01630970899714157,01f5d531114259da8c0d0c996eafb27e807e589eef857b7694fe328d85a63e9b,arbitrary_control,0,ok,4.154100315645337e-05,0.016351250000298023,0.0,0.0,0.0,,False,False,,,,,,False,0.004454307843130459
hard,10000,25,0.01630970899714157,01f5d531114259da8c0d0c996eafb27e807e589eef857b7694fe328d85a63e9b,arbitrary_control,1,ok,2.5334011297672987e-05,0.016335043008439243,0.0,0.0,0.0,,False,False,,,,,,False,2.4821249671599508e-05
hard,10000,25,0.01630970899714157,01f5d531114259da8c0d0c996eafb27e807e589eef857b7694fe328d85a63e9b,arbitrary_control,2,ok,2.462498378008604e-05,0.016334333980921656,0.0,0.0,0.0,,False,False,,,,,,False,0.0003099504013197154
hard,10000,25,0.01630970899714157,01f5d531114259da8c0d0c996eafb27e807e589eef857b7694fe328d85a63e9b,arbitrary_control,3,ok,2.3457978386431932e-05,0.016333166975528002,0.027237354085603113,0.0,0.0,,False,False,,,,,,False,0.00350164852455816
hard,10000,25,0.01630970899714157,01f5d531114259da8c0d0c996eafb27e807e589eef857b7694fe328d85a63e9b,arbitrary_control,4,ok,2.316699828952551e-05,0.016332875995431095,0.0,0.0,0.0,,False,False,,,,,,False,0.0026533908532387672
hard,10000,25,0.01630970899714157,01f5d531114259da8c0d0c996eafb27e807e589eef857b7694fe328d85a63e9b,ours,0,ok,3.8583006244152784e-05,0.016348292003385723,1.0,1.0,1.0,0.1,False,False,,,,,,,
hard,10000,26,0.015680500015150756,6d514ab546e4a6d0de2dab307c7b88776affd02d51bd39236539aaca22f7b242,arbitrary_control,0,ok,6.95830094628036e-05,0.01575008302461356,0.0,0.0,0.0,,False,False,,,,,,False,0.00037707145643218803
hard,10000,26,0.015680500015150756,6d514ab546e4a6d0de2dab307c7b88776affd02d51bd39236539aaca22f7b242,arbitrary_control,1,ok,3.38749960064888e-05,0.015714375011157244,0.0,0.0,0.0,,False,False,,,,,,False,0.0024192799965405565
hard,10000,26,0.015680500015150756,6d514ab546e4a6d0de2dab307c7b88776affd02d51bd39236539aaca22f7b242,arbitrary_control,2,ok,3.062502946704626e-05,0.015711125044617802,0.0,0.0,0.0,,False,False,,,,,,False,0.000975716913170177
hard,10000,26,0.015680500015150756,6d514ab546e4a6d0de2dab307c7b88776affd02d51bd39236539aaca22f7b242,arbitrary_control,3,ok,2.504198346287012e-05,0.015705541998613626,0.0,0.0,0.0,,False,False,,,,,,False,0.000975716913170177
hard,10000,26,0.015680500015150756,6d514ab546e4a6d0de2dab307c7b88776affd02d51bd39236539aaca22f7b242,arbitrary_control,4,ok,2.441700780764222e-05,0.015704917022958398,0.0,0.0,0.0,,False,False,,,,,,False,0.0006953188704014785
hard,10000,26,0.015680500015150756,6d514ab546e4a6d0de2dab307c7b88776affd02d51bd39236539aaca22f7b242,ours,0,ok,3.5541015677154064e-05,0.01571604103082791,1.0,1.0,1.0,0.1,False,False,,,,,,,
hard,10000,26,0.015680500015150756,6d514ab546e4a6d0de2dab307c7b88776affd02d51bd39236539aaca22f7b242,enum_first_stable,0,ok,0.35338437504833564,0.3690648750634864,1.0,1.0,1.0,0.1,False,False,True,0.3533819170552306,"[{'threshold': 0.1, 'n_candidates_enumerated': 576, 'enumeration_cap_hit': False, 'enumeration_timed_out': False}]",576.0,1.0,,
hard,10000,26,0.015680500015150756,6d514ab546e4a6d0de2dab307c7b88776affd02d51bd39236539aaca22f7b242,enum_uniform_random,0,ok,0.3534146260935813,0.3690951261087321,1.0,1.0,1.0,0.1,False,False,False,0.3533819170552306,"[{'threshold': 0.1, 'n_candidates_enumerated': 576, 'enumeration_cap_hit': False, 'enumeration_timed_out': False}]",576.0,1.0,,
hard,10000,26,0.015680500015150756,6d514ab546e4a6d0de2dab307c7b88776affd02d51bd39236539aaca22f7b242,enum_uniform_random,1,ok,0.3533925420488231,0.36907304206397384,1.0,1.0,1.0,0.1,False,False,False,0.3533819170552306,"[{'threshold': 0.1, 'n_candidates_enumerated': 576, 'enumeration_cap_hit': False, 'enumeration_timed_out': False}]",576.0,1.0,,
hard,10000,26,0.015680500015150756,6d514ab546e4a6d0de2dab307c7b88776affd02d51bd39236539aaca22f7b242,enum_uniform_random,2,ok,0.3533921670168638,0.3690726670320146,1.0,1.0,1.0,0.1,False,False,False,0.3533819170552306,"[{'threshold': 0.1, 'n_candidates_enumerated': 576, 'enumeration_cap_hit': False, 'enumeration_timed_out': False}]",576.0,1.0,,
hard,10000,26,0.015680500015150756,6d514ab546e4a6d0de2dab307c7b88776affd02d51bd39236539aaca22f7b242,enum_uniform_random,3,ok,0.35339200001908466,0.3690725000342354,1.0,1.0,1.0,0.1,False,False,False,0.3533819170552306,"[{'threshold': 0.1, 'n_candidates_enumerated': 576, 'enumeration_cap_hit': False, 'enumeration_timed_out': False}]",576.0,1.0,,
hard,10000,26,0.015680500015150756,6d514ab546e4a6d0de2dab307c7b88776affd02d51bd39236539aaca22f7b242,enum_uniform_random,4,ok,0.3533919170149602,0.36907241703011096,1.0,1.0,1.0,0.1,False,False,False,0.3533819170552306,"[{'threshold': 0.1, 'n_candidates_enumerated': 576, 'enumeration_cap_hit': False, 'enumeration_timed_out': False}]",576.0,1.0,,
hard,10000,27,0.014015291992109269,27d4f17017a99028811054af3b60e770be4b1706d87e4ac7b814662fe71cdde4,ours,0,ok,3.4416967537254095e-05,0.014049708959646523,1.0,1.0,1.0,0.1,False,False,,,,,,,
hard,10000,27,0.014015291992109269,27d4f17017a99028811054af3b60e770be4b1706d87e4ac7b814662fe71cdde4,enum_first_stable,0,ok,2.1971311260131188,2.211146418005228,1.0,1.0,1.0,0.1,False,False,True,2.197126917017158,"[{'threshold': 0.1, 'n_candidates_enumerated': 896, 'enumeration_cap_hit': False, 'enumeration_timed_out': False}]",896.0,1.0,,
hard,10000,27,0.014015291992109269,27d4f17017a99028811054af3b60e770be4b1706d87e4ac7b814662fe71cdde4,enum_uniform_random,0,ok,2.1971603330457583,2.2111756250378676,0.24263854956924263,0.0,0.0,0.1,False,False,False,2.197126917017158,"[{'threshold': 0.1, 'n_candidates_enumerated': 896, 'enumeration_cap_hit': False, 'enumeration_timed_out': False}]",896.0,1.0,,
hard,10000,27,0.014015291992109269,27d4f17017a99028811054af3b60e770be4b1706d87e4ac7b814662fe71cdde4,enum_uniform_random,1,ok,2.1971383340423927,2.211153626034502,0.24263854956924263,0.0,0.0,0.1,False,False,False,2.197126917017158,"[{'threshold': 0.1, 'n_candidates_enumerated': 896, 'enumeration_cap_hit': False, 'enumeration_timed_out': False}]",896.0,1.0,,
hard,10000,27,0.014015291992109269,27d4f17017a99028811054af3b60e770be4b1706d87e4ac7b814662fe71cdde4,enum_uniform_random,2,ok,2.197138166986406,2.211153458978515,0.24263854956924263,0.0,0.0,0.1,False,False,False,2.197126917017158,"[{'threshold': 0.1, 'n_candidates_enumerated': 896, 'enumeration_cap_hit': False, 'enumeration_timed_out': False}]",896.0,1.0,,
hard,10000,27,0.014015291992109269,27d4f17017a99028811054af3b60e770be4b1706d87e4ac7b814662fe71cdde4,enum_uniform_random,3,ok,2.1971374999848194,2.2111527919769287,0.24263854956924263,0.0,0.0,0.1,False,False,False,2.197126917017158,"[{'threshold': 0.1, 'n_candidates_enumerated': 896, 'enumeration_cap_hit': False, 'enumeration_timed_out': False}]",896.0,1.0,,
hard,10000,27,0.014015291992109269,27d4f17017a99028811054af3b60e770be4b1706d87e4ac7b814662fe71cdde4,enum_uniform_random,4,ok,2.197137459006626,2.2111527509987354,1.0,0.0,1.0,0.1,False,False,False,2.197126917017158,"[{'threshold': 0.1, 'n_candidates_enumerated': 896, 'enumeration_cap_hit': False, 'enumeration_timed_out': False}]",896.0,1.0,,
hard,10000,27,0.014015291992109269,27d4f17017a99028811054af3b60e770be4b1706d87e4ac7b814662fe71cdde4,arbitrary_control,0,ok,3.38749960064888e-05,0.014049166988115758,0.0,0.0,0.0,,False,False,,,,,,False,0.0008797703621857081
hard,10000,27,0.014015291992109269,27d4f17017a99028811054af3b60e770be4b1706d87e4ac7b814662fe71cdde4,arbitrary_control,1,ok,2.4875043891370296e-05,0.01404016703600064,0.0,0.0,0.0,,False,False,,,,,,False,0.0009309936844931943
hard,10000,27,0.014015291992109269,27d4f17017a99028811054af3b60e770be4b1706d87e4ac7b814662fe71cdde4,arbitrary_control,2,ok,2.354203024879098e-05,0.01403883402235806,0.0,0.0,0.0,,False,False,,,,,,False,0.0027830217867042045
hard,10000,27,0.014015291992109269,27d4f17017a99028811054af3b60e770be4b1706d87e4ac7b814662fe71cdde4,arbitrary_control,3,ok,2.3124972358345985e-05,0.014038416964467615,0.021601016518424398,0.0,0.0,,False,False,,,,,,False,0.0013206223134326904
hard,10000,27,0.014015291992109269,27d4f17017a99028811054af3b60e770be4b1706d87e4ac7b814662fe71cdde4,arbitrary_control,4,ok,2.3250002413988113e-05,0.014038541994523257,0.0,0.0,0.0,,False,False,,,,,,False,0.00028512592789348807
hard,10000,28,0.013026542030274868,d3983677bcfc8394e2512b24f2ffbddd6ba608494b478ae8f333aa962ecb2b46,enum_first_stable,0,ok,15.70921974995872,15.722246291988995,1.0,0.0,1.0,0.1,False,False,True,15.709215707960539,"[{'threshold': 0.1, 'n_candidates_enumerated': 128, 'enumeration_cap_hit': False, 'enumeration_timed_out': False}]",128.0,1.0,,
hard,10000,28,0.013026542030274868,d3983677bcfc8394e2512b24f2ffbddd6ba608494b478ae8f333aa962ecb2b46,enum_uniform_random,0,ok,15.709267166967038,15.722293708997313,1.0,0.0,1.0,0.1,False,False,False,15.709215707960539,"[{'threshold': 0.1, 'n_candidates_enumerated': 128, 'enumeration_cap_hit': False, 'enumeration_timed_out': False}]",128.0,1.0,,
hard,10000,28,0.013026542030274868,d3983677bcfc8394e2512b24f2ffbddd6ba608494b478ae8f333aa962ecb2b46,enum_uniform_random,1,ok,15.709228790947236,15.722255332977511,1.0,0.0,1.0,0.1,False,False,False,15.709215707960539,"[{'threshold': 0.1, 'n_candidates_enumerated': 128, 'enumeration_cap_hit': False, 'enumeration_timed_out': False}]",128.0,1.0,,
hard,10000,28,0.013026542030274868,d3983677bcfc8394e2512b24f2ffbddd6ba608494b478ae8f333aa962ecb2b46,enum_uniform_random,2,ok,15.70922670798609,15.722253250016365,1.0,0.0,1.0,0.1,False,False,False,15.709215707960539,"[{'threshold': 0.1, 'n_candidates_enumerated': 128, 'enumeration_cap_hit': False, 'enumeration_timed_out': False}]",128.0,1.0,,
hard,10000,28,0.013026542030274868,d3983677bcfc8394e2512b24f2ffbddd6ba608494b478ae8f333aa962ecb2b46,enum_uniform_random,3,ok,15.709226207982283,15.722252750012558,1.0,0.0,1.0,0.1,False,False,False,15.709215707960539,"[{'threshold': 0.1, 'n_candidates_enumerated': 128, 'enumeration_cap_hit': False, 'enumeration_timed_out': False}]",128.0,1.0,,
hard,10000,28,0.013026542030274868,d3983677bcfc8394e2512b24f2ffbddd6ba608494b478ae8f333aa962ecb2b46,enum_uniform_random,4,ok,15.7092257499462,15.722252291976474,1.0,0.0,1.0,0.1,False,False,False,15.709215707960539,"[{'threshold': 0.1, 'n_candidates_enumerated': 128, 'enumeration_cap_hit': False, 'enumeration_timed_out': False}]",128.0,1.0,,
hard,10000,28,0.013026542030274868,d3983677bcfc8394e2512b24f2ffbddd6ba608494b478ae8f333aa962ecb2b46,arbitrary_control,0,ok,4.4208019971847534e-05,0.013070750050246716,0.0,0.0,0.0,,False,False,,,,,,False,0.00041875640480688945
hard,10000,28,0.013026542030274868,d3983677bcfc8394e2512b24f2ffbddd6ba608494b478ae8f333aa962ecb2b46,arbitrary_control,1,ok,2.6500027161091566e-05,0.01305304205743596,0.0,0.0,0.0,,False,False,,,,,,False,0.0018621497377009813
hard,10000,28,0.013026542030274868,d3983677bcfc8394e2512b24f2ffbddd6ba608494b478ae8f333aa962ecb2b46,arbitrary_control,2,ok,2.458400558680296e-05,0.013051126035861671,0.0,0.0,0.0,,False,False,,,,,,False,0.0006901712709476265
hard,10000,28,0.013026542030274868,d3983677bcfc8394e2512b24f2ffbddd6ba608494b478ae8f333aa962ecb2b46,arbitrary_control,3,ok,2.3500004317611456e-05,0.01305004203459248,0.0,0.0,0.0,,False,False,,,,,,False,0.0010692874502211257
hard,10000,28,0.013026542030274868,d3983677bcfc8394e2512b24f2ffbddd6ba608494b478ae8f333aa962ecb2b46,arbitrary_control,4,ok,2.337503246963024e-05,0.013049917062744498,0.0,0.0,0.0,,False,False,,,,,,False,0.0010565194119291701
hard,10000,28,0.013026542030274868,d3983677bcfc8394e2512b24f2ffbddd6ba608494b478ae8f333aa962ecb2b46,ours,0,ok,3.600004129111767e-05,0.013062542071565986,1.0,0.0,1.0,0.1,False,False,,,,,,,
hard,10000,29,0.014472540991846472,2b36bfb9a7069cc97d396237cc5b1890c56fbc4771717b4d32744765c77beb79,arbitrary_control,0,ok,6.087496876716614e-05,0.014533415960613638,0.0,0.0,0.0,,False,False,,,,,,False,0.0006376324550228248
hard,10000,29,0.014472540991846472,2b36bfb9a7069cc97d396237cc5b1890c56fbc4771717b4d32744765c77beb79,arbitrary_control,1,ok,2.8125010430812836e-05,0.014500666002277285,0.0,0.0,0.0,,False,False,,,,,,False,0.0027855110744871617
hard,10000,29,0.014472540991846472,2b36bfb9a7069cc97d396237cc5b1890c56fbc4771717b4d32744765c77beb79,arbitrary_control,2,ok,2.500001573935151e-05,0.014497541007585824,0.0,0.0,0.0,,False,False,,,,,,False,0.003788903181328682
hard,10000,29,0.014472540991846472,2b36bfb9a7069cc97d396237cc5b1890c56fbc4771717b4d32744765c77beb79,arbitrary_control,3,ok,2.3833999875932932e-05,0.014496374991722405,0.0,0.0,0.0,,False,False,,,,,,False,0.0016759626317170916
hard,10000,29,0.014472540991846472,2b36bfb9a7069cc97d396237cc5b1890c56fbc4771717b4d32744765c77beb79,arbitrary_control,4,ok,2.3457978386431932e-05,0.014495998970232904,0.0,0.0,0.0,,False,False,,,,,,False,0.0040829714515919074
hard,10000,29,0.014472540991846472,2b36bfb9a7069cc97d396237cc5b1890c56fbc4771717b4d32744765c77beb79,ours,0,ok,3.233295865356922e-05,0.014504873950500041,1.0,1.0,1.0,0.1,False,False,,,,,,,
hard,10000,29,0.014472540991846472,2b36bfb9a7069cc97d396237cc5b1890c56fbc4771717b4d32744765c77beb79,enum_first_stable,0,ok,0.11691737605724484,0.1313899170490913,1.0,1.0,1.0,0.1,False,False,True,0.11691416701069102,"[{'threshold': 0.1, 'n_candidates_enumerated': 1176, 'enumeration_cap_hit': False, 'enumeration_timed_out': False}]",1176.0,1.0,,
hard,10000,29,0.014472540991846472,2b36bfb9a7069cc97d396237cc5b1890c56fbc4771717b4d32744765c77beb79,enum_uniform_random,0,ok,0.11692979198414832,0.1314023329759948,1.0,1.0,1.0,0.1,False,False,False,0.11691416701069102,"[{'threshold': 0.1, 'n_candidates_enumerated': 1176, 'enumeration_cap_hit': False, 'enumeration_timed_out': False}]",1176.0,1.0,,
hard,10000,29,0.014472540991846472,2b36bfb9a7069cc97d396237cc5b1890c56fbc4771717b4d32744765c77beb79,enum_uniform_random,1,ok,0.11692645796574652,0.131398998957593,0.2459396751740139,0.0,0.0,0.1,False,False,False,0.11691416701069102,"[{'threshold': 0.1, 'n_candidates_enumerated': 1176, 'enumeration_cap_hit': False, 'enumeration_timed_out': False}]",1176.0,1.0,,
hard,10000,29,0.014472540991846472,2b36bfb9a7069cc97d396237cc5b1890c56fbc4771717b4d32744765c77beb79,enum_uniform_random,2,ok,0.11692625097930431,0.13139879197115079,1.0,1.0,1.0,0.1,False,False,False,0.11691416701069102,"[{'threshold': 0.1, 'n_candidates_enumerated': 1176, 'enumeration_cap_hit': False, 'enumeration_timed_out': False}]",1176.0,1.0,,
hard,10000,29,0.014472540991846472,2b36bfb9a7069cc97d396237cc5b1890c56fbc4771717b4d32744765c77beb79,enum_uniform_random,3,ok,0.11692533403402194,0.13139787502586842,0.2459396751740139,0.0,0.0,0.1,False,False,False,0.11691416701069102,"[{'threshold': 0.1, 'n_candidates_enumerated': 1176, 'enumeration_cap_hit': False, 'enumeration_timed_out': False}]",1176.0,1.0,,
hard,10000,29,0.014472540991846472,2b36bfb9a7069cc97d396237cc5b1890c56fbc4771717b4d32744765c77beb79,enum_uniform_random,4,ok,0.11692516697803512,0.1313977079698816,0.893048128342246,0.0,0.0,0.1,False,False,False,0.11691416701069102,"[{'threshold': 0.1, 'n_candidates_enumerated': 1176, 'enumeration_cap_hit': False, 'enumeration_timed_out': False}]",1176.0,1.0,,
hard,50000,0,0.06317083298927173,c21a8af343ec939fff38efae79c8c1d88622a491c39e6a8bc2b6fae9da415bf7,ours,0,ok,5.224999040365219e-05,0.06322308297967538,1.0,1.0,1.0,0.1,False,False,,,,,,,
hard,50000,0,0.06317083298927173,c21a8af343ec939fff38efae79c8c1d88622a491c39e6a8bc2b6fae9da415bf7,enum_first_stable,0,ok,11.053589374991134,11.116760207980406,1.0,1.0,1.0,0.1,False,False,True,11.053584582987241,"[{'threshold': 0.1, 'n_candidates_enumerated': 96, 'enumeration_cap_hit': False, 'enumeration_timed_out': False}]",96.0,1.0,,
hard,50000,0,0.06317083298927173,c21a8af343ec939fff38efae79c8c1d88622a491c39e6a8bc2b6fae9da415bf7,enum_uniform_random,0,ok,11.053639291028958,11.11681012401823,1.0,1.0,1.0,0.1,False,False,False,11.053584582987241,"[{'threshold': 0.1, 'n_candidates_enumerated': 96, 'enumeration_cap_hit': False, 'enumeration_timed_out': False}]",96.0,1.0,,
hard,50000,0,0.06317083298927173,c21a8af343ec939fff38efae79c8c1d88622a491c39e6a8bc2b6fae9da415bf7,enum_uniform_random,1,ok,11.053598375001457,11.116769207990728,1.0,1.0,1.0,0.1,False,False,False,11.053584582987241,"[{'threshold': 0.1, 'n_candidates_enumerated': 96, 'enumeration_cap_hit': False, 'enumeration_timed_out': False}]",96.0,1.0,,
hard,50000,0,0.06317083298927173,c21a8af343ec939fff38efae79c8c1d88622a491c39e6a8bc2b6fae9da415bf7,enum_uniform_random,2,ok,11.053597041987814,11.116767874977086,1.0,1.0,1.0,0.1,False,False,False,11.053584582987241,"[{'threshold': 0.1, 'n_candidates_enumerated': 96, 'enumeration_cap_hit': False, 'enumeration_timed_out': False}]",96.0,1.0,,
hard,50000,0,0.06317083298927173,c21a8af343ec939fff38efae79c8c1d88622a491c39e6a8bc2b6fae9da415bf7,enum_uniform_random,3,ok,11.053594624972902,11.116765457962174,1.0,1.0,1.0,0.1,False,False,False,11.053584582987241,"[{'threshold': 0.1, 'n_candidates_enumerated': 96, 'enumeration_cap_hit': False, 'enumeration_timed_out': False}]",96.0,1.0,,
hard,50000,0,0.06317083298927173,c21a8af343ec939fff38efae79c8c1d88622a491c39e6a8bc2b6fae9da415bf7,enum_uniform_random,4,ok,11.053594333003275,11.116765165992547,1.0,1.0,1.0,0.1,False,False,False,11.053584582987241,"[{'threshold': 0.1, 'n_candidates_enumerated': 96, 'enumeration_cap_hit': False, 'enumeration_timed_out': False}]",96.0,1.0,,
hard,50000,0,0.06317083298927173,c21a8af343ec939fff38efae79c8c1d88622a491c39e6a8bc2b6fae9da415bf7,arbitrary_control,0,ok,5.0332979299128056e-05,0.06322116596857086,0.0,0.0,0.0,,False,False,,,,,,False,0.0007486232356351941
hard,50000,0,0.06317083298927173,c21a8af343ec939fff38efae79c8c1d88622a491c39e6a8bc2b6fae9da415bf7,arbitrary_control,1,ok,2.7875008527189493e-05,0.06319870799779892,0.0,0.0,0.0,,False,False,,,,,,False,0.00019775943470167766
hard,50000,0,0.06317083298927173,c21a8af343ec939fff38efae79c8c1d88622a491c39e6a8bc2b6fae9da415bf7,arbitrary_control,2,ok,2.5707995519042015e-05,0.06319654098479077,0.0,0.0,0.0,,False,False,,,,,,False,0.00023689004938686145
hard,50000,0,0.06317083298927173,c21a8af343ec939fff38efae79c8c1d88622a491c39e6a8bc2b6fae9da415bf7,arbitrary_control,3,ok,2.475001383572817e-05,0.06319558300310746,0.0,0.0,0.0,,False,False,,,,,,False,0.00019775943470167766
hard,50000,0,0.06317083298927173,c21a8af343ec939fff38efae79c8c1d88622a491c39e6a8bc2b6fae9da415bf7,arbitrary_control,4,ok,2.3915956262499094e-05,0.06319474894553423,0.0,0.0,0.0,,False,False,,,,,,False,0.0002398203128123069
hard,50000,1,0.06729941698722541,7505f3293db50c31fd2c165bc8c4926a07add8c0f52ee6798d48e14352de29d7,enum_first_stable,0,ok,0.6116244999575429,0.6789239169447683,1.0,1.0,1.0,0.1,False,False,True,0.6116215829970315,"[{'threshold': 0.1, 'n_candidates_enumerated': 1088, 'enumeration_cap_hit': False, 'enumeration_timed_out': False}]",1088.0,1.0,,
hard,50000,1,0.06729941698722541,7505f3293db50c31fd2c165bc8c4926a07add8c0f52ee6798d48e14352de29d7,enum_uniform_random,0,ok,0.6116608329466544,0.6789602499338798,1.0,1.0,1.0,0.1,False,False,False,0.6116215829970315,"[{'threshold': 0.1, 'n_candidates_enumerated': 1088, 'enumeration_cap_hit': False, 'enumeration_timed_out': False}]",1088.0,1.0,,
hard,50000,1,0.06729941698722541,7505f3293db50c31fd2c165bc8c4926a07add8c0f52ee6798d48e14352de29d7,enum_uniform_random,1,ok,0.6116340829757974,0.6789334999630228,1.0,1.0,1.0,0.1,False,False,False,0.6116215829970315,"[{'threshold': 0.1, 'n_candidates_enumerated': 1088, 'enumeration_cap_hit': False, 'enumeration_timed_out': False}]",1088.0,1.0,,
hard,50000,1,0.06729941698722541,7505f3293db50c31fd2c165bc8c4926a07add8c0f52ee6798d48e14352de29d7,enum_uniform_random,2,ok,0.6116331240045838,0.6789325409918092,1.0,1.0,1.0,0.1,False,False,False,0.6116215829970315,"[{'threshold': 0.1, 'n_candidates_enumerated': 1088, 'enumeration_cap_hit': False, 'enumeration_timed_out': False}]",1088.0,1.0,,
hard,50000,1,0.06729941698722541,7505f3293db50c31fd2c165bc8c4926a07add8c0f52ee6798d48e14352de29d7,enum_uniform_random,3,ok,0.6116330829681829,0.6789324999554083,1.0,1.0,1.0,0.1,False,False,False,0.6116215829970315,"[{'threshold': 0.1, 'n_candidates_enumerated': 1088, 'enumeration_cap_hit': False, 'enumeration_timed_out': False}]",1088.0,1.0,,
hard,50000,1,0.06729941698722541,7505f3293db50c31fd2c165bc8c4926a07add8c0f52ee6798d48e14352de29d7,enum_uniform_random,4,ok,0.6116331250523217,0.6789325420395471,1.0,1.0,1.0,0.1,False,False,False,0.6116215829970315,"[{'threshold': 0.1, 'n_candidates_enumerated': 1088, 'enumeration_cap_hit': False, 'enumeration_timed_out': False}]",1088.0,1.0,,
hard,50000,1,0.06729941698722541,7505f3293db50c31fd2c165bc8c4926a07add8c0f52ee6798d48e14352de29d7,arbitrary_control,0,ok,3.137503517791629e-05,0.06733079202240333,0.0,0.0,0.0,,False,False,,,,,,False,0.000256315675988572
hard,50000,1,0.06729941698722541,7505f3293db50c31fd2c165bc8c4926a07add8c0f52ee6798d48e14352de29d7,arbitrary_control,1,ok,2.6708003133535385e-05,0.06732612499035895,0.0,0.0,0.0,,False,False,,,,,,False,0.00032187181478435494
hard,50000,1,0.06729941698722541,7505f3293db50c31fd2c165bc8c4926a07add8c0f52ee6798d48e14352de29d7,arbitrary_control,2,ok,2.358300844207406e-05,0.06732299999566749,0.0,0.0,0.0,,False,False,,,,,,False,0.0035303409100576034
hard,50000,1,0.06729941698722541,7505f3293db50c31fd2c165bc8c4926a07add8c0f52ee6798d48e14352de29d7,arbitrary_control,3,ok,2.3250002413988113e-05,0.0673226669896394,0.0,0.0,0.0,,False,False,,,,,,False,6.9723430951992e-05
hard,50000,1,0.06729941698722541,7505f3293db50c31fd2c165bc8c4926a07add8c0f52ee6798d48e14352de29d7,arbitrary_control,4,ok,2.2874970454722643e-05,0.06732229195768014,0.0,0.0,0.0,,False,False,,,,,,False,8.828415087124898e-05
hard,50000,1,0.06729941698722541,7505f3293db50c31fd2c165bc8c4926a07add8c0f52ee6798d48e14352de29d7,ours,0,ok,2.958305412903428e-05,0.06732900004135445,1.0,1.0,1.0,0.1,False,False,,,,,,,
hard,50000,2,0.058621915988624096,a26e2ae675673ed429aa08e33cf720994357f2cdaf3007baffa81c3c01f04801,arbitrary_control,0,ok,5.745899397879839e-05,0.058679374982602894,0.020227560050568902,0.0,0.0,,False,False,,,,,,False,0.0010713002021309904
hard,50000,2,0.058621915988624096,a26e2ae675673ed429aa08e33cf720994357f2cdaf3007baffa81c3c01f04801,arbitrary_control,1,ok,2.7333036996424198e-05,0.05864924902562052,0.020227560050568902,0.0,0.0,,False,False,,,,,,False,0.0004560361161251152
hard,50000,2,0.058621915988624096,a26e2ae675673ed429aa08e33cf720994357f2cdaf3007baffa81c3c01f04801,arbitrary_control,2,ok,2.37500062212348e-05,0.05864566599484533,0.0,0.0,0.0,,False,False,,,,,,False,0.00033183000137236254
hard,50000,2,0.058621915988624096,a26e2ae675673ed429aa08e33cf720994357f2cdaf3007baffa81c3c01f04801,arbitrary_control,3,ok,2.3541972041130066e-05,0.058645457960665226,0.0,0.0,0.0,,False,False,,,,,,False,0.0008753765669492322
hard,50000,2,0.058621915988624096,a26e2ae675673ed429aa08e33cf720994357f2cdaf3007baffa81c3c01f04801,arbitrary_control,4,ok,2.362497616559267e-05,0.05864554096478969,0.0,0.0,0.0,,False,False,,,,,,False,0.0006616047128622347
hard,50000,2,0.058621915988624096,a26e2ae675673ed429aa08e33cf720994357f2cdaf3007baffa81c3c01f04801,ours,0,ok,3.345898585394025e-05,0.058655374974478036,1.0,1.0,1.0,0.1,False,False,,,,,,,
hard,50000,2,0.058621915988624096,a26e2ae675673ed429aa08e33cf720994357f2cdaf3007baffa81c3c01f04801,enum_first_stable,0,ok,0.015443416021298617,0.07406533200992271,1.0,1.0,1.0,0.1,False,False,True,0.015442333009559661,"[{'threshold': 0.1, 'n_candidates_enumerated': 288, 'enumeration_cap_hit': False, 'enumeration_timed_out': False}]",288.0,1.0,,
hard,50000,2,0.058621915988624096,a26e2ae675673ed429aa08e33cf720994357f2cdaf3007baffa81c3c01f04801,enum_uniform_random,0,ok,0.015454833046533167,0.07407674903515726,1.0,1.0,1.0,0.1,False,False,False,0.015442333009559661,"[{'threshold': 0.1, 'n_candidates_enumerated': 288, 'enumeration_cap_hit': False, 'enumeration_timed_out': False}]",288.0,1.0,,
hard,50000,2,0.058621915988624096,a26e2ae675673ed429aa08e33cf720994357f2cdaf3007baffa81c3c01f04801,enum_uniform_random,1,ok,0.015452167019248009,0.0740740830078721,1.0,1.0,1.0,0.1,False,False,False,0.015442333009559661,"[{'threshold': 0.1, 'n_candidates_enumerated': 288, 'enumeration_cap_hit': False, 'enumeration_timed_out': False}]",288.0,1.0,,
hard,50000,2,0.058621915988624096,a26e2ae675673ed429aa08e33cf720994357f2cdaf3007baffa81c3c01f04801,enum_uniform_random,2,ok,0.015451957995537668,0.07407387398416176,1.0,1.0,1.0,0.1,False,False,False,0.015442333009559661,"[{'threshold': 0.1, 'n_candidates_enumerated': 288, 'enumeration_cap_hit': False, 'enumeration_timed_out': False}]",288.0,1.0,,
hard,50000,2,0.058621915988624096,a26e2ae675673ed429aa08e33cf720994357f2cdaf3007baffa81c3c01f04801,enum_uniform_random,3,ok,0.015451874991413206,0.0740737909800373,1.0,1.0,1.0,0.1,False,False,False,0.015442333009559661,"[{'threshold': 0.1, 'n_candidates_enumerated': 288, 'enumeration_cap_hit': False, 'enumeration_timed_out': False}]",288.0,1.0,,
hard,50000,2,0.058621915988624096,a26e2ae675673ed429aa08e33cf720994357f2cdaf3007baffa81c3c01f04801,enum_uniform_random,4,ok,0.015451833023689687,0.07407374901231378,1.0,1.0,1.0,0.1,False,False,False,0.015442333009559661,"[{'threshold': 0.1, 'n_candidates_enumerated': 288, 'enumeration_cap_hit': False, 'enumeration_timed_out': False}]",288.0,1.0,,
hard,50000,3,0.0850140830152668,f959e8c06ba97772fce32dcd5172c987c90238d3f6f80fa94e6a6822b6759a94,ours,0,ok,4.9124995712190866e-05,0.085063208010979,1.0,1.0,1.0,0.1,False,False,,,,,,,
hard,50000,3,0.0850140830152668,f959e8c06ba97772fce32dcd5172c987c90238d3f6f80fa94e6a6822b6759a94,enum_first_stable,0,ok,0.19180783303454518,0.276821916049812,1.0,1.0,1.0,0.1,False,False,True,0.1917912500211969,"[{'threshold': 0.1, 'n_candidates_enumerated': 1920, 'enumeration_cap_hit': False, 'enumeration_timed_out': False}]",1920.0,1.0,,
hard,50000,3,0.0850140830152668,f959e8c06ba97772fce32dcd5172c987c90238d3f6f80fa94e6a6822b6759a94,enum_uniform_random,0,ok,0.19182095903670415,0.27683504205197096,1.0,1.0,1.0,0.1,False,False,False,0.1917912500211969,"[{'threshold': 0.1, 'n_candidates_enumerated': 1920, 'enumeration_cap_hit': False, 'enumeration_timed_out': False}]",1920.0,1.0,,
hard,50000,3,0.0850140830152668,f959e8c06ba97772fce32dcd5172c987c90238d3f6f80fa94e6a6822b6759a94,enum_uniform_random,1,ok,0.1918065000209026,0.2768205830361694,1.0,1.0,1.0,0.1,False,False,False,0.1917912500211969,"[{'threshold': 0.1, 'n_candidates_enumerated': 1920, 'enumeration_cap_hit': False, 'enumeration_timed_out': False}]",1920.0,1.0,,
hard,50000,3,0.0850140830152668,f959e8c06ba97772fce32dcd5172c987c90238d3f6f80fa94e6a6822b6759a94,enum_uniform_random,2,ok,0.19180558301741257,0.2768196660326794,1.0,1.0,1.0,0.1,False,False,False,0.1917912500211969,"[{'threshold': 0.1, 'n_candidates_enumerated': 1920, 'enumeration_cap_hit': False, 'enumeration_timed_out': False}]",1920.0,1.0,,
hard,50000,3,0.0850140830152668,f959e8c06ba97772fce32dcd5172c987c90238d3f6f80fa94e6a6822b6759a94,enum_uniform_random,3,ok,0.19180479203350842,0.2768188750487752,1.0,1.0,1.0,0.1,False,False,False,0.1917912500211969,"[{'threshold': 0.1, 'n_candidates_enumerated': 1920, 'enumeration_cap_hit': False, 'enumeration_timed_out': False}]",1920.0,1.0,,
hard,50000,3,0.0850140830152668,f959e8c06ba97772fce32dcd5172c987c90238d3f6f80fa94e6a6822b6759a94,enum_uniform_random,4,ok,0.19180395803414285,0.27681804104940966,1.0,1.0,1.0,0.1,False,False,False,0.1917912500211969,"[{'threshold': 0.1, 'n_candidates_enumerated': 1920, 'enumeration_cap_hit': False, 'enumeration_timed_out': False}]",1920.0,1.0,,
hard,50000,3,0.0850140830152668,f959e8c06ba97772fce32dcd5172c987c90238d3f6f80fa94e6a6822b6759a94,arbitrary_control,0,ok,3.366702003404498e-05,0.08504775003530085,0.0,0.0,0.0,,False,False,,,,,,False,1.7202041277098014e-05
hard,50000,3,0.0850140830152668,f959e8c06ba97772fce32dcd5172c987c90238d3f6f80fa94e6a6822b6759a94,arbitrary_control,1,ok,2.475001383572817e-05,0.08503883302910253,0.0,0.0,0.0,,False,False,,,,,,False,0.00044310705024680746
hard,50000,3,0.0850140830152668,f959e8c06ba97772fce32dcd5172c987c90238d3f6f80fa94e6a6822b6759a94,arbitrary_control,2,ok,2.4374981876462698e-05,0.08503845799714327,0.024390243902439025,0.0,0.0,,False,False,,,,,,False,0.0003737701487393293
hard,50000,3,0.0850140830152668,f959e8c06ba97772fce32dcd5172c987c90238d3f6f80fa94e6a6822b6759a94,arbitrary_control,3,ok,2.3333996068686247e-05,0.08503741701133549,0.0,0.0,0.0,,False,False,,,,,,False,0.0004917371317448878
hard,50000,3,0.0850140830152668,f959e8c06ba97772fce32dcd5172c987c90238d3f6f80fa94e6a6822b6759a94,arbitrary_control,4,ok,2.2875028662383556e-05,0.08503695804392919,0.0,0.0,0.0,,False,False,,,,,,False,0.0006940255726061901
hard,50000,4,0.06281849998049438,e140bd70c01e67d1353674d1e2e964fef056bd189f60fb650ed959c6507e49c3,enum_first_stable,0,ok,18.307362041028682,18.370180541009177,1.0,1.0,1.0,0.1,False,False,True,18.3073562909849,"[{'threshold': 0.1, 'n_candidates_enumerated': 144, 'enumeration_cap_hit': False, 'enumeration_timed_out': False}]",144.0,1.0,,
hard,50000,4,0.06281849998049438,e140bd70c01e67d1353674d1e2e964fef056bd189f60fb650ed959c6507e49c3,enum_uniform_random,0,ok,18.307408416003454,18.37022691598395,1.0,1.0,1.0,0.1,False,False,False,18.3073562909849,"[{'threshold': 0.1, 'n_candidates_enumerated': 144, 'enumeration_cap_hit': False, 'enumeration_timed_out': False}]",144.0,1.0,,
hard,50000,4,0.06281849998049438,e140bd70c01e67d1353674d1e2e964fef056bd189f60fb650ed959c6507e49c3,enum_uniform_random,1,ok,18.307369415997528,18.370187915978022,1.0,1.0,1.0,0.1,False,False,False,18.3073562909849,"[{'threshold': 0.1, 'n_candidates_enumerated': 144, 'enumeration_cap_hit': False, 'enumeration_timed_out': False}]",144.0,1.0,,
hard,50000,4,0.06281849998049438,e140bd70c01e67d1353674d1e2e964fef056bd189f60fb650ed959c6507e49c3,enum_uniform_random,2,ok,18.30736854096176,18.370187040942255,1.0,1.0,1.0,0.1,False,False,False,18.3073562909849,"[{'threshold': 0.1, 'n_candidates_enumerated': 144, 'enumeration_cap_hit': False, 'enumeration_timed_out': False}]",144.0,1.0,,
hard,50000,4,0.06281849998049438,e140bd70c01e67d1353674d1e2e964fef056bd189f60fb650ed959c6507e49c3,enum_uniform_random,3,ok,18.307366958004422,18.370185457984917,1.0,1.0,1.0,0.1,False,False,False,18.3073562909849,"[{'threshold': 0.1, 'n_candidates_enumerated': 144, 'enumeration_cap_hit': False, 'enumeration_timed_out': False}]",144.0,1.0,,
hard,50000,4,0.06281849998049438,e140bd70c01e67d1353674d1e2e964fef056bd189f60fb650ed959c6507e49c3,enum_uniform_random,4,ok,18.307366415974684,18.37018491595518,1.0,1.0,1.0,0.1,False,False,False,18.3073562909849,"[{'threshold': 0.1, 'n_candidates_enumerated': 144, 'enumeration_cap_hit': False, 'enumeration_timed_out': False}]",144.0,1.0,,
hard,50000,4,0.06281849998049438,e140bd70c01e67d1353674d1e2e964fef056bd189f60fb650ed959c6507e49c3,arbitrary_control,0,ok,6.470800144597888e-05,0.06288320798194036,0.0,0.0,0.0,,False,False,,,,,,False,0.0003394159982534039
hard,50000,4,0.06281849998049438,e140bd70c01e67d1353674d1e2e964fef056bd189f60fb650ed959c6507e49c3,arbitrary_control,1,ok,2.7416972443461418e-05,0.06284591695293784,0.0,0.0,0.0,,False,False,,,,,,False,0.0008931771578871448
hard,50000,4,0.06281849998049438,e140bd70c01e67d1353674d1e2e964fef056bd189f60fb650ed959c6507e49c3,arbitrary_control,2,ok,2.500001573935151e-05,0.06284349999623373,0.0,0.0,0.0,,False,False,,,,,,False,7.662794362042833e-05
hard,50000,4,0.06281849998049438,e140bd70c01e67d1353674d1e2e964fef056bd189f60fb650ed959c6507e49c3,arbitrary_control,3,ok,2.4250010028481483e-05,0.06284274999052286,0.0,0.0,0.0,,False,False,,,,,,False,0.0010346183067147328
hard,50000,4,0.06281849998049438,e140bd70c01e67d1353674d1e2e964fef056bd189f60fb650ed959c6507e49c3,arbitrary_control,4,ok,2.3792032152414322e-05,0.0628422920126468,0.0,0.0,0.0,,False,False,,,,,,False,0.000291998596583506
hard,50000,4,0.06281849998049438,e140bd70c01e67d1353674d1e2e964fef056bd189f60fb650ed959c6507e49c3,ours,0,ok,3.7165998946875334e-05,0.06285566597944126,1.0,1.0,1.0,0.1,False,False,,,,,,,
hard,50000,5,0.05482954200124368,439595576122c0a909ad32939873deef8ef3d01d133e602deea338af0cbe1528,arbitrary_control,0,ok,5.962501745671034e-05,0.05488916701870039,0.022988505747126436,0.0,0.0,,False,False,,,,,,False,0.00015733721036747964
hard,50000,5,0.05482954200124368,439595576122c0a909ad32939873deef8ef3d01d133e602deea338af0cbe1528,arbitrary_control,1,ok,2.9375019948929548e-05,0.05485891702119261,0.0,0.0,0.0,,False,False,,,,,,False,0.00015733721036747964
hard,50000,5,0.05482954200124368,439595576122c0a909ad32939873deef8ef3d01d133e602deea338af0cbe1528,arbitrary_control,2,ok,2.4749955628067255e-05,0.05485429195687175,0.0,0.0,0.0,,False,False,,,,,,False,0.00102754240369927
hard,50000,5,0.05482954200124368,439595576122c0a909ad32939873deef8ef3d01d133e602deea338af0cbe1528,arbitrary_control,3,ok,2.416700590401888e-05,0.0548537090071477,0.0,0.0,0.0,,False,False,,,,,,False,0.0003489604102344623
hard,50000,5,0.05482954200124368,439595576122c0a909ad32939873deef8ef3d01d133e602deea338af0cbe1528,arbitrary_control,4,ok,2.3250002413988113e-05,0.05485279200365767,0.0,0.0,0.0,,False,False,,,,,,False,0.00025113382758774476
hard,50000,5,0.05482954200124368,439595576122c0a909ad32939873deef8ef3d01d133e602deea338af0cbe1528,ours,0,ok,3.408303018659353e-05,0.054863625031430274,1.0,1.0,1.0,0.1,False,False,,,,,,,
hard,50000,5,0.05482954200124368,439595576122c0a909ad32939873deef8ef3d01d133e602deea338af0cbe1528,enum_first_stable,0,ok,2.51111583301099,2.565945375012234,1.0,1.0,1.0,0.1,False,False,True,2.51109866698971,"[{'threshold': 0.1, 'n_candidates_enumerated': 2016, 'enumeration_cap_hit': False, 'enumeration_timed_out': False}]",2016.0,1.0,,
hard,50000,5,0.05482954200124368,439595576122c0a909ad32939873deef8ef3d01d133e602deea338af0cbe1528,enum_uniform_random,0,ok,2.51114575000247,2.5659752920037135,0.8397976391231029,0.0,0.0,0.1,False,False,False,2.51109866698971,"[{'threshold': 0.1, 'n_candidates_enumerated': 2016, 'enumeration_cap_hit': False, 'enumeration_timed_out': False}]",2016.0,1.0,,
hard,50000,5,0.05482954200124368,439595576122c0a909ad32939873deef8ef3d01d133e602deea338af0cbe1528,enum_uniform_random,1,ok,2.511112250969745,2.565941792970989,0.8397976391231029,0.0,0.0,0.1,False,False,False,2.51109866698971,"[{'threshold': 0.1, 'n_candidates_enumerated': 2016, 'enumeration_cap_hit': False, 'enumeration_timed_out': False}]",2016.0,1.0,,
hard,50000,5,0.05482954200124368,439595576122c0a909ad32939873deef8ef3d01d133e602deea338af0cbe1528,enum_uniform_random,2,ok,2.511111792002339,2.5659413340035826,0.8397976391231029,0.0,0.0,0.1,False,False,False,2.51109866698971,"[{'threshold': 0.1, 'n_candidates_enumerated': 2016, 'enumeration_cap_hit': False, 'enumeration_timed_out': False}]",2016.0,1.0,,
hard,50000,5,0.05482954200124368,439595576122c0a909ad32939873deef8ef3d01d133e602deea338af0cbe1528,enum_uniform_random,3,ok,2.51111162599409,2.5659411679953337,1.0,1.0,1.0,0.1,False,False,False,2.51109866698971,"[{'threshold': 0.1, 'n_candidates_enumerated': 2016, 'enumeration_cap_hit': False, 'enumeration_timed_out': False}]",2016.0,1.0,,
hard,50000,5,0.05482954200124368,439595576122c0a909ad32939873deef8ef3d01d133e602deea338af0cbe1528,enum_uniform_random,4,ok,2.5111121259978972,2.565941667999141,1.0,1.0,1.0,0.1,False,False,False,2.51109866698971,"[{'threshold': 0.1, 'n_candidates_enumerated': 2016, 'enumeration_cap_hit': False, 'enumeration_timed_out': False}]",2016.0,1.0,,
hard,50000,6,0.055058375000953674,3d98c614dcc6eeccb292a989fd673ab6d23acb9955e13f3392b8252b25f86117,ours,0,ok,5.504203727468848e-05,0.05511341703822836,1.0,1.0,1.0,0.1,False,False,,,,,,,
hard,50000,6,0.055058375000953674,3d98c614dcc6eeccb292a989fd673ab6d23acb9955e13f3392b8252b25f86117,enum_first_stable,0,ok,2.1678225829964504,2.222880957997404,1.0,1.0,1.0,0.1,False,False,True,2.167816416011192,"[{'threshold': 0.1, 'n_candidates_enumerated': 960, 'enumeration_cap_hit': False, 'enumeration_timed_out': False}]",960.0,1.0,,
hard,50000,6,0.055058375000953674,3d98c614dcc6eeccb292a989fd673ab6d23acb9955e13f3392b8252b25f86117,enum_uniform_random,0,ok,2.1678636660217308,2.2229220410226844,1.0,1.0,1.0,0.1,False,False,False,2.167816416011192,"[{'threshold': 0.1, 'n_candidates_enumerated': 960, 'enumeration_cap_hit': False, 'enumeration_timed_out': False}]",960.0,1.0,,
hard,50000,6,0.055058375000953674,3d98c614dcc6eeccb292a989fd673ab6d23acb9955e13f3392b8252b25f86117,enum_uniform_random,1,ok,2.167831582017243,2.2228899570181966,1.0,1.0,1.0,0.1,False,False,False,2.167816416011192,"[{'threshold': 0.1, 'n_candidates_enumerated': 960, 'enumeration_cap_hit': False, 'enumeration_timed_out': False}]",960.0,1.0,,
hard,50000,6,0.055058375000953674,3d98c614dcc6eeccb292a989fd673ab6d23acb9955e13f3392b8252b25f86117,enum_uniform_random,2,ok,2.1678295410238206,2.2228879160247743,1.0,1.0,1.0,0.1,False,False,False,2.167816416011192,"[{'threshold': 0.1, 'n_candidates_enumerated': 960, 'enumeration_cap_hit': False, 'enumeration_timed_out': False}]",960.0,1.0,,
hard,50000,6,0.055058375000953674,3d98c614dcc6eeccb292a989fd673ab6d23acb9955e13f3392b8252b25f86117,enum_uniform_random,3,ok,2.1678287080139853,2.222887083014939,1.0,1.0,1.0,0.1,False,False,False,2.167816416011192,"[{'threshold': 0.1, 'n_candidates_enumerated': 960, 'enumeration_cap_hit': False, 'enumeration_timed_out': False}]",960.0,1.0,,
hard,50000,6,0.055058375000953674,3d98c614dcc6eeccb292a989fd673ab6d23acb9955e13f3392b8252b25f86117,enum_uniform_random,4,ok,2.1678279159823433,2.222886290983297,1.0,1.0,1.0,0.1,False,False,False,2.167816416011192,"[{'threshold': 0.1, 'n_candidates_enumerated': 960, 'enumeration_cap_hit': False, 'enumeration_timed_out': False}]",960.0,1.0,,
hard,50000,6,0.055058375000953674,3d98c614dcc6eeccb292a989fd673ab6d23acb9955e13f3392b8252b25f86117,arbitrary_control,0,ok,3.687501884996891e-05,0.05509525001980364,0.0,0.0,0.0,,False,False,,,,,,False,0.0002315104913770907
hard,50000,6,0.055058375000953674,3d98c614dcc6eeccb292a989fd673ab6d23acb9955e13f3392b8252b25f86117,arbitrary_control,1,ok,2.6958994567394257e-05,0.05508533399552107,0.0,0.0,0.0,,False,False,,,,,,False,0.0004445418785602996
hard,50000,6,0.055058375000953674,3d98c614dcc6eeccb292a989fd673ab6d23acb9955e13f3392b8252b25f86117,arbitrary_control,2,ok,2.441700780764222e-05,0.05508279200876132,0.0,0.0,0.0,,False,False,,,,,,False,0.0014099203802272855
hard,50000,6,0.055058375000953674,3d98c614dcc6eeccb292a989fd673ab6d23acb9955e13f3392b8252b25f86117,arbitrary_control,3,ok,2.3707980290055275e-05,0.05508208298124373,0.0,0.0,0.0,,False,False,,,,,,False,5.115366159046426e-05
hard,50000,6,0.055058375000953674,3d98c614dcc6eeccb292a989fd673ab6d23acb9955e13f3392b8252b25f86117,arbitrary_control,4,ok,2.358300844207406e-05,0.05508195800939575,0.0,0.0,0.0,,False,False,,,,,,False,0.0005209747317765656
hard,50000,7,0.07033495797077194,61a9f8578891ce6ef0a917350ac57815acf995ff8c890295e6f99b35d890f9a8,enum_first_stable,0,ok,2.1460447079734877,2.2163796659442596,1.0,1.0,1.0,0.1,False,False,True,2.1460396249894984,"[{'threshold': 0.1, 'n_candidates_enumerated': 336, 'enumeration_cap_hit': False, 'enumeration_timed_out': False}]",336.0,1.0,,
hard,50000,7,0.07033495797077194,61a9f8578891ce6ef0a917350ac57815acf995ff8c890295e6f99b35d890f9a8,enum_uniform_random,0,ok,2.1460809169802815,2.2164158749510534,1.0,1.0,1.0,0.1,False,False,False,2.1460396249894984,"[{'threshold': 0.1, 'n_candidates_enumerated': 336, 'enumeration_cap_hit': False, 'enumeration_timed_out': False}]",336.0,1.0,,
hard,50000,7,0.07033495797077194,61a9f8578891ce6ef0a917350ac57815acf995ff8c890295e6f99b35d890f9a8,enum_uniform_random,1,ok,2.1460535830119625,2.2163885409827344,1.0,1.0,1.0,0.1,False,False,False,2.1460396249894984,"[{'threshold': 0.1, 'n_candidates_enumerated': 336, 'enumeration_cap_hit': False, 'enumeration_timed_out': False}]",336.0,1.0,,
hard,50000,7,0.07033495797077194,61a9f8578891ce6ef0a917350ac57815acf995ff8c890295e6f99b35d890f9a8,enum_uniform_random,2,ok,2.1460509999888018,2.2163859579595737,1.0,1.0,1.0,0.1,False,False,False,2.1460396249894984,"[{'threshold': 0.1, 'n_candidates_enumerated': 336, 'enumeration_cap_hit': False, 'enumeration_timed_out': False}]",336.0,1.0,,
hard,50000,7,0.07033495797077194,61a9f8578891ce6ef0a917350ac57815acf995ff8c890295e6f99b35d890f9a8,enum_uniform_random,3,ok,2.1460500829853117,2.2163850409560837,1.0,1.0,1.0,0.1,False,False,False,2.1460396249894984,"[{'threshold': 0.1, 'n_candidates_enumerated': 336, 'enumeration_cap_hit': False, 'enumeration_timed_out': False}]",336.0,1.0,,
hard,50000,7,0.07033495797077194,61a9f8578891ce6ef0a917350ac57815acf995ff8c890295e6f99b35d890f9a8,enum_uniform_random,4,ok,2.146050165989436,2.216385123960208,1.0,1.0,1.0,0.1,False,False,False,2.1460396249894984,"[{'threshold': 0.1, 'n_candidates_enumerated': 336, 'enumeration_cap_hit': False, 'enumeration_timed_out': False}]",336.0,1.0,,
hard,50000,7,0.07033495797077194,61a9f8578891ce6ef0a917350ac57815acf995ff8c890295e6f99b35d890f9a8,arbitrary_control,0,ok,5.3499999921768904e-05,0.07038845797069371,0.0,0.0,0.0,,False,False,,,,,,False,0.0007776982817050536
hard,50000,7,0.07033495797077194,61a9f8578891ce6ef0a917350ac57815acf995ff8c890295e6f99b35d890f9a8,arbitrary_control,1,ok,2.7833040803670883e-05,0.07036279101157561,0.017521902377972465,0.0,0.0,,False,False,,,,,,False,0.0007564068059456066
hard,50000,7,0.07033495797077194,61a9f8578891ce6ef0a917350ac57815acf995ff8c890295e6f99b35d890f9a8,arbitrary_control,2,ok,2.5999965146183968e-05,0.07036095793591812,0.0,0.0,0.0,,False,False,,,,,,False,0.0001977687457069204
hard,50000,7,0.07033495797077194,61a9f8578891ce6ef0a917350ac57815acf995ff8c890295e6f99b35d890f9a8,arbitrary_control,3,ok,2.4250010028481483e-05,0.07035920798080042,0.0,0.0,0.0,,False,False,,,,,,False,0.00098462291189523
hard,50000,7,0.07033495797077194,61a9f8578891ce6ef0a917350ac57815acf995ff8c890295e6f99b35d890f9a8,arbitrary_control,4,ok,2.3374974261969328e-05,0.07035833294503391,0.0,0.0,0.0,,False,False,,,,,,False,0.0009765072004084266
hard,50000,7,0.07033495797077194,61a9f8578891ce6ef0a917350ac57815acf995ff8c890295e6f99b35d890f9a8,ours,0,ok,3.783300053328276e-05,0.07037279097130522,1.0,1.0,1.0,0.1,False,False,,,,,,,
hard,50000,8,0.058434291975572705,d0f54cb2d74c88adfaa9aaab3b2a9fd979e73d07c7ae9bcc9b4a856ebdc6e66b,arbitrary_control,0,ok,5.76250022277236e-05,0.05849191697780043,0.0,0.0,0.0,,False,False,,,,,,False,0.0009126023671711487
hard,50000,8,0.058434291975572705,d0f54cb2d74c88adfaa9aaab3b2a9fd979e73d07c7ae9bcc9b4a856ebdc6e66b,arbitrary_control,1,ok,2.7333036996424198e-05,0.05846162501256913,0.0,0.0,0.0,,False,False,,,,,,False,0.0009437201571539679
hard,50000,8,0.058434291975572705,d0f54cb2d74c88adfaa9aaab3b2a9fd979e73d07c7ae9bcc9b4a856ebdc6e66b,arbitrary_control,2,ok,2.4833017960190773e-05,0.058459124993532896,0.0,0.0,0.0,,False,False,,,,,,False,0.0012425439730011749
hard,50000,8,0.058434291975572705,d0f54cb2d74c88adfaa9aaab3b2a9fd979e73d07c7ae9bcc9b4a856ebdc6e66b,arbitrary_control,3,ok,2.358399797230959e-05,0.058457875973545015,0.0,0.0,0.0,,False,False,,,,,,False,0.0009737958089578567
hard,50000,8,0.058434291975572705,d0f54cb2d74c88adfaa9aaab3b2a9fd979e73d07c7ae9bcc9b4a856ebdc6e66b,arbitrary_control,4,ok,2.3541972041130066e-05,0.058457833947613835,0.0,0.0,0.0,,False,False,,,,,,False,0.00030590994179577016
hard,50000,8,0.058434291975572705,d0f54cb2d74c88adfaa9aaab3b2a9fd979e73d07c7ae9bcc9b4a856ebdc6e66b,ours,0,ok,3.549997927621007e-05,0.058469791954848915,1.0,1.0,1.0,0.1,False,False,,,,,,,
hard,50000,8,0.058434291975572705,d0f54cb2d74c88adfaa9aaab3b2a9fd979e73d07c7ae9bcc9b4a856ebdc6e66b,enum_first_stable,0,ok,2.6468389999936335,2.705273291969206,1.0,1.0,1.0,0.1,False,False,True,2.646734500012826,"[{'threshold': 0.1, 'n_candidates_enumerated': 30336, 'enumeration_cap_hit': False, 'enumeration_timed_out': False}]",30336.0,1.0,,
hard,50000,8,0.058434291975572705,d0f54cb2d74c88adfaa9aaab3b2a9fd979e73d07c7ae9bcc9b4a856ebdc6e66b,enum_uniform_random,0,ok,2.646841416019015,2.7052757079945877,1.0,1.0,1.0,0.1,False,False,False,2.646734500012826,"[{'threshold': 0.1, 'n_candidates_enumerated': 30336, 'enumeration_cap_hit': False, 'enumeration_timed_out': False}]",30336.0,1.0,,
hard,50000,8,0.058434291975572705,d0f54cb2d74c88adfaa9aaab3b2a9fd979e73d07c7ae9bcc9b4a856ebdc6e66b,enum_uniform_random,1,ok,2.6468210420571268,2.7052553340326995,1.0,1.0,1.0,0.1,False,False,False,2.646734500012826,"[{'threshold': 0.1, 'n_candidates_enumerated': 30336, 'enumeration_cap_hit': False, 'enumeration_timed_out': False}]",30336.0,1.0,,
hard,50000,8,0.058434291975572705,d0f54cb2d74c88adfaa9aaab3b2a9fd979e73d07c7ae9bcc9b4a856ebdc6e66b,enum_uniform_random,2,ok,2.6468210000311956,2.7052552920067683,1.0,1.0,1.0,0.1,False,False,False,2.646734500012826,"[{'threshold': 0.1, 'n_candidates_enumerated': 30336, 'enumeration_cap_hit': False, 'enumeration_timed_out': False}]",30336.0,1.0,,
hard,50000,8,0.058434291975572705,d0f54cb2d74c88adfaa9aaab3b2a9fd979e73d07c7ae9bcc9b4a856ebdc6e66b,enum_uniform_random,3,ok,2.6468197500216775,2.70525404199725,1.0,1.0,1.0,0.1,False,False,False,2.646734500012826,"[{'threshold': 0.1, 'n_candidates_enumerated': 30336, 'enumeration_cap_hit': False, 'enumeration_timed_out': False}]",30336.0,1.0,,
hard,50000,8,0.058434291975572705,d0f54cb2d74c88adfaa9aaab3b2a9fd979e73d07c7ae9bcc9b4a856ebdc6e66b,enum_uniform_random,4,ok,2.646819500019774,2.7052537919953465,1.0,1.0,1.0,0.1,False,False,False,2.646734500012826,"[{'threshold': 0.1, 'n_candidates_enumerated': 30336, 'enumeration_cap_hit': False, 'enumeration_timed_out': False}]",30336.0,1.0,,
hard,50000,9,0.058523708023130894,27ad3215f941d2d14104a733337fb63e81204d25fa62693ac5cb9733a294c249,ours,0,ok,5.154102109372616e-05,0.05857524904422462,1.0,1.0,1.0,0.1,False,False,,,,,,,
hard,50000,9,0.058523708023130894,27ad3215f941d2d14104a733337fb63e81204d25fa62693ac5cb9733a294c249,enum_first_stable,0,ok,56.335320500948,56.39384420897113,1.0,1.0,1.0,0.1,False,False,True,56.33531104197027,"[{'threshold': 0.1, 'n_candidates_enumerated': 336, 'enumeration_cap_hit': False, 'enumeration_timed_out': False}]",336.0,1.0,,
hard,50000,9,0.058523708023130894,27ad3215f941d2d14104a733337fb63e81204d25fa62693ac5cb9733a294c249,enum_uniform_random,0,ok,56.33536908397218,56.39389279199531,1.0,1.0,1.0,0.1,False,False,False,56.33531104197027,"[{'threshold': 0.1, 'n_candidates_enumerated': 336, 'enumeration_cap_hit': False, 'enumeration_timed_out': False}]",336.0,1.0,,
hard,50000,9,0.058523708023130894,27ad3215f941d2d14104a733337fb63e81204d25fa62693ac5cb9733a294c249,enum_uniform_random,1,ok,56.335324749932624,56.393848457955755,1.0,1.0,1.0,0.1,False,False,False,56.33531104197027,"[{'threshold': 0.1, 'n_candidates_enumerated': 336, 'enumeration_cap_hit': False, 'enumeration_timed_out': False}]",336.0,1.0,,
hard,50000,9,0.058523708023130894,27ad3215f941d2d14104a733337fb63e81204d25fa62693ac5cb9733a294c249,enum_uniform_random,2,ok,56.33532308298163,56.39384679100476,1.0,1.0,1.0,0.1,False,False,False,56.33531104197027,"[{'threshold': 0.1, 'n_candidates_enumerated': 336, 'enumeration_cap_hit': False, 'enumeration_timed_out': False}]",336.0,1.0,,
hard,50000,9,0.058523708023130894,27ad3215f941d2d14104a733337fb63e81204d25fa62693ac5cb9733a294c249,enum_uniform_random,3,ok,56.335322084021755,56.393845792044885,1.0,1.0,1.0,0.1,False,False,False,56.33531104197027,"[{'threshold': 0.1, 'n_candidates_enumerated': 336, 'enumeration_cap_hit': False, 'enumeration_timed_out': False}]",336.0,1.0,,
hard,50000,9,0.058523708023130894,27ad3215f941d2d14104a733337fb63e81204d25fa62693ac5cb9733a294c249,enum_uniform_random,4,ok,56.33532129199011,56.39384500001324,1.0,1.0,1.0,0.1,False,False,False,56.33531104197027,"[{'threshold': 0.1, 'n_candidates_enumerated': 336, 'enumeration_cap_hit': False, 'enumeration_timed_out': False}]",336.0,1.0,,
hard,50000,9,0.058523708023130894,27ad3215f941d2d14104a733337fb63e81204d25fa62693ac5cb9733a294c249,arbitrary_control,0,ok,5.2791961934417486e-05,0.05857649998506531,0.0,0.0,0.0,,False,False,,,,,,False,0.000719257785298634
hard,50000,9,0.058523708023130894,27ad3215f941d2d14104a733337fb63e81204d25fa62693ac5cb9733a294c249,arbitrary_control,1,ok,2.9124959837645292e-05,0.05855283298296854,0.0,0.0,0.0,,False,False,,,,,,False,0.00024502091214932047
hard,50000,9,0.058523708023130894,27ad3215f941d2d14104a733337fb63e81204d25fa62693ac5cb9733a294c249,arbitrary_control,2,ok,2.5541987270116806e-05,0.05854925001040101,0.0,0.0,0.0,,False,False,,,,,,False,0.001760719366695711
hard,50000,9,0.058523708023130894,27ad3215f941d2d14104a733337fb63e81204d25fa62693ac5cb9733a294c249,arbitrary_control,3,ok,2.420798409730196e-05,0.058547916007228196,0.0,0.0,0.0,,False,False,,,,,,False,0.000494121522161853
hard,50000,9,0.058523708023130894,27ad3215f941d2d14104a733337fb63e81204d25fa62693ac5cb9733a294c249,arbitrary_control,4,ok,2.3917004000395536e-05,0.05854762502713129,0.0,0.0,0.0,,False,False,,,,,,False,0.00016053340033264036
hard,50000,10,0.06812954199267551,ca0a1397691f2fc1542fc482344cc5fc02af48e24667945b415d44b003607f31,enum_first_stable,0,ok,0.21421425003791228,0.2823437920305878,1.0,1.0,1.0,0.1,False,False,True,0.21421029203338549,"[{'threshold': 0.1, 'n_candidates_enumerated': 1152, 'enumeration_cap_hit': False, 'enumeration_timed_out': False}]",1152.0,1.0,,
hard,50000,10,0.06812954199267551,ca0a1397691f2fc1542fc482344cc5fc02af48e24667945b415d44b003607f31,enum_uniform_random,0,ok,0.21423716703429818,0.2823667090269737,1.0,1.0,1.0,0.1,False,False,False,0.21421029203338549,"[{'threshold': 0.1, 'n_candidates_enumerated': 1152, 'enumeration_cap_hit': False, 'enumeration_timed_out': False}]",1152.0,1.0,,
hard,50000,10,0.06812954199267551,ca0a1397691f2fc1542fc482344cc5fc02af48e24667945b415d44b003607f31,enum_uniform_random,1,ok,0.2142235420178622,0.2823530840105377,1.0,1.0,1.0,0.1,False,False,False,0.21421029203338549,"[{'threshold': 0.1, 'n_candidates_enumerated': 1152, 'enumeration_cap_hit': False, 'enumeration_timed_out': False}]",1152.0,1.0,,
hard,50000,10,0.06812954199267551,ca0a1397691f2fc1542fc482344cc5fc02af48e24667945b415d44b003607f31,enum_uniform_random,2,ok,0.21422241703839973,0.28235195903107524,1.0,1.0,1.0,0.1,False,False,False,0.21421029203338549,"[{'threshold': 0.1, 'n_candidates_enumerated': 1152, 'enumeration_cap_hit': False, 'enumeration_timed_out': False}]",1152.0,1.0,,
hard,50000,10,0.06812954199267551,ca0a1397691f2fc1542fc482344cc5fc02af48e24667945b415d44b003607f31,enum_uniform_random,3,ok,0.21422283304855227,0.2823523750412278,1.0,1.0,1.0,0.1,False,False,False,0.21421029203338549,"[{'threshold': 0.1, 'n_candidates_enumerated': 1152, 'enumeration_cap_hit': False, 'enumeration_timed_out': False}]",1152.0,1.0,,
hard,50000,10,0.06812954199267551,ca0a1397691f2fc1542fc482344cc5fc02af48e24667945b415d44b003607f31,enum_uniform_random,4,ok,0.21422175102634355,0.28235129301901907,1.0,1.0,1.0,0.1,False,False,False,0.21421029203338549,"[{'threshold': 0.1, 'n_candidates_enumerated': 1152, 'enumeration_cap_hit': False, 'enumeration_timed_out': False}]",1152.0,1.0,,
hard,50000,10,0.06812954199267551,ca0a1397691f2fc1542fc482344cc5fc02af48e24667945b415d44b003607f31,arbitrary_control,0,ok,2.9916001949459314e-05,0.06815945799462497,0.0,0.0,0.0,,False,False,,,,,,False,0.0021013027317305704
hard,50000,10,0.06812954199267551,ca0a1397691f2fc1542fc482344cc5fc02af48e24667945b415d44b003607f31,arbitrary_control,1,ok,2.4582957848906517e-05,0.06815412495052442,0.0,0.0,0.0,,False,False,,,,,,False,3.314466251423579e-05
hard,50000,10,0.06812954199267551,ca0a1397691f2fc1542fc482344cc5fc02af48e24667945b415d44b003607f31,arbitrary_control,2,ok,2.9375019948929548e-05,0.06815891701262444,0.0,0.0,0.0,,False,False,,,,,,False,0.00020427475666315211
hard,50000,10,0.06812954199267551,ca0a1397691f2fc1542fc482344cc5fc02af48e24667945b415d44b003607f31,arbitrary_control,3,ok,2.3291970137506723e-05,0.06815283396281302,0.0,0.0,0.0,,False,False,,,,,,False,0.00012700811484859948
hard,50000,10,0.06812954199267551,ca0a1397691f2fc1542fc482344cc5fc02af48e24667945b415d44b003607f31,arbitrary_control,4,ok,2.320896601304412e-05,0.06815275095868856,0.0,0.0,0.0,,False,False,,,,,,False,6.997714441958722e-05
hard,50000,10,0.06812954199267551,ca0a1397691f2fc1542fc482344cc5fc02af48e24667945b415d44b003607f31,ours,0,ok,3.0499999411404133e-05,0.06816004199208692,1.0,1.0,1.0,0.1,False,False,,,,,,,
hard,50000,11,0.06658050004625693,5e62e5a7a9a8274ab19da179bd3908907d368bcbe76936aa22b6404d0fe624ca,arbitrary_control,0,ok,5.437503568828106e-05,0.06663487508194521,0.0,0.0,0.0,,False,False,,,,,,False,0.00041293565024679767
hard,50000,11,0.06658050004625693,5e62e5a7a9a8274ab19da179bd3908907d368bcbe76936aa22b6404d0fe624ca,arbitrary_control,1,ok,2.5541987270116806e-05,0.06660604203352705,0.0,0.0,0.0,,False,False,,,,,,False,0.00039902718498108474
hard,50000,11,0.06658050004625693,5e62e5a7a9a8274ab19da179bd3908907d368bcbe76936aa22b6404d0fe624ca,arbitrary_control,2,ok,2.404197584837675e-05,0.0666045420221053,0.0,0.0,0.0,,False,False,,,,,,False,0.0004665110476300942
hard,50000,11,0.06658050004625693,5e62e5a7a9a8274ab19da179bd3908907d368bcbe76936aa22b6404d0fe624ca,arbitrary_control,3,ok,2.341700019314885e-05,0.06660391704645008,0.0,0.0,0.0,,False,False,,,,,,False,0.0006706493782707765
hard,50000,11,0.06658050004625693,5e62e5a7a9a8274ab19da179bd3908907d368bcbe76936aa22b6404d0fe624ca,arbitrary_control,4,ok,2.295803278684616e-05,0.06660345807904378,0.0,0.0,0.0,,False,False,,,,,,False,0.0001590246301889335
hard,50000,11,0.06658050004625693,5e62e5a7a9a8274ab19da179bd3908907d368bcbe76936aa22b6404d0fe624ca,ours,0,ok,3.224995452910662e-05,0.06661275000078604,1.0,1.0,1.0,0.1,False,False,,,,,,,
hard,50000,11,0.06658050004625693,5e62e5a7a9a8274ab19da179bd3908907d368bcbe76936aa22b6404d0fe624ca,enum_first_stable,0,ok,60.00012441596482,60.066704916011076,1.0,1.0,1.0,0.1,False,True,True,60.000081665988546,"[{'threshold': 0.1, 'n_candidates_enumerated': 5376, 'enumeration_cap_hit': False, 'enumeration_timed_out': True}]",5376.0,1.0,,
hard,50000,11,0.06658050004625693,5e62e5a7a9a8274ab19da179bd3908907d368bcbe76936aa22b6404d0fe624ca,enum_uniform_random,0,ok,60.000180374016054,60.06676087406231,1.0,1.0,1.0,0.1,False,True,False,60.000081665988546,"[{'threshold': 0.1, 'n_candidates_enumerated': 5376, 'enumeration_cap_hit': False, 'enumeration_timed_out': True}]",5376.0,1.0,,
hard,50000,11,0.06658050004625693,5e62e5a7a9a8274ab19da179bd3908907d368bcbe76936aa22b6404d0fe624ca,enum_uniform_random,1,ok,60.00010779098375,60.066688291030005,1.0,1.0,1.0,0.1,False,True,False,60.000081665988546,"[{'threshold': 0.1, 'n_candidates_enumerated': 5376, 'enumeration_cap_hit': False, 'enumeration_timed_out': True}]",5376.0,1.0,,
hard,50000,11,0.06658050004625693,5e62e5a7a9a8274ab19da179bd3908907d368bcbe76936aa22b6404d0fe624ca,enum_uniform_random,2,ok,60.00010533200111,60.06668583204737,1.0,1.0,1.0,0.1,False,True,False,60.000081665988546,"[{'threshold': 0.1, 'n_candidates_enumerated': 5376, 'enumeration_cap_hit': False, 'enumeration_timed_out': True}]",5376.0,1.0,,
hard,50000,11,0.06658050004625693,5e62e5a7a9a8274ab19da179bd3908907d368bcbe76936aa22b6404d0fe624ca,enum_uniform_random,3,ok,60.00010533299064,60.0666858330369,1.0,1.0,1.0,0.1,False,True,False,60.000081665988546,"[{'threshold': 0.1, 'n_candidates_enumerated': 5376, 'enumeration_cap_hit': False, 'enumeration_timed_out': True}]",5376.0,1.0,,
hard,50000,11,0.06658050004625693,5e62e5a7a9a8274ab19da179bd3908907d368bcbe76936aa22b6404d0fe624ca,enum_uniform_random,4,ok,60.000102291000076,60.06668279104633,1.0,1.0,1.0,0.1,False,True,False,60.000081665988546,"[{'threshold': 0.1, 'n_candidates_enumerated': 5376, 'enumeration_cap_hit': False, 'enumeration_timed_out': True}]",5376.0,1.0,,
hard,50000,12,0.05939762503840029,56827cf75dbfd580bc1201ffeb1edaacf5981526273b3ec0a1e2193e77677685,ours,0,ok,6.59999786876142e-05,0.05946362501708791,1.0,1.0,1.0,0.1,False,False,,,,,,,
hard,50000,12,0.05939762503840029,56827cf75dbfd580bc1201ffeb1edaacf5981526273b3ec0a1e2193e77677685,enum_first_stable,0,ok,0.23295137600507587,0.29234900104347616,1.0,1.0,1.0,0.1,False,False,True,0.23294666700530797,"[{'threshold': 0.1, 'n_candidates_enumerated': 1920, 'enumeration_cap_hit': False, 'enumeration_timed_out': False}]",1920.0,1.0,,
hard,50000,12,0.05939762503840029,56827cf75dbfd580bc1201ffeb1edaacf5981526273b3ec0a1e2193e77677685,enum_uniform_random,0,ok,0.23297791701043025,0.29237554204883054,1.0,1.0,1.0,0.1,False,False,False,0.23294666700530797,"[{'threshold': 0.1, 'n_candidates_enumerated': 1920, 'enumeration_cap_hit': False, 'enumeration_timed_out': False}]",1920.0,1.0,,
hard,50000,12,0.05939762503840029,56827cf75dbfd580bc1201ffeb1edaacf5981526273b3ec0a1e2193e77677685,enum_uniform_random,1,ok,0.2329615839989856,0.2923592090373859,1.0,1.0,1.0,0.1,False,False,False,0.23294666700530797,"[{'threshold': 0.1, 'n_candidates_enumerated': 1920, 'enumeration_cap_hit': False, 'enumeration_timed_out': False}]",1920.0,1.0,,
hard,50000,12,0.05939762503840029,56827cf75dbfd580bc1201ffeb1edaacf5981526273b3ec0a1e2193e77677685,enum_uniform_random,2,ok,0.232961084053386,0.2923587090917863,1.0,1.0,1.0,0.1,False,False,False,0.23294666700530797,"[{'threshold': 0.1, 'n_candidates_enumerated': 1920, 'enumeration_cap_hit': False, 'enumeration_timed_out': False}]",1920.0,1.0,,
hard,50000,12,0.05939762503840029,56827cf75dbfd580bc1201ffeb1edaacf5981526273b3ec0a1e2193e77677685,enum_uniform_random,3,ok,0.23295995901571587,0.29235758405411616,1.0,1.0,1.0,0.1,False,False,False,0.23294666700530797,"[{'threshold': 0.1, 'n_candidates_enumerated': 1920, 'enumeration_cap_hit': False, 'enumeration_timed_out': False}]",1920.0,1.0,,
hard,50000,12,0.05939762503840029,56827cf75dbfd580bc1201ffeb1edaacf5981526273b3ec0a1e2193e77677685,enum_uniform_random,4,ok,0.2329602090176195,0.2923578340560198,1.0,1.0,1.0,0.1,False,False,False,0.23294666700530797,"[{'threshold': 0.1, 'n_candidates_enumerated': 1920, 'enumeration_cap_hit': False, 'enumeration_timed_out': False}]",1920.0,1.0,,
hard,50000,12,0.05939762503840029,56827cf75dbfd580bc1201ffeb1edaacf5981526273b3ec0a1e2193e77677685,arbitrary_control,0,ok,3.4333032090216875e-05,0.05943195807049051,0.0,0.0,0.0,,False,False,,,,,,False,0.00010151762181712593
hard,50000,12,0.05939762503840029,56827cf75dbfd580bc1201ffeb1edaacf5981526273b3ec0a1e2193e77677685,arbitrary_control,1,ok,2.920901170000434e-05,0.0594268340501003,0.0,0.0,0.0,,False,False,,,,,,False,0.001630043073807629
hard,50000,12,0.05939762503840029,56827cf75dbfd580bc1201ffeb1edaacf5981526273b3ec0a1e2193e77677685,arbitrary_control,2,ok,2.400000812485814e-05,0.05942162504652515,0.0,0.0,0.0,,False,False,,,,,,False,0.0002810662266868128
hard,50000,12,0.05939762503840029,56827cf75dbfd580bc1201ffeb1edaacf5981526273b3ec0a1e2193e77677685,arbitrary_control,3,ok,2.575002145022154e-05,0.059423375059850514,0.0,0.0,0.0,,False,False,,,,,,False,4.5419771605939665e-05
hard,50000,12,0.05939762503840029,56827cf75dbfd580bc1201ffeb1edaacf5981526273b3ec0a1e2193e77677685,arbitrary_control,4,ok,2.3250002413988113e-05,0.05942087504081428,0.0,0.0,0.0,,False,False,,,,,,False,0.0002810662266868128
hard,50000,13,0.0703607089817524,c425f684ab16ab70d1b08a1e0a5a96e19ce3abe92ef3c9e2859740f576b0f8ef,enum_first_stable,0,ok,1.1017115840222687,1.172072293004021,1.0,1.0,1.0,0.1,False,False,True,1.1017097500152886,"[{'threshold': 0.1, 'n_candidates_enumerated': 112, 'enumeration_cap_hit': False, 'enumeration_timed_out': False}]",112.0,1.0,,
hard,50000,13,0.0703607089817524,c425f684ab16ab70d1b08a1e0a5a96e19ce3abe92ef3c9e2859740f576b0f8ef,enum_uniform_random,0,ok,1.101737541030161,1.1720982500119135,1.0,1.0,1.0,0.1,False,False,False,1.1017097500152886,"[{'threshold': 0.1, 'n_candidates_enumerated': 112, 'enumeration_cap_hit': False, 'enumeration_timed_out': False}]",112.0,1.0,,
hard,50000,13,0.0703607089817524,c425f684ab16ab70d1b08a1e0a5a96e19ce3abe92ef3c9e2859740f576b0f8ef,enum_uniform_random,1,ok,1.1017199999769218,1.1720807089586742,1.0,1.0,1.0,0.1,False,False,False,1.1017097500152886,"[{'threshold': 0.1, 'n_candidates_enumerated': 112, 'enumeration_cap_hit': False, 'enumeration_timed_out': False}]",112.0,1.0,,
hard,50000,13,0.0703607089817524,c425f684ab16ab70d1b08a1e0a5a96e19ce3abe92ef3c9e2859740f576b0f8ef,enum_uniform_random,2,ok,1.101719249971211,1.1720799589529634,1.0,1.0,1.0,0.1,False,False,False,1.1017097500152886,"[{'threshold': 0.1, 'n_candidates_enumerated': 112, 'enumeration_cap_hit': False, 'enumeration_timed_out': False}]",112.0,1.0,,
hard,50000,13,0.0703607089817524,c425f684ab16ab70d1b08a1e0a5a96e19ce3abe92ef3c9e2859740f576b0f8ef,enum_uniform_random,3,ok,1.1017191670252942,1.1720798760070466,1.0,1.0,1.0,0.1,False,False,False,1.1017097500152886,"[{'threshold': 0.1, 'n_candidates_enumerated': 112, 'enumeration_cap_hit': False, 'enumeration_timed_out': False}]",112.0,1.0,,
hard,50000,13,0.0703607089817524,c425f684ab16ab70d1b08a1e0a5a96e19ce3abe92ef3c9e2859740f576b0f8ef,enum_uniform_random,4,ok,1.1017190419952385,1.172079750976991,1.0,1.0,1.0,0.1,False,False,False,1.1017097500152886,"[{'threshold': 0.1, 'n_candidates_enumerated': 112, 'enumeration_cap_hit': False, 'enumeration_timed_out': False}]",112.0,1.0,,
hard,50000,13,0.0703607089817524,c425f684ab16ab70d1b08a1e0a5a96e19ce3abe92ef3c9e2859740f576b0f8ef,arbitrary_control,0,ok,2.9416987672448158e-05,0.07039012596942484,0.0,0.0,0.0,,False,False,,,,,,False,0.0005830680388563875
hard,50000,13,0.0703607089817524,c425f684ab16ab70d1b08a1e0a5a96e19ce3abe92ef3c9e2859740f576b0f8ef,arbitrary_control,1,ok,2.412503818050027e-05,0.0703848340199329,0.0,0.0,0.0,,False,False,,,,,,False,0.00010947803798068783
hard,50000,13,0.0703607089817524,c425f684ab16ab70d1b08a1e0a5a96e19ce3abe92ef3c9e2859740f576b0f8ef,arbitrary_control,2,ok,2.3957982193678617e-05,0.07038466696394607,0.0,0.0,0.0,,False,False,,,,,,False,0.00017490708357764632
hard,50000,13,0.0703607089817524,c425f684ab16ab70d1b08a1e0a5a96e19ce3abe92ef3c9e2859740f576b0f8ef,arbitrary_control,3,ok,2.2833992261439562e-05,0.07038354297401384,0.0,0.0,0.0,,False,False,,,,,,False,0.00040471849459796863
hard,50000,13,0.0703607089817524,c425f684ab16ab70d1b08a1e0a5a96e19ce3abe92ef3c9e2859740f576b0f8ef,arbitrary_control,4,ok,2.274999860674143e-05,0.07038345898035914,0.01486988847583643,0.0,0.0,,False,False,,,,,,False,0.0007013263994202784
hard,50000,13,0.0703607089817524,c425f684ab16ab70d1b08a1e0a5a96e19ce3abe92ef3c9e2859740f576b0f8ef,ours,0,ok,3.0791969038546085e-05,0.07039150095079094,1.0,1.0,1.0,0.1,False,False,,,,,,,
hard,50000,14,0.05879366601584479,28ffc3c7e9baee336bf61a20510643ba75a0de7e63f86d5d2fa2a3a9389ab00b,arbitrary_control,0,ok,5.6374992709606886e-05,0.0588500410085544,0.0,0.0,0.0,,False,False,,,,,,False,3.172616367221904e-06
hard,50000,14,0.05879366601584479,28ffc3c7e9baee336bf61a20510643ba75a0de7e63f86d5d2fa2a3a9389ab00b,arbitrary_control,1,ok,2.679100725799799e-05,0.05882045702310279,0.0,0.0,0.0,,False,False,,,,,,False,0.0003153736711470317
hard,50000,14,0.05879366601584479,28ffc3c7e9baee336bf61a20510643ba75a0de7e63f86d5d2fa2a3a9389ab00b,arbitrary_control,2,ok,2.412503818050027e-05,0.05881779105402529,0.0,0.0,0.0,,False,False,,,,,,False,0.00024275748432475803
hard,50000,14,0.05879366601584479,28ffc3c7e9baee336bf61a20510643ba75a0de7e63f86d5d2fa2a3a9389ab00b,arbitrary_control,3,ok,2.354203024879098e-05,0.05881720804609358,0.0,0.0,0.0,,False,False,,,,,,False,0.0008591261236238024
hard,50000,14,0.05879366601584479,28ffc3c7e9baee336bf61a20510643ba75a0de7e63f86d5d2fa2a3a9389ab00b,arbitrary_control,4,ok,2.3209024220705032e-05,0.0588168750400655,0.0,0.0,0.0,,False,False,,,,,,False,0.000367331305298053
hard,50000,14,0.05879366601584479,28ffc3c7e9baee336bf61a20510643ba75a0de7e63f86d5d2fa2a3a9389ab00b,ours,0,ok,3.229099093005061e-05,0.05882595700677484,1.0,1.0,1.0,0.1,False,False,,,,,,,
hard,50000,14,0.05879366601584479,28ffc3c7e9baee336bf61a20510643ba75a0de7e63f86d5d2fa2a3a9389ab00b,enum_first_stable,0,ok,16.130981334019452,16.189775000035297,1.0,1.0,1.0,0.1,False,False,True,16.130977042019367,"[{'threshold': 0.1, 'n_candidates_enumerated': 96, 'enumeration_cap_hit': False, 'enumeration_timed_out': False}]",96.0,1.0,,
hard,50000,14,0.05879366601584479,28ffc3c7e9baee336bf61a20510643ba75a0de7e63f86d5d2fa2a3a9389ab00b,enum_uniform_random,0,ok,16.131032500008587,16.18982616602443,1.0,1.0,1.0,0.1,False,False,False,16.130977042019367,"[{'threshold': 0.1, 'n_candidates_enumerated': 96, 'enumeration_cap_hit': False, 'enumeration_timed_out': False}]",96.0,1.0,,
hard,50000,14,0.05879366601584479,28ffc3c7e9baee336bf61a20510643ba75a0de7e63f86d5d2fa2a3a9389ab00b,enum_uniform_random,1,ok,16.130989958997816,16.18978362501366,1.0,1.0,1.0,0.1,False,False,False,16.130977042019367,"[{'threshold': 0.1, 'n_candidates_enumerated': 96, 'enumeration_cap_hit': False, 'enumeration_timed_out': False}]",96.0,1.0,,
hard,50000,14,0.05879366601584479,28ffc3c7e9baee336bf61a20510643ba75a0de7e63f86d5d2fa2a3a9389ab00b,enum_uniform_random,2,ok,16.130987708980683,16.189781374996528,1.0,1.0,1.0,0.1,False,False,False,16.130977042019367,"[{'threshold': 0.1, 'n_candidates_enumerated': 96, 'enumeration_cap_hit': False, 'enumeration_timed_out': False}]",96.0,1.0,,
hard,50000,14,0.05879366601584479,28ffc3c7e9baee336bf61a20510643ba75a0de7e63f86d5d2fa2a3a9389ab00b,enum_uniform_random,3,ok,16.130987292039208,16.189780958055053,1.0,1.0,1.0,0.1,False,False,False,16.130977042019367,"[{'threshold': 0.1, 'n_candidates_enumerated': 96, 'enumeration_cap_hit': False, 'enumeration_timed_out': False}]",96.0,1.0,,
hard,50000,14,0.05879366601584479,28ffc3c7e9baee336bf61a20510643ba75a0de7e63f86d5d2fa2a3a9389ab00b,enum_uniform_random,4,ok,16.13098733400693,16.189781000022776,1.0,1.0,1.0,0.1,False,False,False,16.130977042019367,"[{'threshold': 0.1, 'n_candidates_enumerated': 96, 'enumeration_cap_hit': False, 'enumeration_timed_out': False}]",96.0,1.0,,
hard,50000,15,0.06299333297647536,f00a00488fd39a761a89efed30666e7052dfec03e8c4dd3711ba10ebbba9f6a7,ours,0,ok,5.341600626707077e-05,0.06304674898274243,1.0,1.0,1.0,0.1,False,False,,,,,,,
hard,50000,15,0.06299333297647536,f00a00488fd39a761a89efed30666e7052dfec03e8c4dd3711ba10ebbba9f6a7,enum_first_stable,0,ok,60.000036207959056,60.06302954093553,1.0,1.0,1.0,0.1,False,True,True,60.000029999995604,"[{'threshold': 0.1, 'n_candidates_enumerated': 288, 'enumeration_cap_hit': False, 'enumeration_timed_out': True}]",288.0,1.0,,
hard,50000,15,0.06299333297647536,f00a00488fd39a761a89efed30666e7052dfec03e8c4dd3711ba10ebbba9f6a7,enum_uniform_random,0,ok,60.000079624995124,60.0630729579716,1.0,1.0,1.0,0.1,False,True,False,60.000029999995604,"[{'threshold': 0.1, 'n_candidates_enumerated': 288, 'enumeration_cap_hit': False, 'enumeration_timed_out': True}]",288.0,1.0,,
hard,50000,15,0.06299333297647536,f00a00488fd39a761a89efed30666e7052dfec03e8c4dd3711ba10ebbba9f6a7,enum_uniform_random,1,ok,60.00004345900379,60.06303679198027,1.0,1.0,1.0,0.1,False,True,False,60.000029999995604,"[{'threshold': 0.1, 'n_candidates_enumerated': 288, 'enumeration_cap_hit': False, 'enumeration_timed_out': True}]",288.0,1.0,,
hard,50000,15,0.06299333297647536,f00a00488fd39a761a89efed30666e7052dfec03e8c4dd3711ba10ebbba9f6a7,enum_uniform_random,2,ok,60.00004129204899,60.063034625025466,1.0,1.0,1.0,0.1,False,True,False,60.000029999995604,"[{'threshold': 0.1, 'n_candidates_enumerated': 288, 'enumeration_cap_hit': False, 'enumeration_timed_out': True}]",288.0,1.0,,
hard,50000,15,0.06299333297647536,f00a00488fd39a761a89efed30666e7052dfec03e8c4dd3711ba10ebbba9f6a7,enum_uniform_random,3,ok,60.00004070898285,60.06303404195933,1.0,1.0,1.0,0.1,False,True,False,60.000029999995604,"[{'threshold': 0.1, 'n_candidates_enumerated': 288, 'enumeration_cap_hit': False, 'enumeration_timed_out': True}]",288.0,1.0,,
hard,50000,15,0.06299333297647536,f00a00488fd39a761a89efed30666e7052dfec03e8c4dd3711ba10ebbba9f6a7,enum_uniform_random,4,ok,60.0000408749911,60.063034207967576,1.0,1.0,1.0,0.1,False,True,False,60.000029999995604,"[{'threshold': 0.1, 'n_candidates_enumerated': 288, 'enumeration_cap_hit': False, 'enumeration_timed_out': True}]",288.0,1.0,,
hard,50000,15,0.06299333297647536,f00a00488fd39a761a89efed30666e7052dfec03e8c4dd3711ba10ebbba9f6a7,arbitrary_control,0,ok,4.133302718400955e-05,0.06303466600365937,0.0,0.0,0.0,,False,False,,,,,,False,0.0009536129561990703
hard,50000,15,0.06299333297647536,f00a00488fd39a761a89efed30666e7052dfec03e8c4dd3711ba10ebbba9f6a7,arbitrary_control,1,ok,2.6582973077893257e-05,0.06301991594955325,0.0,0.0,0.0,,False,False,,,,,,False,1.4896120854194214e-05
hard,50000,15,0.06299333297647536,f00a00488fd39a761a89efed30666e7052dfec03e8c4dd3711ba10ebbba9f6a7,arbitrary_control,2,ok,2.4458044208586216e-05,0.06301779102068394,0.0,0.0,0.0,,False,False,,,,,,False,0.00183144528708702
hard,50000,15,0.06299333297647536,f00a00488fd39a761a89efed30666e7052dfec03e8c4dd3711ba10ebbba9f6a7,arbitrary_control,3,ok,2.395804040133953e-05,0.0630172910168767,0.0,0.0,0.0,,False,False,,,,,,False,6.591223641212119e-05
hard,50000,15,0.06299333297647536,f00a00488fd39a761a89efed30666e7052dfec03e8c4dd3711ba10ebbba9f6a7,arbitrary_control,4,ok,2.3667002096772194e-05,0.06301699997857213,0.0,0.0,0.0,,False,False,,,,,,False,0.000412439875837089
hard,50000,16,0.055374415998812765,f793fe8dca167e9297fbf50f7f95f4bc0d58fb4752abed7bbf4c21f87ed31c6d,enum_first_stable,0,ok,4.37564012495568,4.431014540954493,1.0,1.0,1.0,0.1,False,False,True,4.375635167001747,"[{'threshold': 0.1, 'n_candidates_enumerated': 240, 'enumeration_cap_hit': False, 'enumeration_timed_out': False}]",240.0,1.0,,
hard,50000,16,0.055374415998812765,f793fe8dca167e9297fbf50f7f95f4bc0d58fb4752abed7bbf4c21f87ed31c6d,enum_uniform_random,0,ok,4.375689209031407,4.4310636250302196,1.0,1.0,1.0,0.1,False,False,False,4.375635167001747,"[{'threshold': 0.1, 'n_candidates_enumerated': 240, 'enumeration_cap_hit': False, 'enumeration_timed_out': False}]",240.0,1.0,,
hard,50000,16,0.055374415998812765,f793fe8dca167e9297fbf50f7f95f4bc0d58fb4752abed7bbf4c21f87ed31c6d,enum_uniform_random,1,ok,4.375648416986223,4.431022832985036,1.0,1.0,1.0,0.1,False,False,False,4.375635167001747,"[{'threshold': 0.1, 'n_candidates_enumerated': 240, 'enumeration_cap_hit': False, 'enumeration_timed_out': False}]",240.0,1.0,,
hard,50000,16,0.055374415998812765,f793fe8dca167e9297fbf50f7f95f4bc0d58fb4752abed7bbf4c21f87ed31c6d,enum_uniform_random,2,ok,4.375646082975436,4.431020498974249,1.0,1.0,1.0,0.1,False,False,False,4.375635167001747,"[{'threshold': 0.1, 'n_candidates_enumerated': 240, 'enumeration_cap_hit': False, 'enumeration_timed_out': False}]",240.0,1.0,,
hard,50000,16,0.055374415998812765,f793fe8dca167e9297fbf50f7f95f4bc0d58fb4752abed7bbf4c21f87ed31c6d,enum_uniform_random,3,ok,4.375645832973532,4.431020248972345,1.0,1.0,1.0,0.1,False,False,False,4.375635167001747,"[{'threshold': 0.1, 'n_candidates_enumerated': 240, 'enumeration_cap_hit': False, 'enumeration_timed_out': False}]",240.0,1.0,,
hard,50000,16,0.055374415998812765,f793fe8dca167e9297fbf50f7f95f4bc0d58fb4752abed7bbf4c21f87ed31c6d,enum_uniform_random,4,ok,4.375645249965601,4.431019665964413,1.0,1.0,1.0,0.1,False,False,False,4.375635167001747,"[{'threshold': 0.1, 'n_candidates_enumerated': 240, 'enumeration_cap_hit': False, 'enumeration_timed_out': False}]",240.0,1.0,,
hard,50000,16,0.055374415998812765,f793fe8dca167e9297fbf50f7f95f4bc0d58fb4752abed7bbf4c21f87ed31c6d,arbitrary_control,0,ok,4.470901330932975e-05,0.055419125012122095,0.0,0.0,0.0,,False,False,,,,,,False,0.0002894512261662208
hard,50000,16,0.055374415998812765,f793fe8dca167e9297fbf50f7f95f4bc0d58fb4752abed7bbf4c21f87ed31c6d,arbitrary_control,1,ok,2.6082969270646572e-05,0.05540049896808341,0.0,0.0,0.0,,False,False,,,,,,False,7.33287592704925e-05
hard,50000,16,0.055374415998812765,f793fe8dca167e9297fbf50f7f95f4bc0d58fb4752abed7bbf4c21f87ed31c6d,arbitrary_control,2,ok,2.4707987904548645e-05,0.055399123986717314,0.0,0.0,0.0,,False,False,,,,,,False,0.00018369998238334842
hard,50000,16,0.055374415998812765,f793fe8dca167e9297fbf50f7f95f4bc0d58fb4752abed7bbf4c21f87ed31c6d,arbitrary_control,3,ok,2.37500062212348e-05,0.055398166005034,0.0,0.0,0.0,,False,False,,,,,,False,7.33287592704925e-05
hard,50000,16,0.055374415998812765,f793fe8dca167e9297fbf50f7f95f4bc0d58fb4752abed7bbf4c21f87ed31c6d,arbitrary_control,4,ok,2.3500004317611456e-05,0.055397916003130376,0.0,0.0,0.0,,False,False,,,,,,False,7.33287592704925e-05
hard,50000,16,0.055374415998812765,f793fe8dca167e9297fbf50f7f95f4bc0d58fb4752abed7bbf4c21f87ed31c6d,ours,0,ok,3.495794953778386e-05,0.05540937394835055,1.0,1.0,1.0,0.1,False,False,,,,,,,
hard,50000,17,0.05864570802077651,b8fd1ba11dfb292e451411f724008d1b1a1e68b94a0332b568af04320e75abe2,arbitrary_control,0,ok,5.741597851738334e-05,0.058703123999293894,0.03162055335968379,0.0,0.0,,False,False,,,,,,False,0.0006678939754129692
hard,50000,17,0.05864570802077651,b8fd1ba11dfb292e451411f724008d1b1a1e68b94a0332b568af04320e75abe2,arbitrary_control,1,ok,2.6083027478307486e-05,0.05867179104825482,0.0,0.0,0.0,,False,False,,,,,,False,3.20808577956603e-05
hard,50000,17,0.05864570802077651,b8fd1ba11dfb292e451411f724008d1b1a1e68b94a0332b568af04320e75abe2,arbitrary_control,2,ok,2.4124979972839355e-05,0.05866983300074935,0.0,0.0,0.0,,False,False,,,,,,False,0.000628891890560846
hard,50000,17,0.05864570802077651,b8fd1ba11dfb292e451411f724008d1b1a1e68b94a0332b568af04320e75abe2,arbitrary_control,3,ok,2.3374974261969328e-05,0.05866908299503848,0.0,0.0,0.0,,False,False,,,,,,False,0.00028397645375635575
hard,50000,17,0.05864570802077651,b8fd1ba11dfb292e451411f724008d1b1a1e68b94a0332b568af04320e75abe2,arbitrary_control,4,ok,2.3541972041130066e-05,0.05866924999281764,0.0,0.0,0.0,,False,False,,,,,,False,0.00018560900623558997
hard,50000,17,0.05864570802077651,b8fd1ba11dfb292e451411f724008d1b1a1e68b94a0332b568af04320e75abe2,ours,0,ok,3.204098902642727e-05,0.05867774900980294,1.0,1.0,1.0,0.1,False,False,,,,,,,
hard,50000,17,0.05864570802077651,b8fd1ba11dfb292e451411f724008d1b1a1e68b94a0332b568af04320e75abe2,enum_first_stable,0,ok,8.493431957962457,8.552077665983234,1.0,1.0,1.0,0.1,False,False,True,8.493382582964841,"[{'threshold': 0.1, 'n_candidates_enumerated': 3800, 'enumeration_cap_hit': False, 'enumeration_timed_out': False}]",3800.0,1.0,,
hard,50000,17,0.05864570802077651,b8fd1ba11dfb292e451411f724008d1b1a1e68b94a0332b568af04320e75abe2,enum_uniform_random,0,ok,8.49344754096819,8.552093248988967,1.0,1.0,1.0,0.1,False,False,False,8.493382582964841,"[{'threshold': 0.1, 'n_candidates_enumerated': 3800, 'enumeration_cap_hit': False, 'enumeration_timed_out': False}]",3800.0,1.0,,
hard,50000,17,0.05864570802077651,b8fd1ba11dfb292e451411f724008d1b1a1e68b94a0332b568af04320e75abe2,enum_uniform_random,1,ok,8.493404749955516,8.552050457976293,1.0,1.0,1.0,0.1,False,False,False,8.493382582964841,"[{'threshold': 0.1, 'n_candidates_enumerated': 3800, 'enumeration_cap_hit': False, 'enumeration_timed_out': False}]",3800.0,1.0,,
hard,50000,17,0.05864570802077651,b8fd1ba11dfb292e451411f724008d1b1a1e68b94a0332b568af04320e75abe2,enum_uniform_random,2,ok,8.493402666936163,8.55204837495694,1.0,1.0,1.0,0.1,False,False,False,8.493382582964841,"[{'threshold': 0.1, 'n_candidates_enumerated': 3800, 'enumeration_cap_hit': False, 'enumeration_timed_out': False}]",3800.0,1.0,,
hard,50000,17,0.05864570802077651,b8fd1ba11dfb292e451411f724008d1b1a1e68b94a0332b568af04320e75abe2,enum_uniform_random,3,ok,8.493399666971527,8.552045374992304,1.0,1.0,1.0,0.1,False,False,False,8.493382582964841,"[{'threshold': 0.1, 'n_candidates_enumerated': 3800, 'enumeration_cap_hit': False, 'enumeration_timed_out': False}]",3800.0,1.0,,
hard,50000,17,0.05864570802077651,b8fd1ba11dfb292e451411f724008d1b1a1e68b94a0332b568af04320e75abe2,enum_uniform_random,4,ok,8.493399915925693,8.55204562394647,1.0,1.0,1.0,0.1,False,False,False,8.493382582964841,"[{'threshold': 0.1, 'n_candidates_enumerated': 3800, 'enumeration_cap_hit': False, 'enumeration_timed_out': False}]",3800.0,1.0,,
hard,50000,18,0.059601084038149565,e862abd01d3d5a1f0ec56bb8622965baab544fd3b7f711e48245daf28c3cec20,ours,0,ok,5.1667040679603815e-05,0.05965275107882917,1.0,1.0,1.0,0.1,False,False,,,,,,,
hard,50000,18,0.059601084038149565,e862abd01d3d5a1f0ec56bb8622965baab544fd3b7f711e48245daf28c3cec20,enum_first_stable,0,ok,60.00004383304622,60.05964491708437,1.0,1.0,1.0,0.1,False,True,True,60.000037542020436,"[{'threshold': 0.1, 'n_candidates_enumerated': 288, 'enumeration_cap_hit': False, 'enumeration_timed_out': True}]",288.0,1.0,,
hard,50000,18,0.059601084038149565,e862abd01d3d5a1f0ec56bb8622965baab544fd3b7f711e48245daf28c3cec20,enum_uniform_random,0,ok,60.000078541983385,60.059679626021534,1.0,1.0,1.0,0.1,False,True,False,60.000037542020436,"[{'threshold': 0.1, 'n_candidates_enumerated': 288, 'enumeration_cap_hit': False, 'enumeration_timed_out': True}]",288.0,1.0,,
hard,50000,18,0.059601084038149565,e862abd01d3d5a1f0ec56bb8622965baab544fd3b7f711e48245daf28c3cec20,enum_uniform_random,1,ok,60.00005070801126,60.05965179204941,1.0,1.0,1.0,0.1,False,True,False,60.000037542020436,"[{'threshold': 0.1, 'n_candidates_enumerated': 288, 'enumeration_cap_hit': False, 'enumeration_timed_out': True}]",288.0,1.0,,
hard,50000,18,0.059601084038149565,e862abd01d3d5a1f0ec56bb8622965baab544fd3b7f711e48245daf28c3cec20,enum_uniform_random,2,ok,60.00004895898746,60.05965004302561,1.0,1.0,1.0,0.1,False,True,False,60.000037542020436,"[{'threshold': 0.1, 'n_candidates_enumerated': 288, 'enumeration_cap_hit': False, 'enumeration_timed_out': True}]",288.0,1.0,,
hard,50000,18,0.059601084038149565,e862abd01d3d5a1f0ec56bb8622965baab544fd3b7f711e48245daf28c3cec20,enum_uniform_random,3,ok,60.00004804198397,60.05964912602212,1.0,1.0,1.0,0.1,False,True,False,60.000037542020436,"[{'threshold': 0.1, 'n_candidates_enumerated': 288, 'enumeration_cap_hit': False, 'enumeration_timed_out': True}]",288.0,1.0,,
hard,50000,18,0.059601084038149565,e862abd01d3d5a1f0ec56bb8622965baab544fd3b7f711e48245daf28c3cec20,enum_uniform_random,4,ok,60.000047834008,60.05964891804615,1.0,1.0,1.0,0.1,False,True,False,60.000037542020436,"[{'threshold': 0.1, 'n_candidates_enumerated': 288, 'enumeration_cap_hit': False, 'enumeration_timed_out': True}]",288.0,1.0,,
hard,50000,18,0.059601084038149565,e862abd01d3d5a1f0ec56bb8622965baab544fd3b7f711e48245daf28c3cec20,arbitrary_control,0,ok,5.2916991990059614e-05,0.059654001030139625,0.0,0.0,0.0,,False,False,,,,,,False,0.0004229883301114178
hard,50000,18,0.059601084038149565,e862abd01d3d5a1f0ec56bb8622965baab544fd3b7f711e48245daf28c3cec20,arbitrary_control,1,ok,2.9999995604157448e-05,0.05963108403375372,0.0,0.0,0.0,,False,False,,,,,,False,0.0001215523776782886
hard,50000,18,0.059601084038149565,e862abd01d3d5a1f0ec56bb8622965baab544fd3b7f711e48245daf28c3cec20,arbitrary_control,2,ok,2.5250017642974854e-05,0.05962633405579254,0.0,0.0,0.0,,False,False,,,,,,False,4.7599430708453504e-05
hard,50000,18,0.059601084038149565,e862abd01d3d5a1f0ec56bb8622965baab544fd3b7f711e48245daf28c3cec20,arbitrary_control,3,ok,2.4374981876462698e-05,0.05962545902002603,0.0,0.0,0.0,,False,False,,,,,,False,8.462372100575557e-05
hard,50000,18,0.059601084038149565,e862abd01d3d5a1f0ec56bb8622965baab544fd3b7f711e48245daf28c3cec20,arbitrary_control,4,ok,2.412503818050027e-05,0.059625209076330066,0.0,0.0,0.0,,False,False,,,,,,False,0.0016111364924807064
hard,50000,19,0.05473483301466331,8a56459f44a4eed047c72d56ed1181012d4f6897df68288f5343b5ff466300ae,enum_first_stable,0,ok,46.504678916942794,46.55941374995746,1.0,1.0,1.0,0.1,False,False,True,46.504666916967835,"[{'threshold': 0.1, 'n_candidates_enumerated': 1008, 'enumeration_cap_hit': False, 'enumeration_timed_out': False}]",1008.0,1.0,,
hard,50000,19,0.05473483301466331,8a56459f44a4eed047c72d56ed1181012d4f6897df68288f5343b5ff466300ae,enum_uniform_random,0,ok,46.50470379192848,46.55943862494314,1.0,1.0,1.0,0.1,False,False,False,46.504666916967835,"[{'threshold': 0.1, 'n_candidates_enumerated': 1008, 'enumeration_cap_hit': False, 'enumeration_timed_out': False}]",1008.0,1.0,,
hard,50000,19,0.05473483301466331,8a56459f44a4eed047c72d56ed1181012d4f6897df68288f5343b5ff466300ae,enum_uniform_random,1,ok,46.50468216696754,46.559416999982204,1.0,1.0,1.0,0.1,False,False,False,46.504666916967835,"[{'threshold': 0.1, 'n_candidates_enumerated': 1008, 'enumeration_cap_hit': False, 'enumeration_timed_out': False}]",1008.0,1.0,,
hard,50000,19,0.05473483301466331,8a56459f44a4eed047c72d56ed1181012d4f6897df68288f5343b5ff466300ae,enum_uniform_random,2,ok,46.504679833946284,46.55941466696095,1.0,1.0,1.0,0.1,False,False,False,46.504666916967835,"[{'threshold': 0.1, 'n_candidates_enumerated': 1008, 'enumeration_cap_hit': False, 'enumeration_timed_out': False}]",1008.0,1.0,,
hard,50000,19,0.05473483301466331,8a56459f44a4eed047c72d56ed1181012d4f6897df68288f5343b5ff466300ae,enum_uniform_random,3,ok,46.504679167002905,46.55941400001757,1.0,1.0,1.0,0.1,False,False,False,46.504666916967835,"[{'threshold': 0.1, 'n_candidates_enumerated': 1008, 'enumeration_cap_hit': False, 'enumeration_timed_out': False}]",1008.0,1.0,,
hard,50000,19,0.05473483301466331,8a56459f44a4eed047c72d56ed1181012d4f6897df68288f5343b5ff466300ae,enum_uniform_random,4,ok,46.50467887497507,46.559413707989734,1.0,1.0,1.0,0.1,False,False,False,46.504666916967835,"[{'threshold': 0.1, 'n_candidates_enumerated': 1008, 'enumeration_cap_hit': False, 'enumeration_timed_out': False}]",1008.0,1.0,,
hard,50000,19,0.05473483301466331,8a56459f44a4eed047c72d56ed1181012d4f6897df68288f5343b5ff466300ae,arbitrary_control,0,ok,4.858302418142557e-05,0.054783416038844734,0.0,0.0,0.0,,False,False,,,,,,False,0.0004999670101848665
hard,50000,19,0.05473483301466331,8a56459f44a4eed047c72d56ed1181012d4f6897df68288f5343b5ff466300ae,arbitrary_control,1,ok,2.7749978471547365e-05,0.054762582993134856,0.0,0.0,0.0,,False,False,,,,,,False,0.0007567628019779517
hard,50000,19,0.05473483301466331,8a56459f44a4eed047c72d56ed1181012d4f6897df68288f5343b5ff466300ae,arbitrary_control,2,ok,2.5334011297672987e-05,0.05476016702596098,0.0,0.0,0.0,,False,False,,,,,,False,0.00032758961246167375
hard,50000,19,0.05473483301466331,8a56459f44a4eed047c72d56ed1181012d4f6897df68288f5343b5ff466300ae,arbitrary_control,3,ok,2.4625041987746954e-05,0.054759458056651056,0.0,0.0,0.0,,False,False,,,,,,False,0.0005118352189037002
hard,50000,19,0.05473483301466331,8a56459f44a4eed047c72d56ed1181012d4f6897df68288f5343b5ff466300ae,arbitrary_control,4,ok,2.354203024879098e-05,0.0547583750449121,0.0,0.0,0.0,,False,False,,,,,,False,0.00028983872269247466
hard,50000,19,0.05473483301466331,8a56459f44a4eed047c72d56ed1181012d4f6897df68288f5343b5ff466300ae,ours,0,ok,3.7334044463932514e-05,0.05477216705912724,1.0,1.0,1.0,0.1,False,False,,,,,,,
hard,50000,20,0.07120687502902001,0646c8127ee7224389cb2c4c514718a2b8f6fa1ac4a68e9624c2eb76018b5f2c,arbitrary_control,0,ok,5.8083038311451674e-05,0.07126495806733146,0.0,0.0,0.0,,False,False,,,,,,False,0.0001689899307346631
hard,50000,20,0.07120687502902001,0646c8127ee7224389cb2c4c514718a2b8f6fa1ac4a68e9624c2eb76018b5f2c,arbitrary_control,1,ok,2.745899837464094e-05,0.07123433402739465,0.0,0.0,0.0,,False,False,,,,,,False,0.0001689899307346631
hard,50000,20,0.07120687502902001,0646c8127ee7224389cb2c4c514718a2b8f6fa1ac4a68e9624c2eb76018b5f2c,arbitrary_control,2,ok,2.4833017960190773e-05,0.0712317080469802,0.0,0.0,0.0,,False,False,,,,,,False,0.00030014733917227903
hard,50000,20,0.07120687502902001,0646c8127ee7224389cb2c4c514718a2b8f6fa1ac4a68e9624c2eb76018b5f2c,arbitrary_control,3,ok,2.454104833304882e-05,0.07123141607735306,0.0,0.0,0.0,,False,False,,,,,,False,8.994413310515044e-05
hard,50000,20,0.07120687502902001,0646c8127ee7224389cb2c4c514718a2b8f6fa1ac4a68e9624c2eb76018b5f2c,arbitrary_control,4,ok,2.441700780764222e-05,0.07123129203682765,0.0,0.0,0.0,,False,False,,,,,,False,0.000522092772864813
hard,50000,20,0.07120687502902001,0646c8127ee7224389cb2c4c514718a2b8f6fa1ac4a68e9624c2eb76018b5f2c,ours,0,ok,3.44999716617167e-05,0.07124137500068173,1.0,1.0,1.0,0.1,False,False,,,,,,,
hard,50000,20,0.07120687502902001,0646c8127ee7224389cb2c4c514718a2b8f6fa1ac4a68e9624c2eb76018b5f2c,enum_first_stable,0,ok,60.000052709074225,60.071259584103245,1.0,1.0,1.0,0.1,False,True,False,60.00003741704859,"[{'threshold': 0.1, 'n_candidates_enumerated': 1020, 'enumeration_cap_hit': False, 'enumeration_timed_out': True}]",1020.0,0.0,,
hard,50000,20,0.07120687502902001,0646c8127ee7224389cb2c4c514718a2b8f6fa1ac4a68e9624c2eb76018b5f2c,enum_uniform_random,0,ok,60.000096292060334,60.071303167089354,1.0,1.0,1.0,0.1,False,True,False,60.00003741704859,"[{'threshold': 0.1, 'n_candidates_enumerated': 1020, 'enumeration_cap_hit': False, 'enumeration_timed_out': True}]",1020.0,0.0,,
hard,50000,20,0.07120687502902001,0646c8127ee7224389cb2c4c514718a2b8f6fa1ac4a68e9624c2eb76018b5f2c,enum_uniform_random,1,ok,60.000052333052736,60.071259208081756,1.0,1.0,1.0,0.1,False,True,False,60.00003741704859,"[{'threshold': 0.1, 'n_candidates_enumerated': 1020, 'enumeration_cap_hit': False, 'enumeration_timed_out': True}]",1020.0,0.0,,
hard,50000,20,0.07120687502902001,0646c8127ee7224389cb2c4c514718a2b8f6fa1ac4a68e9624c2eb76018b5f2c,enum_uniform_random,2,ok,60.000051084090956,60.071257959119976,1.0,1.0,1.0,0.1,False,True,False,60.00003741704859,"[{'threshold': 0.1, 'n_candidates_enumerated': 1020, 'enumeration_cap_hit': False, 'enumeration_timed_out': True}]",1020.0,0.0,,
hard,50000,20,0.07120687502902001,0646c8127ee7224389cb2c4c514718a2b8f6fa1ac4a68e9624c2eb76018b5f2c,enum_uniform_random,3,ok,60.000049376045354,60.071256251074374,1.0,1.0,1.0,0.1,False,True,False,60.00003741704859,"[{'threshold': 0.1, 'n_candidates_enumerated': 1020, 'enumeration_cap_hit': False, 'enumeration_timed_out': True}]",1020.0,0.0,,
hard,50000,20,0.07120687502902001,0646c8127ee7224389cb2c4c514718a2b8f6fa1ac4a68e9624c2eb76018b5f2c,enum_uniform_random,4,ok,60.0000495420536,60.07125641708262,1.0,1.0,1.0,0.1,False,True,False,60.00003741704859,"[{'threshold': 0.1, 'n_candidates_enumerated': 1020, 'enumeration_cap_hit': False, 'enumeration_timed_out': True}]",1020.0,0.0,,
hard,50000,21,0.0707051670178771,cd8db5a266abf92288914cf3914a24dc15f3aa2a46ff04c2d4be7f8fdf1e4889,ours,0,ok,5.504197906702757e-05,0.07076020899694413,1.0,1.0,1.0,0.1,False,False,,,,,,,
hard,50000,21,0.0707051670178771,cd8db5a266abf92288914cf3914a24dc15f3aa2a46ff04c2d4be7f8fdf1e4889,enum_first_stable,0,ok,8.649465833965223,8.7201710009831,1.0,1.0,1.0,0.1,False,False,True,8.649443999980576,"[{'threshold': 0.1, 'n_candidates_enumerated': 1344, 'enumeration_cap_hit': False, 'enumeration_timed_out': False}]",1344.0,1.0,,
hard,50000,21,0.0707051670178771,cd8db5a266abf92288914cf3914a24dc15f3aa2a46ff04c2d4be7f8fdf1e4889,enum_uniform_random,0,ok,8.649501000007149,8.720206167025026,1.0,1.0,1.0,0.1,False,False,False,8.649443999980576,"[{'threshold': 0.1, 'n_candidates_enumerated': 1344, 'enumeration_cap_hit': False, 'enumeration_timed_out': False}]",1344.0,1.0,,
hard,50000,21,0.0707051670178771,cd8db5a266abf92288914cf3914a24dc15f3aa2a46ff04c2d4be7f8fdf1e4889,enum_uniform_random,1,ok,8.649461124965455,8.720166291983332,1.0,1.0,1.0,0.1,False,False,False,8.649443999980576,"[{'threshold': 0.1, 'n_candidates_enumerated': 1344, 'enumeration_cap_hit': False, 'enumeration_timed_out': False}]",1344.0,1.0,,
hard,50000,21,0.0707051670178771,cd8db5a266abf92288914cf3914a24dc15f3aa2a46ff04c2d4be7f8fdf1e4889,enum_uniform_random,2,ok,8.649458166968543,8.72016333398642,1.0,1.0,1.0,0.1,False,False,False,8.649443999980576,"[{'threshold': 0.1, 'n_candidates_enumerated': 1344, 'enumeration_cap_hit': False, 'enumeration_timed_out': False}]",1344.0,1.0,,
hard,50000,21,0.0707051670178771,cd8db5a266abf92288914cf3914a24dc15f3aa2a46ff04c2d4be7f8fdf1e4889,enum_uniform_random,3,ok,8.649457582971081,8.720162749988958,1.0,1.0,1.0,0.1,False,False,False,8.649443999980576,"[{'threshold': 0.1, 'n_candidates_enumerated': 1344, 'enumeration_cap_hit': False, 'enumeration_timed_out': False}]",1344.0,1.0,,
hard,50000,21,0.0707051670178771,cd8db5a266abf92288914cf3914a24dc15f3aa2a46ff04c2d4be7f8fdf1e4889,enum_uniform_random,4,ok,8.64945650001755,8.720161667035427,1.0,1.0,1.0,0.1,False,False,False,8.649443999980576,"[{'threshold': 0.1, 'n_candidates_enumerated': 1344, 'enumeration_cap_hit': False, 'enumeration_timed_out': False}]",1344.0,1.0,,
hard,50000,21,0.0707051670178771,cd8db5a266abf92288914cf3914a24dc15f3aa2a46ff04c2d4be7f8fdf1e4889,arbitrary_control,0,ok,4.754198016598821e-05,0.07075270899804309,0.0,0.0,0.0,,False,False,,,,,,False,0.0001726763270429137
hard,50000,21,0.0707051670178771,cd8db5a266abf92288914cf3914a24dc15f3aa2a46ff04c2d4be7f8fdf1e4889,arbitrary_control,1,ok,3.054196713492274e-05,0.07073570898501202,0.0,0.0,0.0,,False,False,,,,,,False,0.000633433248861984
hard,50000,21,0.0707051670178771,cd8db5a266abf92288914cf3914a24dc15f3aa2a46ff04c2d4be7f8fdf1e4889,arbitrary_control,2,ok,2.516701351851225e-05,0.07073033403139561,0.0,0.0,0.0,,False,False,,,,,,False,0.0009661108768545193
hard,50000,21,0.0707051670178771,cd8db5a266abf92288914cf3914a24dc15f3aa2a46ff04c2d4be7f8fdf1e4889,arbitrary_control,3,ok,2.4500011932104826e-05,0.0707296670298092,0.0,0.0,0.0,,False,False,,,,,,False,8.770795384463307e-05
hard,50000,21,0.0707051670178771,cd8db5a266abf92288914cf3914a24dc15f3aa2a46ff04c2d4be7f8fdf1e4889,arbitrary_control,4,ok,2.362497616559267e-05,0.0707287919940427,0.0,0.0,0.0,,False,False,,,,,,False,0.00011493733474156368
hard,50000,22,0.05483933299547061,3c5c66add569591479a4c35b62caf95b3d3c39b7b22bca3cf44207fe20eb4b31,enum_first_stable,0,ok,0.04074370802845806,0.09558304102392867,1.0,1.0,1.0,0.1,False,False,True,0.04074216599110514,"[{'threshold': 0.1, 'n_candidates_enumerated': 360, 'enumeration_cap_hit': False, 'enumeration_timed_out': False}]",360.0,1.0,,
hard,50000,22,0.05483933299547061,3c5c66add569591479a4c35b62caf95b3d3c39b7b22bca3cf44207fe20eb4b31,enum_uniform_random,0,ok,0.04076483199605718,0.0956041649915278,1.0,1.0,1.0,0.1,False,False,False,0.04074216599110514,"[{'threshold': 0.1, 'n_candidates_enumerated': 360, 'enumeration_cap_hit': False, 'enumeration_timed_out': False}]",360.0,1.0,,
hard,50000,22,0.05483933299547061,3c5c66add569591479a4c35b62caf95b3d3c39b7b22bca3cf44207fe20eb4b31,enum_uniform_random,1,ok,0.04075308301253244,0.09559241600800306,1.0,1.0,1.0,0.1,False,False,False,0.04074216599110514,"[{'threshold': 0.1, 'n_candidates_enumerated': 360, 'enumeration_cap_hit': False, 'enumeration_timed_out': False}]",360.0,1.0,,
hard,50000,22,0.05483933299547061,3c5c66add569591479a4c35b62caf95b3d3c39b7b22bca3cf44207fe20eb4b31,enum_uniform_random,2,ok,0.0407524990150705,0.09559183201054111,1.0,1.0,1.0,0.1,False,False,False,0.04074216599110514,"[{'threshold': 0.1, 'n_candidates_enumerated': 360, 'enumeration_cap_hit': False, 'enumeration_timed_out': False}]",360.0,1.0,,
hard,50000,22,0.05483933299547061,3c5c66add569591479a4c35b62caf95b3d3c39b7b22bca3cf44207fe20eb4b31,enum_uniform_random,3,ok,0.04075225000269711,0.09559158299816772,1.0,1.0,1.0,0.1,False,False,False,0.04074216599110514,"[{'threshold': 0.1, 'n_candidates_enumerated': 360, 'enumeration_cap_hit': False, 'enumeration_timed_out': False}]",360.0,1.0,,
hard,50000,22,0.05483933299547061,3c5c66add569591479a4c35b62caf95b3d3c39b7b22bca3cf44207fe20eb4b31,enum_uniform_random,4,ok,0.04075179103529081,0.09559112403076142,1.0,1.0,1.0,0.1,False,False,False,0.04074216599110514,"[{'threshold': 0.1, 'n_candidates_enumerated': 360, 'enumeration_cap_hit': False, 'enumeration_timed_out': False}]",360.0,1.0,,
hard,50000,22,0.05483933299547061,3c5c66add569591479a4c35b62caf95b3d3c39b7b22bca3cf44207fe20eb4b31,arbitrary_control,0,ok,2.970895729959011e-05,0.0548690419527702,0.0,0.0,0.0,,False,False,,,,,,False,0.0003062763843074331
hard,50000,22,0.05483933299547061,3c5c66add569591479a4c35b62caf95b3d3c39b7b22bca3cf44207fe20eb4b31,arbitrary_control,1,ok,2.4540990125387907e-05,0.054863873985596,0.0,0.0,0.0,,False,False,,,,,,False,0.00011061311264913495
hard,50000,22,0.05483933299547061,3c5c66add569591479a4c35b62caf95b3d3c39b7b22bca3cf44207fe20eb4b31,arbitrary_control,2,ok,2.3707980290055275e-05,0.05486304097576067,0.0,0.0,0.0,,False,False,,,,,,False,0.00040088343877185066
hard,50000,22,0.05483933299547061,3c5c66add569591479a4c35b62caf95b3d3c39b7b22bca3cf44207fe20eb4b31,arbitrary_control,3,ok,2.3500004317611456e-05,0.054862832999788225,0.0,0.0,0.0,,False,False,,,,,,False,7.375325149405866e-05
hard,50000,22,0.05483933299547061,3c5c66add569591479a4c35b62caf95b3d3c39b7b22bca3cf44207fe20eb4b31,arbitrary_control,4,ok,2.3208034690469503e-05,0.05486254103016108,0.0,0.0,0.0,,False,False,,,,,,False,0.0006307059003593865
hard,50000,22,0.05483933299547061,3c5c66add569591479a4c35b62caf95b3d3c39b7b22bca3cf44207fe20eb4b31,ours,0,ok,2.7583970222622156e-05,0.054866916965693235,1.0,1.0,1.0,0.1,False,False,,,,,,,
hard,50000,23,0.06648537499131635,d39a376cabd6089fae43412c26cd609441cb91a477b5d0b6b0674275b7b0feb7,arbitrary_control,0,ok,5.370896542444825e-05,0.0665390839567408,0.027237354085603113,0.0,0.0,,False,False,,,,,,False,0.0007436793122447658
hard,50000,23,0.06648537499131635,d39a376cabd6089fae43412c26cd609441cb91a477b5d0b6b0674275b7b0feb7,arbitrary_control,1,ok,2.6458001229912043e-05,0.06651183299254626,0.0,0.0,0.0,,False,False,,,,,,False,8.877338027737178e-05
hard,50000,23,0.06648537499131635,d39a376cabd6089fae43412c26cd609441cb91a477b5d0b6b0674275b7b0feb7,arbitrary_control,2,ok,2.441700780764222e-05,0.06650979199912399,0.0,0.0,0.0,,False,False,,,,,,False,0.0015679921315445513
hard,50000,23,0.06648537499131635,d39a376cabd6089fae43412c26cd609441cb91a477b5d0b6b0674275b7b0feb7,arbitrary_control,3,ok,2.3500004317611456e-05,0.06650887499563396,0.0,0.0,0.0,,False,False,,,,,,False,7.526828622953341e-05
hard,50000,23,0.06648537499131635,d39a376cabd6089fae43412c26cd609441cb91a477b5d0b6b0674275b7b0feb7,arbitrary_control,4,ok,2.316600875928998e-05,0.06650854100007564,0.0,0.0,0.0,,False,False,,,,,,False,8.877338027737178e-05
hard,50000,23,0.06648537499131635,d39a376cabd6089fae43412c26cd609441cb91a477b5d0b6b0674275b7b0feb7,ours,0,ok,3.5333039704710245e-05,0.06652070803102106,1.0,1.0,1.0,0.1,False,False,,,,,,,
hard,50000,23,0.06648537499131635,d39a376cabd6089fae43412c26cd609441cb91a477b5d0b6b0674275b7b0feb7,enum_first_stable,0,ok,11.346701584057882,11.413186959049199,1.0,1.0,1.0,0.1,False,False,True,11.346691334038042,"[{'threshold': 0.1, 'n_candidates_enumerated': 800, 'enumeration_cap_hit': False, 'enumeration_timed_out': False}]",800.0,1.0,,
hard,50000,23,0.06648537499131635,d39a376cabd6089fae43412c26cd609441cb91a477b5d0b6b0674275b7b0feb7,enum_uniform_random,0,ok,11.346725709037855,11.413211084029172,1.0,1.0,1.0,0.1,False,False,False,11.346691334038042,"[{'threshold': 0.1, 'n_candidates_enumerated': 800, 'enumeration_cap_hit': False, 'enumeration_timed_out': False}]",800.0,1.0,,
hard,50000,23,0.06648537499131635,d39a376cabd6089fae43412c26cd609441cb91a477b5d0b6b0674275b7b0feb7,enum_uniform_random,1,ok,11.346705417032354,11.41319079202367,1.0,1.0,1.0,0.1,False,False,False,11.346691334038042,"[{'threshold': 0.1, 'n_candidates_enumerated': 800, 'enumeration_cap_hit': False, 'enumeration_timed_out': False}]",800.0,1.0,,
hard,50000,23,0.06648537499131635,d39a376cabd6089fae43412c26cd609441cb91a477b5d0b6b0674275b7b0feb7,enum_uniform_random,2,ok,11.346703834016807,11.413189209008124,1.0,1.0,1.0,0.1,False,False,False,11.346691334038042,"[{'threshold': 0.1, 'n_candidates_enumerated': 800, 'enumeration_cap_hit': False, 'enumeration_timed_out': False}]",800.0,1.0,,
hard,50000,23,0.06648537499131635,d39a376cabd6089fae43412c26cd609441cb91a477b5d0b6b0674275b7b0feb7,enum_uniform_random,3,ok,11.34670300106518,11.413188376056496,1.0,1.0,1.0,0.1,False,False,False,11.346691334038042,"[{'threshold': 0.1, 'n_candidates_enumerated': 800, 'enumeration_cap_hit': False, 'enumeration_timed_out': False}]",800.0,1.0,,
hard,50000,23,0.06648537499131635,d39a376cabd6089fae43412c26cd609441cb91a477b5d0b6b0674275b7b0feb7,enum_uniform_random,4,ok,11.346702793031,11.413188168022316,1.0,1.0,1.0,0.1,False,False,False,11.346691334038042,"[{'threshold': 0.1, 'n_candidates_enumerated': 800, 'enumeration_cap_hit': False, 'enumeration_timed_out': False}]",800.0,1.0,,
hard,50000,24,0.05564287496963516,5b88c2fdb8d41be45b1fd19c8cc6d59e85e9ca709d2513b9be06edf96197cf13,ours,0,ok,5.358399357646704e-05,0.055696458963211626,1.0,1.0,1.0,0.1,False,False,,,,,,,
hard,50000,24,0.05564287496963516,5b88c2fdb8d41be45b1fd19c8cc6d59e85e9ca709d2513b9be06edf96197cf13,enum_first_stable,0,ok,42.40631716599455,42.461960040964186,1.0,1.0,1.0,0.1,False,False,True,42.40631099999882,"[{'threshold': 0.1, 'n_candidates_enumerated': 192, 'enumeration_cap_hit': False, 'enumeration_timed_out': False}]",192.0,1.0,,
hard,50000,24,0.05564287496963516,5b88c2fdb8d41be45b1fd19c8cc6d59e85e9ca709d2513b9be06edf96197cf13,enum_uniform_random,0,ok,42.40636829199502,42.46201116696466,1.0,1.0,1.0,0.1,False,False,False,42.40631099999882,"[{'threshold': 0.1, 'n_candidates_enumerated': 192, 'enumeration_cap_hit': False, 'enumeration_timed_out': False}]",192.0,1.0,,
hard,50000,24,0.05564287496963516,5b88c2fdb8d41be45b1fd19c8cc6d59e85e9ca709d2513b9be06edf96197cf13,enum_uniform_random,1,ok,42.40632387500955,42.46196674997918,1.0,1.0,1.0,0.1,False,False,False,42.40631099999882,"[{'threshold': 0.1, 'n_candidates_enumerated': 192, 'enumeration_cap_hit': False, 'enumeration_timed_out': False}]",192.0,1.0,,
hard,50000,24,0.05564287496963516,5b88c2fdb8d41be45b1fd19c8cc6d59e85e9ca709d2513b9be06edf96197cf13,enum_uniform_random,2,ok,42.406322165974416,42.46196504094405,1.0,1.0,1.0,0.1,False,False,False,42.40631099999882,"[{'threshold': 0.1, 'n_candidates_enumerated': 192, 'enumeration_cap_hit': False, 'enumeration_timed_out': False}]",192.0,1.0,,
hard,50000,24,0.05564287496963516,5b88c2fdb8d41be45b1fd19c8cc6d59e85e9ca709d2513b9be06edf96197cf13,enum_uniform_random,3,ok,42.40632116701454,42.461964041984174,1.0,1.0,1.0,0.1,False,False,False,42.40631099999882,"[{'threshold': 0.1, 'n_candidates_enumerated': 192, 'enumeration_cap_hit': False, 'enumeration_timed_out': False}]",192.0,1.0,,
hard,50000,24,0.05564287496963516,5b88c2fdb8d41be45b1fd19c8cc6d59e85e9ca709d2513b9be06edf96197cf13,enum_uniform_random,4,ok,42.40632116602501,42.461964040994644,1.0,1.0,1.0,0.1,False,False,False,42.40631099999882,"[{'threshold': 0.1, 'n_candidates_enumerated': 192, 'enumeration_cap_hit': False, 'enumeration_timed_out': False}]",192.0,1.0,,
hard,50000,24,0.05564287496963516,5b88c2fdb8d41be45b1fd19c8cc6d59e85e9ca709d2513b9be06edf96197cf13,arbitrary_control,0,ok,4.7833018470555544e-05,0.055690707988105714,0.0,0.0,0.0,,False,False,,,,,,False,0.0007925263779354627
hard,50000,24,0.05564287496963516,5b88c2fdb8d41be45b1fd19c8cc6d59e85e9ca709d2513b9be06edf96197cf13,arbitrary_control,1,ok,2.8333044610917568e-05,0.055671208014246076,0.0,0.0,0.0,,False,False,,,,,,False,0.0008390262329408463
hard,50000,24,0.05564287496963516,5b88c2fdb8d41be45b1fd19c8cc6d59e85e9ca709d2513b9be06edf96197cf13,arbitrary_control,2,ok,2.5250017642974854e-05,0.055668124987278134,0.0,0.0,0.0,,False,False,,,,,,False,0.00012030275895971092
hard,50000,24,0.05564287496963516,5b88c2fdb8d41be45b1fd19c8cc6d59e85e9ca709d2513b9be06edf96197cf13,arbitrary_control,3,ok,2.4042034056037664e-05,0.055666917003691196,0.0,0.0,0.0,,False,False,,,,,,False,0.00013225148975118566
hard,50000,24,0.05564287496963516,5b88c2fdb8d41be45b1fd19c8cc6d59e85e9ca709d2513b9be06edf96197cf13,arbitrary_control,4,ok,2.37500062212348e-05,0.055666624975856394,0.0,0.0,0.0,,False,False,,,,,,False,0.0009438454691141454
hard,50000,25,0.05477404099656269,5e31e5075e124cf61ec4a506510776595edc2bcdeb6852bbc0fa9838d73d182d,enum_first_stable,0,ok,7.7898615000303835,7.844635541026946,1.0,1.0,1.0,0.1,False,False,True,7.789849125023466,"[{'threshold': 0.1, 'n_candidates_enumerated': 1344, 'enumeration_cap_hit': False, 'enumeration_timed_out': False}]",1344.0,2.0,,
hard,50000,25,0.05477404099656269,5e31e5075e124cf61ec4a506510776595edc2bcdeb6852bbc0fa9838d73d182d,enum_uniform_random,0,ok,7.789892542001326,7.844666582997888,1.0,1.0,1.0,0.1,False,False,False,7.789849125023466,"[{'threshold': 0.1, 'n_candidates_enumerated': 1344, 'enumeration_cap_hit': False, 'enumeration_timed_out': False}]",1344.0,2.0,,
hard,50000,25,0.05477404099656269,5e31e5075e124cf61ec4a506510776595edc2bcdeb6852bbc0fa9838d73d182d,enum_uniform_random,1,ok,7.789864042017143,7.844638083013706,1.0,1.0,1.0,0.1,False,False,False,7.789849125023466,"[{'threshold': 0.1, 'n_candidates_enumerated': 1344, 'enumeration_cap_hit': False, 'enumeration_timed_out': False}]",1344.0,2.0,,
hard,50000,25,0.05477404099656269,5e31e5075e124cf61ec4a506510776595edc2bcdeb6852bbc0fa9838d73d182d,enum_uniform_random,2,ok,7.789862458012067,7.8446364990086295,1.0,1.0,1.0,0.1,False,False,False,7.789849125023466,"[{'threshold': 0.1, 'n_candidates_enumerated': 1344, 'enumeration_cap_hit': False, 'enumeration_timed_out': False}]",1344.0,2.0,,
hard,50000,25,0.05477404099656269,5e31e5075e124cf61ec4a506510776595edc2bcdeb6852bbc0fa9838d73d182d,enum_uniform_random,3,ok,7.789862291014288,7.84463633201085,1.0,1.0,1.0,0.1,False,False,False,7.789849125023466,"[{'threshold': 0.1, 'n_candidates_enumerated': 1344, 'enumeration_cap_hit': False, 'enumeration_timed_out': False}]",1344.0,2.0,,
hard,50000,25,0.05477404099656269,5e31e5075e124cf61ec4a506510776595edc2bcdeb6852bbc0fa9838d73d182d,enum_uniform_random,4,ok,7.789861749974079,7.844635790970642,1.0,1.0,1.0,0.1,False,False,False,7.789849125023466,"[{'threshold': 0.1, 'n_candidates_enumerated': 1344, 'enumeration_cap_hit': False, 'enumeration_timed_out': False}]",1344.0,2.0,,
hard,50000,25,0.05477404099656269,5e31e5075e124cf61ec4a506510776595edc2bcdeb6852bbc0fa9838d73d182d,arbitrary_control,0,ok,4.5042019337415695e-05,0.054819083015900105,0.0,0.0,0.0,,False,False,,,,,,False,0.002427819238021097
hard,50000,25,0.05477404099656269,5e31e5075e124cf61ec4a506510776595edc2bcdeb6852bbc0fa9838d73d182d,arbitrary_control,1,ok,2.600002335384488e-05,0.054800041019916534,0.0,0.0,0.0,,False,False,,,,,,False,0.0004900125303567833
hard,50000,25,0.05477404099656269,5e31e5075e124cf61ec4a506510776595edc2bcdeb6852bbc0fa9838d73d182d,arbitrary_control,2,ok,2.4416949599981308e-05,0.05479845794616267,0.0,0.0,0.0,,False,False,,,,,,False,0.00015495336224397645
hard,50000,25,0.05477404099656269,5e31e5075e124cf61ec4a506510776595edc2bcdeb6852bbc0fa9838d73d182d,arbitrary_control,3,ok,2.3874978069216013e-05,0.054797915974631906,0.027237354085603113,0.0,0.0,,False,False,,,,,,False,0.00030862604283571956
hard,50000,25,0.05477404099656269,5e31e5075e124cf61ec4a506510776595edc2bcdeb6852bbc0fa9838d73d182d,arbitrary_control,4,ok,2.370803849771619e-05,0.054797749035060406,0.0,0.0,0.0,,False,False,,,,,,False,0.0005383248052299912
hard,50000,25,0.05477404099656269,5e31e5075e124cf61ec4a506510776595edc2bcdeb6852bbc0fa9838d73d182d,ours,0,ok,3.625004319474101e-05,0.05481029103975743,1.0,1.0,1.0,0.1,False,False,,,,,,,
hard,50000,26,0.06703174998983741,1d3c475b650dbec7555bf3b374052924294dd4080e935d2bcd939dea5c8a038c,arbitrary_control,0,ok,5.7792000006884336e-05,0.06708954198984429,0.0,0.0,0.0,,False,False,,,,,,False,0.00018205268229815074
hard,50000,26,0.06703174998983741,1d3c475b650dbec7555bf3b374052924294dd4080e935d2bcd939dea5c8a038c,arbitrary_control,1,ok,2.9374961741268635e-05,0.06706112495157868,0.0,0.0,0.0,,False,False,,,,,,False,9.02020606687008e-05
hard,50000,26,0.06703174998983741,1d3c475b650dbec7555bf3b374052924294dd4080e935d2bcd939dea5c8a038c,arbitrary_control,2,ok,2.4916022084653378e-05,0.06705666601192206,0.0,0.0,0.0,,False,False,,,,,,False,0.000486101801721471
hard,50000,26,0.06703174998983741,1d3c475b650dbec7555bf3b374052924294dd4080e935d2bcd939dea5c8a038c,arbitrary_control,3,ok,2.3917004000395536e-05,0.0670556669938378,0.0,0.0,0.0,,False,False,,,,,,False,0.00030732606106544753
hard,50000,26,0.06703174998983741,1d3c475b650dbec7555bf3b374052924294dd4080e935d2bcd939dea5c8a038c,arbitrary_control,4,ok,2.358300844207406e-05,0.06705533299827948,0.0,0.0,0.0,,False,False,,,,,,False,0.0004912959127060557
hard,50000,26,0.06703174998983741,1d3c475b650dbec7555bf3b374052924294dd4080e935d2bcd939dea5c8a038c,ours,0,ok,3.4167023841291666e-05,0.0670659170136787,1.0,1.0,1.0,0.1,False,False,,,,,,,
hard,50000,26,0.06703174998983741,1d3c475b650dbec7555bf3b374052924294dd4080e935d2bcd939dea5c8a038c,enum_first_stable,0,ok,0.3551955840084702,0.4222273339983076,1.0,1.0,1.0,0.1,False,False,True,0.35519241698784754,"[{'threshold': 0.1, 'n_candidates_enumerated': 576, 'enumeration_cap_hit': False, 'enumeration_timed_out': False}]",576.0,1.0,,
hard,50000,26,0.06703174998983741,1d3c475b650dbec7555bf3b374052924294dd4080e935d2bcd939dea5c8a038c,enum_uniform_random,0,ok,0.35521483403863385,0.42224658402847126,1.0,1.0,1.0,0.1,False,False,False,0.35519241698784754,"[{'threshold': 0.1, 'n_candidates_enumerated': 576, 'enumeration_cap_hit': False, 'enumeration_timed_out': False}]",576.0,1.0,,
hard,50000,26,0.06703174998983741,1d3c475b650dbec7555bf3b374052924294dd4080e935d2bcd939dea5c8a038c,enum_uniform_random,1,ok,0.3552035839529708,0.4222353339428082,1.0,1.0,1.0,0.1,False,False,False,0.35519241698784754,"[{'threshold': 0.1, 'n_candidates_enumerated': 576, 'enumeration_cap_hit': False, 'enumeration_timed_out': False}]",576.0,1.0,,
hard,50000,26,0.06703174998983741,1d3c475b650dbec7555bf3b374052924294dd4080e935d2bcd939dea5c8a038c,enum_uniform_random,2,ok,0.3552027919795364,0.4222345419693738,1.0,1.0,1.0,0.1,False,False,False,0.35519241698784754,"[{'threshold': 0.1, 'n_candidates_enumerated': 576, 'enumeration_cap_hit': False, 'enumeration_timed_out': False}]",576.0,1.0,,
hard,50000,26,0.06703174998983741,1d3c475b650dbec7555bf3b374052924294dd4080e935d2bcd939dea5c8a038c,enum_uniform_random,3,ok,0.3552026259712875,0.4222343759611249,1.0,1.0,1.0,0.1,False,False,False,0.35519241698784754,"[{'threshold': 0.1, 'n_candidates_enumerated': 576, 'enumeration_cap_hit': False, 'enumeration_timed_out': False}]",576.0,1.0,,
hard,50000,26,0.06703174998983741,1d3c475b650dbec7555bf3b374052924294dd4080e935d2bcd939dea5c8a038c,enum_uniform_random,4,ok,0.35520250000990927,0.4222342499997467,1.0,1.0,1.0,0.1,False,False,False,0.35519241698784754,"[{'threshold': 0.1, 'n_candidates_enumerated': 576, 'enumeration_cap_hit': False, 'enumeration_timed_out': False}]",576.0,1.0,,
hard,50000,27,0.06240204203641042,1bf0c8233310a944ba39c22cc2038bd045fb9f704ec2981ad4505872fec41e9b,ours,0,ok,4.8166955821216106e-05,0.06245020899223164,1.0,1.0,1.0,0.1,False,False,,,,,,,
hard,50000,27,0.06240204203641042,1bf0c8233310a944ba39c22cc2038bd045fb9f704ec2981ad4505872fec41e9b,enum_first_stable,0,ok,2.1829712920007296,2.24537333403714,1.0,1.0,1.0,0.1,False,False,True,2.182963875005953,"[{'threshold': 0.1, 'n_candidates_enumerated': 896, 'enumeration_cap_hit': False, 'enumeration_timed_out': False}]",896.0,1.0,,
hard,50000,27,0.06240204203641042,1bf0c8233310a944ba39c22cc2038bd045fb9f704ec2981ad4505872fec41e9b,enum_uniform_random,0,ok,2.1830175410141237,2.245419583050534,1.0,1.0,1.0,0.1,False,False,False,2.182963875005953,"[{'threshold': 0.1, 'n_candidates_enumerated': 896, 'enumeration_cap_hit': False, 'enumeration_timed_out': False}]",896.0,1.0,,
hard,50000,27,0.06240204203641042,1bf0c8233310a944ba39c22cc2038bd045fb9f704ec2981ad4505872fec41e9b,enum_uniform_random,1,ok,2.182978333963547,2.2453803759999573,1.0,1.0,1.0,0.1,False,False,False,2.182963875005953,"[{'threshold': 0.1, 'n_candidates_enumerated': 896, 'enumeration_cap_hit': False, 'enumeration_timed_out': False}]",896.0,1.0,,
hard,50000,27,0.06240204203641042,1bf0c8233310a944ba39c22cc2038bd045fb9f704ec2981ad4505872fec41e9b,enum_uniform_random,2,ok,2.182976791053079,2.2453788330894895,1.0,1.0,1.0,0.1,False,False,False,2.182963875005953,"[{'threshold': 0.1, 'n_candidates_enumerated': 896, 'enumeration_cap_hit': False, 'enumeration_timed_out': False}]",896.0,1.0,,
hard,50000,27,0.06240204203641042,1bf0c8233310a944ba39c22cc2038bd045fb9f704ec2981ad4505872fec41e9b,enum_uniform_random,3,ok,2.18297570804134,2.2453777500777505,1.0,1.0,1.0,0.1,False,False,False,2.182963875005953,"[{'threshold': 0.1, 'n_candidates_enumerated': 896, 'enumeration_cap_hit': False, 'enumeration_timed_out': False}]",896.0,1.0,,
hard,50000,27,0.06240204203641042,1bf0c8233310a944ba39c22cc2038bd045fb9f704ec2981ad4505872fec41e9b,enum_uniform_random,4,ok,2.1829755419748835,2.245377584011294,1.0,1.0,1.0,0.1,False,False,False,2.182963875005953,"[{'threshold': 0.1, 'n_candidates_enumerated': 896, 'enumeration_cap_hit': False, 'enumeration_timed_out': False}]",896.0,1.0,,
hard,50000,27,0.06240204203641042,1bf0c8233310a944ba39c22cc2038bd045fb9f704ec2981ad4505872fec41e9b,arbitrary_control,0,ok,3.69579647667706e-05,0.06243900000117719,0.0,0.0,0.0,,False,False,,,,,,False,0.00022491838078047557
hard,50000,27,0.06240204203641042,1bf0c8233310a944ba39c22cc2038bd045fb9f704ec2981ad4505872fec41e9b,arbitrary_control,1,ok,2.5457993615418673e-05,0.06242750003002584,0.0,0.0,0.0,,False,False,,,,,,False,0.00017140005292603366
hard,50000,27,0.06240204203641042,1bf0c8233310a944ba39c22cc2038bd045fb9f704ec2981ad4505872fec41e9b,arbitrary_control,2,ok,2.4666020181030035e-05,0.06242670805659145,0.0,0.0,0.0,,False,False,,,,,,False,0.0002804221419208944
hard,50000,27,0.06240204203641042,1bf0c8233310a944ba39c22cc2038bd045fb9f704ec2981ad4505872fec41e9b,arbitrary_control,3,ok,2.4124979972839355e-05,0.06242616701638326,0.021601016518424398,0.0,0.0,,False,False,,,,,,False,0.0009360881580203184
hard,50000,27,0.06240204203641042,1bf0c8233310a944ba39c22cc2038bd045fb9f704ec2981ad4505872fec41e9b,arbitrary_control,4,ok,2.3874978069216013e-05,0.06242591701447964,0.0,0.0,0.0,,False,False,,,,,,False,0.0001814392702963257
hard,50000,28,0.05894149997038767,8283a0ec226f88ef560b748e973d0b01543c6d9f49ec819ff42ac4e34a342d01,enum_first_stable,0,ok,15.688651499978732,15.74759299994912,1.0,1.0,1.0,0.1,False,False,True,15.688648624985944,"[{'threshold': 0.1, 'n_candidates_enumerated': 128, 'enumeration_cap_hit': False, 'enumeration_timed_out': False}]",128.0,1.0,,
hard,50000,28,0.05894149997038767,8283a0ec226f88ef560b748e973d0b01543c6d9f49ec819ff42ac4e34a342d01,enum_uniform_random,0,ok,15.688680041988846,15.747621541959234,1.0,1.0,1.0,0.1,False,False,False,15.688648624985944,"[{'threshold': 0.1, 'n_candidates_enumerated': 128, 'enumeration_cap_hit': False, 'enumeration_timed_out': False}]",128.0,1.0,,
hard,50000,28,0.05894149997038767,8283a0ec226f88ef560b748e973d0b01543c6d9f49ec819ff42ac4e34a342d01,enum_uniform_random,1,ok,15.688661583990324,15.747603083960712,1.0,1.0,1.0,0.1,False,False,False,15.688648624985944,"[{'threshold': 0.1, 'n_candidates_enumerated': 128, 'enumeration_cap_hit': False, 'enumeration_timed_out': False}]",128.0,1.0,,
hard,50000,28,0.05894149997038767,8283a0ec226f88ef560b748e973d0b01543c6d9f49ec819ff42ac4e34a342d01,enum_uniform_random,2,ok,15.688659791019745,15.747601290990133,1.0,1.0,1.0,0.1,False,False,False,15.688648624985944,"[{'threshold': 0.1, 'n_candidates_enumerated': 128, 'enumeration_cap_hit': False, 'enumeration_timed_out': False}]",128.0,1.0,,
hard,50000,28,0.05894149997038767,8283a0ec226f88ef560b748e973d0b01543c6d9f49ec819ff42ac4e34a342d01,enum_uniform_random,3,ok,15.688658917031717,15.747600417002104,1.0,1.0,1.0,0.1,False,False,False,15.688648624985944,"[{'threshold': 0.1, 'n_candidates_enumerated': 128, 'enumeration_cap_hit': False, 'enumeration_timed_out': False}]",128.0,1.0,,
hard,50000,28,0.05894149997038767,8283a0ec226f88ef560b748e973d0b01543c6d9f49ec819ff42ac4e34a342d01,enum_uniform_random,4,ok,15.688658625003882,15.74760012497427,1.0,1.0,1.0,0.1,False,False,False,15.688648624985944,"[{'threshold': 0.1, 'n_candidates_enumerated': 128, 'enumeration_cap_hit': False, 'enumeration_timed_out': False}]",128.0,1.0,,
hard,50000,28,0.05894149997038767,8283a0ec226f88ef560b748e973d0b01543c6d9f49ec819ff42ac4e34a342d01,arbitrary_control,0,ok,4.549999721348286e-05,0.05898699996760115,0.0,0.0,0.0,,False,False,,,,,,False,0.000779575067050989
hard,50000,28,0.05894149997038767,8283a0ec226f88ef560b748e973d0b01543c6d9f49ec819ff42ac4e34a342d01,arbitrary_control,1,ok,2.8458016458898783e-05,0.058969957986846566,0.0,0.0,0.0,,False,False,,,,,,False,0.0012942259933910233
hard,50000,28,0.05894149997038767,8283a0ec226f88ef560b748e973d0b01543c6d9f49ec819ff42ac4e34a342d01,arbitrary_control,2,ok,2.5250017642974854e-05,0.05896674998803064,0.0,0.0,0.0,,False,False,,,,,,False,0.0006559883134224428
hard,50000,28,0.05894149997038767,8283a0ec226f88ef560b748e973d0b01543c6d9f49ec819ff42ac4e34a342d01,arbitrary_control,3,ok,2.462498378008604e-05,0.05896612495416775,0.0,0.0,0.0,,False,False,,,,,,False,0.0001608466796079782
hard,50000,28,0.05894149997038767,8283a0ec226f88ef560b748e973d0b01543c6d9f49ec819ff42ac4e34a342d01,arbitrary_control,4,ok,2.3875036276876926e-05,0.058965375006664544,0.0,0.0,0.0,,False,False,,,,,,False,0.00024726961659028403
hard,50000,28,0.05894149997038767,8283a0ec226f88ef560b748e973d0b01543c6d9f49ec819ff42ac4e34a342d01,ours,0,ok,3.8416997995227575e-05,0.058979916968382895,1.0,1.0,1.0,0.1,False,False,,,,,,,
hard,50000,29,0.05867624998791143,0255c2c2aa8f42c55f8a384eb3e3c8efc5c07385ac889dcb65ffa7705c903990,arbitrary_control,0,ok,5.604198668152094e-05,0.058732291974592954,0.0,0.0,0.0,,False,False,,,,,,False,0.0012782982459319256
hard,50000,29,0.05867624998791143,0255c2c2aa8f42c55f8a384eb3e3c8efc5c07385ac889dcb65ffa7705c903990,arbitrary_control,1,ok,2.68329749815166e-05,0.05870308296289295,0.0,0.0,0.0,,False,False,,,,,,False,0.0003106324762770689
hard,50000,29,0.05867624998791143,0255c2c2aa8f42c55f8a384eb3e3c8efc5c07385ac889dcb65ffa7705c903990,arbitrary_control,2,ok,2.470804611220956e-05,0.05870095803402364,0.0,0.0,0.0,,False,False,,,,,,False,0.0007887422025148862
hard,50000,29,0.05867624998791143,0255c2c2aa8f42c55f8a384eb3e3c8efc5c07385ac889dcb65ffa7705c903990,arbitrary_control,3,ok,2.4457986000925303e-05,0.05870070797391236,0.0,0.0,0.0,,False,False,,,,,,False,0.0005202136203956387
hard,50000,29,0.05867624998791143,0255c2c2aa8f42c55f8a384eb3e3c8efc5c07385ac889dcb65ffa7705c903990,arbitrary_control,4,ok,2.4209031835198402e-05,0.05870045901974663,0.0,0.0,0.0,,False,False,,,,,,False,0.0010413442576648257
hard,50000,29,0.05867624998791143,0255c2c2aa8f42c55f8a384eb3e3c8efc5c07385ac889dcb65ffa7705c903990,ours,0,ok,3.308302257210016e-05,0.05870933301048353,1.0,1.0,1.0,0.1,False,False,,,,,,,
hard,50000,29,0.05867624998791143,0255c2c2aa8f42c55f8a384eb3e3c8efc5c07385ac889dcb65ffa7705c903990,enum_first_stable,0,ok,0.11577083304291591,0.17444708303082734,1.0,1.0,1.0,0.1,False,False,True,0.11576729104854167,"[{'threshold': 0.1, 'n_candidates_enumerated': 1176, 'enumeration_cap_hit': False, 'enumeration_timed_out': False}]",1176.0,1.0,,
hard,50000,29,0.05867624998791143,0255c2c2aa8f42c55f8a384eb3e3c8efc5c07385ac889dcb65ffa7705c903990,enum_uniform_random,0,ok,0.11578274902421981,0.17445899901213124,1.0,1.0,1.0,0.1,False,False,False,0.11576729104854167,"[{'threshold': 0.1, 'n_candidates_enumerated': 1176, 'enumeration_cap_hit': False, 'enumeration_timed_out': False}]",1176.0,1.0,,
hard,50000,29,0.05867624998791143,0255c2c2aa8f42c55f8a384eb3e3c8efc5c07385ac889dcb65ffa7705c903990,enum_uniform_random,1,ok,0.11577983305323869,0.17445608304115012,1.0,1.0,1.0,0.1,False,False,False,0.11576729104854167,"[{'threshold': 0.1, 'n_candidates_enumerated': 1176, 'enumeration_cap_hit': False, 'enumeration_timed_out': False}]",1176.0,1.0,,
hard,50000,29,0.05867624998791143,0255c2c2aa8f42c55f8a384eb3e3c8efc5c07385ac889dcb65ffa7705c903990,enum_uniform_random,2,ok,0.11577870807377622,0.17445495806168765,1.0,1.0,1.0,0.1,False,False,False,0.11576729104854167,"[{'threshold': 0.1, 'n_candidates_enumerated': 1176, 'enumeration_cap_hit': False, 'enumeration_timed_out': False}]",1176.0,1.0,,
hard,50000,29,0.05867624998791143,0255c2c2aa8f42c55f8a384eb3e3c8efc5c07385ac889dcb65ffa7705c903990,enum_uniform_random,3,ok,0.11577895801747218,0.1744552080053836,1.0,1.0,1.0,0.1,False,False,False,0.11576729104854167,"[{'threshold': 0.1, 'n_candidates_enumerated': 1176, 'enumeration_cap_hit': False, 'enumeration_timed_out': False}]",1176.0,1.0,,
hard,50000,29,0.05867624998791143,0255c2c2aa8f42c55f8a384eb3e3c8efc5c07385ac889dcb65ffa7705c903990,enum_uniform_random,4,ok,0.11577829107409343,0.17445454106200486,1.0,1.0,1.0,0.1,False,False,False,0.11576729104854167,"[{'threshold': 0.1, 'n_candidates_enumerated': 1176, 'enumeration_cap_hit': False, 'enumeration_timed_out': False}]",1176.0,1.0,,
unstable,10000,0,0.012412249983754009,27e2782ea445935f3e373f2ec1db80bc79bb76eba82e8551fa6fec88b807ca9b,ours,0,ok,5.4916017688810825e-05,0.01246716600144282,1.0,1.0,1.0,0.1,False,False,,,,,,,
unstable,10000,0,0.012412249983754009,27e2782ea445935f3e373f2ec1db80bc79bb76eba82e8551fa6fec88b807ca9b,enum_first_stable,0,ok,10.617465625051409,10.629877875035163,1.0,1.0,1.0,0.1,False,False,False,10.617460458015557,"[{'threshold': 0.1, 'n_candidates_enumerated': 96, 'enumeration_cap_hit': False, 'enumeration_timed_out': False}]",96.0,0.0,,
unstable,10000,0,0.012412249983754009,27e2782ea445935f3e373f2ec1db80bc79bb76eba82e8551fa6fec88b807ca9b,enum_uniform_random,0,ok,10.617491291020997,10.62990354100475,1.0,1.0,1.0,0.1,False,False,False,10.617460458015557,"[{'threshold': 0.1, 'n_candidates_enumerated': 96, 'enumeration_cap_hit': False, 'enumeration_timed_out': False}]",96.0,0.0,,
unstable,10000,0,0.012412249983754009,27e2782ea445935f3e373f2ec1db80bc79bb76eba82e8551fa6fec88b807ca9b,enum_uniform_random,1,ok,10.617473458056338,10.629885708040092,1.0,1.0,1.0,0.1,False,False,False,10.617460458015557,"[{'threshold': 0.1, 'n_candidates_enumerated': 96, 'enumeration_cap_hit': False, 'enumeration_timed_out': False}]",96.0,0.0,,
unstable,10000,0,0.012412249983754009,27e2782ea445935f3e373f2ec1db80bc79bb76eba82e8551fa6fec88b807ca9b,enum_uniform_random,2,ok,10.617471333011054,10.629883582994808,1.0,1.0,1.0,0.1,False,False,False,10.617460458015557,"[{'threshold': 0.1, 'n_candidates_enumerated': 96, 'enumeration_cap_hit': False, 'enumeration_timed_out': False}]",96.0,0.0,,
unstable,10000,0,0.012412249983754009,27e2782ea445935f3e373f2ec1db80bc79bb76eba82e8551fa6fec88b807ca9b,enum_uniform_random,3,ok,10.617470500001218,10.629882749984972,1.0,1.0,1.0,0.1,False,False,False,10.617460458015557,"[{'threshold': 0.1, 'n_candidates_enumerated': 96, 'enumeration_cap_hit': False, 'enumeration_timed_out': False}]",96.0,0.0,,
unstable,10000,0,0.012412249983754009,27e2782ea445935f3e373f2ec1db80bc79bb76eba82e8551fa6fec88b807ca9b,enum_uniform_random,4,ok,10.617470291035715,10.62988254101947,1.0,1.0,1.0,0.1,False,False,False,10.617460458015557,"[{'threshold': 0.1, 'n_candidates_enumerated': 96, 'enumeration_cap_hit': False, 'enumeration_timed_out': False}]",96.0,0.0,,
unstable,10000,0,0.012412249983754009,27e2782ea445935f3e373f2ec1db80bc79bb76eba82e8551fa6fec88b807ca9b,arbitrary_control,0,ok,4.612503107637167e-05,0.01245837501483038,0.0,0.0,0.0,,False,False,,,,,,False,0.0018572814457872848
unstable,10000,0,0.012412249983754009,27e2782ea445935f3e373f2ec1db80bc79bb76eba82e8551fa6fec88b807ca9b,arbitrary_control,1,ok,2.7749978471547365e-05,0.012439999962225556,0.023763648041104687,0.0,0.0,,False,False,,,,,,False,0.001675351930038055
unstable,10000,0,0.012412249983754009,27e2782ea445935f3e373f2ec1db80bc79bb76eba82e8551fa6fec88b807ca9b,arbitrary_control,2,ok,2.500001573935151e-05,0.01243724999949336,0.0,0.0,0.0,,False,False,,,,,,False,0.004868323405059926
unstable,10000,0,0.012412249983754009,27e2782ea445935f3e373f2ec1db80bc79bb76eba82e8551fa6fec88b807ca9b,arbitrary_control,3,ok,2.424995182082057e-05,0.01243649993557483,0.0,0.0,0.0,,False,False,,,,,,False,0.0013213259648611746
unstable,10000,0,0.012412249983754009,27e2782ea445935f3e373f2ec1db80bc79bb76eba82e8551fa6fec88b807ca9b,arbitrary_control,4,ok,2.362497616559267e-05,0.012435874959919602,0.0,0.0,0.0,,False,False,,,,,,False,5.288782894567889e-05
unstable,10000,1,0.015282625041436404,b4239c79142e7fd2c57c046da4c4afa651448fe8bcc9c2418b140505b8c2f0d2,enum_first_stable,0,ok,0.6097270009922795,0.6250096260337159,1.0,0.0,1.0,0.1,False,False,False,0.6097227919963188,"[{'threshold': 0.1, 'n_candidates_enumerated': 1088, 'enumeration_cap_hit': False, 'enumeration_timed_out': False}]",1088.0,0.0,,
unstable,10000,1,0.015282625041436404,b4239c79142e7fd2c57c046da4c4afa651448fe8bcc9c2418b140505b8c2f0d2,enum_uniform_random,0,ok,0.6097568339901045,0.6250394590315409,1.0,0.0,1.0,0.1,False,False,False,0.6097227919963188,"[{'threshold': 0.1, 'n_candidates_enumerated': 1088, 'enumeration_cap_hit': False, 'enumeration_timed_out': False}]",1088.0,0.0,,
unstable,10000,1,0.015282625041436404,b4239c79142e7fd2c57c046da4c4afa651448fe8bcc9c2418b140505b8c2f0d2,enum_uniform_random,1,ok,0.6097373339580372,0.6250199589994736,1.0,0.0,1.0,0.1,False,False,False,0.6097227919963188,"[{'threshold': 0.1, 'n_candidates_enumerated': 1088, 'enumeration_cap_hit': False, 'enumeration_timed_out': False}]",1088.0,0.0,,
unstable,10000,1,0.015282625041436404,b4239c79142e7fd2c57c046da4c4afa651448fe8bcc9c2418b140505b8c2f0d2,enum_uniform_random,2,ok,0.6097354590310715,0.6250180840725079,1.0,0.0,1.0,0.1,False,False,False,0.6097227919963188,"[{'threshold': 0.1, 'n_candidates_enumerated': 1088, 'enumeration_cap_hit': False, 'enumeration_timed_out': False}]",1088.0,0.0,,
unstable,10000,1,0.015282625041436404,b4239c79142e7fd2c57c046da4c4afa651448fe8bcc9c2418b140505b8c2f0d2,enum_uniform_random,3,ok,0.6097345830057748,0.6250172080472112,1.0,0.0,1.0,0.1,False,False,False,0.6097227919963188,"[{'threshold': 0.1, 'n_candidates_enumerated': 1088, 'enumeration_cap_hit': False, 'enumeration_timed_out': False}]",1088.0,0.0,,
unstable,10000,1,0.015282625041436404,b4239c79142e7fd2c57c046da4c4afa651448fe8bcc9c2418b140505b8c2f0d2,enum_uniform_random,4,ok,0.609734708967153,0.6250173340085894,1.0,0.0,1.0,0.1,False,False,False,0.6097227919963188,"[{'threshold': 0.1, 'n_candidates_enumerated': 1088, 'enumeration_cap_hit': False, 'enumeration_timed_out': False}]",1088.0,0.0,,
unstable,10000,1,0.015282625041436404,b4239c79142e7fd2c57c046da4c4afa651448fe8bcc9c2418b140505b8c2f0d2,arbitrary_control,0,ok,3.616698086261749e-05,0.015318792022299021,0.0,0.0,0.0,,False,False,,,,,,False,0.0059449885540214095
unstable,10000,1,0.015282625041436404,b4239c79142e7fd2c57c046da4c4afa651448fe8bcc9c2418b140505b8c2f0d2,arbitrary_control,1,ok,2.5917019229382277e-05,0.015308542060665786,0.0,0.0,0.0,,False,False,,,,,,False,0.0055140113738469925
unstable,10000,1,0.015282625041436404,b4239c79142e7fd2c57c046da4c4afa651448fe8bcc9c2418b140505b8c2f0d2,arbitrary_control,2,ok,2.4084001779556274e-05,0.01530670904321596,0.0,0.0,0.0,,False,False,,,,,,False,0.0011363119807153706
unstable,10000,1,0.015282625041436404,b4239c79142e7fd2c57c046da4c4afa651448fe8bcc9c2418b140505b8c2f0d2,arbitrary_control,3,ok,2.3833010345697403e-05,0.015306458051782101,0.0,0.0,0.0,,False,False,,,,,,False,0.0014988289126574373
unstable,10000,1,0.015282625041436404,b4239c79142e7fd2c57c046da4c4afa651448fe8bcc9c2418b140505b8c2f0d2,arbitrary_control,4,ok,2.3707980290055275e-05,0.01530633302172646,0.0,0.0,0.0,,False,False,,,,,,False,0.0038843967269276574
unstable,10000,1,0.015282625041436404,b4239c79142e7fd2c57c046da4c4afa651448fe8bcc9c2418b140505b8c2f0d2,ours,0,ok,3.766600275412202e-05,0.015320291044190526,1.0,0.0,1.0,0.1,False,False,,,,,,,
unstable,10000,2,0.01587037497665733,1fb4698b90c989373cd3cc5cd10267e0f5ff40e192f94cf1c098691643e9c1e6,arbitrary_control,0,ok,4.258297849446535e-05,0.015912957955151796,0.0,0.0,0.0,,False,False,,,,,,False,0.0014531237909402328
unstable,10000,2,0.01587037497665733,1fb4698b90c989373cd3cc5cd10267e0f5ff40e192f94cf1c098691643e9c1e6,arbitrary_control,1,ok,2.5874993298202753e-05,0.015896249969955534,0.0,0.0,0.0,,False,False,,,,,,False,0.0024046049593328144
unstable,10000,2,0.01587037497665733,1fb4698b90c989373cd3cc5cd10267e0f5ff40e192f94cf1c098691643e9c1e6,arbitrary_control,2,ok,2.420798409730196e-05,0.015894582960754633,0.0,0.0,0.0,,False,False,,,,,,False,0.0010428391468571537
unstable,10000,2,0.01587037497665733,1fb4698b90c989373cd3cc5cd10267e0f5ff40e192f94cf1c098691643e9c1e6,arbitrary_control,3,ok,2.3083994165062904e-05,0.015893458970822394,0.0,0.0,0.0,,False,False,,,,,,False,0.00036189323837997484
unstable,10000,2,0.01587037497665733,1fb4698b90c989373cd3cc5cd10267e0f5ff40e192f94cf1c098691643e9c1e6,arbitrary_control,4,ok,2.295803278684616e-05,0.015893333009444177,0.0,0.0,0.0,,False,False,,,,,,False,0.0017645435305454827
unstable,10000,2,0.01587037497665733,1fb4698b90c989373cd3cc5cd10267e0f5ff40e192f94cf1c098691643e9c1e6,ours,0,ok,3.545900108292699e-05,0.015905833977740258,0.5787631271878646,0.0,0.0,0.1,False,False,,,,,,,
unstable,10000,2,0.01587037497665733,1fb4698b90c989373cd3cc5cd10267e0f5ff40e192f94cf1c098691643e9c1e6,enum_first_stable,0,ok,0.016018458001781255,0.031888832978438586,0.5787631271878646,0.0,0.0,0.1,False,False,False,0.01601658301660791,"[{'threshold': 0.1, 'n_candidates_enumerated': 288, 'enumeration_cap_hit': False, 'enumeration_timed_out': False}]",288.0,0.0,,
unstable,10000,2,0.01587037497665733,1fb4698b90c989373cd3cc5cd10267e0f5ff40e192f94cf1c098691643e9c1e6,enum_uniform_random,0,ok,0.01603366603376344,0.03190404101042077,1.0,0.0,1.0,0.1,False,False,False,0.01601658301660791,"[{'threshold': 0.1, 'n_candidates_enumerated': 288, 'enumeration_cap_hit': False, 'enumeration_timed_out': False}]",288.0,0.0,,
unstable,10000,2,0.01587037497665733,1fb4698b90c989373cd3cc5cd10267e0f5ff40e192f94cf1c098691643e9c1e6,enum_uniform_random,1,ok,0.01602704107062891,0.03189741604728624,1.0,0.0,1.0,0.1,False,False,False,0.01601658301660791,"[{'threshold': 0.1, 'n_candidates_enumerated': 288, 'enumeration_cap_hit': False, 'enumeration_timed_out': False}]",288.0,0.0,,
unstable,10000,2,0.01587037497665733,1fb4698b90c989373cd3cc5cd10267e0f5ff40e192f94cf1c098691643e9c1e6,enum_uniform_random,2,ok,0.01602637500036508,0.03189674997702241,1.0,0.0,1.0,0.1,False,False,False,0.01601658301660791,"[{'threshold': 0.1, 'n_candidates_enumerated': 288, 'enumeration_cap_hit': False, 'enumeration_timed_out': False}]",288.0,0.0,,
unstable,10000,2,0.01587037497665733,1fb4698b90c989373cd3cc5cd10267e0f5ff40e192f94cf1c098691643e9c1e6,enum_uniform_random,3,ok,0.016026250028517097,0.03189662500517443,0.5787631271878646,0.0,0.0,0.1,False,False,False,0.01601658301660791,"[{'threshold': 0.1, 'n_candidates_enumerated': 288, 'enumeration_cap_hit': False, 'enumeration_timed_out': False}]",288.0,0.0,,
unstable,10000,2,0.01587037497665733,1fb4698b90c989373cd3cc5cd10267e0f5ff40e192f94cf1c098691643e9c1e6,enum_uniform_random,4,ok,0.01602620806079358,0.03189658303745091,1.0,0.0,1.0,0.1,False,False,False,0.01601658301660791,"[{'threshold': 0.1, 'n_candidates_enumerated': 288, 'enumeration_cap_hit': False, 'enumeration_timed_out': False}]",288.0,0.0,,
unstable,10000,3,0.013103958044666797,e4ce8f63b3892c27727ba1f3c2fb8415d3b88feeda78c18a3c2db19a36d8168e,ours,0,ok,4.6666013076901436e-05,0.013150624057743698,1.0,1.0,1.0,0.1,False,False,,,,,,,
unstable,10000,3,0.013103958044666797,e4ce8f63b3892c27727ba1f3c2fb8415d3b88feeda78c18a3c2db19a36d8168e,enum_first_stable,0,ok,0.19340599904535338,0.20650995709002018,1.0,1.0,1.0,0.1,False,False,False,0.19340166600886732,"[{'threshold': 0.1, 'n_candidates_enumerated': 1920, 'enumeration_cap_hit': False, 'enumeration_timed_out': False}]",1920.0,0.0,,
unstable,10000,3,0.013103958044666797,e4ce8f63b3892c27727ba1f3c2fb8415d3b88feeda78c18a3c2db19a36d8168e,enum_uniform_random,0,ok,0.19342591596068814,0.20652987400535494,1.0,1.0,1.0,0.1,False,False,False,0.19340166600886732,"[{'threshold': 0.1, 'n_candidates_enumerated': 1920, 'enumeration_cap_hit': False, 'enumeration_timed_out': False}]",1920.0,0.0,,
unstable,10000,3,0.013103958044666797,e4ce8f63b3892c27727ba1f3c2fb8415d3b88feeda78c18a3c2db19a36d8168e,enum_uniform_random,1,ok,0.19341516599524766,0.20651912403991446,1.0,1.0,1.0,0.1,False,False,False,0.19340166600886732,"[{'threshold': 0.1, 'n_candidates_enumerated': 1920, 'enumeration_cap_hit': False, 'enumeration_timed_out': False}]",1920.0,0.0,,
unstable,10000,3,0.013103958044666797,e4ce8f63b3892c27727ba1f3c2fb8415d3b88feeda78c18a3c2db19a36d8168e,enum_uniform_random,2,ok,0.19341558299493045,0.20651954103959724,1.0,1.0,1.0,0.1,False,False,False,0.19340166600886732,"[{'threshold': 0.1, 'n_candidates_enumerated': 1920, 'enumeration_cap_hit': False, 'enumeration_timed_out': False}]",1920.0,0.0,,
unstable,10000,3,0.013103958044666797,e4ce8f63b3892c27727ba1f3c2fb8415d3b88feeda78c18a3c2db19a36d8168e,enum_uniform_random,3,ok,0.1934154579648748,0.2065194160095416,1.0,1.0,1.0,0.1,False,False,False,0.19340166600886732,"[{'threshold': 0.1, 'n_candidates_enumerated': 1920, 'enumeration_cap_hit': False, 'enumeration_timed_out': False}]",1920.0,0.0,,
unstable,10000,3,0.013103958044666797,e4ce8f63b3892c27727ba1f3c2fb8415d3b88feeda78c18a3c2db19a36d8168e,enum_uniform_random,4,ok,0.1934150829911232,0.20651904103579,1.0,1.0,1.0,0.1,False,False,False,0.19340166600886732,"[{'threshold': 0.1, 'n_candidates_enumerated': 1920, 'enumeration_cap_hit': False, 'enumeration_timed_out': False}]",1920.0,0.0,,
unstable,10000,3,0.013103958044666797,e4ce8f63b3892c27727ba1f3c2fb8415d3b88feeda78c18a3c2db19a36d8168e,arbitrary_control,0,ok,2.9499991796910763e-05,0.013133458036463708,0.0,0.0,0.0,,False,False,,,,,,False,0.00031334101105212343
unstable,10000,3,0.013103958044666797,e4ce8f63b3892c27727ba1f3c2fb8415d3b88feeda78c18a3c2db19a36d8168e,arbitrary_control,1,ok,2.7875008527189493e-05,0.013131833053193986,0.024390243902439025,0.0,0.0,,False,False,,,,,,False,0.0007678229921001183
unstable,10000,3,0.013103958044666797,e4ce8f63b3892c27727ba1f3c2fb8415d3b88feeda78c18a3c2db19a36d8168e,arbitrary_control,2,ok,2.3083994165062904e-05,0.01312704203883186,0.0,0.0,0.0,,False,False,,,,,,False,0.00028903493958975054
unstable,10000,3,0.013103958044666797,e4ce8f63b3892c27727ba1f3c2fb8415d3b88feeda78c18a3c2db19a36d8168e,arbitrary_control,3,ok,2.2916996385902166e-05,0.013126875041052699,0.0,0.0,0.0,,False,False,,,,,,False,0.0003450738134757503
unstable,10000,3,0.013103958044666797,e4ce8f63b3892c27727ba1f3c2fb8415d3b88feeda78c18a3c2db19a36d8168e,arbitrary_control,4,ok,2.3250002413988113e-05,0.013127208047080785,0.0,0.0,0.0,,False,False,,,,,,False,0.002841168669057712
unstable,10000,4,0.014829166990239173,31bde30d35d17e6de7f4bca16f069a9ff584a10a2f6ae414d31c93956d26d8fe,enum_first_stable,0,ok,18.790081376035232,18.80491054302547,1.0,1.0,1.0,0.1,False,False,False,18.790078709018417,"[{'threshold': 0.1, 'n_candidates_enumerated': 144, 'enumeration_cap_hit': False, 'enumeration_timed_out': False}]",144.0,0.0,,
unstable,10000,4,0.014829166990239173,31bde30d35d17e6de7f4bca16f069a9ff584a10a2f6ae414d31c93956d26d8fe,enum_uniform_random,0,ok,18.790111834008712,18.80494100099895,1.0,1.0,1.0,0.1,False,False,False,18.790078709018417,"[{'threshold': 0.1, 'n_candidates_enumerated': 144, 'enumeration_cap_hit': False, 'enumeration_timed_out': False}]",144.0,0.0,,
unstable,10000,4,0.014829166990239173,31bde30d35d17e6de7f4bca16f069a9ff584a10a2f6ae414d31c93956d26d8fe,enum_uniform_random,1,ok,18.790092042007018,18.804921208997257,1.0,1.0,1.0,0.1,False,False,False,18.790078709018417,"[{'threshold': 0.1, 'n_candidates_enumerated': 144, 'enumeration_cap_hit': False, 'enumeration_timed_out': False}]",144.0,0.0,,
unstable,10000,4,0.014829166990239173,31bde30d35d17e6de7f4bca16f069a9ff584a10a2f6ae414d31c93956d26d8fe,enum_uniform_random,2,ok,18.790089834015816,18.804919001006056,1.0,1.0,1.0,0.1,False,False,False,18.790078709018417,"[{'threshold': 0.1, 'n_candidates_enumerated': 144, 'enumeration_cap_hit': False, 'enumeration_timed_out': False}]",144.0,0.0,,
unstable,10000,4,0.014829166990239173,31bde30d35d17e6de7f4bca16f069a9ff584a10a2f6ae414d31c93956d26d8fe,enum_uniform_random,3,ok,18.79008920904016,18.8049183760304,1.0,1.0,1.0,0.1,False,False,False,18.790078709018417,"[{'threshold': 0.1, 'n_candidates_enumerated': 144, 'enumeration_cap_hit': False, 'enumeration_timed_out': False}]",144.0,0.0,,
unstable,10000,4,0.014829166990239173,31bde30d35d17e6de7f4bca16f069a9ff584a10a2f6ae414d31c93956d26d8fe,enum_uniform_random,4,ok,18.790088834008202,18.80491800099844,1.0,1.0,1.0,0.1,False,False,False,18.790078709018417,"[{'threshold': 0.1, 'n_candidates_enumerated': 144, 'enumeration_cap_hit': False, 'enumeration_timed_out': False}]",144.0,0.0,,
unstable,10000,4,0.014829166990239173,31bde30d35d17e6de7f4bca16f069a9ff584a10a2f6ae414d31c93956d26d8fe,arbitrary_control,0,ok,4.729203647002578e-05,0.014876459026709199,0.0,0.0,0.0,,False,False,,,,,,False,0.0016538632136827982
unstable,10000,4,0.014829166990239173,31bde30d35d17e6de7f4bca16f069a9ff584a10a2f6ae414d31c93956d26d8fe,arbitrary_control,1,ok,2.8541951905936003e-05,0.01485770894214511,0.0,0.0,0.0,,False,False,,,,,,False,0.0008958206242967394
unstable,10000,4,0.014829166990239173,31bde30d35d17e6de7f4bca16f069a9ff584a10a2f6ae414d31c93956d26d8fe,arbitrary_control,2,ok,2.5082961656153202e-05,0.014854249951895326,0.0,0.0,0.0,,False,False,,,,,,False,0.002777866451261965
unstable,10000,4,0.014829166990239173,31bde30d35d17e6de7f4bca16f069a9ff584a10a2f6ae414d31c93956d26d8fe,arbitrary_control,3,ok,2.475001383572817e-05,0.014853917004074901,0.0,0.0,0.0,,False,False,,,,,,False,0.0054562828977940975
unstable,10000,4,0.014829166990239173,31bde30d35d17e6de7f4bca16f069a9ff584a10a2f6ae414d31c93956d26d8fe,arbitrary_control,4,ok,2.3833010345697403e-05,0.01485300000058487,0.0,0.0,0.0,,False,False,,,,,,False,0.0034169278726298947
unstable,10000,4,0.014829166990239173,31bde30d35d17e6de7f4bca16f069a9ff584a10a2f6ae414d31c93956d26d8fe,ours,0,ok,4.3625012040138245e-05,0.014872792002279311,1.0,1.0,1.0,0.1,False,False,,,,,,,
unstable,10000,5,0.0195584999746643,e29a971c868ba3db365f2b0e4482c83d31debe61f55dfa8b6cce6f37344918de,arbitrary_control,0,ok,6.350001785904169e-05,0.019621999992523342,0.0,0.0,0.0,,False,False,,,,,,False,0.0029389303725158235
unstable,10000,5,0.0195584999746643,e29a971c868ba3db365f2b0e4482c83d31debe61f55dfa8b6cce6f37344918de,arbitrary_control,1,ok,3.4917029552161694e-05,0.019593417004216462,0.0,0.0,0.0,,False,False,,,,,,False,0.00021076241615065294
unstable,10000,5,0.0195584999746643,e29a971c868ba3db365f2b0e4482c83d31debe61f55dfa8b6cce6f37344918de,arbitrary_control,2,ok,2.5999965146183968e-05,0.019584499939810485,0.0,0.0,0.0,,False,False,,,,,,False,0.0018303774388375097
unstable,10000,5,0.0195584999746643,e29a971c868ba3db365f2b0e4482c83d31debe61f55dfa8b6cce6f37344918de,arbitrary_control,3,ok,2.5124987587332726e-05,0.019583624962251633,0.0,0.0,0.0,,False,False,,,,,,False,0.0009548410844606729
unstable,10000,5,0.0195584999746643,e29a971c868ba3db365f2b0e4482c83d31debe61f55dfa8b6cce6f37344918de,arbitrary_control,4,ok,2.5083019863814116e-05,0.019583582994528115,0.0,0.0,0.0,,False,False,,,,,,False,0.0013611920124055232
unstable,10000,5,0.0195584999746643,e29a971c868ba3db365f2b0e4482c83d31debe61f55dfa8b6cce6f37344918de,ours,0,ok,3.9041973650455475e-05,0.019597541948314756,0.45323741007194246,0.0,0.0,0.1,False,False,,,,,,,
unstable,10000,5,0.0195584999746643,e29a971c868ba3db365f2b0e4482c83d31debe61f55dfa8b6cce6f37344918de,enum_first_stable,0,ok,2.6710304170264862,2.6905889170011505,0.45323741007194246,0.0,0.0,0.1,False,False,False,2.671016333042644,"[{'threshold': 0.1, 'n_candidates_enumerated': 2016, 'enumeration_cap_hit': False, 'enumeration_timed_out': False}]",2016.0,0.0,,
unstable,10000,5,0.0195584999746643,e29a971c868ba3db365f2b0e4482c83d31debe61f55dfa8b6cce6f37344918de,enum_uniform_random,0,ok,2.671054000093136,2.6906125000678003,0.45323741007194246,0.0,0.0,0.1,False,False,False,2.671016333042644,"[{'threshold': 0.1, 'n_candidates_enumerated': 2016, 'enumeration_cap_hit': False, 'enumeration_timed_out': False}]",2016.0,0.0,,
unstable,10000,5,0.0195584999746643,e29a971c868ba3db365f2b0e4482c83d31debe61f55dfa8b6cce6f37344918de,enum_uniform_random,1,ok,2.6710332500515506,2.690591750026215,0.45323741007194246,0.0,0.0,0.1,False,False,False,2.671016333042644,"[{'threshold': 0.1, 'n_candidates_enumerated': 2016, 'enumeration_cap_hit': False, 'enumeration_timed_out': False}]",2016.0,0.0,,
unstable,10000,5,0.0195584999746643,e29a971c868ba3db365f2b0e4482c83d31debe61f55dfa8b6cce6f37344918de,enum_uniform_random,2,ok,2.6710309580666944,2.6905894580413587,0.45323741007194246,0.0,0.0,0.1,False,False,False,2.671016333042644,"[{'threshold': 0.1, 'n_candidates_enumerated': 2016, 'enumeration_cap_hit': False, 'enumeration_timed_out': False}]",2016.0,0.0,,
unstable,10000,5,0.0195584999746643,e29a971c868ba3db365f2b0e4482c83d31debe61f55dfa8b6cce6f37344918de,enum_uniform_random,3,ok,2.6710298750549555,2.69058837502962,0.45323741007194246,0.0,0.0,0.1,False,False,False,2.671016333042644,"[{'threshold': 0.1, 'n_candidates_enumerated': 2016, 'enumeration_cap_hit': False, 'enumeration_timed_out': False}]",2016.0,0.0,,
unstable,10000,5,0.0195584999746643,e29a971c868ba3db365f2b0e4482c83d31debe61f55dfa8b6cce6f37344918de,enum_uniform_random,4,ok,2.671029500022996,2.6905879999976605,0.45323741007194246,0.0,0.0,0.1,False,False,False,2.671016333042644,"[{'threshold': 0.1, 'n_candidates_enumerated': 2016, 'enumeration_cap_hit': False, 'enumeration_timed_out': False}]",2016.0,0.0,,
unstable,10000,6,0.017881374980788678,a01bb2e4d80c18d93ae0cb3c264ffb1b7ec7596aacae7fdb43404a70edec7acf,ours,0,ok,4.4042011722922325e-05,0.0179254169925116,1.0,1.0,1.0,0.1,False,False,,,,,,,
unstable,10000,6,0.017881374980788678,a01bb2e4d80c18d93ae0cb3c264ffb1b7ec7596aacae7fdb43404a70edec7acf,enum_first_stable,0,ok,2.202854249975644,2.2207356249564327,1.0,1.0,1.0,0.1,False,False,False,2.202847832988482,"[{'threshold': 0.1, 'n_candidates_enumerated': 960, 'enumeration_cap_hit': False, 'enumeration_timed_out': False}]",960.0,0.0,,
unstable,10000,6,0.017881374980788678,a01bb2e4d80c18d93ae0cb3c264ffb1b7ec7596aacae7fdb43404a70edec7acf,enum_uniform_random,0,ok,2.2028819160186686,2.2207632909994572,1.0,1.0,1.0,0.1,False,False,False,2.202847832988482,"[{'threshold': 0.1, 'n_candidates_enumerated': 960, 'enumeration_cap_hit': False, 'enumeration_timed_out': False}]",960.0,0.0,,
unstable,10000,6,0.017881374980788678,a01bb2e4d80c18d93ae0cb3c264ffb1b7ec7596aacae7fdb43404a70edec7acf,enum_uniform_random,1,ok,2.20286237396067,2.2207437489414588,1.0,1.0,1.0,0.1,False,False,False,2.202847832988482,"[{'threshold': 0.1, 'n_candidates_enumerated': 960, 'enumeration_cap_hit': False, 'enumeration_timed_out': False}]",960.0,0.0,,
unstable,10000,6,0.017881374980788678,a01bb2e4d80c18d93ae0cb3c264ffb1b7ec7596aacae7fdb43404a70edec7acf,enum_uniform_random,2,ok,2.2028607499669306,2.2207421249477193,1.0,1.0,1.0,0.1,False,False,False,2.202847832988482,"[{'threshold': 0.1, 'n_candidates_enumerated': 960, 'enumeration_cap_hit': False, 'enumeration_timed_out': False}]",960.0,0.0,,
unstable,10000,6,0.017881374980788678,a01bb2e4d80c18d93ae0cb3c264ffb1b7ec7596aacae7fdb43404a70edec7acf,enum_uniform_random,3,ok,2.2028595830197446,2.2207409580005333,1.0,1.0,1.0,0.1,False,False,False,2.202847832988482,"[{'threshold': 0.1, 'n_candidates_enumerated': 960, 'enumeration_cap_hit': False, 'enumeration_timed_out': False}]",960.0,0.0,,
unstable,10000,6,0.017881374980788678,a01bb2e4d80c18d93ae0cb3c264ffb1b7ec7596aacae7fdb43404a70edec7acf,enum_uniform_random,4,ok,2.202859457989689,2.2207408329704776,1.0,1.0,1.0,0.1,False,False,False,2.202847832988482,"[{'threshold': 0.1, 'n_candidates_enumerated': 960, 'enumeration_cap_hit': False, 'enumeration_timed_out': False}]",960.0,0.0,,
unstable,10000,6,0.017881374980788678,a01bb2e4d80c18d93ae0cb3c264ffb1b7ec7596aacae7fdb43404a70edec7acf,arbitrary_control,0,ok,4.0209037251770496e-05,0.01792158401804045,0.0,0.0,0.0,,False,False,,,,,,False,0.0023385798964296227
unstable,10000,6,0.017881374980788678,a01bb2e4d80c18d93ae0cb3c264ffb1b7ec7596aacae7fdb43404a70edec7acf,arbitrary_control,1,ok,2.6250025257468224e-05,0.017907625006046146,0.0,0.0,0.0,,False,False,,,,,,False,0.0030729778190332654
unstable,10000,6,0.017881374980788678,a01bb2e4d80c18d93ae0cb3c264ffb1b7ec7596aacae7fdb43404a70edec7acf,arbitrary_control,2,ok,2.4250010028481483e-05,0.01790562499081716,0.0,0.0,0.0,,False,False,,,,,,False,1.81428922450291e-05
unstable,10000,6,0.017881374980788678,a01bb2e4d80c18d93ae0cb3c264ffb1b7ec7596aacae7fdb43404a70edec7acf,arbitrary_control,3,ok,2.345896791666746e-05,0.017904833948705345,0.0,0.0,0.0,,False,False,,,,,,False,0.0023385798964296227
unstable,10000,6,0.017881374980788678,a01bb2e4d80c18d93ae0cb3c264ffb1b7ec7596aacae7fdb43404a70edec7acf,arbitrary_control,4,ok,2.3416010662913322e-05,0.01790479099145159,0.0,0.0,0.0,,False,False,,,,,,False,0.0007496568882567259
unstable,10000,7,0.013066541985608637,78e62128bb837df23d317460465bcfc280190b1cba390393a584c298cfed1f11,enum_first_stable,0,ok,2.1598203759640455,2.172886917949654,0.6682188591385332,0.0,0.0,0.1,False,False,False,2.159813584003132,"[{'threshold': 0.1, 'n_candidates_enumerated': 336, 'enumeration_cap_hit': False, 'enumeration_timed_out': False}]",336.0,0.0,,
unstable,10000,7,0.013066541985608637,78e62128bb837df23d317460465bcfc280190b1cba390393a584c298cfed1f11,enum_uniform_random,0,ok,2.159858083992731,2.1729246259783395,1.0,1.0,1.0,0.1,False,False,False,2.159813584003132,"[{'threshold': 0.1, 'n_candidates_enumerated': 336, 'enumeration_cap_hit': False, 'enumeration_timed_out': False}]",336.0,0.0,,
unstable,10000,7,0.013066541985608637,78e62128bb837df23d317460465bcfc280190b1cba390393a584c298cfed1f11,enum_uniform_random,1,ok,2.1598250009701587,2.1728915429557674,1.0,1.0,1.0,0.1,False,False,False,2.159813584003132,"[{'threshold': 0.1, 'n_candidates_enumerated': 336, 'enumeration_cap_hit': False, 'enumeration_timed_out': False}]",336.0,0.0,,
unstable,10000,7,0.013066541985608637,78e62128bb837df23d317460465bcfc280190b1cba390393a584c298cfed1f11,enum_uniform_random,2,ok,2.159824043046683,2.1728905850322917,1.0,1.0,1.0,0.1,False,False,False,2.159813584003132,"[{'threshold': 0.1, 'n_candidates_enumerated': 336, 'enumeration_cap_hit': False, 'enumeration_timed_out': False}]",336.0,0.0,,
unstable,10000,7,0.013066541985608637,78e62128bb837df23d317460465bcfc280190b1cba390393a584c298cfed1f11,enum_uniform_random,3,ok,2.1598239590530284,2.172890501038637,1.0,1.0,1.0,0.1,False,False,False,2.159813584003132,"[{'threshold': 0.1, 'n_candidates_enumerated': 336, 'enumeration_cap_hit': False, 'enumeration_timed_out': False}]",336.0,0.0,,
unstable,10000,7,0.013066541985608637,78e62128bb837df23d317460465bcfc280190b1cba390393a584c298cfed1f11,enum_uniform_random,4,ok,2.1598236260470003,2.172890168032609,1.0,1.0,1.0,0.1,False,False,False,2.159813584003132,"[{'threshold': 0.1, 'n_candidates_enumerated': 336, 'enumeration_cap_hit': False, 'enumeration_timed_out': False}]",336.0,0.0,,
unstable,10000,7,0.013066541985608637,78e62128bb837df23d317460465bcfc280190b1cba390393a584c298cfed1f11,arbitrary_control,0,ok,5.716603482142091e-05,0.013123708020430058,0.0,0.0,0.0,,False,False,,,,,,False,0.0017040467629654609
unstable,10000,7,0.013066541985608637,78e62128bb837df23d317460465bcfc280190b1cba390393a584c298cfed1f11,arbitrary_control,1,ok,2.6083027478307486e-05,0.013092625013086945,0.0,0.0,0.0,,False,False,,,,,,False,0.0009361319398718877
unstable,10000,7,0.013066541985608637,78e62128bb837df23d317460465bcfc280190b1cba390393a584c298cfed1f11,arbitrary_control,2,ok,2.362497616559267e-05,0.01309016696177423,0.0,0.0,0.0,,False,False,,,,,,False,0.0036910802979099023
unstable,10000,7,0.013066541985608637,78e62128bb837df23d317460465bcfc280190b1cba390393a584c298cfed1f11,arbitrary_control,3,ok,2.3250002413988113e-05,0.013089791988022625,0.0,0.0,0.0,,False,False,,,,,,False,0.0009361319398718877
unstable,10000,7,0.013066541985608637,78e62128bb837df23d317460465bcfc280190b1cba390393a584c298cfed1f11,arbitrary_control,4,ok,2.300000051036477e-05,0.013089541986119002,0.0,0.0,0.0,,False,False,,,,,,False,0.000482582801477411
unstable,10000,7,0.013066541985608637,78e62128bb837df23d317460465bcfc280190b1cba390393a584c298cfed1f11,ours,0,ok,4.004203947260976e-05,0.013106584025081247,1.0,1.0,1.0,0.1,False,False,,,,,,,
unstable,10000,8,0.015732667001429945,12d7e99550696499fcf5a8a01786940554b8f0b37ac67312d8f7a30c1c8759f8,arbitrary_control,0,ok,3.262498648837209e-05,0.015765291987918317,0.0,0.0,0.0,,False,False,,,,,,False,0.0015655159204587578
unstable,10000,8,0.015732667001429945,12d7e99550696499fcf5a8a01786940554b8f0b37ac67312d8f7a30c1c8759f8,arbitrary_control,1,ok,2.500001573935151e-05,0.015757667017169297,0.0,0.0,0.0,,False,False,,,,,,False,0.0010314748284333758
unstable,10000,8,0.015732667001429945,12d7e99550696499fcf5a8a01786940554b8f0b37ac67312d8f7a30c1c8759f8,arbitrary_control,2,ok,2.3541972041130066e-05,0.015756208973471075,0.0,0.0,0.0,,False,False,,,,,,False,0.00012774050734913072
unstable,10000,8,0.015732667001429945,12d7e99550696499fcf5a8a01786940554b8f0b37ac67312d8f7a30c1c8759f8,arbitrary_control,3,ok,2.3292028345167637e-05,0.015755959029775113,0.0,0.0,0.0,,False,False,,,,,,False,0.004369706879781254
unstable,10000,8,0.015732667001429945,12d7e99550696499fcf5a8a01786940554b8f0b37ac67312d8f7a30c1c8759f8,arbitrary_control,4,ok,2.337503246963024e-05,0.015756042033899575,0.0,0.0,0.0,,False,False,,,,,,False,0.0011873320806229594
unstable,10000,8,0.015732667001429945,12d7e99550696499fcf5a8a01786940554b8f0b37ac67312d8f7a30c1c8759f8,ours,0,ok,3.120797919109464e-05,0.01576387498062104,1.0,1.0,1.0,0.1,False,False,,,,,,,
unstable,10000,8,0.015732667001429945,12d7e99550696499fcf5a8a01786940554b8f0b37ac67312d8f7a30c1c8759f8,enum_first_stable,0,ok,2.75307612499455,2.76880879199598,1.0,1.0,1.0,0.1,False,False,False,2.7529458749922924,"[{'threshold': 0.1, 'n_candidates_enumerated': 30336, 'enumeration_cap_hit': False, 'enumeration_timed_out': False}]",30336.0,0.0,,
unstable,10000,8,0.015732667001429945,12d7e99550696499fcf5a8a01786940554b8f0b37ac67312d8f7a30c1c8759f8,enum_uniform_random,0,ok,2.7530515829566866,2.7687842499581166,1.0,1.0,1.0,0.1,False,False,False,2.7529458749922924,"[{'threshold': 0.1, 'n_candidates_enumerated': 30336, 'enumeration_cap_hit': False, 'enumeration_timed_out': False}]",30336.0,0.0,,
unstable,10000,8,0.015732667001429945,12d7e99550696499fcf5a8a01786940554b8f0b37ac67312d8f7a30c1c8759f8,enum_uniform_random,1,ok,2.753032584034372,2.768765251035802,1.0,1.0,1.0,0.1,False,False,False,2.7529458749922924,"[{'threshold': 0.1, 'n_candidates_enumerated': 30336, 'enumeration_cap_hit': False, 'enumeration_timed_out': False}]",30336.0,0.0,,
unstable,10000,8,0.015732667001429945,12d7e99550696499fcf5a8a01786940554b8f0b37ac67312d8f7a30c1c8759f8,enum_uniform_random,2,ok,2.7530280419741757,2.7687607089756057,1.0,1.0,1.0,0.1,False,False,False,2.7529458749922924,"[{'threshold': 0.1, 'n_candidates_enumerated': 30336, 'enumeration_cap_hit': False, 'enumeration_timed_out': False}]",30336.0,0.0,,
unstable,10000,8,0.015732667001429945,12d7e99550696499fcf5a8a01786940554b8f0b37ac67312d8f7a30c1c8759f8,enum_uniform_random,3,ok,2.7530287909903564,2.7687614579917863,1.0,1.0,1.0,0.1,False,False,False,2.7529458749922924,"[{'threshold': 0.1, 'n_candidates_enumerated': 30336, 'enumeration_cap_hit': False, 'enumeration_timed_out': False}]",30336.0,0.0,,
unstable,10000,8,0.015732667001429945,12d7e99550696499fcf5a8a01786940554b8f0b37ac67312d8f7a30c1c8759f8,enum_uniform_random,4,ok,2.7530279580387287,2.7687606250401586,1.0,1.0,1.0,0.1,False,False,False,2.7529458749922924,"[{'threshold': 0.1, 'n_candidates_enumerated': 30336, 'enumeration_cap_hit': False, 'enumeration_timed_out': False}]",30336.0,0.0,,
unstable,10000,9,0.013143124990165234,39d9f95e709dfbd353482c6b5692946e1b4a925e8f76561d44b8cc005b838289,ours,0,ok,5.35410363227129e-05,0.013196666026487947,1.0,1.0,1.0,0.1,False,False,,,,,,,
unstable,10000,9,0.013143124990165234,39d9f95e709dfbd353482c6b5692946e1b4a925e8f76561d44b8cc005b838289,enum_first_stable,0,ok,55.9691633330076,55.982306457997765,1.0,1.0,1.0,0.1,False,False,False,55.969154833001085,"[{'threshold': 0.1, 'n_candidates_enumerated': 336, 'enumeration_cap_hit': False, 'enumeration_timed_out': False}]",336.0,0.0,,
unstable,10000,9,0.013143124990165234,39d9f95e709dfbd353482c6b5692946e1b4a925e8f76561d44b8cc005b838289,enum_uniform_random,0,ok,55.9692119989777,55.982355123967864,1.0,1.0,1.0,0.1,False,False,False,55.969154833001085,"[{'threshold': 0.1, 'n_candidates_enumerated': 336, 'enumeration_cap_hit': False, 'enumeration_timed_out': False}]",336.0,0.0,,
unstable,10000,9,0.013143124990165234,39d9f95e709dfbd353482c6b5692946e1b4a925e8f76561d44b8cc005b838289,enum_uniform_random,1,ok,55.96916841703933,55.98231154202949,1.0,1.0,1.0,0.1,False,False,False,55.969154833001085,"[{'threshold': 0.1, 'n_candidates_enumerated': 336, 'enumeration_cap_hit': False, 'enumeration_timed_out': False}]",336.0,0.0,,
unstable,10000,9,0.013143124990165234,39d9f95e709dfbd353482c6b5692946e1b4a925e8f76561d44b8cc005b838289,enum_uniform_random,2,ok,55.96916683303425,55.982309958024416,0.3643122676579926,0.0,0.0,0.1,False,False,False,55.969154833001085,"[{'threshold': 0.1, 'n_candidates_enumerated': 336, 'enumeration_cap_hit': False, 'enumeration_timed_out': False}]",336.0,0.0,,
unstable,10000,9,0.013143124990165234,39d9f95e709dfbd353482c6b5692946e1b4a925e8f76561d44b8cc005b838289,enum_uniform_random,3,ok,55.96916566602886,55.98230879101902,1.0,1.0,1.0,0.1,False,False,False,55.969154833001085,"[{'threshold': 0.1, 'n_candidates_enumerated': 336, 'enumeration_cap_hit': False, 'enumeration_timed_out': False}]",336.0,0.0,,
unstable,10000,9,0.013143124990165234,39d9f95e709dfbd353482c6b5692946e1b4a925e8f76561d44b8cc005b838289,enum_uniform_random,4,ok,55.9691655409988,55.98230866598897,1.0,1.0,1.0,0.1,False,False,False,55.969154833001085,"[{'threshold': 0.1, 'n_candidates_enumerated': 336, 'enumeration_cap_hit': False, 'enumeration_timed_out': False}]",336.0,0.0,,
unstable,10000,9,0.013143124990165234,39d9f95e709dfbd353482c6b5692946e1b4a925e8f76561d44b8cc005b838289,arbitrary_control,0,ok,6.65000407025218e-05,0.013209625030867755,0.0,0.0,0.0,,False,False,,,,,,False,0.0009324064905882806
unstable,10000,9,0.013143124990165234,39d9f95e709dfbd353482c6b5692946e1b4a925e8f76561d44b8cc005b838289,arbitrary_control,1,ok,2.9541028197854757e-05,0.013172666018363088,0.0,0.0,0.0,,False,False,,,,,,False,0.00017687656050536916
unstable,10000,9,0.013143124990165234,39d9f95e709dfbd353482c6b5692946e1b4a925e8f76561d44b8cc005b838289,arbitrary_control,2,ok,2.55830236710608e-05,0.013168708013836294,0.0,0.0,0.0,,False,False,,,,,,False,0.006009253617774628
unstable,10000,9,0.013143124990165234,39d9f95e709dfbd353482c6b5692946e1b4a925e8f76561d44b8cc005b838289,arbitrary_control,3,ok,2.454203786328435e-05,0.013167667028028518,0.0,0.0,0.0,,False,False,,,,,,False,0.0018524867545615384
unstable,10000,9,0.013143124990165234,39d9f95e709dfbd353482c6b5692946e1b4a925e8f76561d44b8cc005b838289,arbitrary_control,4,ok,2.416601637378335e-05,0.013167291006539017,0.0,0.0,0.0,,False,False,,,,,,False,0.0007823998469192098
unstable,10000,10,0.014877207984682173,08cb3faa3427307f0112928910d7362a9dd49374c8faac441c71f0586d26d311,enum_first_stable,0,ok,0.21121599996695295,0.22609320795163512,1.0,1.0,1.0,0.1,False,False,False,0.21121283300453797,"[{'threshold': 0.1, 'n_candidates_enumerated': 1152, 'enumeration_cap_hit': False, 'enumeration_timed_out': False}]",1152.0,0.0,,
unstable,10000,10,0.014877207984682173,08cb3faa3427307f0112928910d7362a9dd49374c8faac441c71f0586d26d311,enum_uniform_random,0,ok,0.21123704104684293,0.2261142490315251,1.0,1.0,1.0,0.1,False,False,False,0.21121283300453797,"[{'threshold': 0.1, 'n_candidates_enumerated': 1152, 'enumeration_cap_hit': False, 'enumeration_timed_out': False}]",1152.0,0.0,,
unstable,10000,10,0.014877207984682173,08cb3faa3427307f0112928910d7362a9dd49374c8faac441c71f0586d26d311,enum_uniform_random,1,ok,0.21122541598742828,0.22610262397211045,1.0,1.0,1.0,0.1,False,False,False,0.21121283300453797,"[{'threshold': 0.1, 'n_candidates_enumerated': 1152, 'enumeration_cap_hit': False, 'enumeration_timed_out': False}]",1152.0,0.0,,
unstable,10000,10,0.014877207984682173,08cb3faa3427307f0112928910d7362a9dd49374c8faac441c71f0586d26d311,enum_uniform_random,2,ok,0.2112242910079658,0.22610149899264798,1.0,1.0,1.0,0.1,False,False,False,0.21121283300453797,"[{'threshold': 0.1, 'n_candidates_enumerated': 1152, 'enumeration_cap_hit': False, 'enumeration_timed_out': False}]",1152.0,0.0,,
unstable,10000,10,0.014877207984682173,08cb3faa3427307f0112928910d7362a9dd49374c8faac441c71f0586d26d311,enum_uniform_random,3,ok,0.21122404100606218,0.22610124899074435,1.0,1.0,1.0,0.1,False,False,False,0.21121283300453797,"[{'threshold': 0.1, 'n_candidates_enumerated': 1152, 'enumeration_cap_hit': False, 'enumeration_timed_out': False}]",1152.0,0.0,,
unstable,10000,10,0.014877207984682173,08cb3faa3427307f0112928910d7362a9dd49374c8faac441c71f0586d26d311,enum_uniform_random,4,ok,0.21122491697315127,0.22610212495783344,1.0,1.0,1.0,0.1,False,False,False,0.21121283300453797,"[{'threshold': 0.1, 'n_candidates_enumerated': 1152, 'enumeration_cap_hit': False, 'enumeration_timed_out': False}]",1152.0,0.0,,
unstable,10000,10,0.014877207984682173,08cb3faa3427307f0112928910d7362a9dd49374c8faac441c71f0586d26d311,arbitrary_control,0,ok,3.1875038985162973e-05,0.014909083023667336,0.0,0.0,0.0,,False,False,,,,,,False,0.000527741393626469
unstable,10000,10,0.014877207984682173,08cb3faa3427307f0112928910d7362a9dd49374c8faac441c71f0586d26d311,arbitrary_control,1,ok,2.479099202901125e-05,0.014901998976711184,0.0,0.0,0.0,,False,False,,,,,,False,0.0017513377796010202
unstable,10000,10,0.014877207984682173,08cb3faa3427307f0112928910d7362a9dd49374c8faac441c71f0586d26d311,arbitrary_control,2,ok,2.3540982510894537e-05,0.014900748967193067,0.0,0.0,0.0,,False,False,,,,,,False,0.003280676686909652
unstable,10000,10,0.014877207984682173,08cb3faa3427307f0112928910d7362a9dd49374c8faac441c71f0586d26d311,arbitrary_control,3,ok,2.3374974261969328e-05,0.014900582958944142,0.0,0.0,0.0,,False,False,,,,,,False,0.0006152282767883598
unstable,10000,10,0.014877207984682173,08cb3faa3427307f0112928910d7362a9dd49374c8faac441c71f0586d26d311,arbitrary_control,4,ok,2.316699828952551e-05,0.014900374982971698,0.0,0.0,0.0,,False,False,,,,,,False,0.0008205689415310544
unstable,10000,10,0.014877207984682173,08cb3faa3427307f0112928910d7362a9dd49374c8faac441c71f0586d26d311,ours,0,ok,3.4416967537254095e-05,0.014911624952219427,1.0,1.0,1.0,0.1,False,False,,,,,,,
unstable,10000,11,0.01760466699488461,056d940af0ab579317023c711dec42d56c35122aa780f22068dc71734aeecb2d,arbitrary_control,0,ok,3.283302066847682e-05,0.017637500015553087,0.0,0.0,0.0,,False,False,,,,,,False,0.0010311545598036779
unstable,10000,11,0.01760466699488461,056d940af0ab579317023c711dec42d56c35122aa780f22068dc71734aeecb2d,arbitrary_control,1,ok,2.5084009394049644e-05,0.01762975100427866,0.0,0.0,0.0,,False,False,,,,,,False,0.004364106416360733
unstable,10000,11,0.01760466699488461,056d940af0ab579317023c711dec42d56c35122aa780f22068dc71734aeecb2d,arbitrary_control,2,ok,2.3625034373253584e-05,0.017628292029257864,0.0,0.0,0.0,,False,False,,,,,,False,0.000539081871806115
unstable,10000,11,0.01760466699488461,056d940af0ab579317023c711dec42d56c35122aa780f22068dc71734aeecb2d,arbitrary_control,3,ok,2.3250002413988113e-05,0.0176279169972986,0.0,0.0,0.0,,False,False,,,,,,False,0.0017147282155692155
unstable,10000,11,0.01760466699488461,056d940af0ab579317023c711dec42d56c35122aa780f22068dc71734aeecb2d,arbitrary_control,4,ok,2.295803278684616e-05,0.017627625027671456,0.0,0.0,0.0,,False,False,,,,,,False,0.0010311545598036779
unstable,10000,11,0.01760466699488461,056d940af0ab579317023c711dec42d56c35122aa780f22068dc71734aeecb2d,ours,0,ok,3.712502075359225e-05,0.017641792015638202,1.0,1.0,1.0,0.1,False,False,,,,,,,
unstable,10000,11,0.01760466699488461,056d940af0ab579317023c711dec42d56c35122aa780f22068dc71734aeecb2d,enum_first_stable,0,ok,60.00009183399379,60.01769650098868,0.39083969465648855,0.0,0.0,0.1,False,True,False,60.000040958984755,"[{'threshold': 0.1, 'n_candidates_enumerated': 5376, 'enumeration_cap_hit': False, 'enumeration_timed_out': True}]",5376.0,0.0,,
unstable,10000,11,0.01760466699488461,056d940af0ab579317023c711dec42d56c35122aa780f22068dc71734aeecb2d,enum_uniform_random,0,ok,60.00010795897106,60.01771262596594,0.39083969465648855,0.0,0.0,0.1,False,True,False,60.000040958984755,"[{'threshold': 0.1, 'n_candidates_enumerated': 5376, 'enumeration_cap_hit': False, 'enumeration_timed_out': True}]",5376.0,0.0,,
unstable,10000,11,0.01760466699488461,056d940af0ab579317023c711dec42d56c35122aa780f22068dc71734aeecb2d,enum_uniform_random,1,ok,60.00006404198939,60.017668708984274,0.39083969465648855,0.0,0.0,0.1,False,True,False,60.000040958984755,"[{'threshold': 0.1, 'n_candidates_enumerated': 5376, 'enumeration_cap_hit': False, 'enumeration_timed_out': True}]",5376.0,0.0,,
unstable,10000,11,0.01760466699488461,056d940af0ab579317023c711dec42d56c35122aa780f22068dc71734aeecb2d,enum_uniform_random,2,ok,60.0000625840039,60.017667250998784,0.39083969465648855,0.0,0.0,0.1,False,True,False,60.000040958984755,"[{'threshold': 0.1, 'n_candidates_enumerated': 5376, 'enumeration_cap_hit': False, 'enumeration_timed_out': True}]",5376.0,0.0,,
unstable,10000,11,0.01760466699488461,056d940af0ab579317023c711dec42d56c35122aa780f22068dc71734aeecb2d,enum_uniform_random,3,ok,60.000061958970036,60.01766662596492,1.0,1.0,1.0,0.1,False,True,False,60.000040958984755,"[{'threshold': 0.1, 'n_candidates_enumerated': 5376, 'enumeration_cap_hit': False, 'enumeration_timed_out': True}]",5376.0,0.0,,
unstable,10000,11,0.01760466699488461,056d940af0ab579317023c711dec42d56c35122aa780f22068dc71734aeecb2d,enum_uniform_random,4,ok,60.000062833947595,60.01766750094248,1.0,1.0,1.0,0.1,False,True,False,60.000040958984755,"[{'threshold': 0.1, 'n_candidates_enumerated': 5376, 'enumeration_cap_hit': False, 'enumeration_timed_out': True}]",5376.0,0.0,,
unstable,10000,12,0.015202582988422364,7d89a6ddeaad323c9a19e8eb09cebc623c932be57724984e0b4d89f5c849a31f,ours,0,ok,5.199998850002885e-05,0.015254582976922393,1.0,1.0,1.0,0.1,False,False,,,,,,,
unstable,10000,12,0.015202582988422364,7d89a6ddeaad323c9a19e8eb09cebc623c932be57724984e0b4d89f5c849a31f,enum_first_stable,0,ok,0.2336751250550151,0.24887770804343745,1.0,1.0,1.0,0.1,False,False,False,0.23366912500932813,"[{'threshold': 0.1, 'n_candidates_enumerated': 1920, 'enumeration_cap_hit': False, 'enumeration_timed_out': False}]",1920.0,0.0,,
unstable,10000,12,0.015202582988422364,7d89a6ddeaad323c9a19e8eb09cebc623c932be57724984e0b4d89f5c849a31f,enum_uniform_random,0,ok,0.2337002910207957,0.24890287400921807,1.0,1.0,1.0,0.1,False,False,False,0.23366912500932813,"[{'threshold': 0.1, 'n_candidates_enumerated': 1920, 'enumeration_cap_hit': False, 'enumeration_timed_out': False}]",1920.0,0.0,,
unstable,10000,12,0.015202582988422364,7d89a6ddeaad323c9a19e8eb09cebc623c932be57724984e0b4d89f5c849a31f,enum_uniform_random,1,ok,0.23368474998278543,0.2488873329712078,1.0,1.0,1.0,0.1,False,False,False,0.23366912500932813,"[{'threshold': 0.1, 'n_candidates_enumerated': 1920, 'enumeration_cap_hit': False, 'enumeration_timed_out': False}]",1920.0,0.0,,
unstable,10000,12,0.015202582988422364,7d89a6ddeaad323c9a19e8eb09cebc623c932be57724984e0b4d89f5c849a31f,enum_uniform_random,2,ok,0.2336831249995157,0.24888570798793808,1.0,1.0,1.0,0.1,False,False,False,0.23366912500932813,"[{'threshold': 0.1, 'n_candidates_enumerated': 1920, 'enumeration_cap_hit': False, 'enumeration_timed_out': False}]",1920.0,0.0,,
unstable,10000,12,0.015202582988422364,7d89a6ddeaad323c9a19e8eb09cebc623c932be57724984e0b4d89f5c849a31f,enum_uniform_random,3,ok,0.23368333402322605,0.24888591701164842,1.0,1.0,1.0,0.1,False,False,False,0.23366912500932813,"[{'threshold': 0.1, 'n_candidates_enumerated': 1920, 'enumeration_cap_hit': False, 'enumeration_timed_out': False}]",1920.0,0.0,,
unstable,10000,12,0.015202582988422364,7d89a6ddeaad323c9a19e8eb09cebc623c932be57724984e0b4d89f5c849a31f,enum_uniform_random,4,ok,0.233683165977709,0.24888574896613136,1.0,1.0,1.0,0.1,False,False,False,0.23366912500932813,"[{'threshold': 0.1, 'n_candidates_enumerated': 1920, 'enumeration_cap_hit': False, 'enumeration_timed_out': False}]",1920.0,0.0,,
unstable,10000,12,0.015202582988422364,7d89a6ddeaad323c9a19e8eb09cebc623c932be57724984e0b4d89f5c849a31f,arbitrary_control,0,ok,3.4916040021926165e-05,0.01523749902844429,0.0,0.0,0.0,,False,False,,,,,,False,0.0002737239625474769
unstable,10000,12,0.015202582988422364,7d89a6ddeaad323c9a19e8eb09cebc623c932be57724984e0b4d89f5c849a31f,arbitrary_control,1,ok,2.562499139457941e-05,0.015228207979816943,0.0,0.0,0.0,,False,False,,,,,,False,0.0016198366309135986
unstable,10000,12,0.015202582988422364,7d89a6ddeaad323c9a19e8eb09cebc623c932be57724984e0b4d89f5c849a31f,arbitrary_control,2,ok,2.3667002096772194e-05,0.015226249990519136,0.0,0.0,0.0,,False,False,,,,,,False,0.0005707129562296114
unstable,10000,12,0.015202582988422364,7d89a6ddeaad323c9a19e8eb09cebc623c932be57724984e0b4d89f5c849a31f,arbitrary_control,3,ok,2.3250002413988113e-05,0.015225832990836352,0.0,0.0,0.0,,False,False,,,,,,False,0.0034949673630562577
unstable,10000,12,0.015202582988422364,7d89a6ddeaad323c9a19e8eb09cebc623c932be57724984e0b4d89f5c849a31f,arbitrary_control,4,ok,2.316699828952551e-05,0.01522574998671189,0.0,0.0,0.0,,False,False,,,,,,False,0.0009139641996810802
unstable,10000,13,0.014937791973352432,c9df2dd5c1e6abc28c8e11ba2d2680b71577db49b7e47f87eeef50e2aa557a4a,enum_first_stable,0,ok,1.0880364999757148,1.1029742919490673,0.9174630755864466,0.0,0.0,0.1,False,False,False,1.0880338749848306,"[{'threshold': 0.1, 'n_candidates_enumerated': 112, 'enumeration_cap_hit': False, 'enumeration_timed_out': False}]",112.0,0.0,,
unstable,10000,13,0.014937791973352432,c9df2dd5c1e6abc28c8e11ba2d2680b71577db49b7e47f87eeef50e2aa557a4a,enum_uniform_random,0,ok,1.088075082981959,1.1030128749553114,1.0,1.0,1.0,0.1,False,False,False,1.0880338749848306,"[{'threshold': 0.1, 'n_candidates_enumerated': 112, 'enumeration_cap_hit': False, 'enumeration_timed_out': False}]",112.0,0.0,,
unstable,10000,13,0.014937791973352432,c9df2dd5c1e6abc28c8e11ba2d2680b71577db49b7e47f87eeef50e2aa557a4a,enum_uniform_random,1,ok,1.0880443340283819,1.1029821260017343,0.9174630755864466,0.0,0.0,0.1,False,False,False,1.0880338749848306,"[{'threshold': 0.1, 'n_candidates_enumerated': 112, 'enumeration_cap_hit': False, 'enumeration_timed_out': False}]",112.0,0.0,,
unstable,10000,13,0.014937791973352432,c9df2dd5c1e6abc28c8e11ba2d2680b71577db49b7e47f87eeef50e2aa557a4a,enum_uniform_random,2,ok,1.0880450829863548,1.1029828749597073,0.9174630755864466,0.0,0.0,0.1,False,False,False,1.0880338749848306,"[{'threshold': 0.1, 'n_candidates_enumerated': 112, 'enumeration_cap_hit': False, 'enumeration_timed_out': False}]",112.0,0.0,,
unstable,10000,13,0.014937791973352432,c9df2dd5c1e6abc28c8e11ba2d2680b71577db49b7e47f87eeef50e2aa557a4a,enum_uniform_random,3,ok,1.0880430419929326,1.102980833966285,1.0,1.0,1.0,0.1,False,False,False,1.0880338749848306,"[{'threshold': 0.1, 'n_candidates_enumerated': 112, 'enumeration_cap_hit': False, 'enumeration_timed_out': False}]",112.0,0.0,,
unstable,10000,13,0.014937791973352432,c9df2dd5c1e6abc28c8e11ba2d2680b71577db49b7e47f87eeef50e2aa557a4a,enum_uniform_random,4,ok,1.0880431659752503,1.1029809579486027,1.0,1.0,1.0,0.1,False,False,False,1.0880338749848306,"[{'threshold': 0.1, 'n_candidates_enumerated': 112, 'enumeration_cap_hit': False, 'enumeration_timed_out': False}]",112.0,0.0,,
unstable,10000,13,0.014937791973352432,c9df2dd5c1e6abc28c8e11ba2d2680b71577db49b7e47f87eeef50e2aa557a4a,arbitrary_control,0,ok,2.9499991796910763e-05,0.014967291965149343,0.0,0.0,0.0,,False,False,,,,,,False,4.1643763127792465e-05
unstable,10000,13,0.014937791973352432,c9df2dd5c1e6abc28c8e11ba2d2680b71577db49b7e47f87eeef50e2aa557a4a,arbitrary_control,1,ok,2.4915963876992464e-05,0.014962707937229425,0.0,0.0,0.0,,False,False,,,,,,False,0.00702129295366136
unstable,10000,13,0.014937791973352432,c9df2dd5c1e6abc28c8e11ba2d2680b71577db49b7e47f87eeef50e2aa557a4a,arbitrary_control,2,ok,2.3208034690469503e-05,0.014961000008042902,0.0,0.0,0.0,,False,False,,,,,,False,0.004475055249426186
unstable,10000,13,0.014937791973352432,c9df2dd5c1e6abc28c8e11ba2d2680b71577db49b7e47f87eeef50e2aa557a4a,arbitrary_control,3,ok,2.304196823388338e-05,0.014960833941586316,0.0,0.0,0.0,,False,False,,,,,,False,0.004368986085593299
unstable,10000,13,0.014937791973352432,c9df2dd5c1e6abc28c8e11ba2d2680b71577db49b7e47f87eeef50e2aa557a4a,arbitrary_control,4,ok,2.279196633026004e-05,0.014960583939682692,0.0,0.0,0.0,,False,False,,,,,,False,0.000804161281110069
unstable,10000,13,0.014937791973352432,c9df2dd5c1e6abc28c8e11ba2d2680b71577db49b7e47f87eeef50e2aa557a4a,ours,0,ok,3.08750313706696e-05,0.014968667004723102,1.0,1.0,1.0,0.1,False,False,,,,,,,
unstable,10000,14,0.014973334036767483,3f4c42b9c6f877a6ee31a98b08b3866fe04b6d1742e46c2f8538525cf31bc1c2,arbitrary_control,0,ok,4.2791012674570084e-05,0.015016125049442053,0.0,0.0,0.0,,False,False,,,,,,False,0.000616576424303865
unstable,10000,14,0.014973334036767483,3f4c42b9c6f877a6ee31a98b08b3866fe04b6d1742e46c2f8538525cf31bc1c2,arbitrary_control,1,ok,2.5332963559776545e-05,0.01499866700032726,0.0,0.0,0.0,,False,False,,,,,,False,0.0019189316469370192
unstable,10000,14,0.014973334036767483,3f4c42b9c6f877a6ee31a98b08b3866fe04b6d1742e46c2f8538525cf31bc1c2,arbitrary_control,2,ok,2.3792032152414322e-05,0.014997126068919897,0.0,0.0,0.0,,False,False,,,,,,False,0.0011801327501606285
unstable,10000,14,0.014973334036767483,3f4c42b9c6f877a6ee31a98b08b3866fe04b6d1742e46c2f8538525cf31bc1c2,arbitrary_control,3,ok,2.3124972358345985e-05,0.014996459009125829,0.0,0.0,0.0,,False,False,,,,,,False,0.000616576424303865
unstable,10000,14,0.014973334036767483,3f4c42b9c6f877a6ee31a98b08b3866fe04b6d1742e46c2f8538525cf31bc1c2,arbitrary_control,4,ok,2.295803278684616e-05,0.014996292069554329,0.0,0.0,0.0,,False,False,,,,,,False,0.005733279682272434
unstable,10000,14,0.014973334036767483,3f4c42b9c6f877a6ee31a98b08b3866fe04b6d1742e46c2f8538525cf31bc1c2,ours,0,ok,3.3125048503279686e-05,0.015006459085270762,1.0,1.0,1.0,0.1,False,False,,,,,,,
unstable,10000,14,0.014973334036767483,3f4c42b9c6f877a6ee31a98b08b3866fe04b6d1742e46c2f8538525cf31bc1c2,enum_first_stable,0,ok,16.859009041974787,16.873982376011554,1.0,1.0,1.0,0.1,False,False,False,16.859006166982,"[{'threshold': 0.1, 'n_candidates_enumerated': 96, 'enumeration_cap_hit': False, 'enumeration_timed_out': False}]",96.0,0.0,,
unstable,10000,14,0.014973334036767483,3f4c42b9c6f877a6ee31a98b08b3866fe04b6d1742e46c2f8538525cf31bc1c2,enum_uniform_random,0,ok,16.859038749942556,16.874012083979324,1.0,1.0,1.0,0.1,False,False,False,16.859006166982,"[{'threshold': 0.1, 'n_candidates_enumerated': 96, 'enumeration_cap_hit': False, 'enumeration_timed_out': False}]",96.0,0.0,,
unstable,10000,14,0.014973334036767483,3f4c42b9c6f877a6ee31a98b08b3866fe04b6d1742e46c2f8538525cf31bc1c2,enum_uniform_random,1,ok,16.859018874994945,16.873992209031712,1.0,1.0,1.0,0.1,False,False,False,16.859006166982,"[{'threshold': 0.1, 'n_candidates_enumerated': 96, 'enumeration_cap_hit': False, 'enumeration_timed_out': False}]",96.0,0.0,,
unstable,10000,14,0.014973334036767483,3f4c42b9c6f877a6ee31a98b08b3866fe04b6d1742e46c2f8538525cf31bc1c2,enum_uniform_random,2,ok,16.859017249953467,16.873990583990235,1.0,1.0,1.0,0.1,False,False,False,16.859006166982,"[{'threshold': 0.1, 'n_candidates_enumerated': 96, 'enumeration_cap_hit': False, 'enumeration_timed_out': False}]",96.0,0.0,,
unstable,10000,14,0.014973334036767483,3f4c42b9c6f877a6ee31a98b08b3866fe04b6d1742e46c2f8538525cf31bc1c2,enum_uniform_random,3,ok,16.859016917005647,16.873990251042414,1.0,1.0,1.0,0.1,False,False,False,16.859006166982,"[{'threshold': 0.1, 'n_candidates_enumerated': 96, 'enumeration_cap_hit': False, 'enumeration_timed_out': False}]",96.0,0.0,,
unstable,10000,14,0.014973334036767483,3f4c42b9c6f877a6ee31a98b08b3866fe04b6d1742e46c2f8538525cf31bc1c2,enum_uniform_random,4,ok,16.859016000002157,16.873989334038924,1.0,1.0,1.0,0.1,False,False,False,16.859006166982,"[{'threshold': 0.1, 'n_candidates_enumerated': 96, 'enumeration_cap_hit': False, 'enumeration_timed_out': False}]",96.0,0.0,,
unstable,10000,15,0.014715041033923626,ba32c84d7e640156c6ab832e52d1c6dd301e71d17dbbd9bbe2fc6f9418422454,ours,0,ok,6.808299804106355e-05,0.01478312403196469,0.3745743473325766,0.0,0.0,0.1,False,False,,,,,,,
unstable,10000,15,0.014715041033923626,ba32c84d7e640156c6ab832e52d1c6dd301e71d17dbbd9bbe2fc6f9418422454,enum_first_stable,0,ok,60.00009058404248,60.014805625076406,0.3745743473325766,0.0,0.0,0.1,False,True,False,60.00005470903125,"[{'threshold': 0.1, 'n_candidates_enumerated': 1744, 'enumeration_cap_hit': False, 'enumeration_timed_out': True}]",1744.0,0.0,,
unstable,10000,15,0.014715041033923626,ba32c84d7e640156c6ab832e52d1c6dd301e71d17dbbd9bbe2fc6f9418422454,enum_uniform_random,0,ok,60.00014079204993,60.01485583308386,0.0,0.0,0.0,0.1,False,True,False,60.00005470903125,"[{'threshold': 0.1, 'n_candidates_enumerated': 1744, 'enumeration_cap_hit': False, 'enumeration_timed_out': True}]",1744.0,0.0,,
unstable,10000,15,0.014715041033923626,ba32c84d7e640156c6ab832e52d1c6dd301e71d17dbbd9bbe2fc6f9418422454,enum_uniform_random,1,ok,60.00007212499622,60.014787166030146,0.0,0.0,0.0,0.1,False,True,False,60.00005470903125,"[{'threshold': 0.1, 'n_candidates_enumerated': 1744, 'enumeration_cap_hit': False, 'enumeration_timed_out': True}]",1744.0,0.0,,
unstable,10000,15,0.014715041033923626,ba32c84d7e640156c6ab832e52d1c6dd301e71d17dbbd9bbe2fc6f9418422454,enum_uniform_random,2,ok,60.00006883399328,60.014783875027206,0.0,0.0,0.0,0.1,False,True,False,60.00005470903125,"[{'threshold': 0.1, 'n_candidates_enumerated': 1744, 'enumeration_cap_hit': False, 'enumeration_timed_out': True}]",1744.0,0.0,,
unstable,10000,15,0.014715041033923626,ba32c84d7e640156c6ab832e52d1c6dd301e71d17dbbd9bbe2fc6f9418422454,enum_uniform_random,3,ok,60.00006858399138,60.0147836250253,0.0,0.0,0.0,0.1,False,True,False,60.00005470903125,"[{'threshold': 0.1, 'n_candidates_enumerated': 1744, 'enumeration_cap_hit': False, 'enumeration_timed_out': True}]",1744.0,0.0,,
unstable,10000,15,0.014715041033923626,ba32c84d7e640156c6ab832e52d1c6dd301e71d17dbbd9bbe2fc6f9418422454,enum_uniform_random,4,ok,60.000067793007474,60.0147828340414,0.0,0.0,0.0,0.1,False,True,False,60.00005470903125,"[{'threshold': 0.1, 'n_candidates_enumerated': 1744, 'enumeration_cap_hit': False, 'enumeration_timed_out': True}]",1744.0,0.0,,
unstable,10000,15,0.014715041033923626,ba32c84d7e640156c6ab832e52d1c6dd301e71d17dbbd9bbe2fc6f9418422454,arbitrary_control,0,ok,5.320896161720157e-05,0.014768249995540828,0.0,0.0,0.0,,False,False,,,,,,False,0.000762181465085371
unstable,10000,15,0.014715041033923626,ba32c84d7e640156c6ab832e52d1c6dd301e71d17dbbd9bbe2fc6f9418422454,arbitrary_control,1,ok,2.779101487249136e-05,0.014742832048796117,0.0,0.0,0.0,,False,False,,,,,,False,0.0008275650200224853
unstable,10000,15,0.014715041033923626,ba32c84d7e640156c6ab832e52d1c6dd301e71d17dbbd9bbe2fc6f9418422454,arbitrary_control,2,ok,2.8542010113596916e-05,0.014743583044037223,0.0,0.0,0.0,,False,False,,,,,,False,0.001217995574359915
unstable,10000,15,0.014715041033923626,ba32c84d7e640156c6ab832e52d1c6dd301e71d17dbbd9bbe2fc6f9418422454,arbitrary_control,3,ok,2.4707987904548645e-05,0.014739749021828175,0.0,0.0,0.0,,False,False,,,,,,False,0.0011921447621905594
unstable,10000,15,0.014715041033923626,ba32c84d7e640156c6ab832e52d1c6dd301e71d17dbbd9bbe2fc6f9418422454,arbitrary_control,4,ok,2.4083012249320745e-05,0.014739124046172947,0.0,0.0,0.0,,False,False,,,,,,False,0.006646712762778033
unstable,10000,16,0.015248125011567026,36ff8671deee09ded134ed1d5713891ae876587778b0ea5b558881644771117d,enum_first_stable,0,ok,4.340301873977296,4.355549998988863,1.0,1.0,1.0,0.1,False,False,False,4.34029683296103,"[{'threshold': 0.1, 'n_candidates_enumerated': 240, 'enumeration_cap_hit': False, 'enumeration_timed_out': False}]",240.0,0.0,,
unstable,10000,16,0.015248125011567026,36ff8671deee09ded134ed1d5713891ae876587778b0ea5b558881644771117d,enum_uniform_random,0,ok,4.340348457917571,4.355596582929138,1.0,1.0,1.0,0.1,False,False,False,4.34029683296103,"[{'threshold': 0.1, 'n_candidates_enumerated': 240, 'enumeration_cap_hit': False, 'enumeration_timed_out': False}]",240.0,0.0,,
unstable,10000,16,0.015248125011567026,36ff8671deee09ded134ed1d5713891ae876587778b0ea5b558881644771117d,enum_uniform_random,1,ok,4.340309957915451,4.355558082927018,1.0,1.0,1.0,0.1,False,False,False,4.34029683296103,"[{'threshold': 0.1, 'n_candidates_enumerated': 240, 'enumeration_cap_hit': False, 'enumeration_timed_out': False}]",240.0,0.0,,
unstable,10000,16,0.015248125011567026,36ff8671deee09ded134ed1d5713891ae876587778b0ea5b558881644771117d,enum_uniform_random,2,ok,4.340308248938527,4.355556373950094,1.0,1.0,1.0,0.1,False,False,False,4.34029683296103,"[{'threshold': 0.1, 'n_candidates_enumerated': 240, 'enumeration_cap_hit': False, 'enumeration_timed_out': False}]",240.0,0.0,,
unstable,10000,16,0.015248125011567026,36ff8671deee09ded134ed1d5713891ae876587778b0ea5b558881644771117d,enum_uniform_random,3,ok,4.340307415986899,4.355555540998466,1.0,1.0,1.0,0.1,False,False,False,4.34029683296103,"[{'threshold': 0.1, 'n_candidates_enumerated': 240, 'enumeration_cap_hit': False, 'enumeration_timed_out': False}]",240.0,0.0,,
unstable,10000,16,0.015248125011567026,36ff8671deee09ded134ed1d5713891ae876587778b0ea5b558881644771117d,enum_uniform_random,4,ok,4.340307166974526,4.355555291986093,1.0,1.0,1.0,0.1,False,False,False,4.34029683296103,"[{'threshold': 0.1, 'n_candidates_enumerated': 240, 'enumeration_cap_hit': False, 'enumeration_timed_out': False}]",240.0,0.0,,
unstable,10000,16,0.015248125011567026,36ff8671deee09ded134ed1d5713891ae876587778b0ea5b558881644771117d,arbitrary_control,0,ok,5.108298500999808e-05,0.015299207996577024,0.0,0.0,0.0,,False,False,,,,,,False,0.004015607381116218
unstable,10000,16,0.015248125011567026,36ff8671deee09ded134ed1d5713891ae876587778b0ea5b558881644771117d,arbitrary_control,1,ok,2.7875008527189493e-05,0.015276000020094216,0.0,0.0,0.0,,False,False,,,,,,False,0.002300103564809964
unstable,10000,16,0.015248125011567026,36ff8671deee09ded134ed1d5713891ae876587778b0ea5b558881644771117d,arbitrary_control,2,ok,2.5499961338937283e-05,0.015273624972905964,0.0,0.0,0.0,,False,False,,,,,,False,0.00046148792522872193
unstable,10000,16,0.015248125011567026,36ff8671deee09ded134ed1d5713891ae876587778b0ea5b558881644771117d,arbitrary_control,3,ok,2.400000812485814e-05,0.015272125019691885,0.0,0.0,0.0,,False,False,,,,,,False,0.00199529916132758
unstable,10000,16,0.015248125011567026,36ff8671deee09ded134ed1d5713891ae876587778b0ea5b558881644771117d,arbitrary_control,4,ok,2.3500004317611456e-05,0.015271625015884638,0.0,0.0,0.0,,False,False,,,,,,False,0.0018793779700522297
unstable,10000,16,0.015248125011567026,36ff8671deee09ded134ed1d5713891ae876587778b0ea5b558881644771117d,ours,0,ok,4.600000102072954e-05,0.015294125012587756,1.0,1.0,1.0,0.1,False,False,,,,,,,
unstable,10000,17,0.015352207992691547,e2e2b07be67bc661eac819655bde6f545f84c2114a3b3e76479df2610f3cde00,arbitrary_control,0,ok,7.05840066075325e-05,0.01542279199929908,0.0,0.0,0.0,,False,False,,,,,,False,0.0007575258440055523
unstable,10000,17,0.015352207992691547,e2e2b07be67bc661eac819655bde6f545f84c2114a3b3e76479df2610f3cde00,arbitrary_control,1,ok,3.158301115036011e-05,0.015383791003841907,0.0,0.0,0.0,,False,False,,,,,,False,0.0016040249967636678
unstable,10000,17,0.015352207992691547,e2e2b07be67bc661eac819655bde6f545f84c2114a3b3e76479df2610f3cde00,arbitrary_control,2,ok,2.5250017642974854e-05,0.015377458010334522,0.0,0.0,0.0,,False,False,,,,,,False,0.004344820704909647
unstable,10000,17,0.015352207992691547,e2e2b07be67bc661eac819655bde6f545f84c2114a3b3e76479df2610f3cde00,arbitrary_control,3,ok,2.458400558680296e-05,0.01537679199827835,0.0,0.0,0.0,,False,False,,,,,,False,0.0018320949953585651
unstable,10000,17,0.015352207992691547,e2e2b07be67bc661eac819655bde6f545f84c2114a3b3e76479df2610f3cde00,arbitrary_control,4,ok,2.4916022084653378e-05,0.0153771240147762,0.03162055335968379,0.0,0.0,,False,False,,,,,,False,0.00487992199168454
unstable,10000,17,0.015352207992691547,e2e2b07be67bc661eac819655bde6f545f84c2114a3b3e76479df2610f3cde00,ours,0,ok,3.57080134563148e-05,0.015387916006147861,1.0,1.0,1.0,0.1,False,False,,,,,,,
unstable,10000,17,0.015352207992691547,e2e2b07be67bc661eac819655bde6f545f84c2114a3b3e76479df2610f3cde00,enum_first_stable,0,ok,8.417767332983203,8.433119540975895,0.41193021947101854,0.0,0.0,0.1,False,False,False,8.417736916977447,"[{'threshold': 0.1, 'n_candidates_enumerated': 3800, 'enumeration_cap_hit': False, 'enumeration_timed_out': False}]",3800.0,0.0,,
unstable,10000,17,0.015352207992691547,e2e2b07be67bc661eac819655bde6f545f84c2114a3b3e76479df2610f3cde00,enum_uniform_random,0,ok,8.417784042016137,8.433136250008829,0.41193021947101854,0.0,0.0,0.1,False,False,False,8.417736916977447,"[{'threshold': 0.1, 'n_candidates_enumerated': 3800, 'enumeration_cap_hit': False, 'enumeration_timed_out': False}]",3800.0,0.0,,
unstable,10000,17,0.015352207992691547,e2e2b07be67bc661eac819655bde6f545f84c2114a3b3e76479df2610f3cde00,enum_uniform_random,1,ok,8.417756041977555,8.433108249970246,0.41193021947101854,0.0,0.0,0.1,False,False,False,8.417736916977447,"[{'threshold': 0.1, 'n_candidates_enumerated': 3800, 'enumeration_cap_hit': False, 'enumeration_timed_out': False}]",3800.0,0.0,,
unstable,10000,17,0.015352207992691547,e2e2b07be67bc661eac819655bde6f545f84c2114a3b3e76479df2610f3cde00,enum_uniform_random,2,ok,8.417755999951623,8.433108207944315,0.41193021947101854,0.0,0.0,0.1,False,False,False,8.417736916977447,"[{'threshold': 0.1, 'n_candidates_enumerated': 3800, 'enumeration_cap_hit': False, 'enumeration_timed_out': False}]",3800.0,0.0,,
unstable,10000,17,0.015352207992691547,e2e2b07be67bc661eac819655bde6f545f84c2114a3b3e76479df2610f3cde00,enum_uniform_random,3,ok,8.417754374968354,8.433106582961045,0.8330404217926186,0.0,0.0,0.1,False,False,False,8.417736916977447,"[{'threshold': 0.1, 'n_candidates_enumerated': 3800, 'enumeration_cap_hit': False, 'enumeration_timed_out': False}]",3800.0,0.0,,
unstable,10000,17,0.015352207992691547,e2e2b07be67bc661eac819655bde6f545f84c2114a3b3e76479df2610f3cde00,enum_uniform_random,4,ok,8.417753542016726,8.433105750009418,0.41193021947101854,0.0,0.0,0.1,False,False,False,8.417736916977447,"[{'threshold': 0.1, 'n_candidates_enumerated': 3800, 'enumeration_cap_hit': False, 'enumeration_timed_out': False}]",3800.0,0.0,,
unstable,10000,18,0.014281292038504034,f5a5100fa41abb8083dd23c979be74612a1061f4da9c00e36d927cd134a2cea7,ours,0,ok,6.212503649294376e-05,0.014343417074996978,0.7743467933491687,0.0,0.0,0.1,False,False,,,,,,,
unstable,10000,18,0.014281292038504034,f5a5100fa41abb8083dd23c979be74612a1061f4da9c00e36d927cd134a2cea7,enum_first_stable,0,ok,60.00003654201282,60.014317834051326,0.7743467933491687,0.0,0.0,0.1,False,True,False,60.00002924998989,"[{'threshold': 0.1, 'n_candidates_enumerated': 864, 'enumeration_cap_hit': False, 'enumeration_timed_out': True}]",864.0,0.0,,
unstable,10000,18,0.014281292038504034,f5a5100fa41abb8083dd23c979be74612a1061f4da9c00e36d927cd134a2cea7,enum_uniform_random,0,ok,60.00007154099876,60.014352833037265,0.7743467933491687,0.0,0.0,0.1,False,True,False,60.00002924998989,"[{'threshold': 0.1, 'n_candidates_enumerated': 864, 'enumeration_cap_hit': False, 'enumeration_timed_out': True}]",864.0,0.0,,
unstable,10000,18,0.014281292038504034,f5a5100fa41abb8083dd23c979be74612a1061f4da9c00e36d927cd134a2cea7,enum_uniform_random,1,ok,60.000043875013944,60.01432516705245,0.7743467933491687,0.0,0.0,0.1,False,True,False,60.00002924998989,"[{'threshold': 0.1, 'n_candidates_enumerated': 864, 'enumeration_cap_hit': False, 'enumeration_timed_out': True}]",864.0,0.0,,
unstable,10000,18,0.014281292038504034,f5a5100fa41abb8083dd23c979be74612a1061f4da9c00e36d927cd134a2cea7,enum_uniform_random,2,ok,60.00004249997437,60.014323792012874,0.24227318045862412,0.0,0.0,0.1,False,True,False,60.00002924998989,"[{'threshold': 0.1, 'n_candidates_enumerated': 864, 'enumeration_cap_hit': False, 'enumeration_timed_out': True}]",864.0,0.0,,
unstable,10000,18,0.014281292038504034,f5a5100fa41abb8083dd23c979be74612a1061f4da9c00e36d927cd134a2cea7,enum_uniform_random,3,ok,60.000041124993004,60.01432241703151,0.7743467933491687,0.0,0.0,0.1,False,True,False,60.00002924998989,"[{'threshold': 0.1, 'n_candidates_enumerated': 864, 'enumeration_cap_hit': False, 'enumeration_timed_out': True}]",864.0,0.0,,
unstable,10000,18,0.014281292038504034,f5a5100fa41abb8083dd23c979be74612a1061f4da9c00e36d927cd134a2cea7,enum_uniform_random,4,ok,60.00004049995914,60.014321791997645,0.7743467933491687,0.0,0.0,0.1,False,True,False,60.00002924998989,"[{'threshold': 0.1, 'n_candidates_enumerated': 864, 'enumeration_cap_hit': False, 'enumeration_timed_out': True}]",864.0,0.0,,
unstable,10000,18,0.014281292038504034,f5a5100fa41abb8083dd23c979be74612a1061f4da9c00e36d927cd134a2cea7,arbitrary_control,0,ok,4.670803900808096e-05,0.014328000077512115,0.0,0.0,0.0,,False,False,,,,,,False,0.0012948582151790108
unstable,10000,18,0.014281292038504034,f5a5100fa41abb8083dd23c979be74612a1061f4da9c00e36d927cd134a2cea7,arbitrary_control,1,ok,2.96669895760715e-05,0.014310959028080106,0.0,0.0,0.0,,False,False,,,,,,False,0.001243517309930904
unstable,10000,18,0.014281292038504034,f5a5100fa41abb8083dd23c979be74612a1061f4da9c00e36d927cd134a2cea7,arbitrary_control,2,ok,2.5250017642974854e-05,0.01430654205614701,0.0,0.0,0.0,,False,False,,,,,,False,0.00032800877910525505
unstable,10000,18,0.014281292038504034,f5a5100fa41abb8083dd23c979be74612a1061f4da9c00e36d927cd134a2cea7,arbitrary_control,3,ok,2.420798409730196e-05,0.014305500022601336,0.0,0.0,0.0,,False,False,,,,,,False,0.0005917332869976814
unstable,10000,18,0.014281292038504034,f5a5100fa41abb8083dd23c979be74612a1061f4da9c00e36d927cd134a2cea7,arbitrary_control,4,ok,2.4042034056037664e-05,0.014305334072560072,0.0,0.0,0.0,,False,False,,,,,,False,0.0005917332869976814
unstable,10000,19,0.014836749993264675,ba8379d54de44f0b8375170f0f2f74c95f53dc0a4391b026ef70f6c78ccd0da6,enum_first_stable,0,ok,53.429880833951756,53.44471758394502,1.0,1.0,1.0,0.1,False,False,False,53.429862374963704,"[{'threshold': 0.1, 'n_candidates_enumerated': 1296, 'enumeration_cap_hit': False, 'enumeration_timed_out': False}]",1296.0,0.0,,
unstable,10000,19,0.014836749993264675,ba8379d54de44f0b8375170f0f2f74c95f53dc0a4391b026ef70f6c78ccd0da6,enum_uniform_random,0,ok,53.429903999960516,53.44474074995378,1.0,1.0,1.0,0.1,False,False,False,53.429862374963704,"[{'threshold': 0.1, 'n_candidates_enumerated': 1296, 'enumeration_cap_hit': False, 'enumeration_timed_out': False}]",1296.0,0.0,,
unstable,10000,19,0.014836749993264675,ba8379d54de44f0b8375170f0f2f74c95f53dc0a4391b026ef70f6c78ccd0da6,enum_uniform_random,1,ok,53.429878416936845,53.44471516693011,0.48945845390657294,0.0,0.0,0.1,False,False,False,53.429862374963704,"[{'threshold': 0.1, 'n_candidates_enumerated': 1296, 'enumeration_cap_hit': False, 'enumeration_timed_out': False}]",1296.0,0.0,,
unstable,10000,19,0.014836749993264675,ba8379d54de44f0b8375170f0f2f74c95f53dc0a4391b026ef70f6c78ccd0da6,enum_uniform_random,2,ok,53.4298754579504,53.44471220794367,0.48945845390657294,0.0,0.0,0.1,False,False,False,53.429862374963704,"[{'threshold': 0.1, 'n_candidates_enumerated': 1296, 'enumeration_cap_hit': False, 'enumeration_timed_out': False}]",1296.0,0.0,,
unstable,10000,19,0.014836749993264675,ba8379d54de44f0b8375170f0f2f74c95f53dc0a4391b026ef70f6c78ccd0da6,enum_uniform_random,3,ok,53.42987508297665,53.444711832969915,0.020227560050568902,0.0,0.0,0.1,False,False,False,53.429862374963704,"[{'threshold': 0.1, 'n_candidates_enumerated': 1296, 'enumeration_cap_hit': False, 'enumeration_timed_out': False}]",1296.0,0.0,,
unstable,10000,19,0.014836749993264675,ba8379d54de44f0b8375170f0f2f74c95f53dc0a4391b026ef70f6c78ccd0da6,enum_uniform_random,4,ok,53.42987454193644,53.44471129192971,0.48945845390657294,0.0,0.0,0.1,False,False,False,53.429862374963704,"[{'threshold': 0.1, 'n_candidates_enumerated': 1296, 'enumeration_cap_hit': False, 'enumeration_timed_out': False}]",1296.0,0.0,,
unstable,10000,19,0.014836749993264675,ba8379d54de44f0b8375170f0f2f74c95f53dc0a4391b026ef70f6c78ccd0da6,arbitrary_control,0,ok,4.879198968410492e-05,0.01488554198294878,0.0,0.0,0.0,,False,False,,,,,,False,0.0012865794636472974
unstable,10000,19,0.014836749993264675,ba8379d54de44f0b8375170f0f2f74c95f53dc0a4391b026ef70f6c78ccd0da6,arbitrary_control,1,ok,3.020901931449771e-05,0.014866959012579173,0.0,0.0,0.0,,False,False,,,,,,False,0.005223675750748615
unstable,10000,19,0.014836749993264675,ba8379d54de44f0b8375170f0f2f74c95f53dc0a4391b026ef70f6c78ccd0da6,arbitrary_control,2,ok,2.520799171179533e-05,0.01486195798497647,0.0,0.0,0.0,,False,False,,,,,,False,0.001847856835158147
unstable,10000,19,0.014836749993264675,ba8379d54de44f0b8375170f0f2f74c95f53dc0a4391b026ef70f6c78ccd0da6,arbitrary_control,3,ok,2.5083019863814116e-05,0.01486183301312849,0.0,0.0,0.0,,False,False,,,,,,False,0.004983086838829166
unstable,10000,19,0.014836749993264675,ba8379d54de44f0b8375170f0f2f74c95f53dc0a4391b026ef70f6c78ccd0da6,arbitrary_control,4,ok,2.3625034373253584e-05,0.014860375027637929,0.0,0.0,0.0,,False,False,,,,,,False,0.002348107629681262
unstable,10000,19,0.014836749993264675,ba8379d54de44f0b8375170f0f2f74c95f53dc0a4391b026ef70f6c78ccd0da6,ours,0,ok,4.2625004425644875e-05,0.01487937499769032,1.0,1.0,1.0,0.1,False,False,,,,,,,
unstable,10000,20,0.014943958027288318,804ff667143ec5cf265c9c5d44f62291c5dcfc142d195f8330e47ab7429ef11f,arbitrary_control,0,ok,6.729195592924953e-05,0.015011249983217567,0.0,0.0,0.0,,False,False,,,,,,False,0.0003320723587151462
unstable,10000,20,0.014943958027288318,804ff667143ec5cf265c9c5d44f62291c5dcfc142d195f8330e47ab7429ef11f,arbitrary_control,1,ok,3.1584000680595636e-05,0.014975542027968913,0.0,0.0,0.0,,False,False,,,,,,False,0.0023032855953565015
unstable,10000,20,0.014943958027288318,804ff667143ec5cf265c9c5d44f62291c5dcfc142d195f8330e47ab7429ef11f,arbitrary_control,2,ok,2.666696673259139e-05,0.014970624994020909,0.0,0.0,0.0,,False,False,,,,,,False,0.001986091616668267
unstable,10000,20,0.014943958027288318,804ff667143ec5cf265c9c5d44f62291c5dcfc142d195f8330e47ab7429ef11f,arbitrary_control,3,ok,2.516701351851225e-05,0.01496912504080683,0.0,0.0,0.0,,False,False,,,,,,False,0.0057143605565588215
unstable,10000,20,0.014943958027288318,804ff667143ec5cf265c9c5d44f62291c5dcfc142d195f8330e47ab7429ef11f,arbitrary_control,4,ok,2.4333014152944088e-05,0.014968291041441262,0.0,0.0,0.0,,False,False,,,,,,False,0.0011458380964078972
unstable,10000,20,0.014943958027288318,804ff667143ec5cf265c9c5d44f62291c5dcfc142d195f8330e47ab7429ef11f,ours,0,ok,3.633397864177823e-05,0.014980292005930096,1.0,1.0,1.0,0.1,False,False,,,,,,,
unstable,10000,20,0.014943958027288318,804ff667143ec5cf265c9c5d44f62291c5dcfc142d195f8330e47ab7429ef11f,enum_first_stable,0,no_estimate,60.00002408307046,60.014968041097745,,,,0.1,False,True,,60.000022375024855,"[{'threshold': 0.1, 'n_candidates_enumerated': 0, 'enumeration_cap_hit': False, 'enumeration_timed_out': True}]",0.0,0.0,,
unstable,10000,20,0.014943958027288318,804ff667143ec5cf265c9c5d44f62291c5dcfc142d195f8330e47ab7429ef11f,enum_uniform_random,0,no_estimate,60.00002274999861,60.014966708025895,,,,0.1,False,True,,60.000022375024855,"[{'threshold': 0.1, 'n_candidates_enumerated': 0, 'enumeration_cap_hit': False, 'enumeration_timed_out': True}]",0.0,0.0,,
unstable,10000,20,0.014943958027288318,804ff667143ec5cf265c9c5d44f62291c5dcfc142d195f8330e47ab7429ef11f,enum_uniform_random,1,no_estimate,60.000022541033104,60.01496649906039,,,,0.1,False,True,,60.000022375024855,"[{'threshold': 0.1, 'n_candidates_enumerated': 0, 'enumeration_cap_hit': False, 'enumeration_timed_out': True}]",0.0,0.0,,
unstable,10000,20,0.014943958027288318,804ff667143ec5cf265c9c5d44f62291c5dcfc142d195f8330e47ab7429ef11f,enum_uniform_random,2,no_estimate,60.000022541033104,60.01496649906039,,,,0.1,False,True,,60.000022375024855,"[{'threshold': 0.1, 'n_candidates_enumerated': 0, 'enumeration_cap_hit': False, 'enumeration_timed_out': True}]",0.0,0.0,,
unstable,10000,20,0.014943958027288318,804ff667143ec5cf265c9c5d44f62291c5dcfc142d195f8330e47ab7429ef11f,enum_uniform_random,3,no_estimate,60.000022541033104,60.01496649906039,,,,0.1,False,True,,60.000022375024855,"[{'threshold': 0.1, 'n_candidates_enumerated': 0, 'enumeration_cap_hit': False, 'enumeration_timed_out': True}]",0.0,0.0,,
unstable,10000,20,0.014943958027288318,804ff667143ec5cf265c9c5d44f62291c5dcfc142d195f8330e47ab7429ef11f,enum_uniform_random,4,no_estimate,60.0000224999967,60.01496645802399,,,,0.1,False,True,,60.000022375024855,"[{'threshold': 0.1, 'n_candidates_enumerated': 0, 'enumeration_cap_hit': False, 'enumeration_timed_out': True}]",0.0,0.0,,
unstable,10000,21,0.018337166984565556,290e2b7e3e5d8c49da3d81160a397be499406fb01e5ddcd0f262923f749b50a6,ours,0,ok,6.158399628475308e-05,0.01839875098085031,1.0,1.0,1.0,0.1,False,False,,,,,,,
unstable,10000,21,0.018337166984565556,290e2b7e3e5d8c49da3d81160a397be499406fb01e5ddcd0f262923f749b50a6,enum_first_stable,0,ok,8.651256665994879,8.669593832979444,1.0,0.0,1.0,0.1,False,False,False,8.651242416002788,"[{'threshold': 0.1, 'n_candidates_enumerated': 1344, 'enumeration_cap_hit': False, 'enumeration_timed_out': False}]",1344.0,0.0,,
unstable,10000,21,0.018337166984565556,290e2b7e3e5d8c49da3d81160a397be499406fb01e5ddcd0f262923f749b50a6,enum_uniform_random,0,ok,8.651288416003808,8.669625582988374,1.0,1.0,1.0,0.1,False,False,False,8.651242416002788,"[{'threshold': 0.1, 'n_candidates_enumerated': 1344, 'enumeration_cap_hit': False, 'enumeration_timed_out': False}]",1344.0,0.0,,
unstable,10000,21,0.018337166984565556,290e2b7e3e5d8c49da3d81160a397be499406fb01e5ddcd0f262923f749b50a6,enum_uniform_random,1,ok,8.651258206984494,8.66959537396906,0.6682188591385332,0.0,0.0,0.1,False,False,False,8.651242416002788,"[{'threshold': 0.1, 'n_candidates_enumerated': 1344, 'enumeration_cap_hit': False, 'enumeration_timed_out': False}]",1344.0,0.0,,
unstable,10000,21,0.018337166984565556,290e2b7e3e5d8c49da3d81160a397be499406fb01e5ddcd0f262923f749b50a6,enum_uniform_random,2,ok,8.65125629096292,8.669593457947485,0.6682188591385332,0.0,0.0,0.1,False,False,False,8.651242416002788,"[{'threshold': 0.1, 'n_candidates_enumerated': 1344, 'enumeration_cap_hit': False, 'enumeration_timed_out': False}]",1344.0,0.0,,
unstable,10000,21,0.018337166984565556,290e2b7e3e5d8c49da3d81160a397be499406fb01e5ddcd0f262923f749b50a6,enum_uniform_random,3,ok,8.651255625009071,8.669592791993637,1.0,1.0,1.0,0.1,False,False,False,8.651242416002788,"[{'threshold': 0.1, 'n_candidates_enumerated': 1344, 'enumeration_cap_hit': False, 'enumeration_timed_out': False}]",1344.0,0.0,,
unstable,10000,21,0.018337166984565556,290e2b7e3e5d8c49da3d81160a397be499406fb01e5ddcd0f262923f749b50a6,enum_uniform_random,4,ok,8.651254706957843,8.669591873942409,0.6682188591385332,0.0,0.0,0.1,False,False,False,8.651242416002788,"[{'threshold': 0.1, 'n_candidates_enumerated': 1344, 'enumeration_cap_hit': False, 'enumeration_timed_out': False}]",1344.0,0.0,,
unstable,10000,21,0.018337166984565556,290e2b7e3e5d8c49da3d81160a397be499406fb01e5ddcd0f262923f749b50a6,arbitrary_control,0,ok,5.7416968047618866e-05,0.018394583952613175,0.0,0.0,0.0,,False,False,,,,,,False,0.0004989615369676949
unstable,10000,21,0.018337166984565556,290e2b7e3e5d8c49da3d81160a397be499406fb01e5ddcd0f262923f749b50a6,arbitrary_control,1,ok,2.8416980057954788e-05,0.01836558396462351,0.0,0.0,0.0,,False,False,,,,,,False,0.0008198269494558038
unstable,10000,21,0.018337166984565556,290e2b7e3e5d8c49da3d81160a397be499406fb01e5ddcd0f262923f749b50a6,arbitrary_control,2,ok,2.562499139457941e-05,0.018362791975960135,0.0,0.0,0.0,,False,False,,,,,,False,0.003393116318693476
unstable,10000,21,0.018337166984565556,290e2b7e3e5d8c49da3d81160a397be499406fb01e5ddcd0f262923f749b50a6,arbitrary_control,3,ok,2.4707987904548645e-05,0.018361874972470105,0.0,0.0,0.0,,False,False,,,,,,False,0.000509464325886633
unstable,10000,21,0.018337166984565556,290e2b7e3e5d8c49da3d81160a397be499406fb01e5ddcd0f262923f749b50a6,arbitrary_control,4,ok,2.4083012249320745e-05,0.018361249996814877,0.0,0.0,0.0,,False,False,,,,,,False,0.002175852865636736
unstable,10000,22,0.01561529195168987,b8b26361e60636932ae74c6149fa730780cf85174d72700b889084f5a3bff26f,enum_first_stable,0,ok,0.042120917001739144,0.057736208953429013,1.0,1.0,1.0,0.1,False,False,False,0.042118625016883016,"[{'threshold': 0.1, 'n_candidates_enumerated': 360, 'enumeration_cap_hit': False, 'enumeration_timed_out': False}]",360.0,0.0,,
unstable,10000,22,0.01561529195168987,b8b26361e60636932ae74c6149fa730780cf85174d72700b889084f5a3bff26f,enum_uniform_random,0,ok,0.04214554198551923,0.0577608339372091,1.0,0.0,1.0,0.1,False,False,False,0.042118625016883016,"[{'threshold': 0.1, 'n_candidates_enumerated': 360, 'enumeration_cap_hit': False, 'enumeration_timed_out': False}]",360.0,0.0,,
unstable,10000,22,0.01561529195168987,b8b26361e60636932ae74c6149fa730780cf85174d72700b889084f5a3bff26f,enum_uniform_random,1,ok,0.04213087499374524,0.05774616694543511,1.0,1.0,1.0,0.1,False,False,False,0.042118625016883016,"[{'threshold': 0.1, 'n_candidates_enumerated': 360, 'enumeration_cap_hit': False, 'enumeration_timed_out': False}]",360.0,0.0,,
unstable,10000,22,0.01561529195168987,b8b26361e60636932ae74c6149fa730780cf85174d72700b889084f5a3bff26f,enum_uniform_random,2,ok,0.04212975001428276,0.05774504196597263,1.0,0.0,1.0,0.1,False,False,False,0.042118625016883016,"[{'threshold': 0.1, 'n_candidates_enumerated': 360, 'enumeration_cap_hit': False, 'enumeration_timed_out': False}]",360.0,0.0,,
unstable,10000,22,0.01561529195168987,b8b26361e60636932ae74c6149fa730780cf85174d72700b889084f5a3bff26f,enum_uniform_random,3,ok,0.04212883301079273,0.0577441249624826,1.0,0.0,1.0,0.1,False,False,False,0.042118625016883016,"[{'threshold': 0.1, 'n_candidates_enumerated': 360, 'enumeration_cap_hit': False, 'enumeration_timed_out': False}]",360.0,0.0,,
unstable,10000,22,0.01561529195168987,b8b26361e60636932ae74c6149fa730780cf85174d72700b889084f5a3bff26f,enum_uniform_random,4,ok,0.04212862503482029,0.05774391698651016,0.17169684775318578,0.0,0.0,0.1,False,False,False,0.042118625016883016,"[{'threshold': 0.1, 'n_candidates_enumerated': 360, 'enumeration_cap_hit': False, 'enumeration_timed_out': False}]",360.0,0.0,,
unstable,10000,22,0.01561529195168987,b8b26361e60636932ae74c6149fa730780cf85174d72700b889084f5a3bff26f,arbitrary_control,0,ok,3.208295674994588e-05,0.015647374908439815,0.0,0.0,0.0,,False,False,,,,,,False,0.002329330487164875
unstable,10000,22,0.01561529195168987,b8b26361e60636932ae74c6149fa730780cf85174d72700b889084f5a3bff26f,arbitrary_control,1,ok,2.6708003133535385e-05,0.015641999954823405,0.0,0.0,0.0,,False,False,,,,,,False,0.0017376636093771464
unstable,10000,22,0.01561529195168987,b8b26361e60636932ae74c6149fa730780cf85174d72700b889084f5a3bff26f,arbitrary_control,2,ok,2.437504008412361e-05,0.015639666991773993,0.0,0.0,0.0,,False,False,,,,,,False,0.0012096892313278747
unstable,10000,22,0.01561529195168987,b8b26361e60636932ae74c6149fa730780cf85174d72700b889084f5a3bff26f,arbitrary_control,3,ok,2.3833010345697403e-05,0.015639124962035567,0.0,0.0,0.0,,False,False,,,,,,False,0.0007443171494487703
unstable,10000,22,0.01561529195168987,b8b26361e60636932ae74c6149fa730780cf85174d72700b889084f5a3bff26f,arbitrary_control,4,ok,2.316699828952551e-05,0.015638458949979395,0.0,0.0,0.0,,False,False,,,,,,False,0.0011549604660156683
unstable,10000,22,0.01561529195168987,b8b26361e60636932ae74c6149fa730780cf85174d72700b889084f5a3bff26f,ours,0,ok,3.2917014323174953e-05,0.015648208966013044,1.0,1.0,1.0,0.1,False,False,,,,,,,
unstable,10000,23,0.01306216698139906,2a24ebabeba6d4b7ca5c9935da9b1e2066c40ad2ca7a6a9dd0de4724ffc98c29,arbitrary_control,0,ok,6.225000834092498e-05,0.013124416989739984,0.0,0.0,0.0,,False,False,,,,,,False,0.0030786901678746003
unstable,10000,23,0.01306216698139906,2a24ebabeba6d4b7ca5c9935da9b1e2066c40ad2ca7a6a9dd0de4724ffc98c29,arbitrary_control,1,ok,3.554200520738959e-05,0.013097708986606449,0.0,0.0,0.0,,False,False,,,,,,False,0.0036316729240138752
unstable,10000,23,0.01306216698139906,2a24ebabeba6d4b7ca5c9935da9b1e2066c40ad2ca7a6a9dd0de4724ffc98c29,arbitrary_control,2,ok,2.7250032871961594e-05,0.013089417014271021,0.0,0.0,0.0,,False,False,,,,,,False,0.001085156190580063
unstable,10000,23,0.01306216698139906,2a24ebabeba6d4b7ca5c9935da9b1e2066c40ad2ca7a6a9dd0de4724ffc98c29,arbitrary_control,3,ok,2.4583947379142046e-05,0.013086750928778201,0.0,0.0,0.0,,False,False,,,,,,False,0.0017787835182831136
unstable,10000,23,0.01306216698139906,2a24ebabeba6d4b7ca5c9935da9b1e2066c40ad2ca7a6a9dd0de4724ffc98c29,arbitrary_control,4,ok,2.395902993157506e-05,0.013086126011330634,0.0,0.0,0.0,,False,False,,,,,,False,0.0035763726571050648
unstable,10000,23,0.01306216698139906,2a24ebabeba6d4b7ca5c9935da9b1e2066c40ad2ca7a6a9dd0de4724ffc98c29,ours,0,ok,3.804103471338749e-05,0.013100208016112447,1.0,1.0,1.0,0.1,False,False,,,,,,,
unstable,10000,23,0.01306216698139906,2a24ebabeba6d4b7ca5c9935da9b1e2066c40ad2ca7a6a9dd0de4724ffc98c29,enum_first_stable,0,ok,11.40121487394208,11.41427704092348,0.816469451823231,0.0,0.0,0.1,False,False,False,11.401194457954261,"[{'threshold': 0.1, 'n_candidates_enumerated': 800, 'enumeration_cap_hit': False, 'enumeration_timed_out': False}]",800.0,0.0,,
unstable,10000,23,0.01306216698139906,2a24ebabeba6d4b7ca5c9935da9b1e2066c40ad2ca7a6a9dd0de4724ffc98c29,enum_uniform_random,0,ok,11.401237124984618,11.414299291966017,0.816469451823231,0.0,0.0,0.1,False,False,False,11.401194457954261,"[{'threshold': 0.1, 'n_candidates_enumerated': 800, 'enumeration_cap_hit': False, 'enumeration_timed_out': False}]",800.0,0.0,,
unstable,10000,23,0.01306216698139906,2a24ebabeba6d4b7ca5c9935da9b1e2066c40ad2ca7a6a9dd0de4724ffc98c29,enum_uniform_random,1,ok,11.401208291004878,11.414270457986277,1.0,1.0,1.0,0.1,False,False,False,11.401194457954261,"[{'threshold': 0.1, 'n_candidates_enumerated': 800, 'enumeration_cap_hit': False, 'enumeration_timed_out': False}]",800.0,0.0,,
unstable,10000,23,0.01306216698139906,2a24ebabeba6d4b7ca5c9935da9b1e2066c40ad2ca7a6a9dd0de4724ffc98c29,enum_uniform_random,2,ok,11.401206791924778,11.414268958906177,0.816469451823231,0.0,0.0,0.1,False,False,False,11.401194457954261,"[{'threshold': 0.1, 'n_candidates_enumerated': 800, 'enumeration_cap_hit': False, 'enumeration_timed_out': False}]",800.0,0.0,,
unstable,10000,23,0.01306216698139906,2a24ebabeba6d4b7ca5c9935da9b1e2066c40ad2ca7a6a9dd0de4724ffc98c29,enum_uniform_random,3,ok,11.401205874921288,11.414268041902687,0.816469451823231,0.0,0.0,0.1,False,False,False,11.401194457954261,"[{'threshold': 0.1, 'n_candidates_enumerated': 800, 'enumeration_cap_hit': False, 'enumeration_timed_out': False}]",800.0,0.0,,
unstable,10000,23,0.01306216698139906,2a24ebabeba6d4b7ca5c9935da9b1e2066c40ad2ca7a6a9dd0de4724ffc98c29,enum_uniform_random,4,ok,11.401205332949758,11.414267499931157,1.0,1.0,1.0,0.1,False,False,False,11.401194457954261,"[{'threshold': 0.1, 'n_candidates_enumerated': 800, 'enumeration_cap_hit': False, 'enumeration_timed_out': False}]",800.0,0.0,,
unstable,10000,24,0.014187916996888816,a956c518c3d0d761c1cae9ec5ec5049af192321964931f4ebbcabcc0a99aa09f,ours,0,ok,6.96660135872662e-05,0.014257583010476083,1.0,1.0,1.0,0.1,False,False,,,,,,,
unstable,10000,24,0.014187916996888816,a956c518c3d0d761c1cae9ec5ec5049af192321964931f4ebbcabcc0a99aa09f,enum_first_stable,0,ok,41.50705879199086,41.521246708987746,1.0,1.0,1.0,0.1,False,False,False,41.50704716698965,"[{'threshold': 0.1, 'n_candidates_enumerated': 192, 'enumeration_cap_hit': False, 'enumeration_timed_out': False}]",192.0,0.0,,
unstable,10000,24,0.014187916996888816,a956c518c3d0d761c1cae9ec5ec5049af192321964931f4ebbcabcc0a99aa09f,enum_uniform_random,0,ok,41.50711950100958,41.52130741800647,1.0,0.0,1.0,0.1,False,False,False,41.50704716698965,"[{'threshold': 0.1, 'n_candidates_enumerated': 192, 'enumeration_cap_hit': False, 'enumeration_timed_out': False}]",192.0,0.0,,
unstable,10000,24,0.014187916996888816,a956c518c3d0d761c1cae9ec5ec5049af192321964931f4ebbcabcc0a99aa09f,enum_uniform_random,1,ok,41.50706137495581,41.5212492919527,1.0,0.0,1.0,0.1,False,False,False,41.50704716698965,"[{'threshold': 0.1, 'n_candidates_enumerated': 192, 'enumeration_cap_hit': False, 'enumeration_timed_out': False}]",192.0,0.0,,
unstable,10000,24,0.014187916996888816,a956c518c3d0d761c1cae9ec5ec5049af192321964931f4ebbcabcc0a99aa09f,enum_uniform_random,2,ok,41.50705883296905,41.52124674996594,1.0,0.0,1.0,0.1,False,False,False,41.50704716698965,"[{'threshold': 0.1, 'n_candidates_enumerated': 192, 'enumeration_cap_hit': False, 'enumeration_timed_out': False}]",192.0,0.0,,
unstable,10000,24,0.014187916996888816,a956c518c3d0d761c1cae9ec5ec5049af192321964931f4ebbcabcc0a99aa09f,enum_uniform_random,3,ok,41.50705804198515,41.521245958982036,1.0,1.0,1.0,0.1,False,False,False,41.50704716698965,"[{'threshold': 0.1, 'n_candidates_enumerated': 192, 'enumeration_cap_hit': False, 'enumeration_timed_out': False}]",192.0,0.0,,
unstable,10000,24,0.014187916996888816,a956c518c3d0d761c1cae9ec5ec5049af192321964931f4ebbcabcc0a99aa09f,enum_uniform_random,4,ok,41.507057624985464,41.52124554198235,1.0,0.0,1.0,0.1,False,False,False,41.50704716698965,"[{'threshold': 0.1, 'n_candidates_enumerated': 192, 'enumeration_cap_hit': False, 'enumeration_timed_out': False}]",192.0,0.0,,
unstable,10000,24,0.014187916996888816,a956c518c3d0d761c1cae9ec5ec5049af192321964931f4ebbcabcc0a99aa09f,arbitrary_control,0,ok,5.604099715128541e-05,0.014243957994040102,0.0,0.0,0.0,,False,False,,,,,,False,0.0023922109692226176
unstable,10000,24,0.014187916996888816,a956c518c3d0d761c1cae9ec5ec5049af192321964931f4ebbcabcc0a99aa09f,arbitrary_control,1,ok,2.920802216976881e-05,0.014217125019058585,0.0,0.0,0.0,,False,False,,,,,,False,0.0005680472200905177
unstable,10000,24,0.014187916996888816,a956c518c3d0d761c1cae9ec5ec5049af192321964931f4ebbcabcc0a99aa09f,arbitrary_control,2,ok,2.5165965780615807e-05,0.014213082962669432,0.0,0.0,0.0,,False,False,,,,,,False,0.0031097781656944374
unstable,10000,24,0.014187916996888816,a956c518c3d0d761c1cae9ec5ec5049af192321964931f4ebbcabcc0a99aa09f,arbitrary_control,3,ok,2.4457986000925303e-05,0.014212374982889742,0.0,0.0,0.0,,False,False,,,,,,False,0.0034979723636914613
unstable,10000,24,0.014187916996888816,a956c518c3d0d761c1cae9ec5ec5049af192321964931f4ebbcabcc0a99aa09f,arbitrary_control,4,ok,2.475001383572817e-05,0.014212667010724545,0.0,0.0,0.0,,False,False,,,,,,False,0.0005680472200905177
unstable,10000,25,0.017861375003121793,1d99002a4c4a558743babb12ddd459432c4020f38297853e8f727044263fbe61,enum_first_stable,0,ok,9.107322792056948,9.12518416706007,0.878795611125287,0.0,0.0,0.1,False,False,False,9.10731350001879,"[{'threshold': 0.1, 'n_candidates_enumerated': 1344, 'enumeration_cap_hit': False, 'enumeration_timed_out': False}]",1344.0,0.0,,
unstable,10000,25,0.017861375003121793,1d99002a4c4a558743babb12ddd459432c4020f38297853e8f727044263fbe61,enum_uniform_random,0,ok,9.10735475004185,9.125216125044972,0.878795611125287,0.0,0.0,0.1,False,False,False,9.10731350001879,"[{'threshold': 0.1, 'n_candidates_enumerated': 1344, 'enumeration_cap_hit': False, 'enumeration_timed_out': False}]",1344.0,0.0,,
unstable,10000,25,0.017861375003121793,1d99002a4c4a558743babb12ddd459432c4020f38297853e8f727044263fbe61,enum_uniform_random,1,ok,9.107328792044427,9.125190167047549,0.878795611125287,0.0,0.0,0.1,False,False,False,9.10731350001879,"[{'threshold': 0.1, 'n_candidates_enumerated': 1344, 'enumeration_cap_hit': False, 'enumeration_timed_out': False}]",1344.0,0.0,,
unstable,10000,25,0.017861375003121793,1d99002a4c4a558743babb12ddd459432c4020f38297853e8f727044263fbe61,enum_uniform_random,2,ok,9.107326750003267,9.125188125006389,0.878795611125287,0.0,0.0,0.1,False,False,False,9.10731350001879,"[{'threshold': 0.1, 'n_candidates_enumerated': 1344, 'enumeration_cap_hit': False, 'enumeration_timed_out': False}]",1344.0,0.0,,
unstable,10000,25,0.017861375003121793,1d99002a4c4a558743babb12ddd459432c4020f38297853e8f727044263fbe61,enum_uniform_random,3,ok,9.107326209021267,9.125187584024388,0.878795611125287,0.0,0.0,0.1,False,False,False,9.10731350001879,"[{'threshold': 0.1, 'n_candidates_enumerated': 1344, 'enumeration_cap_hit': False, 'enumeration_timed_out': False}]",1344.0,0.0,,
unstable,10000,25,0.017861375003121793,1d99002a4c4a558743babb12ddd459432c4020f38297853e8f727044263fbe61,enum_uniform_random,4,ok,9.107325708027929,9.12518708303105,0.878795611125287,0.0,0.0,0.1,False,False,False,9.10731350001879,"[{'threshold': 0.1, 'n_candidates_enumerated': 1344, 'enumeration_cap_hit': False, 'enumeration_timed_out': False}]",1344.0,0.0,,
unstable,10000,25,0.017861375003121793,1d99002a4c4a558743babb12ddd459432c4020f38297853e8f727044263fbe61,arbitrary_control,0,ok,4.7708977945148945e-05,0.017909083981066942,0.0,0.0,0.0,,False,False,,,,,,False,0.0006346629146157916
unstable,10000,25,0.017861375003121793,1d99002a4c4a558743babb12ddd459432c4020f38297853e8f727044263fbe61,arbitrary_control,1,ok,3.083399496972561e-05,0.01789220899809152,0.0,0.0,0.0,,False,False,,,,,,False,0.0014356643023827637
unstable,10000,25,0.017861375003121793,1d99002a4c4a558743babb12ddd459432c4020f38297853e8f727044263fbe61,arbitrary_control,2,ok,2.5334011297672987e-05,0.017886709014419466,0.0,0.0,0.0,,False,False,,,,,,False,0.0012109116541899041
unstable,10000,25,0.017861375003121793,1d99002a4c4a558743babb12ddd459432c4020f38297853e8f727044263fbe61,arbitrary_control,3,ok,2.4333014152944088e-05,0.017885708017274737,0.0,0.0,0.0,,False,False,,,,,,False,0.002239860841902647
unstable,10000,25,0.017861375003121793,1d99002a4c4a558743babb12ddd459432c4020f38297853e8f727044263fbe61,arbitrary_control,4,ok,2.370803849771619e-05,0.01788508304161951,0.0,0.0,0.0,,False,False,,,,,,False,0.002239860841902647
unstable,10000,25,0.017861375003121793,1d99002a4c4a558743babb12ddd459432c4020f38297853e8f727044263fbe61,ours,0,ok,4.600000102072954e-05,0.017907375004142523,0.878795611125287,0.0,0.0,0.1,False,False,,,,,,,
unstable,10000,26,0.01590266596758738,a466e2082eb5fc595ab0c1f1bccc4418aa687413fd70417806aa416e052f335e,arbitrary_control,0,ok,6.370799383148551e-05,0.015966373961418867,0.0,0.0,0.0,,False,False,,,,,,False,0.00043316636905097193
unstable,10000,26,0.01590266596758738,a466e2082eb5fc595ab0c1f1bccc4418aa687413fd70417806aa416e052f335e,arbitrary_control,1,ok,3.3167016226798296e-05,0.01593583298381418,0.0,0.0,0.0,,False,False,,,,,,False,0.0027940458903399777
unstable,10000,26,0.01590266596758738,a466e2082eb5fc595ab0c1f1bccc4418aa687413fd70417806aa416e052f335e,arbitrary_control,2,ok,2.8709007892757654e-05,0.01593137497548014,0.0,0.0,0.0,,False,False,,,,,,False,0.00037584813358081836
unstable,10000,26,0.01590266596758738,a466e2082eb5fc595ab0c1f1bccc4418aa687413fd70417806aa416e052f335e,arbitrary_control,3,ok,2.600002335384488e-05,0.015928665990941226,0.0,0.0,0.0,,False,False,,,,,,False,0.003575919935516639
unstable,10000,26,0.01590266596758738,a466e2082eb5fc595ab0c1f1bccc4418aa687413fd70417806aa416e052f335e,arbitrary_control,4,ok,2.504198346287012e-05,0.01592770795105025,0.0,0.0,0.0,,False,False,,,,,,False,0.0011058578873338895
unstable,10000,26,0.01590266596758738,a466e2082eb5fc595ab0c1f1bccc4418aa687413fd70417806aa416e052f335e,ours,0,ok,3.98330157622695e-05,0.01594249898334965,1.0,1.0,1.0,0.1,False,False,,,,,,,
unstable,10000,26,0.01590266596758738,a466e2082eb5fc595ab0c1f1bccc4418aa687413fd70417806aa416e052f335e,enum_first_stable,0,ok,0.3534344169893302,0.3693370829569176,1.0,1.0,1.0,0.1,False,False,False,0.3534314170246944,"[{'threshold': 0.1, 'n_candidates_enumerated': 576, 'enumeration_cap_hit': False, 'enumeration_timed_out': False}]",576.0,0.0,,
unstable,10000,26,0.01590266596758738,a466e2082eb5fc595ab0c1f1bccc4418aa687413fd70417806aa416e052f335e,enum_uniform_random,0,ok,0.3534536260413006,0.369356292008888,1.0,1.0,1.0,0.1,False,False,False,0.3534314170246944,"[{'threshold': 0.1, 'n_candidates_enumerated': 576, 'enumeration_cap_hit': False, 'enumeration_timed_out': False}]",576.0,0.0,,
unstable,10000,26,0.01590266596758738,a466e2082eb5fc595ab0c1f1bccc4418aa687413fd70417806aa416e052f335e,enum_uniform_random,1,ok,0.35344300098950043,0.3693456669570878,1.0,1.0,1.0,0.1,False,False,False,0.3534314170246944,"[{'threshold': 0.1, 'n_candidates_enumerated': 576, 'enumeration_cap_hit': False, 'enumeration_timed_out': False}]",576.0,0.0,,
unstable,10000,26,0.01590266596758738,a466e2082eb5fc595ab0c1f1bccc4418aa687413fd70417806aa416e052f335e,enum_uniform_random,2,ok,0.35344208305468783,0.3693447490222752,1.0,1.0,1.0,0.1,False,False,False,0.3534314170246944,"[{'threshold': 0.1, 'n_candidates_enumerated': 576, 'enumeration_cap_hit': False, 'enumeration_timed_out': False}]",576.0,0.0,,
unstable,10000,26,0.01590266596758738,a466e2082eb5fc595ab0c1f1bccc4418aa687413fd70417806aa416e052f335e,enum_uniform_random,3,ok,0.3534417509799823,0.3693444169475697,1.0,1.0,1.0,0.1,False,False,False,0.3534314170246944,"[{'threshold': 0.1, 'n_candidates_enumerated': 576, 'enumeration_cap_hit': False, 'enumeration_timed_out': False}]",576.0,0.0,,
unstable,10000,26,0.01590266596758738,a466e2082eb5fc595ab0c1f1bccc4418aa687413fd70417806aa416e052f335e,enum_uniform_random,4,ok,0.35344183299457654,0.3693444989621639,1.0,1.0,1.0,0.1,False,False,False,0.3534314170246944,"[{'threshold': 0.1, 'n_candidates_enumerated': 576, 'enumeration_cap_hit': False, 'enumeration_timed_out': False}]",576.0,0.0,,
unstable,10000,27,0.013050084002315998,cc2c604e031cefb7c0fc0206424cfb6d4ab0b7336baa719fa9103904b7234261,ours,0,ok,4.758400609716773e-05,0.013097668008413166,1.0,1.0,1.0,0.1,False,False,,,,,,,
unstable,10000,27,0.013050084002315998,cc2c604e031cefb7c0fc0206424cfb6d4ab0b7336baa719fa9103904b7234261,enum_first_stable,0,ok,2.194755584059749,2.207805668062065,1.0,1.0,1.0,0.1,False,False,False,2.1947486250428483,"[{'threshold': 0.1, 'n_candidates_enumerated': 896, 'enumeration_cap_hit': False, 'enumeration_timed_out': False}]",896.0,0.0,,
unstable,10000,27,0.013050084002315998,cc2c604e031cefb7c0fc0206424cfb6d4ab0b7336baa719fa9103904b7234261,enum_uniform_random,0,ok,2.1947907500434667,2.2078408340457827,1.0,1.0,1.0,0.1,False,False,False,2.1947486250428483,"[{'threshold': 0.1, 'n_candidates_enumerated': 896, 'enumeration_cap_hit': False, 'enumeration_timed_out': False}]",896.0,0.0,,
unstable,10000,27,0.013050084002315998,cc2c604e031cefb7c0fc0206424cfb6d4ab0b7336baa719fa9103904b7234261,enum_uniform_random,1,ok,2.1947630000067875,2.2078130840091035,1.0,1.0,1.0,0.1,False,False,False,2.1947486250428483,"[{'threshold': 0.1, 'n_candidates_enumerated': 896, 'enumeration_cap_hit': False, 'enumeration_timed_out': False}]",896.0,0.0,,
unstable,10000,27,0.013050084002315998,cc2c604e031cefb7c0fc0206424cfb6d4ab0b7336baa719fa9103904b7234261,enum_uniform_random,2,ok,2.1947610420174897,2.2078111260198057,1.0,1.0,1.0,0.1,False,False,False,2.1947486250428483,"[{'threshold': 0.1, 'n_candidates_enumerated': 896, 'enumeration_cap_hit': False, 'enumeration_timed_out': False}]",896.0,0.0,,
unstable,10000,27,0.013050084002315998,cc2c604e031cefb7c0fc0206424cfb6d4ab0b7336baa719fa9103904b7234261,enum_uniform_random,3,ok,2.1947603330481797,2.2078104170504957,1.0,1.0,1.0,0.1,False,False,False,2.1947486250428483,"[{'threshold': 0.1, 'n_candidates_enumerated': 896, 'enumeration_cap_hit': False, 'enumeration_timed_out': False}]",896.0,0.0,,
unstable,10000,27,0.013050084002315998,cc2c604e031cefb7c0fc0206424cfb6d4ab0b7336baa719fa9103904b7234261,enum_uniform_random,4,ok,2.194760167039931,2.207810251042247,1.0,1.0,1.0,0.1,False,False,False,2.1947486250428483,"[{'threshold': 0.1, 'n_candidates_enumerated': 896, 'enumeration_cap_hit': False, 'enumeration_timed_out': False}]",896.0,0.0,,
unstable,10000,27,0.013050084002315998,cc2c604e031cefb7c0fc0206424cfb6d4ab0b7336baa719fa9103904b7234261,arbitrary_control,0,ok,4.654197255149484e-05,0.013096625974867493,0.0,0.0,0.0,,False,False,,,,,,False,0.0019686132639103442
unstable,10000,27,0.013050084002315998,cc2c604e031cefb7c0fc0206424cfb6d4ab0b7336baa719fa9103904b7234261,arbitrary_control,1,ok,2.8958020266145468e-05,0.013079042022582144,0.0,0.0,0.0,,False,False,,,,,,False,0.0026374091036461818
unstable,10000,27,0.013050084002315998,cc2c604e031cefb7c0fc0206424cfb6d4ab0b7336baa719fa9103904b7234261,arbitrary_control,2,ok,2.5708985049277544e-05,0.013075792987365276,0.0,0.0,0.0,,False,False,,,,,,False,0.00016269274335133275
unstable,10000,27,0.013050084002315998,cc2c604e031cefb7c0fc0206424cfb6d4ab0b7336baa719fa9103904b7234261,arbitrary_control,3,ok,2.4208042304962873e-05,0.013074292044620961,0.0,0.0,0.0,,False,False,,,,,,False,0.002609419686830714
unstable,10000,27,0.013050084002315998,cc2c604e031cefb7c0fc0206424cfb6d4ab0b7336baa719fa9103904b7234261,arbitrary_control,4,ok,2.379098441451788e-05,0.013073874986730516,0.0,0.0,0.0,,False,False,,,,,,False,0.00019554585470438128
unstable,10000,28,0.015935915987938643,2f517a456dbeeb502c84355c033f81cbae1c4dd4edd723f06d3bb427af00e0d3,enum_first_stable,0,ok,16.528639917029068,16.544575833017007,1.0,0.0,1.0,0.1,False,False,False,16.52863666700432,"[{'threshold': 0.1, 'n_candidates_enumerated': 128, 'enumeration_cap_hit': False, 'enumeration_timed_out': False}]",128.0,0.0,,
unstable,10000,28,0.015935915987938643,2f517a456dbeeb502c84355c033f81cbae1c4dd4edd723f06d3bb427af00e0d3,enum_uniform_random,0,ok,16.52867091697408,16.544606832962018,1.0,0.0,1.0,0.1,False,False,False,16.52863666700432,"[{'threshold': 0.1, 'n_candidates_enumerated': 128, 'enumeration_cap_hit': False, 'enumeration_timed_out': False}]",128.0,0.0,,
unstable,10000,28,0.015935915987938643,2f517a456dbeeb502c84355c033f81cbae1c4dd4edd723f06d3bb427af00e0d3,enum_uniform_random,1,ok,16.528650624968577,16.544586540956516,1.0,0.0,1.0,0.1,False,False,False,16.52863666700432,"[{'threshold': 0.1, 'n_candidates_enumerated': 128, 'enumeration_cap_hit': False, 'enumeration_timed_out': False}]",128.0,0.0,,
unstable,10000,28,0.015935915987938643,2f517a456dbeeb502c84355c033f81cbae1c4dd4edd723f06d3bb427af00e0d3,enum_uniform_random,2,ok,16.52864762599347,16.54458354198141,1.0,0.0,1.0,0.1,False,False,False,16.52863666700432,"[{'threshold': 0.1, 'n_candidates_enumerated': 128, 'enumeration_cap_hit': False, 'enumeration_timed_out': False}]",128.0,0.0,,
unstable,10000,28,0.015935915987938643,2f517a456dbeeb502c84355c033f81cbae1c4dd4edd723f06d3bb427af00e0d3,enum_uniform_random,3,ok,16.528647291997913,16.544583207985852,1.0,0.0,1.0,0.1,False,False,False,16.52863666700432,"[{'threshold': 0.1, 'n_candidates_enumerated': 128, 'enumeration_cap_hit': False, 'enumeration_timed_out': False}]",128.0,0.0,,
unstable,10000,28,0.015935915987938643,2f517a456dbeeb502c84355c033f81cbae1c4dd4edd723f06d3bb427af00e0d3,enum_uniform_random,4,ok,16.528646417020354,16.544582333008293,1.0,0.0,1.0,0.1,False,False,False,16.52863666700432,"[{'threshold': 0.1, 'n_candidates_enumerated': 128, 'enumeration_cap_hit': False, 'enumeration_timed_out': False}]",128.0,0.0,,
unstable,10000,28,0.015935915987938643,2f517a456dbeeb502c84355c033f81cbae1c4dd4edd723f06d3bb427af00e0d3,arbitrary_control,0,ok,4.68340003862977e-05,0.01598274998832494,0.0,0.0,0.0,,False,False,,,,,,False,0.0034285559357607486
unstable,10000,28,0.015935915987938643,2f517a456dbeeb502c84355c033f81cbae1c4dd4edd723f06d3bb427af00e0d3,arbitrary_control,1,ok,2.8582988306879997e-05,0.015964498976245522,0.0,0.0,0.0,,False,False,,,,,,False,0.0002882481864369249
unstable,10000,28,0.015935915987938643,2f517a456dbeeb502c84355c033f81cbae1c4dd4edd723f06d3bb427af00e0d3,arbitrary_control,2,ok,2.5707995519042015e-05,0.015961623983457685,0.0,0.0,0.0,,False,False,,,,,,False,0.002348044480994191
unstable,10000,28,0.015935915987938643,2f517a456dbeeb502c84355c033f81cbae1c4dd4edd723f06d3bb427af00e0d3,arbitrary_control,3,ok,2.462498378008604e-05,0.01596054097171873,0.0,0.0,0.0,,False,False,,,,,,False,0.0005541959263115597
unstable,10000,28,0.015935915987938643,2f517a456dbeeb502c84355c033f81cbae1c4dd4edd723f06d3bb427af00e0d3,arbitrary_control,4,ok,2.4083012249320745e-05,0.015959999000187963,0.0,0.0,0.0,,False,False,,,,,,False,0.004195175967448205
unstable,10000,28,0.015935915987938643,2f517a456dbeeb502c84355c033f81cbae1c4dd4edd723f06d3bb427af00e0d3,ours,0,ok,4.270800855010748e-05,0.01597862399648875,1.0,0.0,1.0,0.1,False,False,,,,,,,
unstable,10000,29,0.018054000043775886,4f2e47371fd80edccca060c41eee85618d46d0a14e626e0dfea52302c79af326,arbitrary_control,0,ok,6.787502206861973e-05,0.018121875065844506,0.0,0.0,0.0,,False,False,,,,,,False,0.0010713647524375764
unstable,10000,29,0.018054000043775886,4f2e47371fd80edccca060c41eee85618d46d0a14e626e0dfea52302c79af326,arbitrary_control,1,ok,3.229198046028614e-05,0.018086292024236172,0.0,0.0,0.0,,False,False,,,,,,False,0.0020060656378202567
unstable,10000,29,0.018054000043775886,4f2e47371fd80edccca060c41eee85618d46d0a14e626e0dfea52302c79af326,arbitrary_control,2,ok,2.7499976567924023e-05,0.01808150002034381,0.0,0.0,0.0,,False,False,,,,,,False,0.0010360897969539174
unstable,10000,29,0.018054000043775886,4f2e47371fd80edccca060c41eee85618d46d0a14e626e0dfea52302c79af326,arbitrary_control,3,ok,2.5916029699146748e-05,0.018079916073475033,0.0,0.0,0.0,,False,False,,,,,,False,0.0012183192723076485
unstable,10000,29,0.018054000043775886,4f2e47371fd80edccca060c41eee85618d46d0a14e626e0dfea52302c79af326,arbitrary_control,4,ok,2.441700780764222e-05,0.01807841705158353,0.0,0.0,0.0,,False,False,,,,,,False,0.0021563722100770713
unstable,10000,29,0.018054000043775886,4f2e47371fd80edccca060c41eee85618d46d0a14e626e0dfea52302c79af326,ours,0,ok,3.445800393819809e-05,0.018088458047714084,1.0,1.0,1.0,0.1,False,False,,,,,,,
unstable,10000,29,0.018054000043775886,4f2e47371fd80edccca060c41eee85618d46d0a14e626e0dfea52302c79af326,enum_first_stable,0,ok,0.11754783301148564,0.13560183305526152,0.893048128342246,0.0,0.0,0.1,False,False,False,0.11754483298864216,"[{'threshold': 0.1, 'n_candidates_enumerated': 1176, 'enumeration_cap_hit': False, 'enumeration_timed_out': False}]",1176.0,0.0,,
unstable,10000,29,0.018054000043775886,4f2e47371fd80edccca060c41eee85618d46d0a14e626e0dfea52302c79af326,enum_uniform_random,0,ok,0.11756208294536918,0.13561608298914507,0.893048128342246,0.0,0.0,0.1,False,False,False,0.11754483298864216,"[{'threshold': 0.1, 'n_candidates_enumerated': 1176, 'enumeration_cap_hit': False, 'enumeration_timed_out': False}]",1176.0,0.0,,
unstable,10000,29,0.018054000043775886,4f2e47371fd80edccca060c41eee85618d46d0a14e626e0dfea52302c79af326,enum_uniform_random,1,ok,0.11755733302561566,0.13561133306939155,0.7630331753554502,0.0,0.0,0.1,False,False,False,0.11754483298864216,"[{'threshold': 0.1, 'n_candidates_enumerated': 1176, 'enumeration_cap_hit': False, 'enumeration_timed_out': False}]",1176.0,0.0,,
unstable,10000,29,0.018054000043775886,4f2e47371fd80edccca060c41eee85618d46d0a14e626e0dfea52302c79af326,enum_uniform_random,2,ok,0.11755641701165587,0.13561041705543175,1.0,1.0,1.0,0.1,False,False,False,0.11754483298864216,"[{'threshold': 0.1, 'n_candidates_enumerated': 1176, 'enumeration_cap_hit': False, 'enumeration_timed_out': False}]",1176.0,0.0,,
unstable,10000,29,0.018054000043775886,4f2e47371fd80edccca060c41eee85618d46d0a14e626e0dfea52302c79af326,enum_uniform_random,3,ok,0.11755633295979351,0.1356103330035694,0.8461538461538461,0.0,0.0,0.1,False,False,False,0.11754483298864216,"[{'threshold': 0.1, 'n_candidates_enumerated': 1176, 'enumeration_cap_hit': False, 'enumeration_timed_out': False}]",1176.0,0.0,,
unstable,10000,29,0.018054000043775886,4f2e47371fd80edccca060c41eee85618d46d0a14e626e0dfea52302c79af326,enum_uniform_random,4,ok,0.11755675001768395,0.13561075006145984,0.893048128342246,0.0,0.0,0.1,False,False,False,0.11754483298864216,"[{'threshold': 0.1, 'n_candidates_enumerated': 1176, 'enumeration_cap_hit': False, 'enumeration_timed_out': False}]",1176.0,0.0,,
unstable,50000,0,0.06508025003131479,c28823d702b681273e9af6ae29c732fc3bd83209f0c6942e113745469103cabb,ours,0,ok,5.1708018872886896e-05,0.06513195805018768,1.0,1.0,1.0,0.1,False,False,,,,,,,
unstable,50000,0,0.06508025003131479,c28823d702b681273e9af6ae29c732fc3bd83209f0c6942e113745469103cabb,enum_first_stable,0,ok,10.833013665978797,10.898093916010112,1.0,1.0,1.0,0.1,False,False,False,10.833010790986009,"[{'threshold': 0.1, 'n_candidates_enumerated': 96, 'enumeration_cap_hit': False, 'enumeration_timed_out': False}]",96.0,0.0,,
unstable,50000,0,0.06508025003131479,c28823d702b681273e9af6ae29c732fc3bd83209f0c6942e113745469103cabb,enum_uniform_random,0,ok,10.833049748966005,10.89812999899732,1.0,1.0,1.0,0.1,False,False,False,10.833010790986009,"[{'threshold': 0.1, 'n_candidates_enumerated': 96, 'enumeration_cap_hit': False, 'enumeration_timed_out': False}]",96.0,0.0,,
unstable,50000,0,0.06508025003131479,c28823d702b681273e9af6ae29c732fc3bd83209f0c6942e113745469103cabb,enum_uniform_random,1,ok,10.833024081948679,10.898104331979994,1.0,1.0,1.0,0.1,False,False,False,10.833010790986009,"[{'threshold': 0.1, 'n_candidates_enumerated': 96, 'enumeration_cap_hit': False, 'enumeration_timed_out': False}]",96.0,0.0,,
unstable,50000,0,0.06508025003131479,c28823d702b681273e9af6ae29c732fc3bd83209f0c6942e113745469103cabb,enum_uniform_random,2,ok,10.833021457016002,10.898101707047317,1.0,1.0,1.0,0.1,False,False,False,10.833010790986009,"[{'threshold': 0.1, 'n_candidates_enumerated': 96, 'enumeration_cap_hit': False, 'enumeration_timed_out': False}]",96.0,0.0,,
unstable,50000,0,0.06508025003131479,c28823d702b681273e9af6ae29c732fc3bd83209f0c6942e113745469103cabb,enum_uniform_random,3,ok,10.83302066597389,10.898100916005205,1.0,1.0,1.0,0.1,False,False,False,10.833010790986009,"[{'threshold': 0.1, 'n_candidates_enumerated': 96, 'enumeration_cap_hit': False, 'enumeration_timed_out': False}]",96.0,0.0,,
unstable,50000,0,0.06508025003131479,c28823d702b681273e9af6ae29c732fc3bd83209f0c6942e113745469103cabb,enum_uniform_random,4,ok,10.833021415979601,10.898101666010916,1.0,1.0,1.0,0.1,False,False,False,10.833010790986009,"[{'threshold': 0.1, 'n_candidates_enumerated': 96, 'enumeration_cap_hit': False, 'enumeration_timed_out': False}]",96.0,0.0,,
unstable,50000,0,0.06508025003131479,c28823d702b681273e9af6ae29c732fc3bd83209f0c6942e113745469103cabb,arbitrary_control,0,ok,4.6833010856062174e-05,0.06512708304217085,0.0,0.0,0.0,,False,False,,,,,,False,6.0539969220969356e-05
unstable,50000,0,0.06508025003131479,c28823d702b681273e9af6ae29c732fc3bd83209f0c6942e113745469103cabb,arbitrary_control,1,ok,2.824998227879405e-05,0.06510850001359358,0.01098901098901099,0.0,0.0,,False,False,,,,,,False,0.00019858545693074938
unstable,50000,0,0.06508025003131479,c28823d702b681273e9af6ae29c732fc3bd83209f0c6942e113745469103cabb,arbitrary_control,2,ok,2.54589831456542e-05,0.06510570901446044,0.0,0.0,0.0,,False,False,,,,,,False,0.00035257604506234107
unstable,50000,0,0.06508025003131479,c28823d702b681273e9af6ae29c732fc3bd83209f0c6942e113745469103cabb,arbitrary_control,3,ok,2.4292035959661007e-05,0.06510454206727445,0.0,0.0,0.0,,False,False,,,,,,False,0.00019858545693074938
unstable,50000,0,0.06508025003131479,c28823d702b681273e9af6ae29c732fc3bd83209f0c6942e113745469103cabb,arbitrary_control,4,ok,2.3667002096772194e-05,0.06510391703341156,0.0,0.0,0.0,,False,False,,,,,,False,0.0003661725350747061
unstable,50000,1,0.06667766702594236,a959467624734dea179bb7f4ec29a30befc9bdc99d23225a145d2a712fd9f16f,enum_first_stable,0,ok,0.6112302909605205,0.6779079579864629,1.0,1.0,1.0,0.1,False,False,False,0.6112261659582146,"[{'threshold': 0.1, 'n_candidates_enumerated': 1088, 'enumeration_cap_hit': False, 'enumeration_timed_out': False}]",1088.0,0.0,,
unstable,50000,1,0.06667766702594236,a959467624734dea179bb7f4ec29a30befc9bdc99d23225a145d2a712fd9f16f,enum_uniform_random,0,ok,0.6112514989217743,0.6779291659477167,1.0,1.0,1.0,0.1,False,False,False,0.6112261659582146,"[{'threshold': 0.1, 'n_candidates_enumerated': 1088, 'enumeration_cap_hit': False, 'enumeration_timed_out': False}]",1088.0,0.0,,
unstable,50000,1,0.06667766702594236,a959467624734dea179bb7f4ec29a30befc9bdc99d23225a145d2a712fd9f16f,enum_uniform_random,1,ok,0.6112387489411049,0.6779164159670472,1.0,1.0,1.0,0.1,False,False,False,0.6112261659582146,"[{'threshold': 0.1, 'n_candidates_enumerated': 1088, 'enumeration_cap_hit': False, 'enumeration_timed_out': False}]",1088.0,0.0,,
unstable,50000,1,0.06667766702594236,a959467624734dea179bb7f4ec29a30befc9bdc99d23225a145d2a712fd9f16f,enum_uniform_random,2,ok,0.6112375829834491,0.6779152500093915,1.0,1.0,1.0,0.1,False,False,False,0.6112261659582146,"[{'threshold': 0.1, 'n_candidates_enumerated': 1088, 'enumeration_cap_hit': False, 'enumeration_timed_out': False}]",1088.0,0.0,,
unstable,50000,1,0.06667766702594236,a959467624734dea179bb7f4ec29a30befc9bdc99d23225a145d2a712fd9f16f,enum_uniform_random,3,ok,0.6112374159274623,0.6779150829534046,1.0,1.0,1.0,0.1,False,False,False,0.6112261659582146,"[{'threshold': 0.1, 'n_candidates_enumerated': 1088, 'enumeration_cap_hit': False, 'enumeration_timed_out': False}]",1088.0,0.0,,
unstable,50000,1,0.06667766702594236,a959467624734dea179bb7f4ec29a30befc9bdc99d23225a145d2a712fd9f16f,enum_uniform_random,4,ok,0.6112376239616424,0.6779152909875847,1.0,1.0,1.0,0.1,False,False,False,0.6112261659582146,"[{'threshold': 0.1, 'n_candidates_enumerated': 1088, 'enumeration_cap_hit': False, 'enumeration_timed_out': False}]",1088.0,0.0,,
unstable,50000,1,0.06667766702594236,a959467624734dea179bb7f4ec29a30befc9bdc99d23225a145d2a712fd9f16f,arbitrary_control,0,ok,3.0082999728620052e-05,0.06670775002567098,0.0,0.0,0.0,,False,False,,,,,,False,0.000498477002333018
unstable,50000,1,0.06667766702594236,a959467624734dea179bb7f4ec29a30befc9bdc99d23225a145d2a712fd9f16f,arbitrary_control,1,ok,2.6500027161091566e-05,0.06670416705310345,0.0,0.0,0.0,,False,False,,,,,,False,0.0002238857636235275
unstable,50000,1,0.06667766702594236,a959467624734dea179bb7f4ec29a30befc9bdc99d23225a145d2a712fd9f16f,arbitrary_control,2,ok,2.3458036594092846e-05,0.06670112506253645,0.0,0.0,0.0,,False,False,,,,,,False,0.0037469143048981654
unstable,50000,1,0.06667766702594236,a959467624734dea179bb7f4ec29a30befc9bdc99d23225a145d2a712fd9f16f,arbitrary_control,3,ok,2.2833002731204033e-05,0.06670050002867356,0.0,0.0,0.0,,False,False,,,,,,False,0.00016645081090890907
unstable,50000,1,0.06667766702594236,a959467624734dea179bb7f4ec29a30befc9bdc99d23225a145d2a712fd9f16f,arbitrary_control,4,ok,2.2833002731204033e-05,0.06670050002867356,0.0,0.0,0.0,,False,False,,,,,,False,0.0006462069393936563
unstable,50000,1,0.06667766702594236,a959467624734dea179bb7f4ec29a30befc9bdc99d23225a145d2a712fd9f16f,ours,0,ok,3.720802487805486e-05,0.06671487505082041,1.0,1.0,1.0,0.1,False,False,,,,,,,
unstable,50000,2,0.07062399998540059,aec324ea2eb5e9c42d3785681b739b7070ba54277b02a700a0580b2ddff0db90,arbitrary_control,0,ok,5.629099905490875e-05,0.0706802909844555,0.0,0.0,0.0,,False,False,,,,,,False,0.0024173824011860254
unstable,50000,2,0.07062399998540059,aec324ea2eb5e9c42d3785681b739b7070ba54277b02a700a0580b2ddff0db90,arbitrary_control,1,ok,2.5999965146183968e-05,0.07064999995054677,0.0,0.0,0.0,,False,False,,,,,,False,0.0005862926879679658
unstable,50000,2,0.07062399998540059,aec324ea2eb5e9c42d3785681b739b7070ba54277b02a700a0580b2ddff0db90,arbitrary_control,2,ok,2.3917004000395536e-05,0.07064791698940098,0.0,0.0,0.0,,False,False,,,,,,False,0.0008700141188304236
unstable,50000,2,0.07062399998540059,aec324ea2eb5e9c42d3785681b739b7070ba54277b02a700a0580b2ddff0db90,arbitrary_control,3,ok,2.295803278684616e-05,0.07064695801818743,0.0,0.0,0.0,,False,False,,,,,,False,0.0017341917660177609
unstable,50000,2,0.07062399998540059,aec324ea2eb5e9c42d3785681b739b7070ba54277b02a700a0580b2ddff0db90,arbitrary_control,4,ok,2.304196823388338e-05,0.07064704195363447,0.0,0.0,0.0,,False,False,,,,,,False,0.001558318638919336
unstable,50000,2,0.07062399998540059,aec324ea2eb5e9c42d3785681b739b7070ba54277b02a700a0580b2ddff0db90,ours,0,ok,3.662501694634557e-05,0.07066062500234693,1.0,1.0,1.0,0.1,False,False,,,,,,,
unstable,50000,2,0.07062399998540059,aec324ea2eb5e9c42d3785681b739b7070ba54277b02a700a0580b2ddff0db90,enum_first_stable,0,ok,0.015433125023264438,0.08605712500866503,1.0,1.0,1.0,0.1,False,False,False,0.015431999985594302,"[{'threshold': 0.1, 'n_candidates_enumerated': 288, 'enumeration_cap_hit': False, 'enumeration_timed_out': False}]",288.0,0.0,,
unstable,50000,2,0.07062399998540059,aec324ea2eb5e9c42d3785681b739b7070ba54277b02a700a0580b2ddff0db90,enum_uniform_random,0,ok,0.015443791984580457,0.08606779196998104,1.0,1.0,1.0,0.1,False,False,False,0.015431999985594302,"[{'threshold': 0.1, 'n_candidates_enumerated': 288, 'enumeration_cap_hit': False, 'enumeration_timed_out': False}]",288.0,0.0,,
unstable,50000,2,0.07062399998540059,aec324ea2eb5e9c42d3785681b739b7070ba54277b02a700a0580b2ddff0db90,enum_uniform_random,1,ok,0.01544183399528265,0.08606583398068324,1.0,1.0,1.0,0.1,False,False,False,0.015431999985594302,"[{'threshold': 0.1, 'n_candidates_enumerated': 288, 'enumeration_cap_hit': False, 'enumeration_timed_out': False}]",288.0,0.0,,
unstable,50000,2,0.07062399998540059,aec324ea2eb5e9c42d3785681b739b7070ba54277b02a700a0580b2ddff0db90,enum_uniform_random,2,ok,0.015441459021531045,0.08606545900693163,1.0,1.0,1.0,0.1,False,False,False,0.015431999985594302,"[{'threshold': 0.1, 'n_candidates_enumerated': 288, 'enumeration_cap_hit': False, 'enumeration_timed_out': False}]",288.0,0.0,,
unstable,50000,2,0.07062399998540059,aec324ea2eb5e9c42d3785681b739b7070ba54277b02a700a0580b2ddff0db90,enum_uniform_random,3,ok,0.015441583003848791,0.08606558298924938,1.0,1.0,1.0,0.1,False,False,False,0.015431999985594302,"[{'threshold': 0.1, 'n_candidates_enumerated': 288, 'enumeration_cap_hit': False, 'enumeration_timed_out': False}]",288.0,0.0,,
unstable,50000,2,0.07062399998540059,aec324ea2eb5e9c42d3785681b739b7070ba54277b02a700a0580b2ddff0db90,enum_uniform_random,4,ok,0.015441292023751885,0.08606529200915247,1.0,1.0,1.0,0.1,False,False,False,0.015431999985594302,"[{'threshold': 0.1, 'n_candidates_enumerated': 288, 'enumeration_cap_hit': False, 'enumeration_timed_out': False}]",288.0,0.0,,
unstable,50000,3,0.06668574997456744,bc4264b8cff00e694b0bc22628ef71fcb07b42d05322e4d65579d9dbd7214550,ours,0,ok,5.158304702490568e-05,0.06673733302159235,1.0,1.0,1.0,0.1,False,False,,,,,,,
unstable,50000,3,0.06668574997456744,bc4264b8cff00e694b0bc22628ef71fcb07b42d05322e4d65579d9dbd7214550,enum_first_stable,0,ok,0.1978399590589106,0.26452570903347805,1.0,1.0,1.0,0.1,False,False,False,0.1978247920051217,"[{'threshold': 0.1, 'n_candidates_enumerated': 1920, 'enumeration_cap_hit': False, 'enumeration_timed_out': False}]",1920.0,0.0,,
unstable,50000,3,0.06668574997456744,bc4264b8cff00e694b0bc22628ef71fcb07b42d05322e4d65579d9dbd7214550,enum_uniform_random,0,ok,0.19786508398829028,0.2645508339628577,1.0,1.0,1.0,0.1,False,False,False,0.1978247920051217,"[{'threshold': 0.1, 'n_candidates_enumerated': 1920, 'enumeration_cap_hit': False, 'enumeration_timed_out': False}]",1920.0,0.0,,
unstable,50000,3,0.06668574997456744,bc4264b8cff00e694b0bc22628ef71fcb07b42d05322e4d65579d9dbd7214550,enum_uniform_random,1,ok,0.19784095900831744,0.2645267089828849,1.0,1.0,1.0,0.1,False,False,False,0.1978247920051217,"[{'threshold': 0.1, 'n_candidates_enumerated': 1920, 'enumeration_cap_hit': False, 'enumeration_timed_out': False}]",1920.0,0.0,,
unstable,50000,3,0.06668574997456744,bc4264b8cff00e694b0bc22628ef71fcb07b42d05322e4d65579d9dbd7214550,enum_uniform_random,2,ok,0.19784029200673103,0.2645260419812985,1.0,1.0,1.0,0.1,False,False,False,0.1978247920051217,"[{'threshold': 0.1, 'n_candidates_enumerated': 1920, 'enumeration_cap_hit': False, 'enumeration_timed_out': False}]",1920.0,0.0,,
unstable,50000,3,0.06668574997456744,bc4264b8cff00e694b0bc22628ef71fcb07b42d05322e4d65579d9dbd7214550,enum_uniform_random,3,ok,0.1978380000218749,0.26452374999644235,1.0,1.0,1.0,0.1,False,False,False,0.1978247920051217,"[{'threshold': 0.1, 'n_candidates_enumerated': 1920, 'enumeration_cap_hit': False, 'enumeration_timed_out': False}]",1920.0,0.0,,
unstable,50000,3,0.06668574997456744,bc4264b8cff00e694b0bc22628ef71fcb07b42d05322e4d65579d9dbd7214550,enum_uniform_random,4,ok,0.1978387919953093,0.26452454196987674,1.0,1.0,1.0,0.1,False,False,False,0.1978247920051217,"[{'threshold': 0.1, 'n_candidates_enumerated': 1920, 'enumeration_cap_hit': False, 'enumeration_timed_out': False}]",1920.0,0.0,,
unstable,50000,3,0.06668574997456744,bc4264b8cff00e694b0bc22628ef71fcb07b42d05322e4d65579d9dbd7214550,arbitrary_control,0,ok,3.333395579829812e-05,0.06671908393036574,0.0,0.0,0.0,,False,False,,,,,,False,2.584274606456955e-05
unstable,50000,3,0.06668574997456744,bc4264b8cff00e694b0bc22628ef71fcb07b42d05322e4d65579d9dbd7214550,arbitrary_control,1,ok,2.9292015824466944e-05,0.06671504199039191,0.024390243902439025,0.0,0.0,,False,False,,,,,,False,0.00014469291182055518
unstable,50000,3,0.06668574997456744,bc4264b8cff00e694b0bc22628ef71fcb07b42d05322e4d65579d9dbd7214550,arbitrary_control,2,ok,2.424995182082057e-05,0.06670999992638826,0.0,0.0,0.0,,False,False,,,,,,False,0.0021732356620237495
unstable,50000,3,0.06668574997456744,bc4264b8cff00e694b0bc22628ef71fcb07b42d05322e4d65579d9dbd7214550,arbitrary_control,3,ok,2.4042034056037664e-05,0.06670979200862348,0.0,0.0,0.0,,False,False,,,,,,False,0.000513344207292678
unstable,50000,3,0.06668574997456744,bc4264b8cff00e694b0bc22628ef71fcb07b42d05322e4d65579d9dbd7214550,arbitrary_control,4,ok,2.420798409730196e-05,0.06670995795866475,0.0,0.0,0.0,,False,False,,,,,,False,0.000513344207292678
unstable,50000,4,0.058661250048317015,b2fb7623d4adb9ea76bc0a684cae11d2006056574f296c6297e40cc0ca9ae736,enum_first_stable,0,ok,18.468119582976215,18.52678083302453,1.0,1.0,1.0,0.1,False,False,False,18.46811620797962,"[{'threshold': 0.1, 'n_candidates_enumerated': 144, 'enumeration_cap_hit': False, 'enumeration_timed_out': False}]",144.0,0.0,,
unstable,50000,4,0.058661250048317015,b2fb7623d4adb9ea76bc0a684cae11d2006056574f296c6297e40cc0ca9ae736,enum_uniform_random,0,ok,18.468156498973258,18.526817749021575,1.0,1.0,1.0,0.1,False,False,False,18.46811620797962,"[{'threshold': 0.1, 'n_candidates_enumerated': 144, 'enumeration_cap_hit': False, 'enumeration_timed_out': False}]",144.0,0.0,,
unstable,50000,4,0.058661250048317015,b2fb7623d4adb9ea76bc0a684cae11d2006056574f296c6297e40cc0ca9ae736,enum_uniform_random,1,ok,18.468129040964413,18.52679029101273,1.0,1.0,1.0,0.1,False,False,False,18.46811620797962,"[{'threshold': 0.1, 'n_candidates_enumerated': 144, 'enumeration_cap_hit': False, 'enumeration_timed_out': False}]",144.0,0.0,,
unstable,50000,4,0.058661250048317015,b2fb7623d4adb9ea76bc0a684cae11d2006056574f296c6297e40cc0ca9ae736,enum_uniform_random,2,ok,18.4681319159572,18.52679316600552,1.0,1.0,1.0,0.1,False,False,False,18.46811620797962,"[{'threshold': 0.1, 'n_candidates_enumerated': 144, 'enumeration_cap_hit': False, 'enumeration_timed_out': False}]",144.0,0.0,,
unstable,50000,4,0.058661250048317015,b2fb7623d4adb9ea76bc0a684cae11d2006056574f296c6297e40cc0ca9ae736,enum_uniform_random,3,ok,18.468126665975433,18.52678791602375,1.0,1.0,1.0,0.1,False,False,False,18.46811620797962,"[{'threshold': 0.1, 'n_candidates_enumerated': 144, 'enumeration_cap_hit': False, 'enumeration_timed_out': False}]",144.0,0.0,,
unstable,50000,4,0.058661250048317015,b2fb7623d4adb9ea76bc0a684cae11d2006056574f296c6297e40cc0ca9ae736,enum_uniform_random,4,ok,18.46812624996528,18.526787500013597,1.0,1.0,1.0,0.1,False,False,False,18.46811620797962,"[{'threshold': 0.1, 'n_candidates_enumerated': 144, 'enumeration_cap_hit': False, 'enumeration_timed_out': False}]",144.0,0.0,,
unstable,50000,4,0.058661250048317015,b2fb7623d4adb9ea76bc0a684cae11d2006056574f296c6297e40cc0ca9ae736,arbitrary_control,0,ok,4.6749948523938656e-05,0.058707999996840954,0.0,0.0,0.0,,False,False,,,,,,False,0.00011834918025281237
unstable,50000,4,0.058661250048317015,b2fb7623d4adb9ea76bc0a684cae11d2006056574f296c6297e40cc0ca9ae736,arbitrary_control,1,ok,2.8624956030398607e-05,0.058689875004347414,0.0,0.0,0.0,,False,False,,,,,,False,0.0002791756056168066
unstable,50000,4,0.058661250048317015,b2fb7623d4adb9ea76bc0a684cae11d2006056574f296c6297e40cc0ca9ae736,arbitrary_control,2,ok,2.5334011297672987e-05,0.05868658405961469,0.0,0.0,0.0,,False,False,,,,,,False,0.0002916930552655419
unstable,50000,4,0.058661250048317015,b2fb7623d4adb9ea76bc0a684cae11d2006056574f296c6297e40cc0ca9ae736,arbitrary_control,3,ok,2.4416018277406693e-05,0.05868566606659442,0.0,0.0,0.0,,False,False,,,,,,False,0.001357234180646819
unstable,50000,4,0.058661250048317015,b2fb7623d4adb9ea76bc0a684cae11d2006056574f296c6297e40cc0ca9ae736,arbitrary_control,4,ok,2.3917004000395536e-05,0.05868516705231741,0.0,0.0,0.0,,False,False,,,,,,False,0.0002791756056168066
unstable,50000,4,0.058661250048317015,b2fb7623d4adb9ea76bc0a684cae11d2006056574f296c6297e40cc0ca9ae736,ours,0,ok,4.258297849446535e-05,0.05870383302681148,1.0,1.0,1.0,0.1,False,False,,,,,,,
unstable,50000,5,0.07939395902212709,858d715d649819dd4dd199bb7d92e22e23063d6d3eff6fba1fb0bddf7ce1170f,arbitrary_control,0,ok,5.8125006034970284e-05,0.07945208402816206,0.0,0.0,0.0,,False,False,,,,,,False,0.0008326107904954566
unstable,50000,5,0.07939395902212709,858d715d649819dd4dd199bb7d92e22e23063d6d3eff6fba1fb0bddf7ce1170f,arbitrary_control,1,ok,2.729095285758376e-05,0.07942124997498468,0.0,0.0,0.0,,False,False,,,,,,False,0.0006947156594174689
unstable,50000,5,0.07939395902212709,858d715d649819dd4dd199bb7d92e22e23063d6d3eff6fba1fb0bddf7ce1170f,arbitrary_control,2,ok,2.4459033738821745e-05,0.07941841805586591,0.0,0.0,0.0,,False,False,,,,,,False,0.0012153218515626749
unstable,50000,5,0.07939395902212709,858d715d649819dd4dd199bb7d92e22e23063d6d3eff6fba1fb0bddf7ce1170f,arbitrary_control,3,ok,2.379197394475341e-05,0.07941775099607185,0.0,0.0,0.0,,False,False,,,,,,False,0.0009349339819478018
unstable,50000,5,0.07939395902212709,858d715d649819dd4dd199bb7d92e22e23063d6d3eff6fba1fb0bddf7ce1170f,arbitrary_control,4,ok,2.3374974261969328e-05,0.07941733399638906,0.0,0.0,0.0,,False,False,,,,,,False,0.0005829155058647221
unstable,50000,5,0.07939395902212709,858d715d649819dd4dd199bb7d92e22e23063d6d3eff6fba1fb0bddf7ce1170f,ours,0,ok,3.858399577438831e-05,0.07943254301790148,1.0,1.0,1.0,0.1,False,False,,,,,,,
unstable,50000,5,0.07939395902212709,858d715d649819dd4dd199bb7d92e22e23063d6d3eff6fba1fb0bddf7ce1170f,enum_first_stable,0,ok,2.5195504590519704,2.5989444180740975,0.8397976391231029,0.0,0.0,0.1,False,False,False,2.5195293750148267,"[{'threshold': 0.1, 'n_candidates_enumerated': 2016, 'enumeration_cap_hit': False, 'enumeration_timed_out': False}]",2016.0,0.0,,
unstable,50000,5,0.07939395902212709,858d715d649819dd4dd199bb7d92e22e23063d6d3eff6fba1fb0bddf7ce1170f,enum_uniform_random,0,ok,2.5195749580161646,2.5989689170382917,1.0,1.0,1.0,0.1,False,False,False,2.5195293750148267,"[{'threshold': 0.1, 'n_candidates_enumerated': 2016, 'enumeration_cap_hit': False, 'enumeration_timed_out': False}]",2016.0,0.0,,
unstable,50000,5,0.07939395902212709,858d715d649819dd4dd199bb7d92e22e23063d6d3eff6fba1fb0bddf7ce1170f,enum_uniform_random,1,ok,2.5195441659889184,2.5989381250110455,1.0,1.0,1.0,0.1,False,False,False,2.5195293750148267,"[{'threshold': 0.1, 'n_candidates_enumerated': 2016, 'enumeration_cap_hit': False, 'enumeration_timed_out': False}]",2016.0,0.0,,
unstable,50000,5,0.07939395902212709,858d715d649819dd4dd199bb7d92e22e23063d6d3eff6fba1fb0bddf7ce1170f,enum_uniform_random,2,ok,2.519543542061001,2.598937501083128,1.0,1.0,1.0,0.1,False,False,False,2.5195293750148267,"[{'threshold': 0.1, 'n_candidates_enumerated': 2016, 'enumeration_cap_hit': False, 'enumeration_timed_out': False}]",2016.0,0.0,,
unstable,50000,5,0.07939395902212709,858d715d649819dd4dd199bb7d92e22e23063d6d3eff6fba1fb0bddf7ce1170f,enum_uniform_random,3,ok,2.519543041998986,2.5989370010211132,0.8397976391231029,0.0,0.0,0.1,False,False,False,2.5195293750148267,"[{'threshold': 0.1, 'n_candidates_enumerated': 2016, 'enumeration_cap_hit': False, 'enumeration_timed_out': False}]",2016.0,0.0,,
unstable,50000,5,0.07939395902212709,858d715d649819dd4dd199bb7d92e22e23063d6d3eff6fba1fb0bddf7ce1170f,enum_uniform_random,4,ok,2.519543167029042,2.598937126051169,0.8397976391231029,0.0,0.0,0.1,False,False,False,2.5195293750148267,"[{'threshold': 0.1, 'n_candidates_enumerated': 2016, 'enumeration_cap_hit': False, 'enumeration_timed_out': False}]",2016.0,0.0,,
unstable,50000,6,0.06692337500862777,876aedc40aa1a7e34e08d680ce19363dd0fd79837f3ee7b5e7166b9b559783ef,ours,0,ok,4.616699879989028e-05,0.06696954200742766,1.0,1.0,1.0,0.1,False,False,,,,,,,
unstable,50000,6,0.06692337500862777,876aedc40aa1a7e34e08d680ce19363dd0fd79837f3ee7b5e7166b9b559783ef,enum_first_stable,0,ok,2.1968807919765823,2.26380416698521,1.0,1.0,1.0,0.1,False,False,False,2.1968659589765593,"[{'threshold': 0.1, 'n_candidates_enumerated': 960, 'enumeration_cap_hit': False, 'enumeration_timed_out': False}]",960.0,0.0,,
unstable,50000,6,0.06692337500862777,876aedc40aa1a7e34e08d680ce19363dd0fd79837f3ee7b5e7166b9b559783ef,enum_uniform_random,0,ok,2.196905251010321,2.263828626018949,1.0,1.0,1.0,0.1,False,False,False,2.1968659589765593,"[{'threshold': 0.1, 'n_candidates_enumerated': 960, 'enumeration_cap_hit': False, 'enumeration_timed_out': False}]",960.0,0.0,,
unstable,50000,6,0.06692337500862777,876aedc40aa1a7e34e08d680ce19363dd0fd79837f3ee7b5e7166b9b559783ef,enum_uniform_random,1,ok,2.1968805419746786,2.2638039169833064,1.0,1.0,1.0,0.1,False,False,False,2.1968659589765593,"[{'threshold': 0.1, 'n_candidates_enumerated': 960, 'enumeration_cap_hit': False, 'enumeration_timed_out': False}]",960.0,0.0,,
unstable,50000,6,0.06692337500862777,876aedc40aa1a7e34e08d680ce19363dd0fd79837f3ee7b5e7166b9b559783ef,enum_uniform_random,2,ok,2.1968787090154365,2.2638020840240642,1.0,1.0,1.0,0.1,False,False,False,2.1968659589765593,"[{'threshold': 0.1, 'n_candidates_enumerated': 960, 'enumeration_cap_hit': False, 'enumeration_timed_out': False}]",960.0,0.0,,
unstable,50000,6,0.06692337500862777,876aedc40aa1a7e34e08d680ce19363dd0fd79837f3ee7b5e7166b9b559783ef,enum_uniform_random,3,ok,2.1968777509755455,2.2638011259841733,1.0,1.0,1.0,0.1,False,False,False,2.1968659589765593,"[{'threshold': 0.1, 'n_candidates_enumerated': 960, 'enumeration_cap_hit': False, 'enumeration_timed_out': False}]",960.0,0.0,,
unstable,50000,6,0.06692337500862777,876aedc40aa1a7e34e08d680ce19363dd0fd79837f3ee7b5e7166b9b559783ef,enum_uniform_random,4,ok,2.1968772509717382,2.263800625980366,1.0,1.0,1.0,0.1,False,False,False,2.1968659589765593,"[{'threshold': 0.1, 'n_candidates_enumerated': 960, 'enumeration_cap_hit': False, 'enumeration_timed_out': False}]",960.0,0.0,,
unstable,50000,6,0.06692337500862777,876aedc40aa1a7e34e08d680ce19363dd0fd79837f3ee7b5e7166b9b559783ef,arbitrary_control,0,ok,3.287498839199543e-05,0.06695624999701977,0.0,0.0,0.0,,False,False,,,,,,False,0.00031776887987294936
unstable,50000,6,0.06692337500862777,876aedc40aa1a7e34e08d680ce19363dd0fd79837f3ee7b5e7166b9b559783ef,arbitrary_control,1,ok,2.7582980692386627e-05,0.06695095798932016,0.0,0.0,0.0,,False,False,,,,,,False,0.0006762155482493655
unstable,50000,6,0.06692337500862777,876aedc40aa1a7e34e08d680ce19363dd0fd79837f3ee7b5e7166b9b559783ef,arbitrary_control,2,ok,2.4082954041659832e-05,0.06694745796266943,0.0,0.0,0.0,,False,False,,,,,,False,0.002689174607211275
unstable,50000,6,0.06692337500862777,876aedc40aa1a7e34e08d680ce19363dd0fd79837f3ee7b5e7166b9b559783ef,arbitrary_control,3,ok,2.358300844207406e-05,0.06694695801706985,0.0,0.0,0.0,,False,False,,,,,,False,0.0004652907421742075
unstable,50000,6,0.06692337500862777,876aedc40aa1a7e34e08d680ce19363dd0fd79837f3ee7b5e7166b9b559783ef,arbitrary_control,4,ok,2.337503246963024e-05,0.0669467500410974,0.0,0.0,0.0,,False,False,,,,,,False,0.0009870157927659112
unstable,50000,7,0.054905999975744635,4eb4c0b557d20d5b2816d24784c4d827ae9fbf09946400a6ebc371abbf32bbdd,enum_first_stable,0,ok,2.1545337910065427,2.2094397909822874,1.0,1.0,1.0,0.1,False,False,False,2.154526958009228,"[{'threshold': 0.1, 'n_candidates_enumerated': 336, 'enumeration_cap_hit': False, 'enumeration_timed_out': False}]",336.0,0.0,,
unstable,50000,7,0.054905999975744635,4eb4c0b557d20d5b2816d24784c4d827ae9fbf09946400a6ebc371abbf32bbdd,enum_uniform_random,0,ok,2.154583666007966,2.2094896659837104,1.0,1.0,1.0,0.1,False,False,False,2.154526958009228,"[{'threshold': 0.1, 'n_candidates_enumerated': 336, 'enumeration_cap_hit': False, 'enumeration_timed_out': False}]",336.0,0.0,,
unstable,50000,7,0.054905999975744635,4eb4c0b557d20d5b2816d24784c4d827ae9fbf09946400a6ebc371abbf32bbdd,enum_uniform_random,1,ok,2.1545402919873595,2.209446291963104,1.0,1.0,1.0,0.1,False,False,False,2.154526958009228,"[{'threshold': 0.1, 'n_candidates_enumerated': 336, 'enumeration_cap_hit': False, 'enumeration_timed_out': False}]",336.0,0.0,,
unstable,50000,7,0.054905999975744635,4eb4c0b557d20d5b2816d24784c4d827ae9fbf09946400a6ebc371abbf32bbdd,enum_uniform_random,2,ok,2.1545383330085315,2.209444332984276,1.0,1.0,1.0,0.1,False,False,False,2.154526958009228,"[{'threshold': 0.1, 'n_candidates_enumerated': 336, 'enumeration_cap_hit': False, 'enumeration_timed_out': False}]",336.0,0.0,,
unstable,50000,7,0.054905999975744635,4eb4c0b557d20d5b2816d24784c4d827ae9fbf09946400a6ebc371abbf32bbdd,enum_uniform_random,3,ok,2.1545378330047242,2.209443832980469,1.0,1.0,1.0,0.1,False,False,False,2.154526958009228,"[{'threshold': 0.1, 'n_candidates_enumerated': 336, 'enumeration_cap_hit': False, 'enumeration_timed_out': False}]",336.0,0.0,,
unstable,50000,7,0.054905999975744635,4eb4c0b557d20d5b2816d24784c4d827ae9fbf09946400a6ebc371abbf32bbdd,enum_uniform_random,4,ok,2.1545374169945717,2.2094434169703163,1.0,1.0,1.0,0.1,False,False,False,2.154526958009228,"[{'threshold': 0.1, 'n_candidates_enumerated': 336, 'enumeration_cap_hit': False, 'enumeration_timed_out': False}]",336.0,0.0,,
unstable,50000,7,0.054905999975744635,4eb4c0b557d20d5b2816d24784c4d827ae9fbf09946400a6ebc371abbf32bbdd,arbitrary_control,0,ok,5.329196574166417e-05,0.0549592919414863,0.0,0.0,0.0,,False,False,,,,,,False,9.046995716224798e-05
unstable,50000,7,0.054905999975744635,4eb4c0b557d20d5b2816d24784c4d827ae9fbf09946400a6ebc371abbf32bbdd,arbitrary_control,1,ok,2.7875008527189493e-05,0.054933874984271824,0.0,0.0,0.0,,False,False,,,,,,False,0.000887361623112455
unstable,50000,7,0.054905999975744635,4eb4c0b557d20d5b2816d24784c4d827ae9fbf09946400a6ebc371abbf32bbdd,arbitrary_control,2,ok,2.500001573935151e-05,0.054930999991483986,0.0,0.0,0.0,,False,False,,,,,,False,2.0802670224343257e-05
unstable,50000,7,0.054905999975744635,4eb4c0b557d20d5b2816d24784c4d827ae9fbf09946400a6ebc371abbf32bbdd,arbitrary_control,3,ok,2.4875043891370296e-05,0.054930875019636005,0.0,0.0,0.0,,False,False,,,,,,False,0.001917255472999536
unstable,50000,7,0.054905999975744635,4eb4c0b557d20d5b2816d24784c4d827ae9fbf09946400a6ebc371abbf32bbdd,arbitrary_control,4,ok,2.3875036276876926e-05,0.05492987501202151,0.0,0.0,0.0,,False,False,,,,,,False,0.0002236656806254778
unstable,50000,7,0.054905999975744635,4eb4c0b557d20d5b2816d24784c4d827ae9fbf09946400a6ebc371abbf32bbdd,ours,0,ok,4.020804772153497e-05,0.05494620802346617,1.0,1.0,1.0,0.1,False,False,,,,,,,
unstable,50000,8,0.05861487501533702,162b1e074893690eefbb06a1e720bcf8f292139beac12b93e83b7e80160e09fd,arbitrary_control,0,ok,6.108300294727087e-05,0.05867595801828429,0.0,0.0,0.0,,False,False,,,,,,False,0.0005079118628742316
unstable,50000,8,0.05861487501533702,162b1e074893690eefbb06a1e720bcf8f292139beac12b93e83b7e80160e09fd,arbitrary_control,1,ok,3.137503517791629e-05,0.058646250050514936,0.0,0.0,0.0,,False,False,,,,,,False,0.0004384583935187732
unstable,50000,8,0.05861487501533702,162b1e074893690eefbb06a1e720bcf8f292139beac12b93e83b7e80160e09fd,arbitrary_control,2,ok,2.7458008844405413e-05,0.058642333024181426,0.0,0.0,0.0,,False,False,,,,,,False,0.0019609747445992454
unstable,50000,8,0.05861487501533702,162b1e074893690eefbb06a1e720bcf8f292139beac12b93e83b7e80160e09fd,arbitrary_control,3,ok,2.5457993615418673e-05,0.05864033300895244,0.0,0.0,0.0,,False,False,,,,,,False,0.0007484083447578263
unstable,50000,8,0.05861487501533702,162b1e074893690eefbb06a1e720bcf8f292139beac12b93e83b7e80160e09fd,arbitrary_control,4,ok,2.4541979655623436e-05,0.058639416994992644,0.0,0.0,0.0,,False,False,,,,,,False,8.940614658796019e-05
unstable,50000,8,0.05861487501533702,162b1e074893690eefbb06a1e720bcf8f292139beac12b93e83b7e80160e09fd,ours,0,ok,3.6209006793797016e-05,0.05865108402213082,1.0,1.0,1.0,0.1,False,False,,,,,,,
unstable,50000,8,0.05861487501533702,162b1e074893690eefbb06a1e720bcf8f292139beac12b93e83b7e80160e09fd,enum_first_stable,0,ok,2.731705624028109,2.790320499043446,1.0,1.0,1.0,0.1,False,False,False,2.731596708006691,"[{'threshold': 0.1, 'n_candidates_enumerated': 30336, 'enumeration_cap_hit': False, 'enumeration_timed_out': False}]",30336.0,0.0,,
unstable,50000,8,0.05861487501533702,162b1e074893690eefbb06a1e720bcf8f292139beac12b93e83b7e80160e09fd,enum_uniform_random,0,ok,2.7316975410212763,2.7903124160366133,1.0,1.0,1.0,0.1,False,False,False,2.731596708006691,"[{'threshold': 0.1, 'n_candidates_enumerated': 30336, 'enumeration_cap_hit': False, 'enumeration_timed_out': False}]",30336.0,0.0,,
unstable,50000,8,0.05861487501533702,162b1e074893690eefbb06a1e720bcf8f292139beac12b93e83b7e80160e09fd,enum_uniform_random,1,ok,2.7316815410158597,2.7902964160311967,1.0,1.0,1.0,0.1,False,False,False,2.731596708006691,"[{'threshold': 0.1, 'n_candidates_enumerated': 30336, 'enumeration_cap_hit': False, 'enumeration_timed_out': False}]",30336.0,0.0,,
unstable,50000,8,0.05861487501533702,162b1e074893690eefbb06a1e720bcf8f292139beac12b93e83b7e80160e09fd,enum_uniform_random,2,ok,2.7316784990252927,2.7902933740406297,1.0,1.0,1.0,0.1,False,False,False,2.731596708006691,"[{'threshold': 0.1, 'n_candidates_enumerated': 30336, 'enumeration_cap_hit': False, 'enumeration_timed_out': False}]",30336.0,0.0,,
unstable,50000,8,0.05861487501533702,162b1e074893690eefbb06a1e720bcf8f292139beac12b93e83b7e80160e09fd,enum_uniform_random,3,ok,2.7316813330398872,2.7902962080552243,1.0,1.0,1.0,0.1,False,False,False,2.731596708006691,"[{'threshold': 0.1, 'n_candidates_enumerated': 30336, 'enumeration_cap_hit': False, 'enumeration_timed_out': False}]",30336.0,0.0,,
unstable,50000,8,0.05861487501533702,162b1e074893690eefbb06a1e720bcf8f292139beac12b93e83b7e80160e09fd,enum_uniform_random,4,ok,2.7316839990089647,2.7902988740243018,1.0,1.0,1.0,0.1,False,False,False,2.731596708006691,"[{'threshold': 0.1, 'n_candidates_enumerated': 30336, 'enumeration_cap_hit': False, 'enumeration_timed_out': False}]",30336.0,0.0,,
unstable,50000,9,0.058615791029296815,5e6872c7c20e4d8ffa7d761528403aa8c7f78d27f191fdef94924eda4f23a501,ours,0,ok,5.220802268013358e-05,0.05866799905197695,1.0,1.0,1.0,0.1,False,False,,,,,,,
unstable,50000,9,0.058615791029296815,5e6872c7c20e4d8ffa7d761528403aa8c7f78d27f191fdef94924eda4f23a501,enum_first_stable,0,ok,56.36603837501025,56.424654166039545,1.0,1.0,1.0,0.1,False,False,False,56.36603241699049,"[{'threshold': 0.1, 'n_candidates_enumerated': 336, 'enumeration_cap_hit': False, 'enumeration_timed_out': False}]",336.0,0.0,,
unstable,50000,9,0.058615791029296815,5e6872c7c20e4d8ffa7d761528403aa8c7f78d27f191fdef94924eda4f23a501,enum_uniform_random,0,ok,56.366085916990414,56.42470170801971,1.0,1.0,1.0,0.1,False,False,False,56.36603241699049,"[{'threshold': 0.1, 'n_candidates_enumerated': 336, 'enumeration_cap_hit': False, 'enumeration_timed_out': False}]",336.0,0.0,,
unstable,50000,9,0.058615791029296815,5e6872c7c20e4d8ffa7d761528403aa8c7f78d27f191fdef94924eda4f23a501,enum_uniform_random,1,ok,56.366046874958556,56.42466266598785,1.0,1.0,1.0,0.1,False,False,False,56.36603241699049,"[{'threshold': 0.1, 'n_candidates_enumerated': 336, 'enumeration_cap_hit': False, 'enumeration_timed_out': False}]",336.0,0.0,,
unstable,50000,9,0.058615791029296815,5e6872c7c20e4d8ffa7d761528403aa8c7f78d27f191fdef94924eda4f23a501,enum_uniform_random,2,ok,56.366043749963865,56.42465954099316,1.0,1.0,1.0,0.1,False,False,False,56.36603241699049,"[{'threshold': 0.1, 'n_candidates_enumerated': 336, 'enumeration_cap_hit': False, 'enumeration_timed_out': False}]",336.0,0.0,,
unstable,50000,9,0.058615791029296815,5e6872c7c20e4d8ffa7d761528403aa8c7f78d27f191fdef94924eda4f23a501,enum_uniform_random,3,ok,56.36604316701414,56.42465895804344,1.0,1.0,1.0,0.1,False,False,False,56.36603241699049,"[{'threshold': 0.1, 'n_candidates_enumerated': 336, 'enumeration_cap_hit': False, 'enumeration_timed_out': False}]",336.0,0.0,,
unstable,50000,9,0.058615791029296815,5e6872c7c20e4d8ffa7d761528403aa8c7f78d27f191fdef94924eda4f23a501,enum_uniform_random,4,ok,56.36604270798853,56.42465849901782,1.0,1.0,1.0,0.1,False,False,False,56.36603241699049,"[{'threshold': 0.1, 'n_candidates_enumerated': 336, 'enumeration_cap_hit': False, 'enumeration_timed_out': False}]",336.0,0.0,,
unstable,50000,9,0.058615791029296815,5e6872c7c20e4d8ffa7d761528403aa8c7f78d27f191fdef94924eda4f23a501,arbitrary_control,0,ok,4.308304050937295e-05,0.05865887406980619,0.0,0.0,0.0,,False,False,,,,,,False,0.00042773962381380774
unstable,50000,9,0.058615791029296815,5e6872c7c20e4d8ffa7d761528403aa8c7f78d27f191fdef94924eda4f23a501,arbitrary_control,1,ok,2.7332978788763285e-05,0.05864312400808558,0.0,0.0,0.0,,False,False,,,,,,False,0.00011767541610417275
unstable,50000,9,0.058615791029296815,5e6872c7c20e4d8ffa7d761528403aa8c7f78d27f191fdef94924eda4f23a501,arbitrary_control,2,ok,2.4457986000925303e-05,0.05864024901529774,0.0,0.0,0.0,,False,False,,,,,,False,0.00018240021902892002
unstable,50000,9,0.058615791029296815,5e6872c7c20e4d8ffa7d761528403aa8c7f78d27f191fdef94924eda4f23a501,arbitrary_control,3,ok,2.3875036276876926e-05,0.05863966606557369,0.0,0.0,0.0,,False,False,,,,,,False,0.000493648277673439
unstable,50000,9,0.058615791029296815,5e6872c7c20e4d8ffa7d761528403aa8c7f78d27f191fdef94924eda4f23a501,arbitrary_control,4,ok,2.3541972041130066e-05,0.058639333001337945,0.0,0.0,0.0,,False,False,,,,,,False,0.00019961110306846816
unstable,50000,10,0.06004862498957664,7bbf7720f614999680e3213b84e9c5aef4b0515b4a96963bee2f56d4f565fd3e,enum_first_stable,0,ok,0.210053583025001,0.2701022080145776,1.0,1.0,1.0,0.1,False,False,False,0.21004975005052984,"[{'threshold': 0.1, 'n_candidates_enumerated': 1152, 'enumeration_cap_hit': False, 'enumeration_timed_out': False}]",1152.0,0.0,,
unstable,50000,10,0.06004862498957664,7bbf7720f614999680e3213b84e9c5aef4b0515b4a96963bee2f56d4f565fd3e,enum_uniform_random,0,ok,0.21007370902225375,0.2701223340118304,1.0,1.0,1.0,0.1,False,False,False,0.21004975005052984,"[{'threshold': 0.1, 'n_candidates_enumerated': 1152, 'enumeration_cap_hit': False, 'enumeration_timed_out': False}]",1152.0,0.0,,
unstable,50000,10,0.06004862498957664,7bbf7720f614999680e3213b84e9c5aef4b0515b4a96963bee2f56d4f565fd3e,enum_uniform_random,1,ok,0.21006179205141962,0.27011041704099625,1.0,1.0,1.0,0.1,False,False,False,0.21004975005052984,"[{'threshold': 0.1, 'n_candidates_enumerated': 1152, 'enumeration_cap_hit': False, 'enumeration_timed_out': False}]",1152.0,0.0,,
unstable,50000,10,0.06004862498957664,7bbf7720f614999680e3213b84e9c5aef4b0515b4a96963bee2f56d4f565fd3e,enum_uniform_random,2,ok,0.2100612500216812,0.2701098750112578,1.0,1.0,1.0,0.1,False,False,False,0.21004975005052984,"[{'threshold': 0.1, 'n_candidates_enumerated': 1152, 'enumeration_cap_hit': False, 'enumeration_timed_out': False}]",1152.0,0.0,,
unstable,50000,10,0.06004862498957664,7bbf7720f614999680e3213b84e9c5aef4b0515b4a96963bee2f56d4f565fd3e,enum_uniform_random,3,ok,0.21006129105808213,0.27010991604765877,1.0,1.0,1.0,0.1,False,False,False,0.21004975005052984,"[{'threshold': 0.1, 'n_candidates_enumerated': 1152, 'enumeration_cap_hit': False, 'enumeration_timed_out': False}]",1152.0,0.0,,
unstable,50000,10,0.06004862498957664,7bbf7720f614999680e3213b84e9c5aef4b0515b4a96963bee2f56d4f565fd3e,enum_uniform_random,4,ok,0.21006104204570875,0.2701096670352854,1.0,1.0,1.0,0.1,False,False,False,0.21004975005052984,"[{'threshold': 0.1, 'n_candidates_enumerated': 1152, 'enumeration_cap_hit': False, 'enumeration_timed_out': False}]",1152.0,0.0,,
unstable,50000,10,0.06004862498957664,7bbf7720f614999680e3213b84e9c5aef4b0515b4a96963bee2f56d4f565fd3e,arbitrary_control,0,ok,2.9916001949459314e-05,0.0600785409915261,0.0,0.0,0.0,,False,False,,,,,,False,0.0002904119053853434
unstable,50000,10,0.06004862498957664,7bbf7720f614999680e3213b84e9c5aef4b0515b4a96963bee2f56d4f565fd3e,arbitrary_control,1,ok,2.704199869185686e-05,0.060075666988268495,0.0,0.0,0.0,,False,False,,,,,,False,0.00021295741803247937
unstable,50000,10,0.06004862498957664,7bbf7720f614999680e3213b84e9c5aef4b0515b4a96963bee2f56d4f565fd3e,arbitrary_control,2,ok,2.320896601304412e-05,0.06007183395558968,0.0,0.0,0.0,,False,False,,,,,,False,0.0006587258226515768
unstable,50000,10,0.06004862498957664,7bbf7720f614999680e3213b84e9c5aef4b0515b4a96963bee2f56d4f565fd3e,arbitrary_control,3,ok,2.3124972358345985e-05,0.060071749961934984,0.0,0.0,0.0,,False,False,,,,,,False,0.002277765879497642
unstable,50000,10,0.06004862498957664,7bbf7720f614999680e3213b84e9c5aef4b0515b4a96963bee2f56d4f565fd3e,arbitrary_control,4,ok,2.3416010662913322e-05,0.06007204100023955,0.0,0.0,0.0,,False,False,,,,,,False,0.0005844502340715256
unstable,50000,10,0.06004862498957664,7bbf7720f614999680e3213b84e9c5aef4b0515b4a96963bee2f56d4f565fd3e,ours,0,ok,3.395904786884785e-05,0.060082584037445486,1.0,1.0,1.0,0.1,False,False,,,,,,,
unstable,50000,11,0.06249683297937736,8574c1c0255fac56508ea5b17fc0470e601f0d418dbb2f564e2806bee3fd5c0c,arbitrary_control,0,ok,5.8166973758488894e-05,0.06255499995313585,0.0,0.0,0.0,,False,False,,,,,,False,0.0013236046416270823
unstable,50000,11,0.06249683297937736,8574c1c0255fac56508ea5b17fc0470e601f0d418dbb2f564e2806bee3fd5c0c,arbitrary_control,1,ok,2.5833025574684143e-05,0.06252266600495204,0.0,0.0,0.0,,False,False,,,,,,False,9.777535711768009e-05
unstable,50000,11,0.06249683297937736,8574c1c0255fac56508ea5b17fc0470e601f0d418dbb2f564e2806bee3fd5c0c,arbitrary_control,2,ok,2.4084001779556274e-05,0.06252091698115692,0.0,0.0,0.0,,False,False,,,,,,False,6.023709787040846e-05
unstable,50000,11,0.06249683297937736,8574c1c0255fac56508ea5b17fc0470e601f0d418dbb2f564e2806bee3fd5c0c,arbitrary_control,3,ok,2.37500062212348e-05,0.0625205829855986,0.0,0.0,0.0,,False,False,,,,,,False,0.0009894924692300164
unstable,50000,11,0.06249683297937736,8574c1c0255fac56508ea5b17fc0470e601f0d418dbb2f564e2806bee3fd5c0c,arbitrary_control,4,ok,2.4374981876462698e-05,0.06252120796125382,0.0,0.0,0.0,,False,False,,,,,,False,0.00028324805654499356
unstable,50000,11,0.06249683297937736,8574c1c0255fac56508ea5b17fc0470e601f0d418dbb2f564e2806bee3fd5c0c,ours,0,ok,4.1041988879442215e-05,0.0625378749682568,1.0,1.0,1.0,0.1,False,False,,,,,,,
unstable,50000,11,0.06249683297937736,8574c1c0255fac56508ea5b17fc0470e601f0d418dbb2f564e2806bee3fd5c0c,enum_first_stable,0,ok,60.00005608407082,60.0625529170502,1.0,1.0,1.0,0.1,False,True,True,60.000028750044294,"[{'threshold': 0.1, 'n_candidates_enumerated': 2688, 'enumeration_cap_hit': False, 'enumeration_timed_out': True}]",2688.0,2.0,,
unstable,50000,11,0.06249683297937736,8574c1c0255fac56508ea5b17fc0470e601f0d418dbb2f564e2806bee3fd5c0c,enum_uniform_random,0,ok,60.00007462507347,60.062571458052844,1.0,1.0,1.0,0.1,False,True,False,60.000028750044294,"[{'threshold': 0.1, 'n_candidates_enumerated': 2688, 'enumeration_cap_hit': False, 'enumeration_timed_out': True}]",2688.0,2.0,,
unstable,50000,11,0.06249683297937736,8574c1c0255fac56508ea5b17fc0470e601f0d418dbb2f564e2806bee3fd5c0c,enum_uniform_random,1,ok,60.00004687503679,60.062543708016165,1.0,1.0,1.0,0.1,False,True,False,60.000028750044294,"[{'threshold': 0.1, 'n_candidates_enumerated': 2688, 'enumeration_cap_hit': False, 'enumeration_timed_out': True}]",2688.0,2.0,,
unstable,50000,11,0.06249683297937736,8574c1c0255fac56508ea5b17fc0470e601f0d418dbb2f564e2806bee3fd5c0c,enum_uniform_random,2,ok,60.000045916007366,60.06254274898674,1.0,1.0,1.0,0.1,False,True,False,60.000028750044294,"[{'threshold': 0.1, 'n_candidates_enumerated': 2688, 'enumeration_cap_hit': False, 'enumeration_timed_out': True}]",2688.0,2.0,,
unstable,50000,11,0.06249683297937736,8574c1c0255fac56508ea5b17fc0470e601f0d418dbb2f564e2806bee3fd5c0c,enum_uniform_random,3,ok,60.00004458305193,60.06254141603131,1.0,1.0,1.0,0.1,False,True,False,60.000028750044294,"[{'threshold': 0.1, 'n_candidates_enumerated': 2688, 'enumeration_cap_hit': False, 'enumeration_timed_out': True}]",2688.0,2.0,,
unstable,50000,11,0.06249683297937736,8574c1c0255fac56508ea5b17fc0470e601f0d418dbb2f564e2806bee3fd5c0c,enum_uniform_random,4,ok,60.00004437501775,60.06254120799713,1.0,1.0,1.0,0.1,False,True,False,60.000028750044294,"[{'threshold': 0.1, 'n_candidates_enumerated': 2688, 'enumeration_cap_hit': False, 'enumeration_timed_out': True}]",2688.0,2.0,,
unstable,50000,12,0.0675246249884367,86121965f35451e2b8c9be474dfff3e47b26779a263b50b23d6d42c513cdd1e8,ours,0,ok,5.187495844438672e-05,0.06757649994688109,1.0,1.0,1.0,0.1,False,False,,,,,,,
unstable,50000,12,0.0675246249884367,86121965f35451e2b8c9be474dfff3e47b26779a263b50b23d6d42c513cdd1e8,enum_first_stable,0,ok,0.23278487398056313,0.30030949896899983,1.0,1.0,1.0,0.1,False,False,False,0.2327780409832485,"[{'threshold': 0.1, 'n_candidates_enumerated': 1920, 'enumeration_cap_hit': False, 'enumeration_timed_out': False}]",1920.0,0.0,,
unstable,50000,12,0.0675246249884367,86121965f35451e2b8c9be474dfff3e47b26779a263b50b23d6d42c513cdd1e8,enum_uniform_random,0,ok,0.23280570696806535,0.30033033195650205,1.0,1.0,1.0,0.1,False,False,False,0.2327780409832485,"[{'threshold': 0.1, 'n_candidates_enumerated': 1920, 'enumeration_cap_hit': False, 'enumeration_timed_out': False}]",1920.0,0.0,,
unstable,50000,12,0.0675246249884367,86121965f35451e2b8c9be474dfff3e47b26779a263b50b23d6d42c513cdd1e8,enum_uniform_random,1,ok,0.23279237397946417,0.30031699896790087,1.0,1.0,1.0,0.1,False,False,False,0.2327780409832485,"[{'threshold': 0.1, 'n_candidates_enumerated': 1920, 'enumeration_cap_hit': False, 'enumeration_timed_out': False}]",1920.0,0.0,,
unstable,50000,12,0.0675246249884367,86121965f35451e2b8c9be474dfff3e47b26779a263b50b23d6d42c513cdd1e8,enum_uniform_random,2,ok,0.2327919160015881,0.3003165409900248,1.0,1.0,1.0,0.1,False,False,False,0.2327780409832485,"[{'threshold': 0.1, 'n_candidates_enumerated': 1920, 'enumeration_cap_hit': False, 'enumeration_timed_out': False}]",1920.0,0.0,,
unstable,50000,12,0.0675246249884367,86121965f35451e2b8c9be474dfff3e47b26779a263b50b23d6d42c513cdd1e8,enum_uniform_random,3,ok,0.23279154096962884,0.30031616595806554,1.0,1.0,1.0,0.1,False,False,False,0.2327780409832485,"[{'threshold': 0.1, 'n_candidates_enumerated': 1920, 'enumeration_cap_hit': False, 'enumeration_timed_out': False}]",1920.0,0.0,,
unstable,50000,12,0.0675246249884367,86121965f35451e2b8c9be474dfff3e47b26779a263b50b23d6d42c513cdd1e8,enum_uniform_random,4,ok,0.23279079096391797,0.30031541595235467,1.0,1.0,1.0,0.1,False,False,False,0.2327780409832485,"[{'threshold': 0.1, 'n_candidates_enumerated': 1920, 'enumeration_cap_hit': False, 'enumeration_timed_out': False}]",1920.0,0.0,,
unstable,50000,12,0.0675246249884367,86121965f35451e2b8c9be474dfff3e47b26779a263b50b23d6d42c513cdd1e8,arbitrary_control,0,ok,3.250001464039087e-05,0.06755712500307709,0.0,0.0,0.0,,False,False,,,,,,False,8.746574772459663e-05
unstable,50000,12,0.0675246249884367,86121965f35451e2b8c9be474dfff3e47b26779a263b50b23d6d42c513cdd1e8,arbitrary_control,1,ok,2.904096618294716e-05,0.06755366595461965,0.0,0.0,0.0,,False,False,,,,,,False,0.0020478609414873936
unstable,50000,12,0.0675246249884367,86121965f35451e2b8c9be474dfff3e47b26779a263b50b23d6d42c513cdd1e8,arbitrary_control,2,ok,2.3667002096772194e-05,0.06754829199053347,0.0,0.0,0.0,,False,False,,,,,,False,0.0001796987449084836
unstable,50000,12,0.0675246249884367,86121965f35451e2b8c9be474dfff3e47b26779a263b50b23d6d42c513cdd1e8,arbitrary_control,3,ok,2.92909680865705e-05,0.06755391595652327,0.0,0.0,0.0,,False,False,,,,,,False,0.00023977440809004195
unstable,50000,12,0.0675246249884367,86121965f35451e2b8c9be474dfff3e47b26779a263b50b23d6d42c513cdd1e8,arbitrary_control,4,ok,2.3457978386431932e-05,0.06754808296682313,0.0,0.0,0.0,,False,False,,,,,,False,3.2023208880782356e-05
unstable,50000,13,0.07040495797991753,6715ae17d45cb5595d805ecdcf94ecc57c65211b1989e0c11954bac7e827645e,enum_first_stable,0,ok,1.0994687079801224,1.16987366596004,1.0,1.0,1.0,0.1,False,False,False,1.099463124992326,"[{'threshold': 0.1, 'n_candidates_enumerated': 112, 'enumeration_cap_hit': False, 'enumeration_timed_out': False}]",112.0,0.0,,
unstable,50000,13,0.07040495797991753,6715ae17d45cb5595d805ecdcf94ecc57c65211b1989e0c11954bac7e827645e,enum_uniform_random,0,ok,1.0995158749865368,1.1699208329664543,1.0,1.0,1.0,0.1,False,False,False,1.099463124992326,"[{'threshold': 0.1, 'n_candidates_enumerated': 112, 'enumeration_cap_hit': False, 'enumeration_timed_out': False}]",112.0,0.0,,
unstable,50000,13,0.07040495797991753,6715ae17d45cb5595d805ecdcf94ecc57c65211b1989e0c11954bac7e827645e,enum_uniform_random,1,ok,1.0994760830071755,1.169881040987093,1.0,1.0,1.0,0.1,False,False,False,1.099463124992326,"[{'threshold': 0.1, 'n_candidates_enumerated': 112, 'enumeration_cap_hit': False, 'enumeration_timed_out': False}]",112.0,0.0,,
unstable,50000,13,0.07040495797991753,6715ae17d45cb5595d805ecdcf94ecc57c65211b1989e0c11954bac7e827645e,enum_uniform_random,2,ok,1.09947412495967,1.1698790829395875,1.0,1.0,1.0,0.1,False,False,False,1.099463124992326,"[{'threshold': 0.1, 'n_candidates_enumerated': 112, 'enumeration_cap_hit': False, 'enumeration_timed_out': False}]",112.0,0.0,,
unstable,50000,13,0.07040495797991753,6715ae17d45cb5595d805ecdcf94ecc57c65211b1989e0c11954bac7e827645e,enum_uniform_random,3,ok,1.099473666981794,1.1698786249617115,1.0,1.0,1.0,0.1,False,False,False,1.099463124992326,"[{'threshold': 0.1, 'n_candidates_enumerated': 112, 'enumeration_cap_hit': False, 'enumeration_timed_out': False}]",112.0,0.0,,
unstable,50000,13,0.07040495797991753,6715ae17d45cb5595d805ecdcf94ecc57c65211b1989e0c11954bac7e827645e,enum_uniform_random,4,ok,1.0994729579542764,1.1698779159341939,1.0,1.0,1.0,0.1,False,False,False,1.099463124992326,"[{'threshold': 0.1, 'n_candidates_enumerated': 112, 'enumeration_cap_hit': False, 'enumeration_timed_out': False}]",112.0,0.0,,
unstable,50000,13,0.07040495797991753,6715ae17d45cb5595d805ecdcf94ecc57c65211b1989e0c11954bac7e827645e,arbitrary_control,0,ok,5.166599294170737e-05,0.07045662397285923,0.0,0.0,0.0,,False,False,,,,,,False,4.331015192847421e-05
unstable,50000,13,0.07040495797991753,6715ae17d45cb5595d805ecdcf94ecc57c65211b1989e0c11954bac7e827645e,arbitrary_control,1,ok,2.8458016458898783e-05,0.07043341599637643,0.0,0.0,0.0,,False,False,,,,,,False,0.0003756410574765602
unstable,50000,13,0.07040495797991753,6715ae17d45cb5595d805ecdcf94ecc57c65211b1989e0c11954bac7e827645e,arbitrary_control,2,ok,2.512504579499364e-05,0.07043008302571252,0.0,0.0,0.0,,False,False,,,,,,False,0.0002890528211612835
unstable,50000,13,0.07040495797991753,6715ae17d45cb5595d805ecdcf94ecc57c65211b1989e0c11954bac7e827645e,arbitrary_control,3,ok,2.4333014152944088e-05,0.07042929099407047,0.0,0.0,0.0,,False,False,,,,,,False,0.0004419880593461107
unstable,50000,13,0.07040495797991753,6715ae17d45cb5595d805ecdcf94ecc57c65211b1989e0c11954bac7e827645e,arbitrary_control,4,ok,2.3667002096772194e-05,0.0704286249820143,0.0,0.0,0.0,,False,False,,,,,,False,0.0007347268411208355
unstable,50000,13,0.07040495797991753,6715ae17d45cb5595d805ecdcf94ecc57c65211b1989e0c11954bac7e827645e,ours,0,ok,4.095799522474408e-05,0.07044591597514227,1.0,1.0,1.0,0.1,False,False,,,,,,,
unstable,50000,14,0.058788958995137364,2f4f07d6af27cea3b7fb0472b86342044753383351676ec13e3cc35ae6ab18ab,arbitrary_control,0,ok,6.120902253314853e-05,0.05885016801767051,0.0,0.0,0.0,,False,False,,,,,,False,0.0025703955756625463
unstable,50000,14,0.058788958995137364,2f4f07d6af27cea3b7fb0472b86342044753383351676ec13e3cc35ae6ab18ab,arbitrary_control,1,ok,2.7416972443461418e-05,0.058816375967580825,0.0,0.0,0.0,,False,False,,,,,,False,0.00010739725464813141
unstable,50000,14,0.058788958995137364,2f4f07d6af27cea3b7fb0472b86342044753383351676ec13e3cc35ae6ab18ab,arbitrary_control,2,ok,2.475001383572817e-05,0.05881370900897309,0.0,0.0,0.0,,False,False,,,,,,False,5.184128261846124e-05
unstable,50000,14,0.058788958995137364,2f4f07d6af27cea3b7fb0472b86342044753383351676ec13e3cc35ae6ab18ab,arbitrary_control,3,ok,2.3917004000395536e-05,0.05881287599913776,0.0,0.0,0.0,,False,False,,,,,,False,0.0002027515595909446
unstable,50000,14,0.058788958995137364,2f4f07d6af27cea3b7fb0472b86342044753383351676ec13e3cc35ae6ab18ab,arbitrary_control,4,ok,2.3625034373253584e-05,0.05881258402951062,0.0,0.0,0.0,,False,False,,,,,,False,0.0011719197301048746
unstable,50000,14,0.058788958995137364,2f4f07d6af27cea3b7fb0472b86342044753383351676ec13e3cc35ae6ab18ab,ours,0,ok,3.8958038203418255e-05,0.05882791703334078,1.0,1.0,1.0,0.1,False,False,,,,,,,
unstable,50000,14,0.058788958995137364,2f4f07d6af27cea3b7fb0472b86342044753383351676ec13e3cc35ae6ab18ab,enum_first_stable,0,ok,16.182340625033248,16.241129584028386,1.0,1.0,1.0,0.1,False,False,False,16.182337250036653,"[{'threshold': 0.1, 'n_candidates_enumerated': 96, 'enumeration_cap_hit': False, 'enumeration_timed_out': False}]",96.0,0.0,,
unstable,50000,14,0.058788958995137364,2f4f07d6af27cea3b7fb0472b86342044753383351676ec13e3cc35ae6ab18ab,enum_uniform_random,0,ok,16.182377416989766,16.241166375984903,1.0,1.0,1.0,0.1,False,False,False,16.182337250036653,"[{'threshold': 0.1, 'n_candidates_enumerated': 96, 'enumeration_cap_hit': False, 'enumeration_timed_out': False}]",96.0,0.0,,
unstable,50000,14,0.058788958995137364,2f4f07d6af27cea3b7fb0472b86342044753383351676ec13e3cc35ae6ab18ab,enum_uniform_random,1,ok,16.182350833027158,16.241139792022295,1.0,1.0,1.0,0.1,False,False,False,16.182337250036653,"[{'threshold': 0.1, 'n_candidates_enumerated': 96, 'enumeration_cap_hit': False, 'enumeration_timed_out': False}]",96.0,0.0,,
unstable,50000,14,0.058788958995137364,2f4f07d6af27cea3b7fb0472b86342044753383351676ec13e3cc35ae6ab18ab,enum_uniform_random,2,ok,16.182348458038177,16.241137417033315,1.0,1.0,1.0,0.1,False,False,False,16.182337250036653,"[{'threshold': 0.1, 'n_candidates_enumerated': 96, 'enumeration_cap_hit': False, 'enumeration_timed_out': False}]",96.0,0.0,,
unstable,50000,14,0.058788958995137364,2f4f07d6af27cea3b7fb0472b86342044753383351676ec13e3cc35ae6ab18ab,enum_uniform_random,3,ok,16.182347542024218,16.241136501019355,1.0,1.0,1.0,0.1,False,False,False,16.182337250036653,"[{'threshold': 0.1, 'n_candidates_enumerated': 96, 'enumeration_cap_hit': False, 'enumeration_timed_out': False}]",96.0,0.0,,
unstable,50000,14,0.058788958995137364,2f4f07d6af27cea3b7fb0472b86342044753383351676ec13e3cc35ae6ab18ab,enum_uniform_random,4,ok,16.182346916059032,16.24113587505417,1.0,1.0,1.0,0.1,False,False,False,16.182337250036653,"[{'threshold': 0.1, 'n_candidates_enumerated': 96, 'enumeration_cap_hit': False, 'enumeration_timed_out': False}]",96.0,0.0,,
unstable,50000,15,0.058568916050717235,960718e35a31415cc14d6255bc680643b759bb184457cf5d0d6f3468148a5f46,ours,0,ok,6.266700802370906e-05,0.058631583058740944,1.0,1.0,1.0,0.1,False,False,,,,,,,
unstable,50000,15,0.058568916050717235,960718e35a31415cc14d6255bc680643b759bb184457cf5d0d6f3468148a5f46,enum_first_stable,0,ok,60.000046083994675,60.05861500004539,1.0,1.0,1.0,0.1,False,True,True,60.00004054198507,"[{'threshold': 0.1, 'n_candidates_enumerated': 288, 'enumeration_cap_hit': False, 'enumeration_timed_out': True}]",288.0,1.0,,
unstable,50000,15,0.058568916050717235,960718e35a31415cc14d6255bc680643b759bb184457cf5d0d6f3468148a5f46,enum_uniform_random,0,ok,60.000086207990535,60.05865512404125,1.0,1.0,1.0,0.1,False,True,False,60.00004054198507,"[{'threshold': 0.1, 'n_candidates_enumerated': 288, 'enumeration_cap_hit': False, 'enumeration_timed_out': True}]",288.0,1.0,,
unstable,50000,15,0.058568916050717235,960718e35a31415cc14d6255bc680643b759bb184457cf5d0d6f3468148a5f46,enum_uniform_random,1,ok,60.00005529198097,60.05862420803169,1.0,1.0,1.0,0.1,False,True,False,60.00004054198507,"[{'threshold': 0.1, 'n_candidates_enumerated': 288, 'enumeration_cap_hit': False, 'enumeration_timed_out': True}]",288.0,1.0,,
unstable,50000,15,0.058568916050717235,960718e35a31415cc14d6255bc680643b759bb184457cf5d0d6f3468148a5f46,enum_uniform_random,2,ok,60.000052958959714,60.05862187501043,1.0,1.0,1.0,0.1,False,True,False,60.00004054198507,"[{'threshold': 0.1, 'n_candidates_enumerated': 288, 'enumeration_cap_hit': False, 'enumeration_timed_out': True}]",288.0,1.0,,
unstable,50000,15,0.058568916050717235,960718e35a31415cc14d6255bc680643b759bb184457cf5d0d6f3468148a5f46,enum_uniform_random,3,ok,60.00005158397835,60.058620500029065,1.0,1.0,1.0,0.1,False,True,False,60.00004054198507,"[{'threshold': 0.1, 'n_candidates_enumerated': 288, 'enumeration_cap_hit': False, 'enumeration_timed_out': True}]",288.0,1.0,,
unstable,50000,15,0.058568916050717235,960718e35a31415cc14d6255bc680643b759bb184457cf5d0d6f3468148a5f46,enum_uniform_random,4,ok,60.00005070801126,60.058619624061976,1.0,1.0,1.0,0.1,False,True,False,60.00004054198507,"[{'threshold': 0.1, 'n_candidates_enumerated': 288, 'enumeration_cap_hit': False, 'enumeration_timed_out': True}]",288.0,1.0,,
unstable,50000,15,0.058568916050717235,960718e35a31415cc14d6255bc680643b759bb184457cf5d0d6f3468148a5f46,arbitrary_control,0,ok,4.991702735424042e-05,0.058618833078071475,0.0,0.0,0.0,,False,False,,,,,,False,0.00021107635853403347
unstable,50000,15,0.058568916050717235,960718e35a31415cc14d6255bc680643b759bb184457cf5d0d6f3468148a5f46,arbitrary_control,1,ok,2.929195761680603e-05,0.05859820800833404,0.0,0.0,0.0,,False,False,,,,,,False,0.0006284164557083964
unstable,50000,15,0.058568916050717235,960718e35a31415cc14d6255bc680643b759bb184457cf5d0d6f3468148a5f46,arbitrary_control,2,ok,2.554204547777772e-05,0.05859445809619501,0.0,0.0,0.0,,False,False,,,,,,False,0.0006284164557083964
unstable,50000,15,0.058568916050717235,960718e35a31415cc14d6255bc680643b759bb184457cf5d0d6f3468148a5f46,arbitrary_control,3,ok,2.395902993157506e-05,0.05859287508064881,0.0,0.0,0.0,,False,False,,,,,,False,0.00031094920042474715
unstable,50000,15,0.058568916050717235,960718e35a31415cc14d6255bc680643b759bb184457cf5d0d6f3468148a5f46,arbitrary_control,4,ok,2.420798409730196e-05,0.05859312403481454,0.0,0.0,0.0,,False,False,,,,,,False,0.00021107635853403347
unstable,50000,16,0.05861662497045472,a0e31ad5114a7bb51d379c2999df0bcf4e306e8c4723a1157518bfc6fd9040f0,enum_first_stable,0,ok,4.320442416938022,4.3790590419084765,1.0,1.0,1.0,0.1,False,False,False,4.3204384169657715,"[{'threshold': 0.1, 'n_candidates_enumerated': 240, 'enumeration_cap_hit': False, 'enumeration_timed_out': False}]",240.0,0.0,,
unstable,50000,16,0.05861662497045472,a0e31ad5114a7bb51d379c2999df0bcf4e306e8c4723a1157518bfc6fd9040f0,enum_uniform_random,0,ok,4.320481374976225,4.37909799994668,1.0,1.0,1.0,0.1,False,False,False,4.3204384169657715,"[{'threshold': 0.1, 'n_candidates_enumerated': 240, 'enumeration_cap_hit': False, 'enumeration_timed_out': False}]",240.0,0.0,,
unstable,50000,16,0.05861662497045472,a0e31ad5114a7bb51d379c2999df0bcf4e306e8c4723a1157518bfc6fd9040f0,enum_uniform_random,1,ok,4.32044879195746,4.379065416927915,1.0,1.0,1.0,0.1,False,False,False,4.3204384169657715,"[{'threshold': 0.1, 'n_candidates_enumerated': 240, 'enumeration_cap_hit': False, 'enumeration_timed_out': False}]",240.0,0.0,,
unstable,50000,16,0.05861662497045472,a0e31ad5114a7bb51d379c2999df0bcf4e306e8c4723a1157518bfc6fd9040f0,enum_uniform_random,2,ok,4.3204480419517495,4.379064666922204,1.0,1.0,1.0,0.1,False,False,False,4.3204384169657715,"[{'threshold': 0.1, 'n_candidates_enumerated': 240, 'enumeration_cap_hit': False, 'enumeration_timed_out': False}]",240.0,0.0,,
unstable,50000,16,0.05861662497045472,a0e31ad5114a7bb51d379c2999df0bcf4e306e8c4723a1157518bfc6fd9040f0,enum_uniform_random,3,ok,4.320447541947942,4.379064166918397,1.0,1.0,1.0,0.1,False,False,False,4.3204384169657715,"[{'threshold': 0.1, 'n_candidates_enumerated': 240, 'enumeration_cap_hit': False, 'enumeration_timed_out': False}]",240.0,0.0,,
unstable,50000,16,0.05861662497045472,a0e31ad5114a7bb51d379c2999df0bcf4e306e8c4723a1157518bfc6fd9040f0,enum_uniform_random,4,ok,4.320448124955874,4.379064749926329,1.0,1.0,1.0,0.1,False,False,False,4.3204384169657715,"[{'threshold': 0.1, 'n_candidates_enumerated': 240, 'enumeration_cap_hit': False, 'enumeration_timed_out': False}]",240.0,0.0,,
unstable,50000,16,0.05861662497045472,a0e31ad5114a7bb51d379c2999df0bcf4e306e8c4723a1157518bfc6fd9040f0,arbitrary_control,0,ok,3.5582983400672674e-05,0.058652207953855395,0.0,0.0,0.0,,False,False,,,,,,False,0.0001664821535280786
unstable,50000,16,0.05861662497045472,a0e31ad5114a7bb51d379c2999df0bcf4e306e8c4723a1157518bfc6fd9040f0,arbitrary_control,1,ok,2.579099964350462e-05,0.05864241597009823,0.0,0.0,0.0,,False,False,,,,,,False,0.00030119417856156225
unstable,50000,16,0.05861662497045472,a0e31ad5114a7bb51d379c2999df0bcf4e306e8c4723a1157518bfc6fd9040f0,arbitrary_control,2,ok,2.3290980607271194e-05,0.058639915951061994,0.0,0.0,0.0,,False,False,,,,,,False,0.0015416717617560383
unstable,50000,16,0.05861662497045472,a0e31ad5114a7bb51d379c2999df0bcf4e306e8c4723a1157518bfc6fd9040f0,arbitrary_control,3,ok,2.3083994165062904e-05,0.058639708964619786,0.0,0.0,0.0,,False,False,,,,,,False,0.0001664821535280786
unstable,50000,16,0.05861662497045472,a0e31ad5114a7bb51d379c2999df0bcf4e306e8c4723a1157518bfc6fd9040f0,arbitrary_control,4,ok,2.2833002731204033e-05,0.05863945797318593,0.0,0.0,0.0,,False,False,,,,,,False,0.0013044265115848767
unstable,50000,16,0.05861662497045472,a0e31ad5114a7bb51d379c2999df0bcf4e306e8c4723a1157518bfc6fd9040f0,ours,0,ok,3.649998689070344e-05,0.058653124957345426,1.0,1.0,1.0,0.1,False,False,,,,,,,
unstable,50000,17,0.06227112503256649,c3f05115f1e036860a34c3c93cf6426f3f09f23cc4e6e3a27251864bce8b5d1c,arbitrary_control,0,ok,5.608296487480402e-05,0.06232720799744129,0.0,0.0,0.0,,False,False,,,,,,False,0.0005120552826146167
unstable,50000,17,0.06227112503256649,c3f05115f1e036860a34c3c93cf6426f3f09f23cc4e6e3a27251864bce8b5d1c,arbitrary_control,1,ok,2.5707995519042015e-05,0.06229683302808553,0.0,0.0,0.0,,False,False,,,,,,False,0.00018490175158089996
unstable,50000,17,0.06227112503256649,c3f05115f1e036860a34c3c93cf6426f3f09f23cc4e6e3a27251864bce8b5d1c,arbitrary_control,2,ok,2.4374981876462698e-05,0.06229550001444295,0.0,0.0,0.0,,False,False,,,,,,False,5.627075423993858e-05
unstable,50000,17,0.06227112503256649,c3f05115f1e036860a34c3c93cf6426f3f09f23cc4e6e3a27251864bce8b5d1c,arbitrary_control,3,ok,2.316600875928998e-05,0.06229429104132578,0.0,0.0,0.0,,False,False,,,,,,False,0.0018484838064336188
unstable,50000,17,0.06227112503256649,c3f05115f1e036860a34c3c93cf6426f3f09f23cc4e6e3a27251864bce8b5d1c,arbitrary_control,4,ok,2.3042026441544294e-05,0.06229416705900803,0.03162055335968379,0.0,0.0,,False,False,,,,,,False,0.00013925909917507207
unstable,50000,17,0.06227112503256649,c3f05115f1e036860a34c3c93cf6426f3f09f23cc4e6e3a27251864bce8b5d1c,ours,0,ok,3.300001844763756e-05,0.062304125051014125,1.0,1.0,1.0,0.1,False,False,,,,,,,
unstable,50000,17,0.06227112503256649,c3f05115f1e036860a34c3c93cf6426f3f09f23cc4e6e3a27251864bce8b5d1c,enum_first_stable,0,ok,8.565264792006928,8.627535917039495,1.0,1.0,1.0,0.1,False,False,False,8.565212666988373,"[{'threshold': 0.1, 'n_candidates_enumerated': 3800, 'enumeration_cap_hit': False, 'enumeration_timed_out': False}]",3800.0,0.0,,
unstable,50000,17,0.06227112503256649,c3f05115f1e036860a34c3c93cf6426f3f09f23cc4e6e3a27251864bce8b5d1c,enum_uniform_random,0,ok,8.565277791989502,8.627548917022068,1.0,1.0,1.0,0.1,False,False,False,8.565212666988373,"[{'threshold': 0.1, 'n_candidates_enumerated': 3800, 'enumeration_cap_hit': False, 'enumeration_timed_out': False}]",3800.0,0.0,,
unstable,50000,17,0.06227112503256649,c3f05115f1e036860a34c3c93cf6426f3f09f23cc4e6e3a27251864bce8b5d1c,enum_uniform_random,1,ok,8.565234416979365,8.627505542011932,1.0,1.0,1.0,0.1,False,False,False,8.565212666988373,"[{'threshold': 0.1, 'n_candidates_enumerated': 3800, 'enumeration_cap_hit': False, 'enumeration_timed_out': False}]",3800.0,0.0,,
unstable,50000,17,0.06227112503256649,c3f05115f1e036860a34c3c93cf6426f3f09f23cc4e6e3a27251864bce8b5d1c,enum_uniform_random,2,ok,8.565232375985943,8.62750350101851,1.0,1.0,1.0,0.1,False,False,False,8.565212666988373,"[{'threshold': 0.1, 'n_candidates_enumerated': 3800, 'enumeration_cap_hit': False, 'enumeration_timed_out': False}]",3800.0,0.0,,
unstable,50000,17,0.06227112503256649,c3f05115f1e036860a34c3c93cf6426f3f09f23cc4e6e3a27251864bce8b5d1c,enum_uniform_random,3,ok,8.565229499945417,8.627500624977984,1.0,1.0,1.0,0.1,False,False,False,8.565212666988373,"[{'threshold': 0.1, 'n_candidates_enumerated': 3800, 'enumeration_cap_hit': False, 'enumeration_timed_out': False}]",3800.0,0.0,,
unstable,50000,17,0.06227112503256649,c3f05115f1e036860a34c3c93cf6426f3f09f23cc4e6e3a27251864bce8b5d1c,enum_uniform_random,4,ok,8.565231334010605,8.627502459043171,1.0,1.0,1.0,0.1,False,False,False,8.565212666988373,"[{'threshold': 0.1, 'n_candidates_enumerated': 3800, 'enumeration_cap_hit': False, 'enumeration_timed_out': False}]",3800.0,0.0,,
unstable,50000,18,0.05455250001978129,c41ec992103636b555bc49cc0f5126f955c09fb04a78a3368630f73ab9617fe3,ours,0,ok,5.516601959243417e-05,0.054607666039373726,1.0,1.0,1.0,0.1,False,False,,,,,,,
unstable,50000,18,0.05455250001978129,c41ec992103636b555bc49cc0f5126f955c09fb04a78a3368630f73ab9617fe3,enum_first_stable,0,ok,60.00002537394175,60.054577873961534,1.0,1.0,1.0,0.1,False,True,False,60.000020290957764,"[{'threshold': 0.1, 'n_candidates_enumerated': 576, 'enumeration_cap_hit': False, 'enumeration_timed_out': True}]",576.0,0.0,,
unstable,50000,18,0.05455250001978129,c41ec992103636b555bc49cc0f5126f955c09fb04a78a3368630f73ab9617fe3,enum_uniform_random,0,ok,60.00005558296107,60.05460808298085,1.0,1.0,1.0,0.1,False,True,False,60.000020290957764,"[{'threshold': 0.1, 'n_candidates_enumerated': 576, 'enumeration_cap_hit': False, 'enumeration_timed_out': True}]",576.0,0.0,,
unstable,50000,18,0.05455250001978129,c41ec992103636b555bc49cc0f5126f955c09fb04a78a3368630f73ab9617fe3,enum_uniform_random,1,ok,60.0000341659761,60.054586665995885,1.0,1.0,1.0,0.1,False,True,False,60.000020290957764,"[{'threshold': 0.1, 'n_candidates_enumerated': 576, 'enumeration_cap_hit': False, 'enumeration_timed_out': True}]",576.0,0.0,,
unstable,50000,18,0.05455250001978129,c41ec992103636b555bc49cc0f5126f955c09fb04a78a3368630f73ab9617fe3,enum_uniform_random,2,ok,60.00003212393494,60.054584623954725,1.0,1.0,1.0,0.1,False,True,False,60.000020290957764,"[{'threshold': 0.1, 'n_candidates_enumerated': 576, 'enumeration_cap_hit': False, 'enumeration_timed_out': True}]",576.0,0.0,,
unstable,50000,18,0.05455250001978129,c41ec992103636b555bc49cc0f5126f955c09fb04a78a3368630f73ab9617fe3,enum_uniform_random,3,ok,60.00003133295104,60.05458383297082,1.0,1.0,1.0,0.1,False,True,False,60.000020290957764,"[{'threshold': 0.1, 'n_candidates_enumerated': 576, 'enumeration_cap_hit': False, 'enumeration_timed_out': True}]",576.0,0.0,,
unstable,50000,18,0.05455250001978129,c41ec992103636b555bc49cc0f5126f955c09fb04a78a3368630f73ab9617fe3,enum_uniform_random,4,ok,60.000030874914955,60.05458337493474,1.0,1.0,1.0,0.1,False,True,False,60.000020290957764,"[{'threshold': 0.1, 'n_candidates_enumerated': 576, 'enumeration_cap_hit': False, 'enumeration_timed_out': True}]",576.0,0.0,,
unstable,50000,18,0.05455250001978129,c41ec992103636b555bc49cc0f5126f955c09fb04a78a3368630f73ab9617fe3,arbitrary_control,0,ok,4.233297659084201e-05,0.054594832996372133,0.0,0.0,0.0,,False,False,,,,,,False,0.0001197840954623261
unstable,50000,18,0.05455250001978129,c41ec992103636b555bc49cc0f5126f955c09fb04a78a3368630f73ab9617fe3,arbitrary_control,1,ok,2.645899076014757e-05,0.05457895901054144,0.0,0.0,0.0,,False,False,,,,,,False,0.0006650912973023657
unstable,50000,18,0.05455250001978129,c41ec992103636b555bc49cc0f5126f955c09fb04a78a3368630f73ab9617fe3,arbitrary_control,2,ok,2.416700590401888e-05,0.05457666702568531,0.0,0.0,0.0,,False,False,,,,,,False,0.00013266011069114824
unstable,50000,18,0.05455250001978129,c41ec992103636b555bc49cc0f5126f955c09fb04a78a3368630f73ab9617fe3,arbitrary_control,3,ok,2.3874978069216013e-05,0.05457637499785051,0.0,0.0,0.0,,False,False,,,,,,False,0.0021358861164621963
unstable,50000,18,0.05455250001978129,c41ec992103636b555bc49cc0f5126f955c09fb04a78a3368630f73ab9617fe3,arbitrary_control,4,ok,2.3250002413988113e-05,0.05457575002219528,0.0,0.0,0.0,,False,False,,,,,,False,6.914957223906166e-05
unstable,50000,19,0.06668375001754612,d2ff98ecead527ae3150e90226e4877cc4da220e743060ea0fc82621ce2d221d,enum_first_stable,0,ok,46.46522454096703,46.531908290984575,1.0,1.0,1.0,0.1,False,False,False,46.465209332993254,"[{'threshold': 0.1, 'n_candidates_enumerated': 1008, 'enumeration_cap_hit': False, 'enumeration_timed_out': False}]",1008.0,0.0,,
unstable,50000,19,0.06668375001754612,d2ff98ecead527ae3150e90226e4877cc4da220e743060ea0fc82621ce2d221d,enum_uniform_random,0,ok,46.46525658300379,46.53194033302134,1.0,1.0,1.0,0.1,False,False,False,46.465209332993254,"[{'threshold': 0.1, 'n_candidates_enumerated': 1008, 'enumeration_cap_hit': False, 'enumeration_timed_out': False}]",1008.0,0.0,,
unstable,50000,19,0.06668375001754612,d2ff98ecead527ae3150e90226e4877cc4da220e743060ea0fc82621ce2d221d,enum_uniform_random,1,ok,46.46522483299486,46.53190858301241,1.0,1.0,1.0,0.1,False,False,False,46.465209332993254,"[{'threshold': 0.1, 'n_candidates_enumerated': 1008, 'enumeration_cap_hit': False, 'enumeration_timed_out': False}]",1008.0,0.0,,
unstable,50000,19,0.06668375001754612,d2ff98ecead527ae3150e90226e4877cc4da220e743060ea0fc82621ce2d221d,enum_uniform_random,2,ok,46.46522183297202,46.531905582989566,1.0,1.0,1.0,0.1,False,False,False,46.465209332993254,"[{'threshold': 0.1, 'n_candidates_enumerated': 1008, 'enumeration_cap_hit': False, 'enumeration_timed_out': False}]",1008.0,0.0,,
unstable,50000,19,0.06668375001754612,d2ff98ecead527ae3150e90226e4877cc4da220e743060ea0fc82621ce2d221d,enum_uniform_random,3,ok,46.46522166702198,46.531905417039525,1.0,1.0,1.0,0.1,False,False,False,46.465209332993254,"[{'threshold': 0.1, 'n_candidates_enumerated': 1008, 'enumeration_cap_hit': False, 'enumeration_timed_out': False}]",1008.0,0.0,,
unstable,50000,19,0.06668375001754612,d2ff98ecead527ae3150e90226e4877cc4da220e743060ea0fc82621ce2d221d,enum_uniform_random,4,ok,46.46522070799256,46.531904458010104,1.0,1.0,1.0,0.1,False,False,False,46.465209332993254,"[{'threshold': 0.1, 'n_candidates_enumerated': 1008, 'enumeration_cap_hit': False, 'enumeration_timed_out': False}]",1008.0,0.0,,
unstable,50000,19,0.06668375001754612,d2ff98ecead527ae3150e90226e4877cc4da220e743060ea0fc82621ce2d221d,arbitrary_control,0,ok,5.408399738371372e-05,0.06673783401492983,0.0,0.0,0.0,,False,False,,,,,,False,0.0006235469605793054
unstable,50000,19,0.06668375001754612,d2ff98ecead527ae3150e90226e4877cc4da220e743060ea0fc82621ce2d221d,arbitrary_control,1,ok,2.9917049687355757e-05,0.06671366706723347,0.0,0.0,0.0,,False,False,,,,,,False,0.000487260670376954
unstable,50000,19,0.06668375001754612,d2ff98ecead527ae3150e90226e4877cc4da220e743060ea0fc82621ce2d221d,arbitrary_control,2,ok,2.4915963876992464e-05,0.06670866598142311,0.0,0.0,0.0,,False,False,,,,,,False,0.0005584763064387976
unstable,50000,19,0.06668375001754612,d2ff98ecead527ae3150e90226e4877cc4da220e743060ea0fc82621ce2d221d,arbitrary_control,3,ok,2.3874978069216013e-05,0.06670762499561533,0.0,0.0,0.0,,False,False,,,,,,False,0.0003412949485172293
unstable,50000,19,0.06668375001754612,d2ff98ecead527ae3150e90226e4877cc4da220e743060ea0fc82621ce2d221d,arbitrary_control,4,ok,2.3667002096772194e-05,0.06670741701964289,0.0,0.0,0.0,,False,False,,,,,,False,0.0003463600022229255
unstable,50000,19,0.06668375001754612,d2ff98ecead527ae3150e90226e4877cc4da220e743060ea0fc82621ce2d221d,ours,0,ok,4.1832972783595324e-05,0.06672558299032971,1.0,1.0,1.0,0.1,False,False,,,,,,,
unstable,50000,20,0.06235783302690834,20cbcb5a286ba84d361c3873b55d2de12cda94774abb65754622cdf4a145a483,arbitrary_control,0,ok,5.729199619963765e-05,0.062415125023107976,0.0,0.0,0.0,,False,False,,,,,,False,0.00021493073745087066
unstable,50000,20,0.06235783302690834,20cbcb5a286ba84d361c3873b55d2de12cda94774abb65754622cdf4a145a483,arbitrary_control,1,ok,2.7332978788763285e-05,0.0623851660056971,0.0,0.0,0.0,,False,False,,,,,,False,0.0011139772494483645
unstable,50000,20,0.06235783302690834,20cbcb5a286ba84d361c3873b55d2de12cda94774abb65754622cdf4a145a483,arbitrary_control,2,ok,2.466695150360465e-05,0.06238249997841194,0.0,0.0,0.0,,False,False,,,,,,False,0.0001455037757699472
unstable,50000,20,0.06235783302690834,20cbcb5a286ba84d361c3873b55d2de12cda94774abb65754622cdf4a145a483,arbitrary_control,3,ok,2.3875036276876926e-05,0.062381708063185215,0.0,0.0,0.0,,False,False,,,,,,False,0.00022211000034955285
unstable,50000,20,0.06235783302690834,20cbcb5a286ba84d361c3873b55d2de12cda94774abb65754622cdf4a145a483,arbitrary_control,4,ok,2.3708969820290804e-05,0.06238154199672863,0.0,0.0,0.0,,False,False,,,,,,False,3.7708451393640814e-05
unstable,50000,20,0.06235783302690834,20cbcb5a286ba84d361c3873b55d2de12cda94774abb65754622cdf4a145a483,ours,0,ok,3.970798570662737e-05,0.062397541012614965,1.0,1.0,1.0,0.1,False,False,,,,,,,
unstable,50000,20,0.06235783302690834,20cbcb5a286ba84d361c3873b55d2de12cda94774abb65754622cdf4a145a483,enum_first_stable,0,no_estimate,60.00003241695231,60.06239024997922,,,,0.1,False,True,,60.0000299589592,"[{'threshold': 0.1, 'n_candidates_enumerated': 0, 'enumeration_cap_hit': False, 'enumeration_timed_out': True}]",0.0,0.0,,
unstable,50000,20,0.06235783302690834,20cbcb5a286ba84d361c3873b55d2de12cda94774abb65754622cdf4a145a483,enum_uniform_random,0,no_estimate,60.00003029196523,60.06238812499214,,,,0.1,False,True,,60.0000299589592,"[{'threshold': 0.1, 'n_candidates_enumerated': 0, 'enumeration_cap_hit': False, 'enumeration_timed_out': True}]",0.0,0.0,,
unstable,50000,20,0.06235783302690834,20cbcb5a286ba84d361c3873b55d2de12cda94774abb65754622cdf4a145a483,enum_uniform_random,1,no_estimate,60.00003012595698,60.06238795898389,,,,0.1,False,True,,60.0000299589592,"[{'threshold': 0.1, 'n_candidates_enumerated': 0, 'enumeration_cap_hit': False, 'enumeration_timed_out': True}]",0.0,0.0,,
unstable,50000,20,0.06235783302690834,20cbcb5a286ba84d361c3873b55d2de12cda94774abb65754622cdf4a145a483,enum_uniform_random,2,no_estimate,60.00003012595698,60.06238795898389,,,,0.1,False,True,,60.0000299589592,"[{'threshold': 0.1, 'n_candidates_enumerated': 0, 'enumeration_cap_hit': False, 'enumeration_timed_out': True}]",0.0,0.0,,
unstable,50000,20,0.06235783302690834,20cbcb5a286ba84d361c3873b55d2de12cda94774abb65754622cdf4a145a483,enum_uniform_random,3,no_estimate,60.00003012595698,60.06238795898389,,,,0.1,False,True,,60.0000299589592,"[{'threshold': 0.1, 'n_candidates_enumerated': 0, 'enumeration_cap_hit': False, 'enumeration_timed_out': True}]",0.0,0.0,,
unstable,50000,20,0.06235783302690834,20cbcb5a286ba84d361c3873b55d2de12cda94774abb65754622cdf4a145a483,enum_uniform_random,4,no_estimate,60.00003012496745,60.06238795799436,,,,0.1,False,True,,60.0000299589592,"[{'threshold': 0.1, 'n_candidates_enumerated': 0, 'enumeration_cap_hit': False, 'enumeration_timed_out': True}]",0.0,0.0,,
unstable,50000,21,0.06663887499598786,3b7f5e561121b5a9a93de0357e3dbe8e25c24af4f22e6bbda27d05619492ba17,ours,0,ok,5.412503378465772e-05,0.06669300002977252,1.0,1.0,1.0,0.1,False,False,,,,,,,
unstable,50000,21,0.06663887499598786,3b7f5e561121b5a9a93de0357e3dbe8e25c24af4f22e6bbda27d05619492ba17,enum_first_stable,0,ok,8.66197254206054,8.728611417056527,1.0,1.0,1.0,0.1,False,False,False,8.661955167015549,"[{'threshold': 0.1, 'n_candidates_enumerated': 1344, 'enumeration_cap_hit': False, 'enumeration_timed_out': False}]",1344.0,0.0,,
unstable,50000,21,0.06663887499598786,3b7f5e561121b5a9a93de0357e3dbe8e25c24af4f22e6bbda27d05619492ba17,enum_uniform_random,0,ok,8.662017166963778,8.728656041959766,1.0,1.0,1.0,0.1,False,False,False,8.661955167015549,"[{'threshold': 0.1, 'n_candidates_enumerated': 1344, 'enumeration_cap_hit': False, 'enumeration_timed_out': False}]",1344.0,0.0,,
unstable,50000,21,0.06663887499598786,3b7f5e561121b5a9a93de0357e3dbe8e25c24af4f22e6bbda27d05619492ba17,enum_uniform_random,1,ok,8.661970916960854,8.728609791956842,1.0,1.0,1.0,0.1,False,False,False,8.661955167015549,"[{'threshold': 0.1, 'n_candidates_enumerated': 1344, 'enumeration_cap_hit': False, 'enumeration_timed_out': False}]",1344.0,0.0,,
unstable,50000,21,0.06663887499598786,3b7f5e561121b5a9a93de0357e3dbe8e25c24af4f22e6bbda27d05619492ba17,enum_uniform_random,2,ok,8.661968917003833,8.72860779199982,1.0,1.0,1.0,0.1,False,False,False,8.661955167015549,"[{'threshold': 0.1, 'n_candidates_enumerated': 1344, 'enumeration_cap_hit': False, 'enumeration_timed_out': False}]",1344.0,0.0,,
unstable,50000,21,0.06663887499598786,3b7f5e561121b5a9a93de0357e3dbe8e25c24af4f22e6bbda27d05619492ba17,enum_uniform_random,3,ok,8.66196758300066,8.728606457996648,1.0,1.0,1.0,0.1,False,False,False,8.661955167015549,"[{'threshold': 0.1, 'n_candidates_enumerated': 1344, 'enumeration_cap_hit': False, 'enumeration_timed_out': False}]",1344.0,0.0,,
unstable,50000,21,0.06663887499598786,3b7f5e561121b5a9a93de0357e3dbe8e25c24af4f22e6bbda27d05619492ba17,enum_uniform_random,4,ok,8.661967833002564,8.728606707998551,1.0,1.0,1.0,0.1,False,False,False,8.661955167015549,"[{'threshold': 0.1, 'n_candidates_enumerated': 1344, 'enumeration_cap_hit': False, 'enumeration_timed_out': False}]",1344.0,0.0,,
unstable,50000,21,0.06663887499598786,3b7f5e561121b5a9a93de0357e3dbe8e25c24af4f22e6bbda27d05619492ba17,arbitrary_control,0,ok,5.3292023949325085e-05,0.06669216701993719,0.0,0.0,0.0,,False,False,,,,,,False,0.00025609721239967906
unstable,50000,21,0.06663887499598786,3b7f5e561121b5a9a93de0357e3dbe8e25c24af4f22e6bbda27d05619492ba17,arbitrary_control,1,ok,2.7542002499103546e-05,0.06666641699848697,0.0,0.0,0.0,,False,False,,,,,,False,0.00011543883721826738
unstable,50000,21,0.06663887499598786,3b7f5e561121b5a9a93de0357e3dbe8e25c24af4f22e6bbda27d05619492ba17,arbitrary_control,2,ok,2.479198155924678e-05,0.06666366697754711,0.0,0.0,0.0,,False,False,,,,,,False,0.002587907549540358
unstable,50000,21,0.06663887499598786,3b7f5e561121b5a9a93de0357e3dbe8e25c24af4f22e6bbda27d05619492ba17,arbitrary_control,3,ok,2.4374981876462698e-05,0.06666324997786433,0.0,0.0,0.0,,False,False,,,,,,False,0.0032108920182894736
unstable,50000,21,0.06663887499598786,3b7f5e561121b5a9a93de0357e3dbe8e25c24af4f22e6bbda27d05619492ba17,arbitrary_control,4,ok,2.3709028027951717e-05,0.06666258402401581,0.0,0.0,0.0,,False,False,,,,,,False,0.0016934277743585995
unstable,50000,22,0.05880379199516028,883f1bf71654a6f9c1b371f48951297bfd9c83b84c3a62825c7952ea89a6c8f8,enum_first_stable,0,ok,0.0414143749512732,0.10021816694643348,1.0,1.0,1.0,0.1,False,False,False,0.04141295899171382,"[{'threshold': 0.1, 'n_candidates_enumerated': 360, 'enumeration_cap_hit': False, 'enumeration_timed_out': False}]",360.0,0.0,,
unstable,50000,22,0.05880379199516028,883f1bf71654a6f9c1b371f48951297bfd9c83b84c3a62825c7952ea89a6c8f8,enum_uniform_random,0,ok,0.04143937601475045,0.10024316800991073,1.0,1.0,1.0,0.1,False,False,False,0.04141295899171382,"[{'threshold': 0.1, 'n_candidates_enumerated': 360, 'enumeration_cap_hit': False, 'enumeration_timed_out': False}]",360.0,0.0,,
unstable,50000,22,0.05880379199516028,883f1bf71654a6f9c1b371f48951297bfd9c83b84c3a62825c7952ea89a6c8f8,enum_uniform_random,1,ok,0.04142400098498911,0.10022779298014939,1.0,1.0,1.0,0.1,False,False,False,0.04141295899171382,"[{'threshold': 0.1, 'n_candidates_enumerated': 360, 'enumeration_cap_hit': False, 'enumeration_timed_out': False}]",360.0,0.0,,
unstable,50000,22,0.05880379199516028,883f1bf71654a6f9c1b371f48951297bfd9c83b84c3a62825c7952ea89a6c8f8,enum_uniform_random,2,ok,0.0414233339834027,0.10022712597856298,1.0,1.0,1.0,0.1,False,False,False,0.04141295899171382,"[{'threshold': 0.1, 'n_candidates_enumerated': 360, 'enumeration_cap_hit': False, 'enumeration_timed_out': False}]",360.0,0.0,,
unstable,50000,22,0.05880379199516028,883f1bf71654a6f9c1b371f48951297bfd9c83b84c3a62825c7952ea89a6c8f8,enum_uniform_random,3,ok,0.04142299998784438,0.10022679198300466,1.0,1.0,1.0,0.1,False,False,False,0.04141295899171382,"[{'threshold': 0.1, 'n_candidates_enumerated': 360, 'enumeration_cap_hit': False, 'enumeration_timed_out': False}]",360.0,0.0,,
unstable,50000,22,0.05880379199516028,883f1bf71654a6f9c1b371f48951297bfd9c83b84c3a62825c7952ea89a6c8f8,enum_uniform_random,4,ok,0.041422958951443434,0.10022675094660372,1.0,1.0,1.0,0.1,False,False,False,0.04141295899171382,"[{'threshold': 0.1, 'n_candidates_enumerated': 360, 'enumeration_cap_hit': False, 'enumeration_timed_out': False}]",360.0,0.0,,
unstable,50000,22,0.05880379199516028,883f1bf71654a6f9c1b371f48951297bfd9c83b84c3a62825c7952ea89a6c8f8,arbitrary_control,0,ok,2.975005190819502e-05,0.05883354204706848,0.0,0.0,0.0,,False,False,,,,,,False,0.00017060962287035816
unstable,50000,22,0.05880379199516028,883f1bf71654a6f9c1b371f48951297bfd9c83b84c3a62825c7952ea89a6c8f8,arbitrary_control,1,ok,2.504198346287012e-05,0.05882883397862315,0.0,0.0,0.0,,False,False,,,,,,False,3.751326142849195e-05
unstable,50000,22,0.05880379199516028,883f1bf71654a6f9c1b371f48951297bfd9c83b84c3a62825c7952ea89a6c8f8,arbitrary_control,2,ok,2.358399797230959e-05,0.05882737599313259,0.0,0.0,0.0,,False,False,,,,,,False,0.0006288299451823478
unstable,50000,22,0.05880379199516028,883f1bf71654a6f9c1b371f48951297bfd9c83b84c3a62825c7952ea89a6c8f8,arbitrary_control,3,ok,2.3041036911308765e-05,0.05882683303207159,0.0,0.0,0.0,,False,False,,,,,,False,0.0004840416997635632
unstable,50000,22,0.05880379199516028,883f1bf71654a6f9c1b371f48951297bfd9c83b84c3a62825c7952ea89a6c8f8,arbitrary_control,4,ok,2.2957974579185247e-05,0.05882674996973947,0.0,0.0,0.0,,False,False,,,,,,False,0.0010359979685495722
unstable,50000,22,0.05880379199516028,883f1bf71654a6f9c1b371f48951297bfd9c83b84c3a62825c7952ea89a6c8f8,ours,0,ok,2.8957962058484554e-05,0.058832749957218766,1.0,1.0,1.0,0.1,False,False,,,,,,,
unstable,50000,23,0.0540200830437243,29e52e911502835e882c5f91f309fcb6fc9148b9ed167f9c907e65e6d747d437,arbitrary_control,0,ok,7.033400470390916e-05,0.05409041704842821,0.0,0.0,0.0,,False,False,,,,,,False,0.0019257618102725236
unstable,50000,23,0.0540200830437243,29e52e911502835e882c5f91f309fcb6fc9148b9ed167f9c907e65e6d747d437,arbitrary_control,1,ok,3.441702574491501e-05,0.054054500069469213,0.0,0.0,0.0,,False,False,,,,,,False,0.0018109145659365937
unstable,50000,23,0.0540200830437243,29e52e911502835e882c5f91f309fcb6fc9148b9ed167f9c907e65e6d747d437,arbitrary_control,2,ok,2.7916976250708103e-05,0.05404800001997501,0.0,0.0,0.0,,False,False,,,,,,False,0.000876316647340316
unstable,50000,23,0.0540200830437243,29e52e911502835e882c5f91f309fcb6fc9148b9ed167f9c907e65e6d747d437,arbitrary_control,3,ok,2.612505340948701e-05,0.054046208097133785,0.0,0.0,0.0,,False,False,,,,,,False,0.0019402411577718753
unstable,50000,23,0.0540200830437243,29e52e911502835e882c5f91f309fcb6fc9148b9ed167f9c907e65e6d747d437,arbitrary_control,4,ok,2.4500011932104826e-05,0.0540445830556564,0.0,0.0,0.0,,False,False,,,,,,False,0.0008594391416151896
unstable,50000,23,0.0540200830437243,29e52e911502835e882c5f91f309fcb6fc9148b9ed167f9c907e65e6d747d437,ours,0,ok,4.1584018617868423e-05,0.05406166706234217,1.0,1.0,1.0,0.1,False,False,,,,,,,
unstable,50000,23,0.0540200830437243,29e52e911502835e882c5f91f309fcb6fc9148b9ed167f9c907e65e6d747d437,enum_first_stable,0,ok,11.340723707980942,11.394743791024666,1.0,1.0,1.0,0.1,False,False,False,11.340711958007887,"[{'threshold': 0.1, 'n_candidates_enumerated': 800, 'enumeration_cap_hit': False, 'enumeration_timed_out': False}]",800.0,0.0,,
unstable,50000,23,0.0540200830437243,29e52e911502835e882c5f91f309fcb6fc9148b9ed167f9c907e65e6d747d437,enum_uniform_random,0,ok,11.340750125003979,11.394770208047703,1.0,1.0,1.0,0.1,False,False,False,11.340711958007887,"[{'threshold': 0.1, 'n_candidates_enumerated': 800, 'enumeration_cap_hit': False, 'enumeration_timed_out': False}]",800.0,0.0,,
unstable,50000,23,0.0540200830437243,29e52e911502835e882c5f91f309fcb6fc9148b9ed167f9c907e65e6d747d437,enum_uniform_random,1,ok,11.340726000024006,11.39474608306773,1.0,1.0,1.0,0.1,False,False,False,11.340711958007887,"[{'threshold': 0.1, 'n_candidates_enumerated': 800, 'enumeration_cap_hit': False, 'enumeration_timed_out': False}]",800.0,0.0,,
unstable,50000,23,0.0540200830437243,29e52e911502835e882c5f91f309fcb6fc9148b9ed167f9c907e65e6d747d437,enum_uniform_random,2,ok,11.340724541048985,11.39474462409271,1.0,1.0,1.0,0.1,False,False,False,11.340711958007887,"[{'threshold': 0.1, 'n_candidates_enumerated': 800, 'enumeration_cap_hit': False, 'enumeration_timed_out': False}]",800.0,0.0,,
unstable,50000,23,0.0540200830437243,29e52e911502835e882c5f91f309fcb6fc9148b9ed167f9c907e65e6d747d437,enum_uniform_random,3,ok,11.340723540983163,11.394743624026887,1.0,1.0,1.0,0.1,False,False,False,11.340711958007887,"[{'threshold': 0.1, 'n_candidates_enumerated': 800, 'enumeration_cap_hit': False, 'enumeration_timed_out': False}]",800.0,0.0,,
unstable,50000,23,0.0540200830437243,29e52e911502835e882c5f91f309fcb6fc9148b9ed167f9c907e65e6d747d437,enum_uniform_random,4,ok,11.340723000001162,11.394743083044887,1.0,1.0,1.0,0.1,False,False,False,11.340711958007887,"[{'threshold': 0.1, 'n_candidates_enumerated': 800, 'enumeration_cap_hit': False, 'enumeration_timed_out': False}]",800.0,0.0,,
unstable,50000,24,0.06329324998660013,f409e02a19991420edf48f393cc7039c0b60761aac76b59ab39cebd30e8b0469,ours,0,ok,5.6958000641316175e-05,0.06335020798724145,1.0,1.0,1.0,0.1,False,False,,,,,,,
unstable,50000,24,0.06329324998660013,f409e02a19991420edf48f393cc7039c0b60761aac76b59ab39cebd30e8b0469,enum_first_stable,0,ok,42.34553958295146,42.40883283293806,1.0,1.0,1.0,0.1,False,False,False,42.34553337498801,"[{'threshold': 0.1, 'n_candidates_enumerated': 192, 'enumeration_cap_hit': False, 'enumeration_timed_out': False}]",192.0,0.0,,
unstable,50000,24,0.06329324998660013,f409e02a19991420edf48f393cc7039c0b60761aac76b59ab39cebd30e8b0469,enum_uniform_random,0,ok,42.34558970894432,42.40888295893092,1.0,1.0,1.0,0.1,False,False,False,42.34553337498801,"[{'threshold': 0.1, 'n_candidates_enumerated': 192, 'enumeration_cap_hit': False, 'enumeration_timed_out': False}]",192.0,0.0,,
unstable,50000,24,0.06329324998660013,f409e02a19991420edf48f393cc7039c0b60761aac76b59ab39cebd30e8b0469,enum_uniform_random,1,ok,42.3455462079728,42.4088394579594,1.0,1.0,1.0,0.1,False,False,False,42.34553337498801,"[{'threshold': 0.1, 'n_candidates_enumerated': 192, 'enumeration_cap_hit': False, 'enumeration_timed_out': False}]",192.0,0.0,,
unstable,50000,24,0.06329324998660013,f409e02a19991420edf48f393cc7039c0b60761aac76b59ab39cebd30e8b0469,enum_uniform_random,2,ok,42.345544458017685,42.408837708004285,1.0,1.0,1.0,0.1,False,False,False,42.34553337498801,"[{'threshold': 0.1, 'n_candidates_enumerated': 192, 'enumeration_cap_hit': False, 'enumeration_timed_out': False}]",192.0,0.0,,
unstable,50000,24,0.06329324998660013,f409e02a19991420edf48f393cc7039c0b60761aac76b59ab39cebd30e8b0469,enum_uniform_random,3,ok,42.345543707953766,42.408836957940366,1.0,1.0,1.0,0.1,False,False,False,42.34553337498801,"[{'threshold': 0.1, 'n_candidates_enumerated': 192, 'enumeration_cap_hit': False, 'enumeration_timed_out': False}]",192.0,0.0,,
unstable,50000,24,0.06329324998660013,f409e02a19991420edf48f393cc7039c0b60761aac76b59ab39cebd30e8b0469,enum_uniform_random,4,ok,42.34554366697557,42.40883691696217,1.0,1.0,1.0,0.1,False,False,False,42.34553337498801,"[{'threshold': 0.1, 'n_candidates_enumerated': 192, 'enumeration_cap_hit': False, 'enumeration_timed_out': False}]",192.0,0.0,,
unstable,50000,24,0.06329324998660013,f409e02a19991420edf48f393cc7039c0b60761aac76b59ab39cebd30e8b0469,arbitrary_control,0,ok,6.370799383148551e-05,0.06335695798043162,0.0,0.0,0.0,,False,False,,,,,,False,0.0005115705984294246
unstable,50000,24,0.06329324998660013,f409e02a19991420edf48f393cc7039c0b60761aac76b59ab39cebd30e8b0469,arbitrary_control,1,ok,2.808397402986884e-05,0.06332133396063,0.0,0.0,0.0,,False,False,,,,,,False,0.0010460851398727956
unstable,50000,24,0.06329324998660013,f409e02a19991420edf48f393cc7039c0b60761aac76b59ab39cebd30e8b0469,arbitrary_control,2,ok,2.5333021767437458e-05,0.06331858300836757,0.0,0.0,0.0,,False,False,,,,,,False,2.0365267040398728e-05
unstable,50000,24,0.06329324998660013,f409e02a19991420edf48f393cc7039c0b60761aac76b59ab39cebd30e8b0469,arbitrary_control,3,ok,2.420798409730196e-05,0.06331745797069743,0.0,0.0,0.0,,False,False,,,,,,False,0.0009046610964465789
unstable,50000,24,0.06329324998660013,f409e02a19991420edf48f393cc7039c0b60761aac76b59ab39cebd30e8b0469,arbitrary_control,4,ok,2.3500004317611456e-05,0.06331674999091774,0.0,0.0,0.0,,False,False,,,,,,False,0.00021477647591851192
unstable,50000,25,0.055160957970656455,826fcbf3d11f007f5d25d8f42ab1e5866e89cf9f34e1827ee73d81d82e091227,enum_first_stable,0,ok,7.820478458015714,7.87563941598637,1.0,1.0,1.0,0.1,False,False,False,7.82046358298976,"[{'threshold': 0.1, 'n_candidates_enumerated': 1344, 'enumeration_cap_hit': False, 'enumeration_timed_out': False}]",1344.0,0.0,,
unstable,50000,25,0.055160957970656455,826fcbf3d11f007f5d25d8f42ab1e5866e89cf9f34e1827ee73d81d82e091227,enum_uniform_random,0,ok,7.820522665977478,7.8756836239481345,1.0,1.0,1.0,0.1,False,False,False,7.82046358298976,"[{'threshold': 0.1, 'n_candidates_enumerated': 1344, 'enumeration_cap_hit': False, 'enumeration_timed_out': False}]",1344.0,0.0,,
unstable,50000,25,0.055160957970656455,826fcbf3d11f007f5d25d8f42ab1e5866e89cf9f34e1827ee73d81d82e091227,enum_uniform_random,1,ok,7.820479499001522,7.875640456972178,1.0,1.0,1.0,0.1,False,False,False,7.82046358298976,"[{'threshold': 0.1, 'n_candidates_enumerated': 1344, 'enumeration_cap_hit': False, 'enumeration_timed_out': False}]",1344.0,0.0,,
unstable,50000,25,0.055160957970656455,826fcbf3d11f007f5d25d8f42ab1e5866e89cf9f34e1827ee73d81d82e091227,enum_uniform_random,2,ok,7.820476541004609,7.875637498975266,1.0,1.0,1.0,0.1,False,False,False,7.82046358298976,"[{'threshold': 0.1, 'n_candidates_enumerated': 1344, 'enumeration_cap_hit': False, 'enumeration_timed_out': False}]",1344.0,0.0,,
unstable,50000,25,0.055160957970656455,826fcbf3d11f007f5d25d8f42ab1e5866e89cf9f34e1827ee73d81d82e091227,enum_uniform_random,3,ok,7.820476791996043,7.8756377499667,1.0,1.0,1.0,0.1,False,False,False,7.82046358298976,"[{'threshold': 0.1, 'n_candidates_enumerated': 1344, 'enumeration_cap_hit': False, 'enumeration_timed_out': False}]",1344.0,0.0,,
unstable,50000,25,0.055160957970656455,826fcbf3d11f007f5d25d8f42ab1e5866e89cf9f34e1827ee73d81d82e091227,enum_uniform_random,4,ok,7.820476249966305,7.875637207936961,1.0,1.0,1.0,0.1,False,False,False,7.82046358298976,"[{'threshold': 0.1, 'n_candidates_enumerated': 1344, 'enumeration_cap_hit': False, 'enumeration_timed_out': False}]",1344.0,0.0,,
unstable,50000,25,0.055160957970656455,826fcbf3d11f007f5d25d8f42ab1e5866e89cf9f34e1827ee73d81d82e091227,arbitrary_control,0,ok,5.600001895800233e-05,0.05521695798961446,0.027237354085603113,0.0,0.0,,False,False,,,,,,False,0.004864773845234952
unstable,50000,25,0.055160957970656455,826fcbf3d11f007f5d25d8f42ab1e5866e89cf9f34e1827ee73d81d82e091227,arbitrary_control,1,ok,2.641597529873252e-05,0.05518737394595519,0.0,0.0,0.0,,False,False,,,,,,False,0.0014439911020138925
unstable,50000,25,0.055160957970656455,826fcbf3d11f007f5d25d8f42ab1e5866e89cf9f34e1827ee73d81d82e091227,arbitrary_control,2,ok,2.4625041987746954e-05,0.0551855830126442,0.0,0.0,0.0,,False,False,,,,,,False,0.0025448447203523543
unstable,50000,25,0.055160957970656455,826fcbf3d11f007f5d25d8f42ab1e5866e89cf9f34e1827ee73d81d82e091227,arbitrary_control,3,ok,2.3667002096772194e-05,0.05518462497275323,0.0,0.0,0.0,,False,False,,,,,,False,0.0018046081284269298
unstable,50000,25,0.055160957970656455,826fcbf3d11f007f5d25d8f42ab1e5866e89cf9f34e1827ee73d81d82e091227,arbitrary_control,4,ok,2.3499946109950542e-05,0.055184457916766405,0.0,0.0,0.0,,False,False,,,,,,False,0.0012135382978837152
unstable,50000,25,0.055160957970656455,826fcbf3d11f007f5d25d8f42ab1e5866e89cf9f34e1827ee73d81d82e091227,ours,0,ok,4.2832980398088694e-05,0.05520379095105454,1.0,1.0,1.0,0.1,False,False,,,,,,,
unstable,50000,26,0.07891062501585111,29546dc5595bc627f3ce6484ef443523e25d92a3b6264452e72c4269fd2f1834,arbitrary_control,0,ok,6.041600136086345e-05,0.07897104101721197,0.0,0.0,0.0,,False,False,,,,,,False,0.0012121687910871626
unstable,50000,26,0.07891062501585111,29546dc5595bc627f3ce6484ef443523e25d92a3b6264452e72c4269fd2f1834,arbitrary_control,1,ok,2.7499976567924023e-05,0.07893812499241903,0.0,0.0,0.0,,False,False,,,,,,False,0.00014462668291182273
unstable,50000,26,0.07891062501585111,29546dc5595bc627f3ce6484ef443523e25d92a3b6264452e72c4269fd2f1834,arbitrary_control,2,ok,2.4707987904548645e-05,0.07893533300375566,0.0,0.0,0.0,,False,False,,,,,,False,0.0016925595871463248
unstable,50000,26,0.07891062501585111,29546dc5595bc627f3ce6484ef443523e25d92a3b6264452e72c4269fd2f1834,arbitrary_control,3,ok,2.3500004317611456e-05,0.07893412502016872,0.0,0.0,0.0,,False,False,,,,,,False,0.0005347842665587137
unstable,50000,26,0.07891062501585111,29546dc5595bc627f3ce6484ef443523e25d92a3b6264452e72c4269fd2f1834,arbitrary_control,4,ok,2.3208034690469503e-05,0.07893383305054158,0.0,0.0,0.0,,False,False,,,,,,False,0.0003573993476925456
unstable,50000,26,0.07891062501585111,29546dc5595bc627f3ce6484ef443523e25d92a3b6264452e72c4269fd2f1834,ours,0,ok,4.004203947260976e-05,0.07895066705532372,1.0,1.0,1.0,0.1,False,False,,,,,,,
unstable,50000,26,0.07891062501585111,29546dc5595bc627f3ce6484ef443523e25d92a3b6264452e72c4269fd2f1834,enum_first_stable,0,ok,0.3506531249731779,0.429563749989029,1.0,1.0,1.0,0.1,False,False,False,0.35065137495985255,"[{'threshold': 0.1, 'n_candidates_enumerated': 576, 'enumeration_cap_hit': False, 'enumeration_timed_out': False}]",576.0,0.0,,
unstable,50000,26,0.07891062501585111,29546dc5595bc627f3ce6484ef443523e25d92a3b6264452e72c4269fd2f1834,enum_uniform_random,0,ok,0.3506750419619493,0.42958566697780043,1.0,1.0,1.0,0.1,False,False,False,0.35065137495985255,"[{'threshold': 0.1, 'n_candidates_enumerated': 576, 'enumeration_cap_hit': False, 'enumeration_timed_out': False}]",576.0,0.0,,
unstable,50000,26,0.07891062501585111,29546dc5595bc627f3ce6484ef443523e25d92a3b6264452e72c4269fd2f1834,enum_uniform_random,1,ok,0.3506620419793762,0.42957266699522734,1.0,1.0,1.0,0.1,False,False,False,0.35065137495985255,"[{'threshold': 0.1, 'n_candidates_enumerated': 576, 'enumeration_cap_hit': False, 'enumeration_timed_out': False}]",576.0,0.0,,
unstable,50000,26,0.07891062501585111,29546dc5595bc627f3ce6484ef443523e25d92a3b6264452e72c4269fd2f1834,enum_uniform_random,2,ok,0.35066158295376226,0.4295722079696134,1.0,1.0,1.0,0.1,False,False,False,0.35065137495985255,"[{'threshold': 0.1, 'n_candidates_enumerated': 576, 'enumeration_cap_hit': False, 'enumeration_timed_out': False}]",576.0,0.0,,
unstable,50000,26,0.07891062501585111,29546dc5595bc627f3ce6484ef443523e25d92a3b6264452e72c4269fd2f1834,enum_uniform_random,3,ok,0.3506615409278311,0.4295721659436822,1.0,1.0,1.0,0.1,False,False,False,0.35065137495985255,"[{'threshold': 0.1, 'n_candidates_enumerated': 576, 'enumeration_cap_hit': False, 'enumeration_timed_out': False}]",576.0,0.0,,
unstable,50000,26,0.07891062501585111,29546dc5595bc627f3ce6484ef443523e25d92a3b6264452e72c4269fd2f1834,enum_uniform_random,4,ok,0.35066158295376226,0.4295722079696134,1.0,1.0,1.0,0.1,False,False,False,0.35065137495985255,"[{'threshold': 0.1, 'n_candidates_enumerated': 576, 'enumeration_cap_hit': False, 'enumeration_timed_out': False}]",576.0,0.0,,
unstable,50000,27,0.0707670830306597,fec9cf419453ac575415e13616d56f120758cf1c7f6796ac8b5a0d04be128f1d,ours,0,ok,5.3750001825392246e-05,0.0708208330324851,1.0,1.0,1.0,0.1,False,False,,,,,,,
unstable,50000,27,0.0707670830306597,fec9cf419453ac575415e13616d56f120758cf1c7f6796ac8b5a0d04be128f1d,enum_first_stable,0,ok,2.1908661240013316,2.2616332070319913,1.0,1.0,1.0,0.1,False,False,False,2.1908532080124132,"[{'threshold': 0.1, 'n_candidates_enumerated': 896, 'enumeration_cap_hit': False, 'enumeration_timed_out': False}]",896.0,0.0,,
unstable,50000,27,0.0707670830306597,fec9cf419453ac575415e13616d56f120758cf1c7f6796ac8b5a0d04be128f1d,enum_uniform_random,0,ok,2.190908832999412,2.2616759160300717,1.0,1.0,1.0,0.1,False,False,False,2.1908532080124132,"[{'threshold': 0.1, 'n_candidates_enumerated': 896, 'enumeration_cap_hit': False, 'enumeration_timed_out': False}]",896.0,0.0,,
unstable,50000,27,0.0707670830306597,fec9cf419453ac575415e13616d56f120758cf1c7f6796ac8b5a0d04be128f1d,enum_uniform_random,1,ok,2.190867999976035,2.261635083006695,1.0,1.0,1.0,0.1,False,False,False,2.1908532080124132,"[{'threshold': 0.1, 'n_candidates_enumerated': 896, 'enumeration_cap_hit': False, 'enumeration_timed_out': False}]",896.0,0.0,,
unstable,50000,27,0.0707670830306597,fec9cf419453ac575415e13616d56f120758cf1c7f6796ac8b5a0d04be128f1d,enum_uniform_random,2,ok,2.1908654990256764,2.261632582056336,1.0,1.0,1.0,0.1,False,False,False,2.1908532080124132,"[{'threshold': 0.1, 'n_candidates_enumerated': 896, 'enumeration_cap_hit': False, 'enumeration_timed_out': False}]",896.0,0.0,,
unstable,50000,27,0.0707670830306597,fec9cf419453ac575415e13616d56f120758cf1c7f6796ac8b5a0d04be128f1d,enum_uniform_random,3,ok,2.1908649160177447,2.2616319990484044,1.0,1.0,1.0,0.1,False,False,False,2.1908532080124132,"[{'threshold': 0.1, 'n_candidates_enumerated': 896, 'enumeration_cap_hit': False, 'enumeration_timed_out': False}]",896.0,0.0,,
unstable,50000,27,0.0707670830306597,fec9cf419453ac575415e13616d56f120758cf1c7f6796ac8b5a0d04be128f1d,enum_uniform_random,4,ok,2.1908647080417722,2.261631791072432,1.0,1.0,1.0,0.1,False,False,False,2.1908532080124132,"[{'threshold': 0.1, 'n_candidates_enumerated': 896, 'enumeration_cap_hit': False, 'enumeration_timed_out': False}]",896.0,0.0,,
unstable,50000,27,0.0707670830306597,fec9cf419453ac575415e13616d56f120758cf1c7f6796ac8b5a0d04be128f1d,arbitrary_control,0,ok,4.5874970965087414e-05,0.07081295800162479,0.0,0.0,0.0,,False,False,,,,,,False,0.0007527598743322681
unstable,50000,27,0.0707670830306597,fec9cf419453ac575415e13616d56f120758cf1c7f6796ac8b5a0d04be128f1d,arbitrary_control,1,ok,2.59590451605618e-05,0.07079304207582027,0.0,0.0,0.0,,False,False,,,,,,False,0.0004086665579354151
unstable,50000,27,0.0707670830306597,fec9cf419453ac575415e13616d56f120758cf1c7f6796ac8b5a0d04be128f1d,arbitrary_control,2,ok,2.441700780764222e-05,0.07079150003846735,0.0,0.0,0.0,,False,False,,,,,,False,0.0007099523281387212
unstable,50000,27,0.0707670830306597,fec9cf419453ac575415e13616d56f120758cf1c7f6796ac8b5a0d04be128f1d,arbitrary_control,3,ok,2.358399797230959e-05,0.07079066702863201,0.0,0.0,0.0,,False,False,,,,,,False,0.0005373164817647989
unstable,50000,27,0.0707670830306597,fec9cf419453ac575415e13616d56f120758cf1c7f6796ac8b5a0d04be128f1d,arbitrary_control,4,ok,2.3416010662913322e-05,0.07079049904132262,0.0,0.0,0.0,,False,False,,,,,,False,0.0015291611858865312
unstable,50000,28,0.06254383298801258,f7c06abd408166a3403f281944b04393501316a935b4f9f614cf50dd92d5cfcb,enum_first_stable,0,ok,15.672057583054993,15.734601416043006,1.0,1.0,1.0,0.1,False,False,False,15.672052292036824,"[{'threshold': 0.1, 'n_candidates_enumerated': 128, 'enumeration_cap_hit': False, 'enumeration_timed_out': False}]",128.0,0.0,,
unstable,50000,28,0.06254383298801258,f7c06abd408166a3403f281944b04393501316a935b4f9f614cf50dd92d5cfcb,enum_uniform_random,0,ok,15.67211283405777,15.734656667045783,1.0,1.0,1.0,0.1,False,False,False,15.672052292036824,"[{'threshold': 0.1, 'n_candidates_enumerated': 128, 'enumeration_cap_hit': False, 'enumeration_timed_out': False}]",128.0,0.0,,
unstable,50000,28,0.06254383298801258,f7c06abd408166a3403f281944b04393501316a935b4f9f614cf50dd92d5cfcb,enum_uniform_random,1,ok,15.672064999991562,15.734608832979575,1.0,1.0,1.0,0.1,False,False,False,15.672052292036824,"[{'threshold': 0.1, 'n_candidates_enumerated': 128, 'enumeration_cap_hit': False, 'enumeration_timed_out': False}]",128.0,0.0,,
unstable,50000,28,0.06254383298801258,f7c06abd408166a3403f281944b04393501316a935b4f9f614cf50dd92d5cfcb,enum_uniform_random,2,ok,15.672063292062376,15.734607125050388,1.0,1.0,1.0,0.1,False,False,False,15.672052292036824,"[{'threshold': 0.1, 'n_candidates_enumerated': 128, 'enumeration_cap_hit': False, 'enumeration_timed_out': False}]",128.0,0.0,,
unstable,50000,28,0.06254383298801258,f7c06abd408166a3403f281944b04393501316a935b4f9f614cf50dd92d5cfcb,enum_uniform_random,3,ok,15.672062167024706,15.734606000012718,1.0,1.0,1.0,0.1,False,False,False,15.672052292036824,"[{'threshold': 0.1, 'n_candidates_enumerated': 128, 'enumeration_cap_hit': False, 'enumeration_timed_out': False}]",128.0,0.0,,
unstable,50000,28,0.06254383298801258,f7c06abd408166a3403f281944b04393501316a935b4f9f614cf50dd92d5cfcb,enum_uniform_random,4,ok,15.672061917022802,15.734605750010815,1.0,1.0,1.0,0.1,False,False,False,15.672052292036824,"[{'threshold': 0.1, 'n_candidates_enumerated': 128, 'enumeration_cap_hit': False, 'enumeration_timed_out': False}]",128.0,0.0,,
unstable,50000,28,0.06254383298801258,f7c06abd408166a3403f281944b04393501316a935b4f9f614cf50dd92d5cfcb,arbitrary_control,0,ok,6.516696885228157e-05,0.06260899995686486,0.0,0.0,0.0,,False,False,,,,,,False,0.00022480104366705758
unstable,50000,28,0.06254383298801258,f7c06abd408166a3403f281944b04393501316a935b4f9f614cf50dd92d5cfcb,arbitrary_control,1,ok,2.7708010748028755e-05,0.06257154099876061,0.0,0.0,0.0,,False,False,,,,,,False,0.0009310655114546595
unstable,50000,28,0.06254383298801258,f7c06abd408166a3403f281944b04393501316a935b4f9f614cf50dd92d5cfcb,arbitrary_control,2,ok,2.4667009711265564e-05,0.06256849999772385,0.0,0.0,0.0,,False,False,,,,,,False,0.0003951647097526651
unstable,50000,28,0.06254383298801258,f7c06abd408166a3403f281944b04393501316a935b4f9f614cf50dd92d5cfcb,arbitrary_control,3,ok,2.37500062212348e-05,0.06256758299423382,0.0,0.0,0.0,,False,False,,,,,,False,0.0011093034183508688
unstable,50000,28,0.06254383298801258,f7c06abd408166a3403f281944b04393501316a935b4f9f614cf50dd92d5cfcb,arbitrary_control,4,ok,2.3707980290055275e-05,0.06256754096830264,0.0,0.0,0.0,,False,False,,,,,,False,0.00033681529076085167
unstable,50000,28,0.06254383298801258,f7c06abd408166a3403f281944b04393501316a935b4f9f614cf50dd92d5cfcb,ours,0,ok,4.333298420533538e-05,0.06258716597221792,1.0,1.0,1.0,0.1,False,False,,,,,,,
unstable,50000,29,0.05880370899103582,169a326a9016c9ba4f92985462fedb1be93a6c45306ec97ec37d664e3336e713,arbitrary_control,0,ok,6.9458968937397e-05,0.058873167959973216,0.0,0.0,0.0,,False,False,,,,,,False,0.00020607484254408676
unstable,50000,29,0.05880370899103582,169a326a9016c9ba4f92985462fedb1be93a6c45306ec97ec37d664e3336e713,arbitrary_control,1,ok,3.3541000448167324e-05,0.058837249991483986,0.0,0.0,0.0,,False,False,,,,,,False,0.0005353934029673844
unstable,50000,29,0.05880370899103582,169a326a9016c9ba4f92985462fedb1be93a6c45306ec97ec37d664e3336e713,arbitrary_control,2,ok,2.7875008527189493e-05,0.05883158399956301,0.0,0.0,0.0,,False,False,,,,,,False,3.030371138716087e-05
unstable,50000,29,0.05880370899103582,169a326a9016c9ba4f92985462fedb1be93a6c45306ec97ec37d664e3336e713,arbitrary_control,3,ok,2.5290995836257935e-05,0.05882899998687208,0.0,0.0,0.0,,False,False,,,,,,False,3.030371138716087e-05
unstable,50000,29,0.05880370899103582,169a326a9016c9ba4f92985462fedb1be93a6c45306ec97ec37d664e3336e713,arbitrary_control,4,ok,2.4540990125387907e-05,0.05882824998116121,0.0,0.0,0.0,,False,False,,,,,,False,0.0004298107005386343
unstable,50000,29,0.05880370899103582,169a326a9016c9ba4f92985462fedb1be93a6c45306ec97ec37d664e3336e713,ours,0,ok,3.470800584182143e-05,0.05883841699687764,1.0,1.0,1.0,0.1,False,False,,,,,,,
unstable,50000,29,0.05880370899103582,169a326a9016c9ba4f92985462fedb1be93a6c45306ec97ec37d664e3336e713,enum_first_stable,0,ok,0.11823120800545439,0.1770349169964902,1.0,1.0,1.0,0.1,False,False,False,0.11822833301266655,"[{'threshold': 0.1, 'n_candidates_enumerated': 1176, 'enumeration_cap_hit': False, 'enumeration_timed_out': False}]",1176.0,0.0,,
unstable,50000,29,0.05880370899103582,169a326a9016c9ba4f92985462fedb1be93a6c45306ec97ec37d664e3336e713,enum_uniform_random,0,ok,0.11824495799373835,0.17704866698477417,1.0,1.0,1.0,0.1,False,False,False,0.11822833301266655,"[{'threshold': 0.1, 'n_candidates_enumerated': 1176, 'enumeration_cap_hit': False, 'enumeration_timed_out': False}]",1176.0,0.0,,
unstable,50000,29,0.05880370899103582,169a326a9016c9ba4f92985462fedb1be93a6c45306ec97ec37d664e3336e713,enum_uniform_random,1,ok,0.11824112496105954,0.17704483395209536,1.0,1.0,1.0,0.1,False,False,False,0.11822833301266655,"[{'threshold': 0.1, 'n_candidates_enumerated': 1176, 'enumeration_cap_hit': False, 'enumeration_timed_out': False}]",1176.0,0.0,,
unstable,50000,29,0.05880370899103582,169a326a9016c9ba4f92985462fedb1be93a6c45306ec97ec37d664e3336e713,enum_uniform_random,2,ok,0.11823999998159707,0.17704370897263288,1.0,1.0,1.0,0.1,False,False,False,0.11822833301266655,"[{'threshold': 0.1, 'n_candidates_enumerated': 1176, 'enumeration_cap_hit': False, 'enumeration_timed_out': False}]",1176.0,0.0,,
unstable,50000,29,0.05880370899103582,169a326a9016c9ba4f92985462fedb1be93a6c45306ec97ec37d664e3336e713,enum_uniform_random,3,ok,0.11824016598984599,0.1770438749808818,1.0,1.0,1.0,0.1,False,False,False,0.11822833301266655,"[{'threshold': 0.1, 'n_candidates_enumerated': 1176, 'enumeration_cap_hit': False, 'enumeration_timed_out': False}]",1176.0,0.0,,
unstable,50000,29,0.05880370899103582,169a326a9016c9ba4f92985462fedb1be93a6c45306ec97ec37d664e3336e713,enum_uniform_random,4,ok,0.1182394580100663,0.17704316700110212,1.0,1.0,1.0,0.1,False,False,False,0.11822833301266655,"[{'threshold': 0.1, 'n_candidates_enumerated': 1176, 'enumeration_cap_hit': False, 'enumeration_timed_out': False}]",1176.0,0.0,,
