Assuming unrestricted shared filesystem usage.
host: AICheetah
Building DAG of jobs...
Using shell: /usr/bin/bash
Provided cores: 8
Rules claiming more threads will be scaled down.
Job stats:
job               count
--------------  -------
synth_fit           324
synth_evaluate      324
synth_plot            3
total               651

Select jobs to execute...
Execute 8 jobs...
[Wed Apr 29 11:29:02 2026]
localrule synth_fit:
    input: results/synth/regime=easy/d=10/num_cycles=4/density=0.3/samp_size=50/seed=2/dataset.npz
    output: results/synth/regime=easy/d=10/num_cycles=4/density=0.3/samp_size=50/seed=2/method=lacerda_prune/model.pkl
    jobid: 391
    reason: Missing output files: results/synth/regime=easy/d=10/num_cycles=4/density=0.3/samp_size=50/seed=2/method=lacerda_prune/model.pkl
    wildcards: regime=easy, d=10, num_cycles=4, density=0.3, samp_size=50, seed=2, method=lacerda_prune
    resources: tmpdir=/tmp
[Wed Apr 29 11:29:02 2026]
localrule synth_fit:
    input: results/synth/regime=easy/d=10/num_cycles=5/density=0.5/samp_size=1000/seed=0/dataset.npz
    output: results/synth/regime=easy/d=10/num_cycles=5/density=0.5/samp_size=1000/seed=0/method=lacerda_repare/model.pkl
    jobid: 754
    reason: Missing output files: results/synth/regime=easy/d=10/num_cycles=5/density=0.5/samp_size=1000/seed=0/method=lacerda_repare/model.pkl
    wildcards: regime=easy, d=10, num_cycles=5, density=0.5, samp_size=1000, seed=0, method=lacerda_repare
    resources: tmpdir=/tmp
[Wed Apr 29 11:29:02 2026]
localrule synth_fit:
    input: results/synth/regime=easy/d=10/num_cycles=5/density=0.5/samp_size=1000/seed=1/dataset.npz
    output: results/synth/regime=easy/d=10/num_cycles=5/density=0.5/samp_size=1000/seed=1/method=lacerda_repare/model.pkl
    jobid: 756
    reason: Missing output files: results/synth/regime=easy/d=10/num_cycles=5/density=0.5/samp_size=1000/seed=1/method=lacerda_repare/model.pkl
    wildcards: regime=easy, d=10, num_cycles=5, density=0.5, samp_size=1000, seed=1, method=lacerda_repare
    resources: tmpdir=/tmp
[Wed Apr 29 11:29:02 2026]
localrule synth_fit:
    input: results/synth/regime=easy/d=10/num_cycles=4/density=0.3/samp_size=100/seed=2/dataset.npz
    output: results/synth/regime=easy/d=10/num_cycles=4/density=0.3/samp_size=100/seed=2/method=lacerda/model.pkl
    jobid: 307
    reason: Code has changed since last execution
    wildcards: regime=easy, d=10, num_cycles=4, density=0.3, samp_size=100, seed=2, method=lacerda
    resources: tmpdir=/tmp
[Wed Apr 29 11:29:02 2026]
localrule synth_fit:
    input: results/synth/regime=easy/d=10/num_cycles=3/density=0.8/samp_size=50/seed=0/dataset.npz
    output: results/synth/regime=easy/d=10/num_cycles=3/density=0.8/samp_size=50/seed=0/method=lacerda_repare/model.pkl
    jobid: 182
    reason: Missing output files: results/synth/regime=easy/d=10/num_cycles=3/density=0.8/samp_size=50/seed=0/method=lacerda_repare/model.pkl
    wildcards: regime=easy, d=10, num_cycles=3, density=0.8, samp_size=50, seed=0, method=lacerda_repare
    resources: tmpdir=/tmp
[Wed Apr 29 11:29:02 2026]
localrule synth_fit:
    input: results/synth/regime=easy/d=10/num_cycles=3/density=0.5/samp_size=1000/seed=1/dataset.npz
    output: results/synth/regime=easy/d=10/num_cycles=3/density=0.5/samp_size=1000/seed=1/method=lacerda_prune/model.pkl
    jobid: 636
    reason: Missing output files: results/synth/regime=easy/d=10/num_cycles=3/density=0.5/samp_size=1000/seed=1/method=lacerda_prune/model.pkl
    wildcards: regime=easy, d=10, num_cycles=3, density=0.5, samp_size=1000, seed=1, method=lacerda_prune
    resources: tmpdir=/tmp
[Wed Apr 29 11:29:02 2026]
localrule synth_fit:
    input: results/synth/regime=easy/d=10/num_cycles=3/density=0.8/samp_size=50/seed=1/dataset.npz
    output: results/synth/regime=easy/d=10/num_cycles=3/density=0.8/samp_size=50/seed=1/method=lacerda_repare/model.pkl
    jobid: 184
    reason: Missing output files: results/synth/regime=easy/d=10/num_cycles=3/density=0.8/samp_size=50/seed=1/method=lacerda_repare/model.pkl
    wildcards: regime=easy, d=10, num_cycles=3, density=0.8, samp_size=50, seed=1, method=lacerda_repare
    resources: tmpdir=/tmp
[Wed Apr 29 11:29:02 2026]
localrule synth_fit:
    input: results/synth/regime=easy/d=10/num_cycles=3/density=0.5/samp_size=1000/seed=2/dataset.npz
    output: results/synth/regime=easy/d=10/num_cycles=3/density=0.5/samp_size=1000/seed=2/method=lacerda/model.pkl
    jobid: 542
    reason: Code has changed since last execution
    wildcards: regime=easy, d=10, num_cycles=3, density=0.5, samp_size=1000, seed=2, method=lacerda
    resources: tmpdir=/tmp
[Wed Apr 29 11:29:03 2026]
Finished jobid: 184 (Rule: synth_fit)
1 of 651 steps (0.2%) done
Select jobs to execute...
Execute 1 jobs...
[Wed Apr 29 11:29:03 2026]
localrule synth_fit:
    input: results/synth/regime=easy/d=10/num_cycles=3/density=0.3/samp_size=100/seed=0/dataset.npz
    output: results/synth/regime=easy/d=10/num_cycles=3/density=0.3/samp_size=100/seed=0/method=lacerda_prune/model.pkl
    jobid: 369
    reason: Missing output files: results/synth/regime=easy/d=10/num_cycles=3/density=0.3/samp_size=100/seed=0/method=lacerda_prune/model.pkl
    wildcards: regime=easy, d=10, num_cycles=3, density=0.3, samp_size=100, seed=0, method=lacerda_prune
    resources: tmpdir=/tmp
[Wed Apr 29 11:29:03 2026]
Finished jobid: 542 (Rule: synth_fit)
2 of 651 steps (0.3%) done
[Wed Apr 29 11:29:03 2026]
Finished jobid: 391 (Rule: synth_fit)
3 of 651 steps (0.5%) done
Select jobs to execute...
Execute 2 jobs...
[Wed Apr 29 11:29:03 2026]
localrule synth_fit:
    input: results/synth/regime=easy/d=10/num_cycles=3/density=0.5/samp_size=500/seed=2/dataset.npz
    output: results/synth/regime=easy/d=10/num_cycles=3/density=0.5/samp_size=500/seed=2/method=lacerda_prune/model.pkl
    jobid: 632
    reason: Missing output files: results/synth/regime=easy/d=10/num_cycles=3/density=0.5/samp_size=500/seed=2/method=lacerda_prune/model.pkl
    wildcards: regime=easy, d=10, num_cycles=3, density=0.5, samp_size=500, seed=2, method=lacerda_prune
    resources: tmpdir=/tmp
[Wed Apr 29 11:29:03 2026]
localrule synth_fit:
    input: results/synth/regime=easy/d=10/num_cycles=5/density=0.5/samp_size=1000/seed=2/dataset.npz
    output: results/synth/regime=easy/d=10/num_cycles=5/density=0.5/samp_size=1000/seed=2/method=lacerda_repare/model.pkl
    jobid: 758
    reason: Missing output files: results/synth/regime=easy/d=10/num_cycles=5/density=0.5/samp_size=1000/seed=2/method=lacerda_repare/model.pkl
    wildcards: regime=easy, d=10, num_cycles=5, density=0.5, samp_size=1000, seed=2, method=lacerda_repare
    resources: tmpdir=/tmp
Select jobs to execute...
[Wed Apr 29 11:29:04 2026]
Finished jobid: 307 (Rule: synth_fit)
4 of 651 steps (1%) done
Execute 1 jobs...
[Wed Apr 29 11:29:04 2026]
localrule synth_fit:
    input: results/synth/regime=easy/d=10/num_cycles=3/density=0.3/samp_size=100/seed=1/dataset.npz
    output: results/synth/regime=easy/d=10/num_cycles=3/density=0.3/samp_size=100/seed=1/method=lacerda_prune/model.pkl
    jobid: 371
    reason: Missing output files: results/synth/regime=easy/d=10/num_cycles=3/density=0.3/samp_size=100/seed=1/method=lacerda_prune/model.pkl
    wildcards: regime=easy, d=10, num_cycles=3, density=0.3, samp_size=100, seed=1, method=lacerda_prune
    resources: tmpdir=/tmp
Select jobs to execute...
[Wed Apr 29 11:29:05 2026]
Finished jobid: 182 (Rule: synth_fit)
5 of 651 steps (1%) done
Execute 1 jobs...
[Wed Apr 29 11:29:05 2026]
localrule synth_fit:
    input: results/synth/regime=easy/d=10/num_cycles=3/density=0.3/samp_size=50/seed=2/dataset.npz
    output: results/synth/regime=easy/d=10/num_cycles=3/density=0.3/samp_size=50/seed=2/method=lacerda_prune/model.pkl
    jobid: 367
    reason: Missing output files: results/synth/regime=easy/d=10/num_cycles=3/density=0.3/samp_size=50/seed=2/method=lacerda_prune/model.pkl
    wildcards: regime=easy, d=10, num_cycles=3, density=0.3, samp_size=50, seed=2, method=lacerda_prune
    resources: tmpdir=/tmp
Select jobs to execute...
[Wed Apr 29 11:29:05 2026]
Finished jobid: 369 (Rule: synth_fit)
6 of 651 steps (1%) done
Execute 1 jobs...
[Wed Apr 29 11:29:05 2026]
localrule synth_fit:
    input: results/synth/regime=easy/d=10/num_cycles=3/density=0.3/samp_size=100/seed=2/dataset.npz
    output: results/synth/regime=easy/d=10/num_cycles=3/density=0.3/samp_size=100/seed=2/method=lacerda_prune/model.pkl
    jobid: 373
    reason: Missing output files: results/synth/regime=easy/d=10/num_cycles=3/density=0.3/samp_size=100/seed=2/method=lacerda_prune/model.pkl
    wildcards: regime=easy, d=10, num_cycles=3, density=0.3, samp_size=100, seed=2, method=lacerda_prune
    resources: tmpdir=/tmp
[Wed Apr 29 11:29:06 2026]
Finished jobid: 632 (Rule: synth_fit)
7 of 651 steps (1%) done
Select jobs to execute...
Execute 1 jobs...
[Wed Apr 29 11:29:06 2026]
localrule synth_fit:
    input: results/synth/regime=easy/d=10/num_cycles=3/density=0.3/samp_size=50/seed=1/dataset.npz
    output: results/synth/regime=easy/d=10/num_cycles=3/density=0.3/samp_size=50/seed=1/method=lacerda_prune/model.pkl
    jobid: 365
    reason: Missing output files: results/synth/regime=easy/d=10/num_cycles=3/density=0.3/samp_size=50/seed=1/method=lacerda_prune/model.pkl
    wildcards: regime=easy, d=10, num_cycles=3, density=0.3, samp_size=50, seed=1, method=lacerda_prune
    resources: tmpdir=/tmp
Select jobs to execute...
[Wed Apr 29 11:29:06 2026]
Finished jobid: 756 (Rule: synth_fit)
8 of 651 steps (1%) done
Execute 1 jobs...
[Wed Apr 29 11:29:06 2026]
localrule synth_fit:
    input: results/synth/regime=easy/d=10/num_cycles=3/density=0.3/samp_size=500/seed=0/dataset.npz
    output: results/synth/regime=easy/d=10/num_cycles=3/density=0.3/samp_size=500/seed=0/method=lacerda_prune/model.pkl
    jobid: 375
    reason: Missing output files: results/synth/regime=easy/d=10/num_cycles=3/density=0.3/samp_size=500/seed=0/method=lacerda_prune/model.pkl
    wildcards: regime=easy, d=10, num_cycles=3, density=0.3, samp_size=500, seed=0, method=lacerda_prune
    resources: tmpdir=/tmp
Select jobs to execute...
[Wed Apr 29 11:29:06 2026]
Finished jobid: 367 (Rule: synth_fit)
9 of 651 steps (1%) done
Execute 1 jobs...
[Wed Apr 29 11:29:06 2026]
localrule synth_fit:
    input: results/synth/regime=easy/d=10/num_cycles=3/density=0.3/samp_size=500/seed=1/dataset.npz
    output: results/synth/regime=easy/d=10/num_cycles=3/density=0.3/samp_size=500/seed=1/method=lacerda_prune/model.pkl
    jobid: 377
    reason: Missing output files: results/synth/regime=easy/d=10/num_cycles=3/density=0.3/samp_size=500/seed=1/method=lacerda_prune/model.pkl
    wildcards: regime=easy, d=10, num_cycles=3, density=0.3, samp_size=500, seed=1, method=lacerda_prune
    resources: tmpdir=/tmp
[Wed Apr 29 11:29:06 2026]
Finished jobid: 636 (Rule: synth_fit)
10 of 651 steps (2%) done
Select jobs to execute...
Execute 1 jobs...
[Wed Apr 29 11:29:06 2026]
localrule synth_evaluate:
    input: results/synth/regime=easy/d=10/num_cycles=3/density=0.8/samp_size=50/seed=1/dataset.npz, results/synth/regime=easy/d=10/num_cycles=3/density=0.8/samp_size=50/seed=1/method=lacerda_repare/model.pkl
    output: results/synth/regime=easy/d=10/num_cycles=3/density=0.8/samp_size=50/seed=1/method=lacerda_repare/metrics.csv
    jobid: 183
    reason: Missing output files: results/synth/regime=easy/d=10/num_cycles=3/density=0.8/samp_size=50/seed=1/method=lacerda_repare/metrics.csv; Input files updated by another job: results/synth/regime=easy/d=10/num_cycles=3/density=0.8/samp_size=50/seed=1/method=lacerda_repare/model.pkl
    wildcards: regime=easy, d=10, num_cycles=3, density=0.8, samp_size=50, seed=1, method=lacerda_repare
    resources: tmpdir=/tmp
Select jobs to execute...
[Wed Apr 29 11:29:06 2026]
Finished jobid: 371 (Rule: synth_fit)
11 of 651 steps (2%) done
Execute 1 jobs...
[Wed Apr 29 11:29:06 2026]
localrule synth_fit:
    input: results/synth/regime=easy/d=10/num_cycles=3/density=0.3/samp_size=500/seed=2/dataset.npz
    output: results/synth/regime=easy/d=10/num_cycles=3/density=0.3/samp_size=500/seed=2/method=lacerda_prune/model.pkl
    jobid: 379
    reason: Missing output files: results/synth/regime=easy/d=10/num_cycles=3/density=0.3/samp_size=500/seed=2/method=lacerda_prune/model.pkl
    wildcards: regime=easy, d=10, num_cycles=3, density=0.3, samp_size=500, seed=2, method=lacerda_prune
    resources: tmpdir=/tmp
Select jobs to execute...
[Wed Apr 29 11:29:07 2026]
Finished jobid: 365 (Rule: synth_fit)
12 of 651 steps (2%) done
Execute 1 jobs...
[Wed Apr 29 11:29:07 2026]
localrule synth_fit:
    input: results/synth/regime=easy/d=10/num_cycles=3/density=0.3/samp_size=1000/seed=0/dataset.npz
    output: results/synth/regime=easy/d=10/num_cycles=3/density=0.3/samp_size=1000/seed=0/method=lacerda_prune/model.pkl
    jobid: 381
    reason: Missing output files: results/synth/regime=easy/d=10/num_cycles=3/density=0.3/samp_size=1000/seed=0/method=lacerda_prune/model.pkl
    wildcards: regime=easy, d=10, num_cycles=3, density=0.3, samp_size=1000, seed=0, method=lacerda_prune
    resources: tmpdir=/tmp
Select jobs to execute...
[Wed Apr 29 11:29:07 2026]
Finished jobid: 373 (Rule: synth_fit)
13 of 651 steps (2%) done
Execute 1 jobs...
[Wed Apr 29 11:29:07 2026]
localrule synth_fit:
    input: results/synth/regime=easy/d=10/num_cycles=3/density=0.3/samp_size=1000/seed=1/dataset.npz
    output: results/synth/regime=easy/d=10/num_cycles=3/density=0.3/samp_size=1000/seed=1/method=lacerda_prune/model.pkl
    jobid: 383
    reason: Missing output files: results/synth/regime=easy/d=10/num_cycles=3/density=0.3/samp_size=1000/seed=1/method=lacerda_prune/model.pkl
    wildcards: regime=easy, d=10, num_cycles=3, density=0.3, samp_size=1000, seed=1, method=lacerda_prune
    resources: tmpdir=/tmp
Select jobs to execute...
[Wed Apr 29 11:29:07 2026]
Finished jobid: 375 (Rule: synth_fit)
14 of 651 steps (2%) done
Execute 1 jobs...
[Wed Apr 29 11:29:07 2026]
localrule synth_fit:
    input: results/synth/regime=easy/d=10/num_cycles=3/density=0.3/samp_size=1000/seed=2/dataset.npz
    output: results/synth/regime=easy/d=10/num_cycles=3/density=0.3/samp_size=1000/seed=2/method=lacerda_prune/model.pkl
    jobid: 385
    reason: Missing output files: results/synth/regime=easy/d=10/num_cycles=3/density=0.3/samp_size=1000/seed=2/method=lacerda_prune/model.pkl
    wildcards: regime=easy, d=10, num_cycles=3, density=0.3, samp_size=1000, seed=2, method=lacerda_prune
    resources: tmpdir=/tmp
Select jobs to execute...
[Wed Apr 29 11:29:07 2026]
Finished jobid: 183 (Rule: synth_evaluate)
15 of 651 steps (2%) done
Execute 1 jobs...
[Wed Apr 29 11:29:07 2026]
localrule synth_fit:
    input: results/synth/regime=easy/d=10/num_cycles=3/density=0.3/samp_size=500/seed=0/dataset.npz
    output: results/synth/regime=easy/d=10/num_cycles=3/density=0.3/samp_size=500/seed=0/method=lacerda/model.pkl
    jobid: 274
    reason: Code has changed since last execution
    wildcards: regime=easy, d=10, num_cycles=3, density=0.3, samp_size=500, seed=0, method=lacerda
    resources: tmpdir=/tmp
Select jobs to execute...
[Wed Apr 29 11:29:07 2026]
Finished jobid: 754 (Rule: synth_fit)
16 of 651 steps (2%) done
Execute 1 jobs...
[Wed Apr 29 11:29:07 2026]
localrule synth_fit:
    input: results/synth/regime=easy/d=10/num_cycles=3/density=0.5/samp_size=1000/seed=2/dataset.npz
    output: results/synth/regime=easy/d=10/num_cycles=3/density=0.5/samp_size=1000/seed=2/method=lacerda_repare/model.pkl
    jobid: 710
    reason: Missing output files: results/synth/regime=easy/d=10/num_cycles=3/density=0.5/samp_size=1000/seed=2/method=lacerda_repare/model.pkl
    wildcards: regime=easy, d=10, num_cycles=3, density=0.5, samp_size=1000, seed=2, method=lacerda_repare
    resources: tmpdir=/tmp
Select jobs to execute...
[Wed Apr 29 11:29:08 2026]
Finished jobid: 274 (Rule: synth_fit)
17 of 651 steps (3%) done
Execute 1 jobs...
[Wed Apr 29 11:29:08 2026]
localrule synth_fit:
    input: results/synth/regime=easy/d=10/num_cycles=5/density=0.3/samp_size=50/seed=1/dataset.npz
    output: results/synth/regime=easy/d=10/num_cycles=5/density=0.3/samp_size=50/seed=1/method=lacerda_repare/model.pkl
    jobid: 485
    reason: Missing output files: results/synth/regime=easy/d=10/num_cycles=5/density=0.3/samp_size=50/seed=1/method=lacerda_repare/model.pkl
    wildcards: regime=easy, d=10, num_cycles=5, density=0.3, samp_size=50, seed=1, method=lacerda_repare
    resources: tmpdir=/tmp
Select jobs to execute...
[Wed Apr 29 11:29:08 2026]
Finished jobid: 377 (Rule: synth_fit)
18 of 651 steps (3%) done
Execute 1 jobs...
[Wed Apr 29 11:29:08 2026]
localrule synth_fit:
    input: results/synth/regime=easy/d=10/num_cycles=4/density=0.8/samp_size=50/seed=1/dataset.npz
    output: results/synth/regime=easy/d=10/num_cycles=4/density=0.8/samp_size=50/seed=1/method=lacerda_prune/model.pkl
    jobid: 136
    reason: Missing output files: results/synth/regime=easy/d=10/num_cycles=4/density=0.8/samp_size=50/seed=1/method=lacerda_prune/model.pkl
    wildcards: regime=easy, d=10, num_cycles=4, density=0.8, samp_size=50, seed=1, method=lacerda_prune
    resources: tmpdir=/tmp
[Wed Apr 29 11:29:08 2026]
Finished jobid: 758 (Rule: synth_fit)
19 of 651 steps (3%) done
Select jobs to execute...
Execute 1 jobs...
[Wed Apr 29 11:29:08 2026]
localrule synth_evaluate:
    input: results/synth/regime=easy/d=10/num_cycles=5/density=0.5/samp_size=1000/seed=2/dataset.npz, results/synth/regime=easy/d=10/num_cycles=5/density=0.5/samp_size=1000/seed=2/method=lacerda_repare/model.pkl
    output: results/synth/regime=easy/d=10/num_cycles=5/density=0.5/samp_size=1000/seed=2/method=lacerda_repare/metrics.csv
    jobid: 757
    reason: Missing output files: results/synth/regime=easy/d=10/num_cycles=5/density=0.5/samp_size=1000/seed=2/method=lacerda_repare/metrics.csv; Input files updated by another job: results/synth/regime=easy/d=10/num_cycles=5/density=0.5/samp_size=1000/seed=2/method=lacerda_repare/model.pkl
    wildcards: regime=easy, d=10, num_cycles=5, density=0.5, samp_size=1000, seed=2, method=lacerda_repare
    resources: tmpdir=/tmp
Select jobs to execute...
[Wed Apr 29 11:29:08 2026]
Finished jobid: 379 (Rule: synth_fit)
20 of 651 steps (3%) done
Execute 1 jobs...
[Wed Apr 29 11:29:08 2026]
localrule synth_fit:
    input: results/synth/regime=easy/d=10/num_cycles=5/density=0.3/samp_size=50/seed=0/dataset.npz
    output: results/synth/regime=easy/d=10/num_cycles=5/density=0.3/samp_size=50/seed=0/method=lacerda_repare/model.pkl
    jobid: 483
    reason: Missing output files: results/synth/regime=easy/d=10/num_cycles=5/density=0.3/samp_size=50/seed=0/method=lacerda_repare/model.pkl
    wildcards: regime=easy, d=10, num_cycles=5, density=0.3, samp_size=50, seed=0, method=lacerda_repare
    resources: tmpdir=/tmp
Select jobs to execute...
[Wed Apr 29 11:29:09 2026]
Finished jobid: 381 (Rule: synth_fit)
21 of 651 steps (3%) done
Execute 1 jobs...
[Wed Apr 29 11:29:09 2026]
localrule synth_fit:
    input: results/synth/regime=easy/d=10/num_cycles=5/density=0.5/samp_size=100/seed=2/dataset.npz
    output: results/synth/regime=easy/d=10/num_cycles=5/density=0.5/samp_size=100/seed=2/method=lacerda/model.pkl
    jobid: 596
    reason: Code has changed since last execution
    wildcards: regime=easy, d=10, num_cycles=5, density=0.5, samp_size=100, seed=2, method=lacerda
    resources: tmpdir=/tmp
Select jobs to execute...
[Wed Apr 29 11:29:09 2026]
Finished jobid: 485 (Rule: synth_fit)
22 of 651 steps (3%) done
Execute 1 jobs...
[Wed Apr 29 11:29:09 2026]
localrule synth_fit:
    input: results/synth/regime=easy/d=10/num_cycles=4/density=0.8/samp_size=50/seed=0/dataset.npz
    output: results/synth/regime=easy/d=10/num_cycles=4/density=0.8/samp_size=50/seed=0/method=lacerda/model.pkl
    jobid: 39
    reason: Code has changed since last execution
    wildcards: regime=easy, d=10, num_cycles=4, density=0.8, samp_size=50, seed=0, method=lacerda
    resources: tmpdir=/tmp
Select jobs to execute...
[Wed Apr 29 11:29:09 2026]
Finished jobid: 757 (Rule: synth_evaluate)
23 of 651 steps (4%) done
Execute 1 jobs...
[Wed Apr 29 11:29:09 2026]
localrule synth_fit:
    input: results/synth/regime=easy/d=10/num_cycles=4/density=0.8/samp_size=50/seed=2/dataset.npz
    output: results/synth/regime=easy/d=10/num_cycles=4/density=0.8/samp_size=50/seed=2/method=lacerda_prune/model.pkl
    jobid: 138
    reason: Missing output files: results/synth/regime=easy/d=10/num_cycles=4/density=0.8/samp_size=50/seed=2/method=lacerda_prune/model.pkl
    wildcards: regime=easy, d=10, num_cycles=4, density=0.8, samp_size=50, seed=2, method=lacerda_prune
    resources: tmpdir=/tmp
Select jobs to execute...
[Wed Apr 29 11:29:09 2026]
Finished jobid: 136 (Rule: synth_fit)
24 of 651 steps (4%) done
Execute 1 jobs...
[Wed Apr 29 11:29:09 2026]
localrule synth_evaluate:
    input: results/synth/regime=easy/d=10/num_cycles=5/density=0.5/samp_size=1000/seed=1/dataset.npz, results/synth/regime=easy/d=10/num_cycles=5/density=0.5/samp_size=1000/seed=1/method=lacerda_repare/model.pkl
    output: results/synth/regime=easy/d=10/num_cycles=5/density=0.5/samp_size=1000/seed=1/method=lacerda_repare/metrics.csv
    jobid: 755
    reason: Missing output files: results/synth/regime=easy/d=10/num_cycles=5/density=0.5/samp_size=1000/seed=1/method=lacerda_repare/metrics.csv; Input files updated by another job: results/synth/regime=easy/d=10/num_cycles=5/density=0.5/samp_size=1000/seed=1/method=lacerda_repare/model.pkl
    wildcards: regime=easy, d=10, num_cycles=5, density=0.5, samp_size=1000, seed=1, method=lacerda_repare
    resources: tmpdir=/tmp
[Wed Apr 29 11:29:09 2026]
Finished jobid: 383 (Rule: synth_fit)
25 of 651 steps (4%) done
Select jobs to execute...
Execute 1 jobs...
[Wed Apr 29 11:29:09 2026]
localrule synth_fit:
    input: results/synth/regime=easy/d=10/num_cycles=3/density=0.5/samp_size=1000/seed=1/dataset.npz
    output: results/synth/regime=easy/d=10/num_cycles=3/density=0.5/samp_size=1000/seed=1/method=lacerda_repare/model.pkl
    jobid: 708
    reason: Missing output files: results/synth/regime=easy/d=10/num_cycles=3/density=0.5/samp_size=1000/seed=1/method=lacerda_repare/model.pkl
    wildcards: regime=easy, d=10, num_cycles=3, density=0.5, samp_size=1000, seed=1, method=lacerda_repare
    resources: tmpdir=/tmp
Select jobs to execute...
[Wed Apr 29 11:29:09 2026]
Finished jobid: 483 (Rule: synth_fit)
26 of 651 steps (4%) done
Execute 1 jobs...
[Wed Apr 29 11:29:09 2026]
localrule synth_fit:
    input: results/synth/regime=easy/d=10/num_cycles=4/density=0.8/samp_size=50/seed=0/dataset.npz
    output: results/synth/regime=easy/d=10/num_cycles=4/density=0.8/samp_size=50/seed=0/method=lacerda_prune/model.pkl
    jobid: 134
    reason: Missing output files: results/synth/regime=easy/d=10/num_cycles=4/density=0.8/samp_size=50/seed=0/method=lacerda_prune/model.pkl
    wildcards: regime=easy, d=10, num_cycles=4, density=0.8, samp_size=50, seed=0, method=lacerda_prune
    resources: tmpdir=/tmp
Select jobs to execute...
[Wed Apr 29 11:29:10 2026]
Finished jobid: 385 (Rule: synth_fit)
27 of 651 steps (4%) done
Execute 1 jobs...
[Wed Apr 29 11:29:10 2026]
localrule synth_fit:
    input: results/synth/regime=easy/d=10/num_cycles=4/density=0.3/samp_size=1000/seed=2/dataset.npz
    output: results/synth/regime=easy/d=10/num_cycles=4/density=0.3/samp_size=1000/seed=2/method=lacerda_repare/model.pkl
    jobid: 481
    reason: Missing output files: results/synth/regime=easy/d=10/num_cycles=4/density=0.3/samp_size=1000/seed=2/method=lacerda_repare/model.pkl
    wildcards: regime=easy, d=10, num_cycles=4, density=0.3, samp_size=1000, seed=2, method=lacerda_repare
    resources: tmpdir=/tmp
Select jobs to execute...
[Wed Apr 29 11:29:10 2026]
Finished jobid: 39 (Rule: synth_fit)
28 of 651 steps (4%) done
Execute 1 jobs...
[Wed Apr 29 11:29:10 2026]
localrule synth_fit:
    input: results/synth/regime=easy/d=10/num_cycles=3/density=0.3/samp_size=100/seed=2/dataset.npz
    output: results/synth/regime=easy/d=10/num_cycles=3/density=0.3/samp_size=100/seed=2/method=lacerda/model.pkl
    jobid: 271
    reason: Code has changed since last execution
    wildcards: regime=easy, d=10, num_cycles=3, density=0.3, samp_size=100, seed=2, method=lacerda
    resources: tmpdir=/tmp
Select jobs to execute...
[Wed Apr 29 11:29:10 2026]
Finished jobid: 755 (Rule: synth_evaluate)
29 of 651 steps (4%) done
Execute 1 jobs...
[Wed Apr 29 11:29:10 2026]
localrule synth_fit:
    input: results/synth/regime=easy/d=10/num_cycles=4/density=0.5/samp_size=50/seed=0/dataset.npz
    output: results/synth/regime=easy/d=10/num_cycles=4/density=0.5/samp_size=50/seed=0/method=lacerda_repare/model.pkl
    jobid: 712
    reason: Missing output files: results/synth/regime=easy/d=10/num_cycles=4/density=0.5/samp_size=50/seed=0/method=lacerda_repare/model.pkl
    wildcards: regime=easy, d=10, num_cycles=4, density=0.5, samp_size=50, seed=0, method=lacerda_repare
    resources: tmpdir=/tmp
[Wed Apr 29 11:29:10 2026]
Finished jobid: 138 (Rule: synth_fit)
30 of 651 steps (5%) done
Select jobs to execute...
Execute 1 jobs...
[Wed Apr 29 11:29:10 2026]
localrule synth_evaluate:
    input: results/synth/regime=easy/d=10/num_cycles=5/density=0.5/samp_size=1000/seed=0/dataset.npz, results/synth/regime=easy/d=10/num_cycles=5/density=0.5/samp_size=1000/seed=0/method=lacerda_repare/model.pkl
    output: results/synth/regime=easy/d=10/num_cycles=5/density=0.5/samp_size=1000/seed=0/method=lacerda_repare/metrics.csv
    jobid: 753
    reason: Missing output files: results/synth/regime=easy/d=10/num_cycles=5/density=0.5/samp_size=1000/seed=0/method=lacerda_repare/metrics.csv; Input files updated by another job: results/synth/regime=easy/d=10/num_cycles=5/density=0.5/samp_size=1000/seed=0/method=lacerda_repare/model.pkl
    wildcards: regime=easy, d=10, num_cycles=5, density=0.5, samp_size=1000, seed=0, method=lacerda_repare
    resources: tmpdir=/tmp
Select jobs to execute...
[Wed Apr 29 11:29:10 2026]
Finished jobid: 596 (Rule: synth_fit)
31 of 651 steps (5%) done
Execute 1 jobs...
[Wed Apr 29 11:29:10 2026]
localrule synth_fit:
    input: results/synth/regime=easy/d=10/num_cycles=3/density=0.5/samp_size=1000/seed=0/dataset.npz
    output: results/synth/regime=easy/d=10/num_cycles=3/density=0.5/samp_size=1000/seed=0/method=lacerda_repare/model.pkl
    jobid: 706
    reason: Missing output files: results/synth/regime=easy/d=10/num_cycles=3/density=0.5/samp_size=1000/seed=0/method=lacerda_repare/model.pkl
    wildcards: regime=easy, d=10, num_cycles=3, density=0.5, samp_size=1000, seed=0, method=lacerda_repare
    resources: tmpdir=/tmp
Select jobs to execute...
[Wed Apr 29 11:29:10 2026]
Finished jobid: 134 (Rule: synth_fit)
32 of 651 steps (5%) done
Execute 1 jobs...
[Wed Apr 29 11:29:10 2026]
localrule synth_fit:
    input: results/synth/regime=easy/d=10/num_cycles=5/density=0.8/samp_size=1000/seed=2/dataset.npz
    output: results/synth/regime=easy/d=10/num_cycles=5/density=0.8/samp_size=1000/seed=2/method=lacerda_repare/model.pkl
    jobid: 252
    reason: Missing output files: results/synth/regime=easy/d=10/num_cycles=5/density=0.8/samp_size=1000/seed=2/method=lacerda_repare/model.pkl
    wildcards: regime=easy, d=10, num_cycles=5, density=0.8, samp_size=1000, seed=2, method=lacerda_repare
    resources: tmpdir=/tmp
Select jobs to execute...
[Wed Apr 29 11:29:11 2026]
Finished jobid: 753 (Rule: synth_evaluate)
33 of 651 steps (5%) done
Execute 1 jobs...
[Wed Apr 29 11:29:11 2026]
localrule synth_fit:
    input: results/synth/regime=easy/d=10/num_cycles=4/density=0.8/samp_size=50/seed=1/dataset.npz
    output: results/synth/regime=easy/d=10/num_cycles=4/density=0.8/samp_size=50/seed=1/method=lacerda/model.pkl
    jobid: 42
    reason: Code has changed since last execution
    wildcards: regime=easy, d=10, num_cycles=4, density=0.8, samp_size=50, seed=1, method=lacerda
    resources: tmpdir=/tmp
Select jobs to execute...
[Wed Apr 29 11:29:11 2026]
Finished jobid: 712 (Rule: synth_fit)
34 of 651 steps (5%) done
Execute 1 jobs...
[Wed Apr 29 11:29:11 2026]
localrule synth_fit:
    input: results/synth/regime=easy/d=10/num_cycles=3/density=0.8/samp_size=1000/seed=2/dataset.npz
    output: results/synth/regime=easy/d=10/num_cycles=3/density=0.8/samp_size=1000/seed=2/method=lacerda_prune/model.pkl
    jobid: 132
    reason: Missing output files: results/synth/regime=easy/d=10/num_cycles=3/density=0.8/samp_size=1000/seed=2/method=lacerda_prune/model.pkl
    wildcards: regime=easy, d=10, num_cycles=3, density=0.8, samp_size=1000, seed=2, method=lacerda_prune
    resources: tmpdir=/tmp
Select jobs to execute...
[Wed Apr 29 11:29:11 2026]
Finished jobid: 271 (Rule: synth_fit)
35 of 651 steps (5%) done
Execute 1 jobs...
[Wed Apr 29 11:29:11 2026]
localrule synth_fit:
    input: results/synth/regime=easy/d=10/num_cycles=5/density=0.5/samp_size=500/seed=0/dataset.npz
    output: results/synth/regime=easy/d=10/num_cycles=5/density=0.5/samp_size=500/seed=0/method=lacerda/model.pkl
    jobid: 599
    reason: Code has changed since last execution
    wildcards: regime=easy, d=10, num_cycles=5, density=0.5, samp_size=500, seed=0, method=lacerda
    resources: tmpdir=/tmp
Select jobs to execute...
[Wed Apr 29 11:29:11 2026]
Finished jobid: 252 (Rule: synth_fit)
36 of 651 steps (6%) done
Execute 1 jobs...
[Wed Apr 29 11:29:11 2026]
localrule synth_fit:
    input: results/synth/regime=easy/d=10/num_cycles=4/density=0.3/samp_size=1000/seed=1/dataset.npz
    output: results/synth/regime=easy/d=10/num_cycles=4/density=0.3/samp_size=1000/seed=1/method=lacerda_repare/model.pkl
    jobid: 479
    reason: Missing output files: results/synth/regime=easy/d=10/num_cycles=4/density=0.3/samp_size=1000/seed=1/method=lacerda_repare/model.pkl
    wildcards: regime=easy, d=10, num_cycles=4, density=0.3, samp_size=1000, seed=1, method=lacerda_repare
    resources: tmpdir=/tmp
Select jobs to execute...
[Wed Apr 29 11:29:12 2026]
Finished jobid: 710 (Rule: synth_fit)
37 of 651 steps (6%) done
Execute 1 jobs...
[Wed Apr 29 11:29:12 2026]
localrule synth_fit:
    input: results/synth/regime=easy/d=10/num_cycles=5/density=0.5/samp_size=100/seed=1/dataset.npz
    output: results/synth/regime=easy/d=10/num_cycles=5/density=0.5/samp_size=100/seed=1/method=lacerda/model.pkl
    jobid: 593
    reason: Code has changed since last execution
    wildcards: regime=easy, d=10, num_cycles=5, density=0.5, samp_size=100, seed=1, method=lacerda
    resources: tmpdir=/tmp
Select jobs to execute...
[Wed Apr 29 11:29:12 2026]
Finished jobid: 42 (Rule: synth_fit)
38 of 651 steps (6%) done
Execute 1 jobs...
[Wed Apr 29 11:29:12 2026]
localrule synth_fit:
    input: results/synth/regime=easy/d=10/num_cycles=3/density=0.8/samp_size=1000/seed=2/dataset.npz
    output: results/synth/regime=easy/d=10/num_cycles=3/density=0.8/samp_size=1000/seed=2/method=lacerda/model.pkl
    jobid: 36
    reason: Code has changed since last execution
    wildcards: regime=easy, d=10, num_cycles=3, density=0.8, samp_size=1000, seed=2, method=lacerda
    resources: tmpdir=/tmp
Select jobs to execute...
[Wed Apr 29 11:29:13 2026]
Finished jobid: 599 (Rule: synth_fit)
39 of 651 steps (6%) done
Execute 1 jobs...
[Wed Apr 29 11:29:13 2026]
localrule synth_fit:
    input: results/synth/regime=easy/d=10/num_cycles=3/density=0.5/samp_size=500/seed=2/dataset.npz
    output: results/synth/regime=easy/d=10/num_cycles=3/density=0.5/samp_size=500/seed=2/method=lacerda_repare/model.pkl
    jobid: 704
    reason: Missing output files: results/synth/regime=easy/d=10/num_cycles=3/density=0.5/samp_size=500/seed=2/method=lacerda_repare/model.pkl
    wildcards: regime=easy, d=10, num_cycles=3, density=0.5, samp_size=500, seed=2, method=lacerda_repare
    resources: tmpdir=/tmp
Select jobs to execute...
[Wed Apr 29 11:29:13 2026]
Finished jobid: 36 (Rule: synth_fit)
40 of 651 steps (6%) done
Execute 1 jobs...
[Wed Apr 29 11:29:13 2026]
localrule synth_fit:
    input: results/synth/regime=easy/d=10/num_cycles=5/density=0.8/samp_size=1000/seed=1/dataset.npz
    output: results/synth/regime=easy/d=10/num_cycles=5/density=0.8/samp_size=1000/seed=1/method=lacerda_repare/model.pkl
    jobid: 250
    reason: Missing output files: results/synth/regime=easy/d=10/num_cycles=5/density=0.8/samp_size=1000/seed=1/method=lacerda_repare/model.pkl
    wildcards: regime=easy, d=10, num_cycles=5, density=0.8, samp_size=1000, seed=1, method=lacerda_repare
    resources: tmpdir=/tmp
Select jobs to execute...
[Wed Apr 29 11:29:14 2026]
Finished jobid: 593 (Rule: synth_fit)
41 of 651 steps (6%) done
Execute 1 jobs...
[Wed Apr 29 11:29:14 2026]
localrule synth_fit:
    input: results/synth/regime=easy/d=10/num_cycles=3/density=0.8/samp_size=1000/seed=1/dataset.npz
    output: results/synth/regime=easy/d=10/num_cycles=3/density=0.8/samp_size=1000/seed=1/method=lacerda_prune/model.pkl
    jobid: 130
    reason: Missing output files: results/synth/regime=easy/d=10/num_cycles=3/density=0.8/samp_size=1000/seed=1/method=lacerda_prune/model.pkl
    wildcards: regime=easy, d=10, num_cycles=3, density=0.8, samp_size=1000, seed=1, method=lacerda_prune
    resources: tmpdir=/tmp
Select jobs to execute...
[Wed Apr 29 11:29:14 2026]
Finished jobid: 708 (Rule: synth_fit)
42 of 651 steps (6%) done
Execute 1 jobs...
[Wed Apr 29 11:29:14 2026]
localrule synth_fit:
    input: results/synth/regime=easy/d=10/num_cycles=4/density=0.3/samp_size=1000/seed=0/dataset.npz
    output: results/synth/regime=easy/d=10/num_cycles=4/density=0.3/samp_size=1000/seed=0/method=lacerda_repare/model.pkl
    jobid: 477
    reason: Missing output files: results/synth/regime=easy/d=10/num_cycles=4/density=0.3/samp_size=1000/seed=0/method=lacerda_repare/model.pkl
    wildcards: regime=easy, d=10, num_cycles=4, density=0.3, samp_size=1000, seed=0, method=lacerda_repare
    resources: tmpdir=/tmp
Select jobs to execute...
[Wed Apr 29 11:29:14 2026]
Finished jobid: 250 (Rule: synth_fit)
43 of 651 steps (7%) done
Execute 1 jobs...
[Wed Apr 29 11:29:14 2026]
localrule synth_fit:
    input: results/synth/regime=easy/d=10/num_cycles=3/density=0.3/samp_size=100/seed=1/dataset.npz
    output: results/synth/regime=easy/d=10/num_cycles=3/density=0.3/samp_size=100/seed=1/method=lacerda/model.pkl
    jobid: 268
    reason: Code has changed since last execution
    wildcards: regime=easy, d=10, num_cycles=3, density=0.3, samp_size=100, seed=1, method=lacerda
    resources: tmpdir=/tmp
Select jobs to execute...
[Wed Apr 29 11:29:15 2026]
Finished jobid: 481 (Rule: synth_fit)
44 of 651 steps (7%) done
Execute 1 jobs...
[Wed Apr 29 11:29:15 2026]
localrule synth_fit:
    input: results/synth/regime=easy/d=10/num_cycles=3/density=0.5/samp_size=500/seed=1/dataset.npz
    output: results/synth/regime=easy/d=10/num_cycles=3/density=0.5/samp_size=500/seed=1/method=lacerda_repare/model.pkl
    jobid: 702
    reason: Missing output files: results/synth/regime=easy/d=10/num_cycles=3/density=0.5/samp_size=500/seed=1/method=lacerda_repare/model.pkl
    wildcards: regime=easy, d=10, num_cycles=3, density=0.5, samp_size=500, seed=1, method=lacerda_repare
    resources: tmpdir=/tmp
Select jobs to execute...
[Wed Apr 29 11:29:16 2026]
Finished jobid: 704 (Rule: synth_fit)
45 of 651 steps (7%) done
Execute 1 jobs...
[Wed Apr 29 11:29:16 2026]
localrule synth_fit:
    input: results/synth/regime=easy/d=10/num_cycles=5/density=0.8/samp_size=1000/seed=0/dataset.npz
    output: results/synth/regime=easy/d=10/num_cycles=5/density=0.8/samp_size=1000/seed=0/method=lacerda_repare/model.pkl
    jobid: 248
    reason: Missing output files: results/synth/regime=easy/d=10/num_cycles=5/density=0.8/samp_size=1000/seed=0/method=lacerda_repare/model.pkl
    wildcards: regime=easy, d=10, num_cycles=5, density=0.8, samp_size=1000, seed=0, method=lacerda_repare
    resources: tmpdir=/tmp
Select jobs to execute...
[Wed Apr 29 11:29:16 2026]
Finished jobid: 132 (Rule: synth_fit)
46 of 651 steps (7%) done
Execute 1 jobs...
[Wed Apr 29 11:29:16 2026]
localrule synth_fit:
    input: results/synth/regime=easy/d=10/num_cycles=3/density=0.8/samp_size=1000/seed=0/dataset.npz
    output: results/synth/regime=easy/d=10/num_cycles=3/density=0.8/samp_size=1000/seed=0/method=lacerda_prune/model.pkl
    jobid: 128
    reason: Missing output files: results/synth/regime=easy/d=10/num_cycles=3/density=0.8/samp_size=1000/seed=0/method=lacerda_prune/model.pkl
    wildcards: regime=easy, d=10, num_cycles=3, density=0.8, samp_size=1000, seed=0, method=lacerda_prune
    resources: tmpdir=/tmp
Select jobs to execute...
[Wed Apr 29 11:29:16 2026]
Finished jobid: 268 (Rule: synth_fit)
47 of 651 steps (7%) done
Execute 1 jobs...
[Wed Apr 29 11:29:16 2026]
localrule synth_fit:
    input: results/synth/regime=easy/d=10/num_cycles=3/density=0.5/samp_size=50/seed=0/dataset.npz
    output: results/synth/regime=easy/d=10/num_cycles=3/density=0.5/samp_size=50/seed=0/method=lacerda/model.pkl
    jobid: 509
    reason: Code has changed since last execution
    wildcards: regime=easy, d=10, num_cycles=3, density=0.5, samp_size=50, seed=0, method=lacerda
    resources: tmpdir=/tmp
Select jobs to execute...
[Wed Apr 29 11:29:17 2026]
Finished jobid: 706 (Rule: synth_fit)
48 of 651 steps (7%) done
Execute 1 jobs...
[Wed Apr 29 11:29:17 2026]
localrule synth_fit:
    input: results/synth/regime=easy/d=10/num_cycles=4/density=0.3/samp_size=500/seed=2/dataset.npz
    output: results/synth/regime=easy/d=10/num_cycles=4/density=0.3/samp_size=500/seed=2/method=lacerda_repare/model.pkl
    jobid: 475
    reason: Missing output files: results/synth/regime=easy/d=10/num_cycles=4/density=0.3/samp_size=500/seed=2/method=lacerda_repare/model.pkl
    wildcards: regime=easy, d=10, num_cycles=4, density=0.3, samp_size=500, seed=2, method=lacerda_repare
    resources: tmpdir=/tmp
Select jobs to execute...
[Wed Apr 29 11:29:17 2026]
Finished jobid: 128 (Rule: synth_fit)
49 of 651 steps (8%) done
Execute 1 jobs...
[Wed Apr 29 11:29:17 2026]
localrule synth_fit:
    input: results/synth/regime=easy/d=10/num_cycles=5/density=0.5/samp_size=100/seed=0/dataset.npz
    output: results/synth/regime=easy/d=10/num_cycles=5/density=0.5/samp_size=100/seed=0/method=lacerda/model.pkl
    jobid: 590
    reason: Code has changed since last execution
    wildcards: regime=easy, d=10, num_cycles=5, density=0.5, samp_size=100, seed=0, method=lacerda
    resources: tmpdir=/tmp
Select jobs to execute...
[Wed Apr 29 11:29:18 2026]
Finished jobid: 509 (Rule: synth_fit)
50 of 651 steps (8%) done
Execute 1 jobs...
[Wed Apr 29 11:29:18 2026]
localrule synth_fit:
    input: results/synth/regime=easy/d=10/num_cycles=5/density=0.3/samp_size=50/seed=2/dataset.npz
    output: results/synth/regime=easy/d=10/num_cycles=5/density=0.3/samp_size=50/seed=2/method=lacerda_repare/model.pkl
    jobid: 487
    reason: Missing output files: results/synth/regime=easy/d=10/num_cycles=5/density=0.3/samp_size=50/seed=2/method=lacerda_repare/model.pkl
    wildcards: regime=easy, d=10, num_cycles=5, density=0.3, samp_size=50, seed=2, method=lacerda_repare
    resources: tmpdir=/tmp
Select jobs to execute...
[Wed Apr 29 11:29:18 2026]
Finished jobid: 702 (Rule: synth_fit)
51 of 651 steps (8%) done
Execute 1 jobs...
[Wed Apr 29 11:29:18 2026]
localrule synth_fit:
    input: results/synth/regime=easy/d=10/num_cycles=3/density=0.8/samp_size=1000/seed=1/dataset.npz
    output: results/synth/regime=easy/d=10/num_cycles=3/density=0.8/samp_size=1000/seed=1/method=lacerda/model.pkl
    jobid: 33
    reason: Code has changed since last execution
    wildcards: regime=easy, d=10, num_cycles=3, density=0.8, samp_size=1000, seed=1, method=lacerda
    resources: tmpdir=/tmp
Select jobs to execute...
[Wed Apr 29 11:29:18 2026]
Finished jobid: 590 (Rule: synth_fit)
52 of 651 steps (8%) done
Execute 1 jobs...
[Wed Apr 29 11:29:18 2026]
localrule synth_fit:
    input: results/synth/regime=easy/d=10/num_cycles=3/density=0.5/samp_size=500/seed=0/dataset.npz
    output: results/synth/regime=easy/d=10/num_cycles=3/density=0.5/samp_size=500/seed=0/method=lacerda_repare/model.pkl
    jobid: 700
    reason: Missing output files: results/synth/regime=easy/d=10/num_cycles=3/density=0.5/samp_size=500/seed=0/method=lacerda_repare/model.pkl
    wildcards: regime=easy, d=10, num_cycles=3, density=0.5, samp_size=500, seed=0, method=lacerda_repare
    resources: tmpdir=/tmp
Select jobs to execute...
[Wed Apr 29 11:29:19 2026]
Finished jobid: 130 (Rule: synth_fit)
53 of 651 steps (8%) done
Execute 1 jobs...
[Wed Apr 29 11:29:19 2026]
localrule synth_fit:
    input: results/synth/regime=easy/d=10/num_cycles=5/density=0.8/samp_size=500/seed=2/dataset.npz
    output: results/synth/regime=easy/d=10/num_cycles=5/density=0.8/samp_size=500/seed=2/method=lacerda_repare/model.pkl
    jobid: 246
    reason: Missing output files: results/synth/regime=easy/d=10/num_cycles=5/density=0.8/samp_size=500/seed=2/method=lacerda_repare/model.pkl
    wildcards: regime=easy, d=10, num_cycles=5, density=0.8, samp_size=500, seed=2, method=lacerda_repare
    resources: tmpdir=/tmp
Select jobs to execute...
[Wed Apr 29 11:29:19 2026]
Finished jobid: 487 (Rule: synth_fit)
54 of 651 steps (8%) done
Execute 1 jobs...
[Wed Apr 29 11:29:19 2026]
localrule synth_fit:
    input: results/synth/regime=easy/d=10/num_cycles=3/density=0.8/samp_size=500/seed=2/dataset.npz
    output: results/synth/regime=easy/d=10/num_cycles=3/density=0.8/samp_size=500/seed=2/method=lacerda_prune/model.pkl
    jobid: 126
    reason: Missing output files: results/synth/regime=easy/d=10/num_cycles=3/density=0.8/samp_size=500/seed=2/method=lacerda_prune/model.pkl
    wildcards: regime=easy, d=10, num_cycles=3, density=0.8, samp_size=500, seed=2, method=lacerda_prune
    resources: tmpdir=/tmp
Select jobs to execute...
[Wed Apr 29 11:29:19 2026]
Finished jobid: 33 (Rule: synth_fit)
55 of 651 steps (8%) done
Execute 1 jobs...
[Wed Apr 29 11:29:19 2026]
localrule synth_fit:
    input: results/synth/regime=easy/d=10/num_cycles=4/density=0.3/samp_size=500/seed=1/dataset.npz
    output: results/synth/regime=easy/d=10/num_cycles=4/density=0.3/samp_size=500/seed=1/method=lacerda_repare/model.pkl
    jobid: 473
    reason: Missing output files: results/synth/regime=easy/d=10/num_cycles=4/density=0.3/samp_size=500/seed=1/method=lacerda_repare/model.pkl
    wildcards: regime=easy, d=10, num_cycles=4, density=0.3, samp_size=500, seed=1, method=lacerda_repare
    resources: tmpdir=/tmp
Select jobs to execute...
[Wed Apr 29 11:29:19 2026]
Finished jobid: 475 (Rule: synth_fit)
56 of 651 steps (9%) done
Execute 1 jobs...
[Wed Apr 29 11:29:20 2026]
localrule synth_fit:
    input: results/synth/regime=easy/d=10/num_cycles=3/density=0.3/samp_size=100/seed=0/dataset.npz
    output: results/synth/regime=easy/d=10/num_cycles=3/density=0.3/samp_size=100/seed=0/method=lacerda/model.pkl
    jobid: 265
    reason: Code has changed since last execution
    wildcards: regime=easy, d=10, num_cycles=3, density=0.3, samp_size=100, seed=0, method=lacerda
    resources: tmpdir=/tmp
Select jobs to execute...
[Wed Apr 29 11:29:20 2026]
Finished jobid: 700 (Rule: synth_fit)
57 of 651 steps (9%) done
Execute 1 jobs...
[Wed Apr 29 11:29:20 2026]
localrule synth_fit:
    input: results/synth/regime=easy/d=10/num_cycles=3/density=0.5/samp_size=100/seed=2/dataset.npz
    output: results/synth/regime=easy/d=10/num_cycles=3/density=0.5/samp_size=100/seed=2/method=lacerda_repare/model.pkl
    jobid: 698
    reason: Missing output files: results/synth/regime=easy/d=10/num_cycles=3/density=0.5/samp_size=100/seed=2/method=lacerda_repare/model.pkl
    wildcards: regime=easy, d=10, num_cycles=3, density=0.5, samp_size=100, seed=2, method=lacerda_repare
    resources: tmpdir=/tmp
Select jobs to execute...
[Wed Apr 29 11:29:20 2026]
Finished jobid: 479 (Rule: synth_fit)
58 of 651 steps (9%) done
Execute 1 jobs...
[Wed Apr 29 11:29:20 2026]
localrule synth_fit:
    input: results/synth/regime=easy/d=10/num_cycles=5/density=0.8/samp_size=500/seed=1/dataset.npz
    output: results/synth/regime=easy/d=10/num_cycles=5/density=0.8/samp_size=500/seed=1/method=lacerda_repare/model.pkl
    jobid: 244
    reason: Missing output files: results/synth/regime=easy/d=10/num_cycles=5/density=0.8/samp_size=500/seed=1/method=lacerda_repare/model.pkl
    wildcards: regime=easy, d=10, num_cycles=5, density=0.8, samp_size=500, seed=1, method=lacerda_repare
    resources: tmpdir=/tmp
Select jobs to execute...
[Wed Apr 29 11:29:20 2026]
Finished jobid: 265 (Rule: synth_fit)
59 of 651 steps (9%) done
Execute 1 jobs...
[Wed Apr 29 11:29:20 2026]
localrule synth_fit:
    input: results/synth/regime=easy/d=10/num_cycles=4/density=0.8/samp_size=100/seed=0/dataset.npz
    output: results/synth/regime=easy/d=10/num_cycles=4/density=0.8/samp_size=100/seed=0/method=lacerda_prune/model.pkl
    jobid: 140
    reason: Missing output files: results/synth/regime=easy/d=10/num_cycles=4/density=0.8/samp_size=100/seed=0/method=lacerda_prune/model.pkl
    wildcards: regime=easy, d=10, num_cycles=4, density=0.8, samp_size=100, seed=0, method=lacerda_prune
    resources: tmpdir=/tmp
Select jobs to execute...
[Wed Apr 29 11:29:21 2026]
Finished jobid: 477 (Rule: synth_fit)
60 of 651 steps (9%) done
Execute 1 jobs...
[Wed Apr 29 11:29:21 2026]
localrule synth_fit:
    input: results/synth/regime=easy/d=10/num_cycles=3/density=0.8/samp_size=500/seed=1/dataset.npz
    output: results/synth/regime=easy/d=10/num_cycles=3/density=0.8/samp_size=500/seed=1/method=lacerda_prune/model.pkl
    jobid: 124
    reason: Missing output files: results/synth/regime=easy/d=10/num_cycles=3/density=0.8/samp_size=500/seed=1/method=lacerda_prune/model.pkl
    wildcards: regime=easy, d=10, num_cycles=3, density=0.8, samp_size=500, seed=1, method=lacerda_prune
    resources: tmpdir=/tmp
Select jobs to execute...
[Wed Apr 29 11:29:21 2026]
Finished jobid: 248 (Rule: synth_fit)
61 of 651 steps (9%) done
Execute 1 jobs...
[Wed Apr 29 11:29:21 2026]
localrule synth_fit:
    input: results/synth/regime=easy/d=10/num_cycles=4/density=0.3/samp_size=500/seed=0/dataset.npz
    output: results/synth/regime=easy/d=10/num_cycles=4/density=0.3/samp_size=500/seed=0/method=lacerda_repare/model.pkl
    jobid: 471
    reason: Missing output files: results/synth/regime=easy/d=10/num_cycles=4/density=0.3/samp_size=500/seed=0/method=lacerda_repare/model.pkl
    wildcards: regime=easy, d=10, num_cycles=4, density=0.3, samp_size=500, seed=0, method=lacerda_repare
    resources: tmpdir=/tmp
Select jobs to execute...
[Wed Apr 29 11:29:21 2026]
Finished jobid: 246 (Rule: synth_fit)
62 of 651 steps (10%) done
Execute 1 jobs...
[Wed Apr 29 11:29:21 2026]
localrule synth_fit:
    input: results/synth/regime=easy/d=10/num_cycles=5/density=0.5/samp_size=50/seed=2/dataset.npz
    output: results/synth/regime=easy/d=10/num_cycles=5/density=0.5/samp_size=50/seed=2/method=lacerda/model.pkl
    jobid: 587
    reason: Code has changed since last execution
    wildcards: regime=easy, d=10, num_cycles=5, density=0.5, samp_size=50, seed=2, method=lacerda
    resources: tmpdir=/tmp
Select jobs to execute...
[Wed Apr 29 11:29:21 2026]
Finished jobid: 244 (Rule: synth_fit)
63 of 651 steps (10%) done
Execute 1 jobs...
[Wed Apr 29 11:29:21 2026]
localrule synth_fit:
    input: results/synth/regime=easy/d=10/num_cycles=3/density=0.8/samp_size=1000/seed=0/dataset.npz
    output: results/synth/regime=easy/d=10/num_cycles=3/density=0.8/samp_size=1000/seed=0/method=lacerda/model.pkl
    jobid: 30
    reason: Code has changed since last execution
    wildcards: regime=easy, d=10, num_cycles=3, density=0.8, samp_size=1000, seed=0, method=lacerda
    resources: tmpdir=/tmp
Select jobs to execute...
[Wed Apr 29 11:29:21 2026]
Finished jobid: 698 (Rule: synth_fit)
64 of 651 steps (10%) done
Execute 1 jobs...
[Wed Apr 29 11:29:21 2026]
localrule synth_fit:
    input: results/synth/regime=easy/d=10/num_cycles=3/density=0.5/samp_size=100/seed=1/dataset.npz
    output: results/synth/regime=easy/d=10/num_cycles=3/density=0.5/samp_size=100/seed=1/method=lacerda_repare/model.pkl
    jobid: 696
    reason: Missing output files: results/synth/regime=easy/d=10/num_cycles=3/density=0.5/samp_size=100/seed=1/method=lacerda_repare/model.pkl
    wildcards: regime=easy, d=10, num_cycles=3, density=0.5, samp_size=100, seed=1, method=lacerda_repare
    resources: tmpdir=/tmp
Select jobs to execute...
[Wed Apr 29 11:29:21 2026]
Finished jobid: 140 (Rule: synth_fit)
65 of 651 steps (10%) done
Execute 1 jobs...
[Wed Apr 29 11:29:21 2026]
localrule synth_fit:
    input: results/synth/regime=easy/d=10/num_cycles=5/density=0.8/samp_size=500/seed=0/dataset.npz
    output: results/synth/regime=easy/d=10/num_cycles=5/density=0.8/samp_size=500/seed=0/method=lacerda_repare/model.pkl
    jobid: 242
    reason: Missing output files: results/synth/regime=easy/d=10/num_cycles=5/density=0.8/samp_size=500/seed=0/method=lacerda_repare/model.pkl
    wildcards: regime=easy, d=10, num_cycles=5, density=0.8, samp_size=500, seed=0, method=lacerda_repare
    resources: tmpdir=/tmp
Select jobs to execute...
[Wed Apr 29 11:29:21 2026]
Finished jobid: 126 (Rule: synth_fit)
66 of 651 steps (10%) done
Execute 1 jobs...
[Wed Apr 29 11:29:21 2026]
localrule synth_fit:
    input: results/synth/regime=easy/d=10/num_cycles=3/density=0.8/samp_size=500/seed=0/dataset.npz
    output: results/synth/regime=easy/d=10/num_cycles=3/density=0.8/samp_size=500/seed=0/method=lacerda_prune/model.pkl
    jobid: 122
    reason: Missing output files: results/synth/regime=easy/d=10/num_cycles=3/density=0.8/samp_size=500/seed=0/method=lacerda_prune/model.pkl
    wildcards: regime=easy, d=10, num_cycles=3, density=0.8, samp_size=500, seed=0, method=lacerda_prune
    resources: tmpdir=/tmp
Select jobs to execute...
[Wed Apr 29 11:29:21 2026]
Finished jobid: 30 (Rule: synth_fit)
67 of 651 steps (10%) done
Execute 1 jobs...
[Wed Apr 29 11:29:21 2026]
localrule synth_fit:
    input: results/synth/regime=easy/d=10/num_cycles=4/density=0.3/samp_size=100/seed=2/dataset.npz
    output: results/synth/regime=easy/d=10/num_cycles=4/density=0.3/samp_size=100/seed=2/method=lacerda_repare/model.pkl
    jobid: 469
    reason: Missing output files: results/synth/regime=easy/d=10/num_cycles=4/density=0.3/samp_size=100/seed=2/method=lacerda_repare/model.pkl
    wildcards: regime=easy, d=10, num_cycles=4, density=0.3, samp_size=100, seed=2, method=lacerda_repare
    resources: tmpdir=/tmp
[Wed Apr 29 11:29:21 2026]
Finished jobid: 587 (Rule: synth_fit)
68 of 651 steps (10%) done
Select jobs to execute...
Execute 1 jobs...
[Wed Apr 29 11:29:22 2026]
localrule synth_fit:
    input: results/synth/regime=easy/d=10/num_cycles=3/density=0.3/samp_size=50/seed=2/dataset.npz
    output: results/synth/regime=easy/d=10/num_cycles=3/density=0.3/samp_size=50/seed=2/method=lacerda/model.pkl
    jobid: 262
    reason: Code has changed since last execution
    wildcards: regime=easy, d=10, num_cycles=3, density=0.3, samp_size=50, seed=2, method=lacerda
    resources: tmpdir=/tmp
Select jobs to execute...
[Wed Apr 29 11:29:22 2026]
Finished jobid: 473 (Rule: synth_fit)
69 of 651 steps (11%) done
Execute 1 jobs...
[Wed Apr 29 11:29:22 2026]
localrule synth_fit:
    input: results/synth/regime=easy/d=10/num_cycles=3/density=0.5/samp_size=100/seed=0/dataset.npz
    output: results/synth/regime=easy/d=10/num_cycles=3/density=0.5/samp_size=100/seed=0/method=lacerda_repare/model.pkl
    jobid: 694
    reason: Missing output files: results/synth/regime=easy/d=10/num_cycles=3/density=0.5/samp_size=100/seed=0/method=lacerda_repare/model.pkl
    wildcards: regime=easy, d=10, num_cycles=3, density=0.5, samp_size=100, seed=0, method=lacerda_repare
    resources: tmpdir=/tmp
Select jobs to execute...
[Wed Apr 29 11:29:22 2026]
Finished jobid: 122 (Rule: synth_fit)
70 of 651 steps (11%) done
Execute 1 jobs...
[Wed Apr 29 11:29:22 2026]
localrule synth_fit:
    input: results/synth/regime=easy/d=10/num_cycles=5/density=0.8/samp_size=100/seed=2/dataset.npz
    output: results/synth/regime=easy/d=10/num_cycles=5/density=0.8/samp_size=100/seed=2/method=lacerda_repare/model.pkl
    jobid: 240
    reason: Missing output files: results/synth/regime=easy/d=10/num_cycles=5/density=0.8/samp_size=100/seed=2/method=lacerda_repare/model.pkl
    wildcards: regime=easy, d=10, num_cycles=5, density=0.8, samp_size=100, seed=2, method=lacerda_repare
    resources: tmpdir=/tmp
Select jobs to execute...
[Wed Apr 29 11:29:22 2026]
Finished jobid: 124 (Rule: synth_fit)
71 of 651 steps (11%) done
Execute 1 jobs...
[Wed Apr 29 11:29:22 2026]
localrule synth_fit:
    input: results/synth/regime=easy/d=10/num_cycles=3/density=0.8/samp_size=100/seed=2/dataset.npz
    output: results/synth/regime=easy/d=10/num_cycles=3/density=0.8/samp_size=100/seed=2/method=lacerda_prune/model.pkl
    jobid: 120
    reason: Missing output files: results/synth/regime=easy/d=10/num_cycles=3/density=0.8/samp_size=100/seed=2/method=lacerda_prune/model.pkl
    wildcards: regime=easy, d=10, num_cycles=3, density=0.8, samp_size=100, seed=2, method=lacerda_prune
    resources: tmpdir=/tmp
Select jobs to execute...
[Wed Apr 29 11:29:22 2026]
Finished jobid: 696 (Rule: synth_fit)
72 of 651 steps (11%) done
Execute 1 jobs...
[Wed Apr 29 11:29:22 2026]
localrule synth_fit:
    input: results/synth/regime=easy/d=10/num_cycles=4/density=0.3/samp_size=100/seed=1/dataset.npz
    output: results/synth/regime=easy/d=10/num_cycles=4/density=0.3/samp_size=100/seed=1/method=lacerda_repare/model.pkl
    jobid: 467
    reason: Missing output files: results/synth/regime=easy/d=10/num_cycles=4/density=0.3/samp_size=100/seed=1/method=lacerda_repare/model.pkl
    wildcards: regime=easy, d=10, num_cycles=4, density=0.3, samp_size=100, seed=1, method=lacerda_repare
    resources: tmpdir=/tmp
Select jobs to execute...
[Wed Apr 29 11:29:22 2026]
Finished jobid: 262 (Rule: synth_fit)
73 of 651 steps (11%) done
Execute 1 jobs...
[Wed Apr 29 11:29:22 2026]
localrule synth_evaluate:
    input: results/synth/regime=easy/d=10/num_cycles=3/density=0.3/samp_size=50/seed=2/dataset.npz, results/synth/regime=easy/d=10/num_cycles=3/density=0.3/samp_size=50/seed=2/method=lacerda/model.pkl
    output: results/synth/regime=easy/d=10/num_cycles=3/density=0.3/samp_size=50/seed=2/method=lacerda/metrics.csv
    jobid: 260
    reason: Input files updated by another job: results/synth/regime=easy/d=10/num_cycles=3/density=0.3/samp_size=50/seed=2/method=lacerda/model.pkl
    wildcards: regime=easy, d=10, num_cycles=3, density=0.3, samp_size=50, seed=2, method=lacerda
    resources: tmpdir=/tmp
Select jobs to execute...
[Wed Apr 29 11:29:22 2026]
Finished jobid: 694 (Rule: synth_fit)
74 of 651 steps (11%) done
Execute 1 jobs...
[Wed Apr 29 11:29:22 2026]
localrule synth_fit:
    input: results/synth/regime=easy/d=10/num_cycles=5/density=0.5/samp_size=50/seed=1/dataset.npz
    output: results/synth/regime=easy/d=10/num_cycles=5/density=0.5/samp_size=50/seed=1/method=lacerda/model.pkl
    jobid: 584
    reason: Code has changed since last execution
    wildcards: regime=easy, d=10, num_cycles=5, density=0.5, samp_size=50, seed=1, method=lacerda
    resources: tmpdir=/tmp
Select jobs to execute...
[Wed Apr 29 11:29:22 2026]
Finished jobid: 471 (Rule: synth_fit)
75 of 651 steps (12%) done
Execute 1 jobs...
[Wed Apr 29 11:29:22 2026]
localrule synth_fit:
    input: results/synth/regime=easy/d=10/num_cycles=4/density=0.5/samp_size=50/seed=1/dataset.npz
    output: results/synth/regime=easy/d=10/num_cycles=4/density=0.5/samp_size=50/seed=1/method=lacerda_repare/model.pkl
    jobid: 714
    reason: Missing output files: results/synth/regime=easy/d=10/num_cycles=4/density=0.5/samp_size=50/seed=1/method=lacerda_repare/model.pkl
    wildcards: regime=easy, d=10, num_cycles=4, density=0.5, samp_size=50, seed=1, method=lacerda_repare
    resources: tmpdir=/tmp
Select jobs to execute...
[Wed Apr 29 11:29:23 2026]
Finished jobid: 242 (Rule: synth_fit)
76 of 651 steps (12%) done
Execute 1 jobs...
[Wed Apr 29 11:29:23 2026]
localrule synth_fit:
    input: results/synth/regime=easy/d=10/num_cycles=3/density=0.8/samp_size=500/seed=2/dataset.npz
    output: results/synth/regime=easy/d=10/num_cycles=3/density=0.8/samp_size=500/seed=2/method=lacerda/model.pkl
    jobid: 27
    reason: Code has changed since last execution
    wildcards: regime=easy, d=10, num_cycles=3, density=0.8, samp_size=500, seed=2, method=lacerda
    resources: tmpdir=/tmp
Select jobs to execute...
[Wed Apr 29 11:29:23 2026]
Finished jobid: 469 (Rule: synth_fit)
77 of 651 steps (12%) done
Execute 1 jobs...
[Wed Apr 29 11:29:23 2026]
localrule synth_fit:
    input: results/synth/regime=easy/d=10/num_cycles=3/density=0.3/samp_size=500/seed=1/dataset.npz
    output: results/synth/regime=easy/d=10/num_cycles=3/density=0.3/samp_size=500/seed=1/method=lacerda/model.pkl
    jobid: 277
    reason: Code has changed since last execution
    wildcards: regime=easy, d=10, num_cycles=3, density=0.3, samp_size=500, seed=1, method=lacerda
    resources: tmpdir=/tmp
Select jobs to execute...
[Wed Apr 29 11:29:23 2026]
Finished jobid: 260 (Rule: synth_evaluate)
78 of 651 steps (12%) done
Execute 1 jobs...
[Wed Apr 29 11:29:23 2026]
localrule synth_fit:
    input: results/synth/regime=easy/d=10/num_cycles=3/density=0.5/samp_size=50/seed=2/dataset.npz
    output: results/synth/regime=easy/d=10/num_cycles=3/density=0.5/samp_size=50/seed=2/method=lacerda_repare/model.pkl
    jobid: 692
    reason: Missing output files: results/synth/regime=easy/d=10/num_cycles=3/density=0.5/samp_size=50/seed=2/method=lacerda_repare/model.pkl
    wildcards: regime=easy, d=10, num_cycles=3, density=0.5, samp_size=50, seed=2, method=lacerda_repare
    resources: tmpdir=/tmp
Select jobs to execute...
[Wed Apr 29 11:29:23 2026]
Finished jobid: 584 (Rule: synth_fit)
79 of 651 steps (12%) done
Execute 1 jobs...
[Wed Apr 29 11:29:23 2026]
localrule synth_fit:
    input: results/synth/regime=easy/d=10/num_cycles=5/density=0.8/samp_size=100/seed=1/dataset.npz
    output: results/synth/regime=easy/d=10/num_cycles=5/density=0.8/samp_size=100/seed=1/method=lacerda_repare/model.pkl
    jobid: 238
    reason: Missing output files: results/synth/regime=easy/d=10/num_cycles=5/density=0.8/samp_size=100/seed=1/method=lacerda_repare/model.pkl
    wildcards: regime=easy, d=10, num_cycles=5, density=0.8, samp_size=100, seed=1, method=lacerda_repare
    resources: tmpdir=/tmp
Select jobs to execute...
[Wed Apr 29 11:29:23 2026]
Finished jobid: 714 (Rule: synth_fit)
80 of 651 steps (12%) done
Execute 1 jobs...
[Wed Apr 29 11:29:23 2026]
localrule synth_fit:
    input: results/synth/regime=easy/d=10/num_cycles=3/density=0.8/samp_size=100/seed=1/dataset.npz
    output: results/synth/regime=easy/d=10/num_cycles=3/density=0.8/samp_size=100/seed=1/method=lacerda_prune/model.pkl
    jobid: 118
    reason: Missing output files: results/synth/regime=easy/d=10/num_cycles=3/density=0.8/samp_size=100/seed=1/method=lacerda_prune/model.pkl
    wildcards: regime=easy, d=10, num_cycles=3, density=0.8, samp_size=100, seed=1, method=lacerda_prune
    resources: tmpdir=/tmp
Select jobs to execute...
[Wed Apr 29 11:29:23 2026]
Finished jobid: 27 (Rule: synth_fit)
81 of 651 steps (12%) done
Execute 1 jobs...
[Wed Apr 29 11:29:23 2026]
localrule synth_fit:
    input: results/synth/regime=easy/d=10/num_cycles=4/density=0.3/samp_size=100/seed=0/dataset.npz
    output: results/synth/regime=easy/d=10/num_cycles=4/density=0.3/samp_size=100/seed=0/method=lacerda_repare/model.pkl
    jobid: 465
    reason: Missing output files: results/synth/regime=easy/d=10/num_cycles=4/density=0.3/samp_size=100/seed=0/method=lacerda_repare/model.pkl
    wildcards: regime=easy, d=10, num_cycles=4, density=0.3, samp_size=100, seed=0, method=lacerda_repare
    resources: tmpdir=/tmp
Select jobs to execute...
[Wed Apr 29 11:29:23 2026]
Finished jobid: 277 (Rule: synth_fit)
82 of 651 steps (13%) done
Execute 1 jobs...
[Wed Apr 29 11:29:23 2026]
localrule synth_fit:
    input: results/synth/regime=easy/d=10/num_cycles=5/density=0.3/samp_size=100/seed=0/dataset.npz
    output: results/synth/regime=easy/d=10/num_cycles=5/density=0.3/samp_size=100/seed=0/method=lacerda_repare/model.pkl
    jobid: 489
    reason: Missing output files: results/synth/regime=easy/d=10/num_cycles=5/density=0.3/samp_size=100/seed=0/method=lacerda_repare/model.pkl
    wildcards: regime=easy, d=10, num_cycles=5, density=0.3, samp_size=100, seed=0, method=lacerda_repare
    resources: tmpdir=/tmp
Select jobs to execute...
[Wed Apr 29 11:29:23 2026]
Finished jobid: 467 (Rule: synth_fit)
83 of 651 steps (13%) done
Execute 1 jobs...
[Wed Apr 29 11:29:23 2026]
localrule synth_fit:
    input: results/synth/regime=easy/d=10/num_cycles=4/density=0.8/samp_size=100/seed=1/dataset.npz
    output: results/synth/regime=easy/d=10/num_cycles=4/density=0.8/samp_size=100/seed=1/method=lacerda_prune/model.pkl
    jobid: 142
    reason: Missing output files: results/synth/regime=easy/d=10/num_cycles=4/density=0.8/samp_size=100/seed=1/method=lacerda_prune/model.pkl
    wildcards: regime=easy, d=10, num_cycles=4, density=0.8, samp_size=100, seed=1, method=lacerda_prune
    resources: tmpdir=/tmp
[Wed Apr 29 11:29:23 2026]
Finished jobid: 120 (Rule: synth_fit)
84 of 651 steps (13%) done
Select jobs to execute...
Execute 1 jobs...
[Wed Apr 29 11:29:23 2026]
localrule synth_fit:
    input: results/synth/regime=easy/d=10/num_cycles=3/density=0.3/samp_size=50/seed=1/dataset.npz
    output: results/synth/regime=easy/d=10/num_cycles=3/density=0.3/samp_size=50/seed=1/method=lacerda/model.pkl
    jobid: 259
    reason: Code has changed since last execution
    wildcards: regime=easy, d=10, num_cycles=3, density=0.3, samp_size=50, seed=1, method=lacerda
    resources: tmpdir=/tmp
Select jobs to execute...
[Wed Apr 29 11:29:23 2026]
Finished jobid: 692 (Rule: synth_fit)
85 of 651 steps (13%) done
Execute 1 jobs...
[Wed Apr 29 11:29:23 2026]
localrule synth_evaluate:
    input: results/synth/regime=easy/d=10/num_cycles=4/density=0.3/samp_size=50/seed=2/dataset.npz, results/synth/regime=easy/d=10/num_cycles=4/density=0.3/samp_size=50/seed=2/method=lacerda_prune/model.pkl
    output: results/synth/regime=easy/d=10/num_cycles=4/density=0.3/samp_size=50/seed=2/method=lacerda_prune/metrics.csv
    jobid: 390
    reason: Missing output files: results/synth/regime=easy/d=10/num_cycles=4/density=0.3/samp_size=50/seed=2/method=lacerda_prune/metrics.csv; Input files updated by another job: results/synth/regime=easy/d=10/num_cycles=4/density=0.3/samp_size=50/seed=2/method=lacerda_prune/model.pkl
    wildcards: regime=easy, d=10, num_cycles=4, density=0.3, samp_size=50, seed=2, method=lacerda_prune
    resources: tmpdir=/tmp
Select jobs to execute...
[Wed Apr 29 11:29:24 2026]
Finished jobid: 240 (Rule: synth_fit)
86 of 651 steps (13%) done
Execute 1 jobs...
[Wed Apr 29 11:29:24 2026]
localrule synth_fit:
    input: results/synth/regime=easy/d=10/num_cycles=3/density=0.5/samp_size=50/seed=1/dataset.npz
    output: results/synth/regime=easy/d=10/num_cycles=3/density=0.5/samp_size=50/seed=1/method=lacerda_repare/model.pkl
    jobid: 690
    reason: Missing output files: results/synth/regime=easy/d=10/num_cycles=3/density=0.5/samp_size=50/seed=1/method=lacerda_repare/model.pkl
    wildcards: regime=easy, d=10, num_cycles=3, density=0.5, samp_size=50, seed=1, method=lacerda_repare
    resources: tmpdir=/tmp
Select jobs to execute...
[Wed Apr 29 11:29:24 2026]
Finished jobid: 259 (Rule: synth_fit)
87 of 651 steps (13%) done
Execute 1 jobs...
[Wed Apr 29 11:29:24 2026]
localrule synth_evaluate:
    input: results/synth/regime=easy/d=10/num_cycles=3/density=0.3/samp_size=50/seed=1/dataset.npz, results/synth/regime=easy/d=10/num_cycles=3/density=0.3/samp_size=50/seed=1/method=lacerda/model.pkl
    output: results/synth/regime=easy/d=10/num_cycles=3/density=0.3/samp_size=50/seed=1/method=lacerda/metrics.csv
    jobid: 257
    reason: Input files updated by another job: results/synth/regime=easy/d=10/num_cycles=3/density=0.3/samp_size=50/seed=1/method=lacerda/model.pkl
    wildcards: regime=easy, d=10, num_cycles=3, density=0.3, samp_size=50, seed=1, method=lacerda
    resources: tmpdir=/tmp
Select jobs to execute...
[Wed Apr 29 11:29:24 2026]
Finished jobid: 390 (Rule: synth_evaluate)
88 of 651 steps (14%) done
Execute 1 jobs...
[Wed Apr 29 11:29:24 2026]
localrule synth_fit:
    input: results/synth/regime=easy/d=10/num_cycles=4/density=0.5/samp_size=50/seed=2/dataset.npz
    output: results/synth/regime=easy/d=10/num_cycles=4/density=0.5/samp_size=50/seed=2/method=lacerda_repare/model.pkl
    jobid: 716
    reason: Missing output files: results/synth/regime=easy/d=10/num_cycles=4/density=0.5/samp_size=50/seed=2/method=lacerda_repare/model.pkl
    wildcards: regime=easy, d=10, num_cycles=4, density=0.5, samp_size=50, seed=2, method=lacerda_repare
    resources: tmpdir=/tmp
Select jobs to execute...
[Wed Apr 29 11:29:24 2026]
Finished jobid: 238 (Rule: synth_fit)
89 of 651 steps (14%) done
Execute 1 jobs...
[Wed Apr 29 11:29:24 2026]
localrule synth_fit:
    input: results/synth/regime=easy/d=10/num_cycles=5/density=0.8/samp_size=100/seed=0/dataset.npz
    output: results/synth/regime=easy/d=10/num_cycles=5/density=0.8/samp_size=100/seed=0/method=lacerda_repare/model.pkl
    jobid: 236
    reason: Missing output files: results/synth/regime=easy/d=10/num_cycles=5/density=0.8/samp_size=100/seed=0/method=lacerda_repare/model.pkl
    wildcards: regime=easy, d=10, num_cycles=5, density=0.8, samp_size=100, seed=0, method=lacerda_repare
    resources: tmpdir=/tmp
Select jobs to execute...
[Wed Apr 29 11:29:24 2026]
Finished jobid: 118 (Rule: synth_fit)
90 of 651 steps (14%) done
Execute 1 jobs...
[Wed Apr 29 11:29:24 2026]
localrule synth_fit:
    input: results/synth/regime=easy/d=10/num_cycles=3/density=0.8/samp_size=100/seed=0/dataset.npz
    output: results/synth/regime=easy/d=10/num_cycles=3/density=0.8/samp_size=100/seed=0/method=lacerda_prune/model.pkl
    jobid: 116
    reason: Missing output files: results/synth/regime=easy/d=10/num_cycles=3/density=0.8/samp_size=100/seed=0/method=lacerda_prune/model.pkl
    wildcards: regime=easy, d=10, num_cycles=3, density=0.8, samp_size=100, seed=0, method=lacerda_prune
    resources: tmpdir=/tmp
Select jobs to execute...
[Wed Apr 29 11:29:24 2026]
Finished jobid: 690 (Rule: synth_fit)
91 of 651 steps (14%) done
Execute 1 jobs...
[Wed Apr 29 11:29:24 2026]
localrule synth_fit:
    input: results/synth/regime=easy/d=10/num_cycles=4/density=0.3/samp_size=50/seed=2/dataset.npz
    output: results/synth/regime=easy/d=10/num_cycles=4/density=0.3/samp_size=50/seed=2/method=lacerda_repare/model.pkl
    jobid: 463
    reason: Missing output files: results/synth/regime=easy/d=10/num_cycles=4/density=0.3/samp_size=50/seed=2/method=lacerda_repare/model.pkl
    wildcards: regime=easy, d=10, num_cycles=4, density=0.3, samp_size=50, seed=2, method=lacerda_repare
    resources: tmpdir=/tmp
Select jobs to execute...
[Wed Apr 29 11:29:24 2026]
Finished jobid: 142 (Rule: synth_fit)
92 of 651 steps (14%) done
Execute 1 jobs...
[Wed Apr 29 11:29:24 2026]
localrule synth_fit:
    input: results/synth/regime=easy/d=10/num_cycles=3/density=0.8/samp_size=500/seed=1/dataset.npz
    output: results/synth/regime=easy/d=10/num_cycles=3/density=0.8/samp_size=500/seed=1/method=lacerda/model.pkl
    jobid: 24
    reason: Code has changed since last execution
    wildcards: regime=easy, d=10, num_cycles=3, density=0.8, samp_size=500, seed=1, method=lacerda
    resources: tmpdir=/tmp
Select jobs to execute...
[Wed Apr 29 11:29:24 2026]
Finished jobid: 465 (Rule: synth_fit)
93 of 651 steps (14%) done
Execute 1 jobs...
[Wed Apr 29 11:29:24 2026]
localrule synth_evaluate:
    input: results/synth/regime=easy/d=10/num_cycles=3/density=0.3/samp_size=100/seed=0/dataset.npz, results/synth/regime=easy/d=10/num_cycles=3/density=0.3/samp_size=100/seed=0/method=lacerda/model.pkl
    output: results/synth/regime=easy/d=10/num_cycles=3/density=0.3/samp_size=100/seed=0/method=lacerda/metrics.csv
    jobid: 263
    reason: Input files updated by another job: results/synth/regime=easy/d=10/num_cycles=3/density=0.3/samp_size=100/seed=0/method=lacerda/model.pkl
    wildcards: regime=easy, d=10, num_cycles=3, density=0.3, samp_size=100, seed=0, method=lacerda
    resources: tmpdir=/tmp
Select jobs to execute...
[Wed Apr 29 11:29:24 2026]
Finished jobid: 257 (Rule: synth_evaluate)
94 of 651 steps (14%) done
Execute 1 jobs...
[Wed Apr 29 11:29:24 2026]
localrule synth_fit:
    input: results/synth/regime=easy/d=10/num_cycles=5/density=0.5/samp_size=50/seed=0/dataset.npz
    output: results/synth/regime=easy/d=10/num_cycles=5/density=0.5/samp_size=50/seed=0/method=lacerda/model.pkl
    jobid: 581
    reason: Code has changed since last execution
    wildcards: regime=easy, d=10, num_cycles=5, density=0.5, samp_size=50, seed=0, method=lacerda
    resources: tmpdir=/tmp
[Wed Apr 29 11:29:24 2026]
Finished jobid: 716 (Rule: synth_fit)
95 of 651 steps (15%) done
Select jobs to execute...
Execute 1 jobs...
[Wed Apr 29 11:29:24 2026]
localrule synth_fit:
    input: results/synth/regime=easy/d=10/num_cycles=3/density=0.5/samp_size=50/seed=0/dataset.npz
    output: results/synth/regime=easy/d=10/num_cycles=3/density=0.5/samp_size=50/seed=0/method=lacerda_repare/model.pkl
    jobid: 688
    reason: Missing output files: results/synth/regime=easy/d=10/num_cycles=3/density=0.5/samp_size=50/seed=0/method=lacerda_repare/model.pkl
    wildcards: regime=easy, d=10, num_cycles=3, density=0.5, samp_size=50, seed=0, method=lacerda_repare
    resources: tmpdir=/tmp
[Wed Apr 29 11:29:24 2026]
Finished jobid: 489 (Rule: synth_fit)
96 of 651 steps (15%) done
Select jobs to execute...
Execute 1 jobs...
[Wed Apr 29 11:29:25 2026]
localrule synth_fit:
    input: results/synth/regime=easy/d=10/num_cycles=5/density=0.8/samp_size=50/seed=2/dataset.npz
    output: results/synth/regime=easy/d=10/num_cycles=5/density=0.8/samp_size=50/seed=2/method=lacerda_repare/model.pkl
    jobid: 234
    reason: Missing output files: results/synth/regime=easy/d=10/num_cycles=5/density=0.8/samp_size=50/seed=2/method=lacerda_repare/model.pkl
    wildcards: regime=easy, d=10, num_cycles=5, density=0.8, samp_size=50, seed=2, method=lacerda_repare
    resources: tmpdir=/tmp
Select jobs to execute...
[Wed Apr 29 11:29:25 2026]
Finished jobid: 236 (Rule: synth_fit)
97 of 651 steps (15%) done
Execute 1 jobs...
[Wed Apr 29 11:29:25 2026]
localrule synth_fit:
    input: results/synth/regime=easy/d=10/num_cycles=3/density=0.8/samp_size=50/seed=2/dataset.npz
    output: results/synth/regime=easy/d=10/num_cycles=3/density=0.8/samp_size=50/seed=2/method=lacerda_prune/model.pkl
    jobid: 114
    reason: Missing output files: results/synth/regime=easy/d=10/num_cycles=3/density=0.8/samp_size=50/seed=2/method=lacerda_prune/model.pkl
    wildcards: regime=easy, d=10, num_cycles=3, density=0.8, samp_size=50, seed=2, method=lacerda_prune
    resources: tmpdir=/tmp
Select jobs to execute...
[Wed Apr 29 11:29:25 2026]
Finished jobid: 116 (Rule: synth_fit)
98 of 651 steps (15%) done
Execute 1 jobs...
[Wed Apr 29 11:29:25 2026]
localrule synth_fit:
    input: results/synth/regime=easy/d=10/num_cycles=4/density=0.3/samp_size=50/seed=1/dataset.npz
    output: results/synth/regime=easy/d=10/num_cycles=4/density=0.3/samp_size=50/seed=1/method=lacerda_repare/model.pkl
    jobid: 461
    reason: Missing output files: results/synth/regime=easy/d=10/num_cycles=4/density=0.3/samp_size=50/seed=1/method=lacerda_repare/model.pkl
    wildcards: regime=easy, d=10, num_cycles=4, density=0.3, samp_size=50, seed=1, method=lacerda_repare
    resources: tmpdir=/tmp
Select jobs to execute...
[Wed Apr 29 11:29:25 2026]
Finished jobid: 463 (Rule: synth_fit)
99 of 651 steps (15%) done
Execute 1 jobs...
[Wed Apr 29 11:29:25 2026]
localrule synth_fit:
    input: results/synth/regime=easy/d=10/num_cycles=4/density=0.8/samp_size=50/seed=2/dataset.npz
    output: results/synth/regime=easy/d=10/num_cycles=4/density=0.8/samp_size=50/seed=2/method=lacerda/model.pkl
    jobid: 45
    reason: Code has changed since last execution
    wildcards: regime=easy, d=10, num_cycles=4, density=0.8, samp_size=50, seed=2, method=lacerda
    resources: tmpdir=/tmp
Select jobs to execute...
[Wed Apr 29 11:29:25 2026]
Finished jobid: 263 (Rule: synth_evaluate)
100 of 651 steps (15%) done
Execute 1 jobs...
[Wed Apr 29 11:29:25 2026]
localrule synth_fit:
    input: results/synth/regime=easy/d=10/num_cycles=5/density=0.5/samp_size=500/seed=1/dataset.npz
    output: results/synth/regime=easy/d=10/num_cycles=5/density=0.5/samp_size=500/seed=1/method=lacerda/model.pkl
    jobid: 602
    reason: Code has changed since last execution
    wildcards: regime=easy, d=10, num_cycles=5, density=0.5, samp_size=500, seed=1, method=lacerda
    resources: tmpdir=/tmp
[Wed Apr 29 11:29:25 2026]
Finished jobid: 24 (Rule: synth_fit)
101 of 651 steps (16%) done
Select jobs to execute...
Execute 1 jobs...
[Wed Apr 29 11:29:25 2026]
localrule synth_fit:
    input: results/synth/regime=easy/d=10/num_cycles=3/density=0.3/samp_size=50/seed=0/dataset.npz
    output: results/synth/regime=easy/d=10/num_cycles=3/density=0.3/samp_size=50/seed=0/method=lacerda/model.pkl
    jobid: 256
    reason: Code has changed since last execution
    wildcards: regime=easy, d=10, num_cycles=3, density=0.3, samp_size=50, seed=0, method=lacerda
    resources: tmpdir=/tmp
Select jobs to execute...
[Wed Apr 29 11:29:25 2026]
Finished jobid: 234 (Rule: synth_fit)
102 of 651 steps (16%) done
Execute 1 jobs...
[Wed Apr 29 11:29:25 2026]
localrule synth_fit:
    input: results/synth/regime=easy/d=10/num_cycles=5/density=0.5/samp_size=1000/seed=2/dataset.npz
    output: results/synth/regime=easy/d=10/num_cycles=5/density=0.5/samp_size=1000/seed=2/method=lacerda_prune/model.pkl
    jobid: 686
    reason: Missing output files: results/synth/regime=easy/d=10/num_cycles=5/density=0.5/samp_size=1000/seed=2/method=lacerda_prune/model.pkl
    wildcards: regime=easy, d=10, num_cycles=5, density=0.5, samp_size=1000, seed=2, method=lacerda_prune
    resources: tmpdir=/tmp
Select jobs to execute...
[Wed Apr 29 11:29:25 2026]
Finished jobid: 114 (Rule: synth_fit)
103 of 651 steps (16%) done
Execute 1 jobs...
[Wed Apr 29 11:29:25 2026]
localrule synth_fit:
    input: results/synth/regime=easy/d=10/num_cycles=5/density=0.8/samp_size=50/seed=1/dataset.npz
    output: results/synth/regime=easy/d=10/num_cycles=5/density=0.8/samp_size=50/seed=1/method=lacerda_repare/model.pkl
    jobid: 232
    reason: Missing output files: results/synth/regime=easy/d=10/num_cycles=5/density=0.8/samp_size=50/seed=1/method=lacerda_repare/model.pkl
    wildcards: regime=easy, d=10, num_cycles=5, density=0.8, samp_size=50, seed=1, method=lacerda_repare
    resources: tmpdir=/tmp
Select jobs to execute...
[Wed Apr 29 11:29:25 2026]
Finished jobid: 688 (Rule: synth_fit)
104 of 651 steps (16%) done
Execute 1 jobs...
[Wed Apr 29 11:29:25 2026]
localrule synth_fit:
    input: results/synth/regime=easy/d=10/num_cycles=3/density=0.8/samp_size=50/seed=1/dataset.npz
    output: results/synth/regime=easy/d=10/num_cycles=3/density=0.8/samp_size=50/seed=1/method=lacerda_prune/model.pkl
    jobid: 112
    reason: Missing output files: results/synth/regime=easy/d=10/num_cycles=3/density=0.8/samp_size=50/seed=1/method=lacerda_prune/model.pkl
    wildcards: regime=easy, d=10, num_cycles=3, density=0.8, samp_size=50, seed=1, method=lacerda_prune
    resources: tmpdir=/tmp
Select jobs to execute...
[Wed Apr 29 11:29:25 2026]
Finished jobid: 461 (Rule: synth_fit)
105 of 651 steps (16%) done
Execute 1 jobs...
[Wed Apr 29 11:29:25 2026]
localrule synth_fit:
    input: results/synth/regime=easy/d=10/num_cycles=3/density=0.5/samp_size=50/seed=1/dataset.npz
    output: results/synth/regime=easy/d=10/num_cycles=3/density=0.5/samp_size=50/seed=1/method=lacerda/model.pkl
    jobid: 512
    reason: Code has changed since last execution
    wildcards: regime=easy, d=10, num_cycles=3, density=0.5, samp_size=50, seed=1, method=lacerda
    resources: tmpdir=/tmp
Select jobs to execute...
[Wed Apr 29 11:29:25 2026]
Finished jobid: 45 (Rule: synth_fit)
106 of 651 steps (16%) done
Execute 1 jobs...
[Wed Apr 29 11:29:25 2026]
localrule synth_fit:
    input: results/synth/regime=easy/d=10/num_cycles=4/density=0.3/samp_size=50/seed=0/dataset.npz
    output: results/synth/regime=easy/d=10/num_cycles=4/density=0.3/samp_size=50/seed=0/method=lacerda_repare/model.pkl
    jobid: 459
    reason: Missing output files: results/synth/regime=easy/d=10/num_cycles=4/density=0.3/samp_size=50/seed=0/method=lacerda_repare/model.pkl
    wildcards: regime=easy, d=10, num_cycles=4, density=0.3, samp_size=50, seed=0, method=lacerda_repare
    resources: tmpdir=/tmp
Select jobs to execute...
[Wed Apr 29 11:29:26 2026]
Finished jobid: 581 (Rule: synth_fit)
107 of 651 steps (16%) done
Execute 1 jobs...
[Wed Apr 29 11:29:26 2026]
localrule synth_fit:
    input: results/synth/regime=easy/d=10/num_cycles=3/density=0.8/samp_size=500/seed=0/dataset.npz
    output: results/synth/regime=easy/d=10/num_cycles=3/density=0.8/samp_size=500/seed=0/method=lacerda/model.pkl
    jobid: 21
    reason: Code has changed since last execution
    wildcards: regime=easy, d=10, num_cycles=3, density=0.8, samp_size=500, seed=0, method=lacerda
    resources: tmpdir=/tmp
Select jobs to execute...
[Wed Apr 29 11:29:26 2026]
Finished jobid: 602 (Rule: synth_fit)
108 of 651 steps (17%) done
Execute 1 jobs...
[Wed Apr 29 11:29:26 2026]
localrule synth_fit:
    input: results/synth/regime=easy/d=10/num_cycles=4/density=0.5/samp_size=1000/seed=2/dataset.npz
    output: results/synth/regime=easy/d=10/num_cycles=4/density=0.5/samp_size=1000/seed=2/method=lacerda/model.pkl
    jobid: 578
    reason: Code has changed since last execution
    wildcards: regime=easy, d=10, num_cycles=4, density=0.5, samp_size=1000, seed=2, method=lacerda
    resources: tmpdir=/tmp
Select jobs to execute...
[Wed Apr 29 11:29:26 2026]
Finished jobid: 256 (Rule: synth_fit)
109 of 651 steps (17%) done
Execute 1 jobs...
[Wed Apr 29 11:29:26 2026]
localrule synth_evaluate:
    input: results/synth/regime=easy/d=10/num_cycles=3/density=0.3/samp_size=50/seed=0/dataset.npz, results/synth/regime=easy/d=10/num_cycles=3/density=0.3/samp_size=50/seed=0/method=lacerda/model.pkl
    output: results/synth/regime=easy/d=10/num_cycles=3/density=0.3/samp_size=50/seed=0/method=lacerda/metrics.csv
    jobid: 254
    reason: Input files updated by another job: results/synth/regime=easy/d=10/num_cycles=3/density=0.3/samp_size=50/seed=0/method=lacerda/model.pkl
    wildcards: regime=easy, d=10, num_cycles=3, density=0.3, samp_size=50, seed=0, method=lacerda
    resources: tmpdir=/tmp
Select jobs to execute...
[Wed Apr 29 11:29:26 2026]
Finished jobid: 232 (Rule: synth_fit)
110 of 651 steps (17%) done
Execute 1 jobs...
[Wed Apr 29 11:29:26 2026]
localrule synth_evaluate:
    input: results/synth/regime=easy/d=10/num_cycles=3/density=0.3/samp_size=1000/seed=2/dataset.npz, results/synth/regime=easy/d=10/num_cycles=3/density=0.3/samp_size=1000/seed=2/method=lacerda_prune/model.pkl
    output: results/synth/regime=easy/d=10/num_cycles=3/density=0.3/samp_size=1000/seed=2/method=lacerda_prune/metrics.csv
    jobid: 384
    reason: Missing output files: results/synth/regime=easy/d=10/num_cycles=3/density=0.3/samp_size=1000/seed=2/method=lacerda_prune/metrics.csv; Input files updated by another job: results/synth/regime=easy/d=10/num_cycles=3/density=0.3/samp_size=1000/seed=2/method=lacerda_prune/model.pkl
    wildcards: regime=easy, d=10, num_cycles=3, density=0.3, samp_size=1000, seed=2, method=lacerda_prune
    resources: tmpdir=/tmp
Select jobs to execute...
[Wed Apr 29 11:29:26 2026]
Finished jobid: 112 (Rule: synth_fit)
111 of 651 steps (17%) done
Execute 1 jobs...
[Wed Apr 29 11:29:26 2026]
localrule synth_fit:
    input: results/synth/regime=easy/d=10/num_cycles=5/density=0.5/samp_size=1000/seed=1/dataset.npz
    output: results/synth/regime=easy/d=10/num_cycles=5/density=0.5/samp_size=1000/seed=1/method=lacerda_prune/model.pkl
    jobid: 684
    reason: Missing output files: results/synth/regime=easy/d=10/num_cycles=5/density=0.5/samp_size=1000/seed=1/method=lacerda_prune/model.pkl
    wildcards: regime=easy, d=10, num_cycles=5, density=0.5, samp_size=1000, seed=1, method=lacerda_prune
    resources: tmpdir=/tmp
Select jobs to execute...
[Wed Apr 29 11:29:26 2026]
Finished jobid: 512 (Rule: synth_fit)
112 of 651 steps (17%) done
Execute 1 jobs...
[Wed Apr 29 11:29:26 2026]
localrule synth_fit:
    input: results/synth/regime=easy/d=10/num_cycles=5/density=0.3/samp_size=100/seed=1/dataset.npz
    output: results/synth/regime=easy/d=10/num_cycles=5/density=0.3/samp_size=100/seed=1/method=lacerda_repare/model.pkl
    jobid: 491
    reason: Missing output files: results/synth/regime=easy/d=10/num_cycles=5/density=0.3/samp_size=100/seed=1/method=lacerda_repare/model.pkl
    wildcards: regime=easy, d=10, num_cycles=5, density=0.3, samp_size=100, seed=1, method=lacerda_repare
    resources: tmpdir=/tmp
Select jobs to execute...
[Wed Apr 29 11:29:26 2026]
Finished jobid: 459 (Rule: synth_fit)
113 of 651 steps (17%) done
Execute 1 jobs...
[Wed Apr 29 11:29:26 2026]
localrule synth_fit:
    input: results/synth/regime=easy/d=10/num_cycles=4/density=0.8/samp_size=100/seed=2/dataset.npz
    output: results/synth/regime=easy/d=10/num_cycles=4/density=0.8/samp_size=100/seed=2/method=lacerda_prune/model.pkl
    jobid: 144
    reason: Missing output files: results/synth/regime=easy/d=10/num_cycles=4/density=0.8/samp_size=100/seed=2/method=lacerda_prune/model.pkl
    wildcards: regime=easy, d=10, num_cycles=4, density=0.8, samp_size=100, seed=2, method=lacerda_prune
    resources: tmpdir=/tmp
[Wed Apr 29 11:29:26 2026]
Finished jobid: 21 (Rule: synth_fit)
114 of 651 steps (18%) done
Select jobs to execute...
Execute 1 jobs...
[Wed Apr 29 11:29:26 2026]
localrule synth_fit:
    input: results/synth/regime=easy/d=10/num_cycles=5/density=0.8/samp_size=50/seed=0/dataset.npz
    output: results/synth/regime=easy/d=10/num_cycles=5/density=0.8/samp_size=50/seed=0/method=lacerda_repare/model.pkl
    jobid: 230
    reason: Missing output files: results/synth/regime=easy/d=10/num_cycles=5/density=0.8/samp_size=50/seed=0/method=lacerda_repare/model.pkl
    wildcards: regime=easy, d=10, num_cycles=5, density=0.8, samp_size=50, seed=0, method=lacerda_repare
    resources: tmpdir=/tmp
Select jobs to execute...
[Wed Apr 29 11:29:26 2026]
Finished jobid: 578 (Rule: synth_fit)
115 of 651 steps (18%) done
[Wed Apr 29 11:29:26 2026]
Finished jobid: 254 (Rule: synth_evaluate)
116 of 651 steps (18%) done
Execute 2 jobs...
[Wed Apr 29 11:29:26 2026]
localrule synth_evaluate:
    input: results/synth/regime=easy/d=10/num_cycles=3/density=0.8/samp_size=500/seed=0/dataset.npz, results/synth/regime=easy/d=10/num_cycles=3/density=0.8/samp_size=500/seed=0/method=lacerda/model.pkl
    output: results/synth/regime=easy/d=10/num_cycles=3/density=0.8/samp_size=500/seed=0/method=lacerda/metrics.csv
    jobid: 19
    reason: Input files updated by another job: results/synth/regime=easy/d=10/num_cycles=3/density=0.8/samp_size=500/seed=0/method=lacerda/model.pkl
    wildcards: regime=easy, d=10, num_cycles=3, density=0.8, samp_size=500, seed=0, method=lacerda
    resources: tmpdir=/tmp
[Wed Apr 29 11:29:26 2026]
localrule synth_evaluate:
    input: results/synth/regime=easy/d=10/num_cycles=3/density=0.5/samp_size=1000/seed=2/dataset.npz, results/synth/regime=easy/d=10/num_cycles=3/density=0.5/samp_size=1000/seed=2/method=lacerda/model.pkl
    output: results/synth/regime=easy/d=10/num_cycles=3/density=0.5/samp_size=1000/seed=2/method=lacerda/metrics.csv
    jobid: 540
    reason: Input files updated by another job: results/synth/regime=easy/d=10/num_cycles=3/density=0.5/samp_size=1000/seed=2/method=lacerda/model.pkl
    wildcards: regime=easy, d=10, num_cycles=3, density=0.5, samp_size=1000, seed=2, method=lacerda
    resources: tmpdir=/tmp
Select jobs to execute...
[Wed Apr 29 11:29:27 2026]
Finished jobid: 384 (Rule: synth_evaluate)
117 of 651 steps (18%) done
Execute 1 jobs...
[Wed Apr 29 11:29:27 2026]
localrule synth_fit:
    input: results/synth/regime=easy/d=10/num_cycles=3/density=0.8/samp_size=50/seed=0/dataset.npz
    output: results/synth/regime=easy/d=10/num_cycles=3/density=0.8/samp_size=50/seed=0/method=lacerda_prune/model.pkl
    jobid: 110
    reason: Missing output files: results/synth/regime=easy/d=10/num_cycles=3/density=0.8/samp_size=50/seed=0/method=lacerda_prune/model.pkl
    wildcards: regime=easy, d=10, num_cycles=3, density=0.8, samp_size=50, seed=0, method=lacerda_prune
    resources: tmpdir=/tmp
Select jobs to execute...
[Wed Apr 29 11:29:27 2026]
Finished jobid: 19 (Rule: synth_evaluate)
118 of 651 steps (18%) done
Execute 1 jobs...
[Wed Apr 29 11:29:27 2026]
localrule synth_fit:
    input: results/synth/regime=easy/d=10/num_cycles=4/density=0.5/samp_size=500/seed=1/dataset.npz
    output: results/synth/regime=easy/d=10/num_cycles=4/density=0.5/samp_size=500/seed=1/method=lacerda_repare/model.pkl
    jobid: 726
    reason: Missing output files: results/synth/regime=easy/d=10/num_cycles=4/density=0.5/samp_size=500/seed=1/method=lacerda_repare/model.pkl
    wildcards: regime=easy, d=10, num_cycles=4, density=0.5, samp_size=500, seed=1, method=lacerda_repare
    resources: tmpdir=/tmp
Select jobs to execute...
[Wed Apr 29 11:29:27 2026]
Finished jobid: 230 (Rule: synth_fit)
119 of 651 steps (18%) done
[Wed Apr 29 11:29:27 2026]
Finished jobid: 540 (Rule: synth_evaluate)
120 of 651 steps (18%) done
Execute 2 jobs...
[Wed Apr 29 11:29:27 2026]
localrule synth_evaluate:
    input: results/synth/regime=easy/d=10/num_cycles=4/density=0.3/samp_size=1000/seed=0/dataset.npz, results/synth/regime=easy/d=10/num_cycles=4/density=0.3/samp_size=1000/seed=0/method=lacerda_repare/model.pkl
    output: results/synth/regime=easy/d=10/num_cycles=4/density=0.3/samp_size=1000/seed=0/method=lacerda_repare/metrics.csv
    jobid: 476
    reason: Missing output files: results/synth/regime=easy/d=10/num_cycles=4/density=0.3/samp_size=1000/seed=0/method=lacerda_repare/metrics.csv; Input files updated by another job: results/synth/regime=easy/d=10/num_cycles=4/density=0.3/samp_size=1000/seed=0/method=lacerda_repare/model.pkl
    wildcards: regime=easy, d=10, num_cycles=4, density=0.3, samp_size=1000, seed=0, method=lacerda_repare
    resources: tmpdir=/tmp
[Wed Apr 29 11:29:27 2026]
localrule synth_fit:
    input: results/synth/regime=easy/d=10/num_cycles=5/density=0.3/samp_size=1000/seed=2/dataset.npz
    output: results/synth/regime=easy/d=10/num_cycles=5/density=0.3/samp_size=1000/seed=2/method=lacerda/model.pkl
    jobid: 361
    reason: Code has changed since last execution
    wildcards: regime=easy, d=10, num_cycles=5, density=0.3, samp_size=1000, seed=2, method=lacerda
    resources: tmpdir=/tmp
Select jobs to execute...
[Wed Apr 29 11:29:28 2026]
Finished jobid: 686 (Rule: synth_fit)
121 of 651 steps (19%) done
Execute 1 jobs...
[Wed Apr 29 11:29:28 2026]
localrule synth_fit:
    input: results/synth/regime=easy/d=10/num_cycles=5/density=0.5/samp_size=50/seed=1/dataset.npz
    output: results/synth/regime=easy/d=10/num_cycles=5/density=0.5/samp_size=50/seed=1/method=lacerda_repare/model.pkl
    jobid: 738
    reason: Missing output files: results/synth/regime=easy/d=10/num_cycles=5/density=0.5/samp_size=50/seed=1/method=lacerda_repare/model.pkl
    wildcards: regime=easy, d=10, num_cycles=5, density=0.5, samp_size=50, seed=1, method=lacerda_repare
    resources: tmpdir=/tmp
Select jobs to execute...
[Wed Apr 29 11:29:28 2026]
Finished jobid: 476 (Rule: synth_evaluate)
122 of 651 steps (19%) done
Execute 1 jobs...
[Wed Apr 29 11:29:28 2026]
localrule synth_fit:
    input: results/synth/regime=easy/d=10/num_cycles=5/density=0.5/samp_size=100/seed=1/dataset.npz
    output: results/synth/regime=easy/d=10/num_cycles=5/density=0.5/samp_size=100/seed=1/method=lacerda_repare/model.pkl
    jobid: 744
    reason: Missing output files: results/synth/regime=easy/d=10/num_cycles=5/density=0.5/samp_size=100/seed=1/method=lacerda_repare/model.pkl
    wildcards: regime=easy, d=10, num_cycles=5, density=0.5, samp_size=100, seed=1, method=lacerda_repare
    resources: tmpdir=/tmp
Select jobs to execute...
[Wed Apr 29 11:29:28 2026]
Finished jobid: 361 (Rule: synth_fit)
123 of 651 steps (19%) done
Execute 1 jobs...
[Wed Apr 29 11:29:28 2026]
localrule synth_fit:
    input: results/synth/regime=easy/d=10/num_cycles=4/density=0.3/samp_size=50/seed=2/dataset.npz
    output: results/synth/regime=easy/d=10/num_cycles=4/density=0.3/samp_size=50/seed=2/method=lacerda/model.pkl
    jobid: 298
    reason: Code has changed since last execution
    wildcards: regime=easy, d=10, num_cycles=4, density=0.3, samp_size=50, seed=2, method=lacerda
    resources: tmpdir=/tmp
Select jobs to execute...
[Wed Apr 29 11:29:28 2026]
Finished jobid: 491 (Rule: synth_fit)
124 of 651 steps (19%) done
Execute 1 jobs...
[Wed Apr 29 11:29:28 2026]
localrule synth_fit:
    input: results/synth/regime=easy/d=10/num_cycles=5/density=0.8/samp_size=100/seed=0/dataset.npz
    output: results/synth/regime=easy/d=10/num_cycles=5/density=0.8/samp_size=100/seed=0/method=lacerda_prune/model.pkl
    jobid: 164
    reason: Missing output files: results/synth/regime=easy/d=10/num_cycles=5/density=0.8/samp_size=100/seed=0/method=lacerda_prune/model.pkl
    wildcards: regime=easy, d=10, num_cycles=5, density=0.8, samp_size=100, seed=0, method=lacerda_prune
    resources: tmpdir=/tmp
Select jobs to execute...
[Wed Apr 29 11:29:28 2026]
Finished jobid: 684 (Rule: synth_fit)
125 of 651 steps (19%) done
Execute 1 jobs...
[Wed Apr 29 11:29:28 2026]
localrule synth_fit:
    input: results/synth/regime=easy/d=10/num_cycles=3/density=0.5/samp_size=100/seed=1/dataset.npz
    output: results/synth/regime=easy/d=10/num_cycles=3/density=0.5/samp_size=100/seed=1/method=lacerda_prune/model.pkl
    jobid: 624
    reason: Missing output files: results/synth/regime=easy/d=10/num_cycles=3/density=0.5/samp_size=100/seed=1/method=lacerda_prune/model.pkl
    wildcards: regime=easy, d=10, num_cycles=3, density=0.5, samp_size=100, seed=1, method=lacerda_prune
    resources: tmpdir=/tmp
Select jobs to execute...
[Wed Apr 29 11:29:28 2026]
Finished jobid: 144 (Rule: synth_fit)
126 of 651 steps (19%) done
Execute 1 jobs...
[Wed Apr 29 11:29:28 2026]
localrule synth_fit:
    input: results/synth/regime=easy/d=10/num_cycles=4/density=0.8/samp_size=1000/seed=0/dataset.npz
    output: results/synth/regime=easy/d=10/num_cycles=4/density=0.8/samp_size=1000/seed=0/method=lacerda_prune/model.pkl
    jobid: 152
    reason: Missing output files: results/synth/regime=easy/d=10/num_cycles=4/density=0.8/samp_size=1000/seed=0/method=lacerda_prune/model.pkl
    wildcards: regime=easy, d=10, num_cycles=4, density=0.8, samp_size=1000, seed=0, method=lacerda_prune
    resources: tmpdir=/tmp
Select jobs to execute...
[Wed Apr 29 11:29:28 2026]
Finished jobid: 738 (Rule: synth_fit)
127 of 651 steps (20%) done
Execute 1 jobs...
[Wed Apr 29 11:29:28 2026]
localrule synth_evaluate:
    input: results/synth/regime=easy/d=10/num_cycles=4/density=0.3/samp_size=100/seed=2/dataset.npz, results/synth/regime=easy/d=10/num_cycles=4/density=0.3/samp_size=100/seed=2/method=lacerda/model.pkl
    output: results/synth/regime=easy/d=10/num_cycles=4/density=0.3/samp_size=100/seed=2/method=lacerda/metrics.csv
    jobid: 305
    reason: Input files updated by another job: results/synth/regime=easy/d=10/num_cycles=4/density=0.3/samp_size=100/seed=2/method=lacerda/model.pkl
    wildcards: regime=easy, d=10, num_cycles=4, density=0.3, samp_size=100, seed=2, method=lacerda
    resources: tmpdir=/tmp
Select jobs to execute...
[Wed Apr 29 11:29:29 2026]
Finished jobid: 298 (Rule: synth_fit)
128 of 651 steps (20%) done
Execute 1 jobs...
[Wed Apr 29 11:29:29 2026]
localrule synth_evaluate:
    input: results/synth/regime=easy/d=10/num_cycles=4/density=0.3/samp_size=100/seed=2/dataset.npz, results/synth/regime=easy/d=10/num_cycles=4/density=0.3/samp_size=100/seed=2/method=lacerda_repare/model.pkl
    output: results/synth/regime=easy/d=10/num_cycles=4/density=0.3/samp_size=100/seed=2/method=lacerda_repare/metrics.csv
    jobid: 468
    reason: Missing output files: results/synth/regime=easy/d=10/num_cycles=4/density=0.3/samp_size=100/seed=2/method=lacerda_repare/metrics.csv; Input files updated by another job: results/synth/regime=easy/d=10/num_cycles=4/density=0.3/samp_size=100/seed=2/method=lacerda_repare/model.pkl
    wildcards: regime=easy, d=10, num_cycles=4, density=0.3, samp_size=100, seed=2, method=lacerda_repare
    resources: tmpdir=/tmp
Select jobs to execute...
[Wed Apr 29 11:29:29 2026]
Finished jobid: 110 (Rule: synth_fit)
129 of 651 steps (20%) done
Execute 1 jobs...
[Wed Apr 29 11:29:29 2026]
localrule synth_fit:
    input: results/synth/regime=easy/d=10/num_cycles=4/density=0.3/samp_size=500/seed=0/dataset.npz
    output: results/synth/regime=easy/d=10/num_cycles=4/density=0.3/samp_size=500/seed=0/method=lacerda_prune/model.pkl
    jobid: 399
    reason: Missing output files: results/synth/regime=easy/d=10/num_cycles=4/density=0.3/samp_size=500/seed=0/method=lacerda_prune/model.pkl
    wildcards: regime=easy, d=10, num_cycles=4, density=0.3, samp_size=500, seed=0, method=lacerda_prune
    resources: tmpdir=/tmp
Select jobs to execute...
[Wed Apr 29 11:29:29 2026]
Finished jobid: 164 (Rule: synth_fit)
130 of 651 steps (20%) done
Execute 1 jobs...
[Wed Apr 29 11:29:29 2026]
localrule synth_fit:
    input: results/synth/regime=easy/d=10/num_cycles=3/density=0.5/samp_size=100/seed=2/dataset.npz
    output: results/synth/regime=easy/d=10/num_cycles=3/density=0.5/samp_size=100/seed=2/method=lacerda_prune/model.pkl
    jobid: 626
    reason: Missing output files: results/synth/regime=easy/d=10/num_cycles=3/density=0.5/samp_size=100/seed=2/method=lacerda_prune/model.pkl
    wildcards: regime=easy, d=10, num_cycles=3, density=0.5, samp_size=100, seed=2, method=lacerda_prune
    resources: tmpdir=/tmp
Select jobs to execute...
[Wed Apr 29 11:29:29 2026]
Finished jobid: 152 (Rule: synth_fit)
131 of 651 steps (20%) done
Execute 1 jobs...
[Wed Apr 29 11:29:29 2026]
localrule synth_fit:
    input: results/synth/regime=easy/d=10/num_cycles=3/density=0.3/samp_size=1000/seed=2/dataset.npz
    output: results/synth/regime=easy/d=10/num_cycles=3/density=0.3/samp_size=1000/seed=2/method=lacerda_repare/model.pkl
    jobid: 457
    reason: Missing output files: results/synth/regime=easy/d=10/num_cycles=3/density=0.3/samp_size=1000/seed=2/method=lacerda_repare/model.pkl
    wildcards: regime=easy, d=10, num_cycles=3, density=0.3, samp_size=1000, seed=2, method=lacerda_repare
    resources: tmpdir=/tmp
Select jobs to execute...
[Wed Apr 29 11:29:29 2026]
Finished jobid: 744 (Rule: synth_fit)
132 of 651 steps (20%) done
Execute 1 jobs...
[Wed Apr 29 11:29:29 2026]
localrule synth_fit:
    input: results/synth/regime=easy/d=10/num_cycles=5/density=0.5/samp_size=100/seed=2/dataset.npz
    output: results/synth/regime=easy/d=10/num_cycles=5/density=0.5/samp_size=100/seed=2/method=lacerda_repare/model.pkl
    jobid: 746
    reason: Missing output files: results/synth/regime=easy/d=10/num_cycles=5/density=0.5/samp_size=100/seed=2/method=lacerda_repare/model.pkl
    wildcards: regime=easy, d=10, num_cycles=5, density=0.5, samp_size=100, seed=2, method=lacerda_repare
    resources: tmpdir=/tmp
Select jobs to execute...
[Wed Apr 29 11:29:29 2026]
Finished jobid: 305 (Rule: synth_evaluate)
133 of 651 steps (20%) done
Execute 1 jobs...
[Wed Apr 29 11:29:29 2026]
localrule synth_fit:
    input: results/synth/regime=easy/d=10/num_cycles=4/density=0.8/samp_size=1000/seed=0/dataset.npz
    output: results/synth/regime=easy/d=10/num_cycles=4/density=0.8/samp_size=1000/seed=0/method=lacerda/model.pkl
    jobid: 66
    reason: Code has changed since last execution
    wildcards: regime=easy, d=10, num_cycles=4, density=0.8, samp_size=1000, seed=0, method=lacerda
    resources: tmpdir=/tmp
Select jobs to execute...
[Wed Apr 29 11:29:29 2026]
Finished jobid: 468 (Rule: synth_evaluate)
134 of 651 steps (21%) done
Execute 1 jobs...
[Wed Apr 29 11:29:29 2026]
localrule synth_fit:
    input: results/synth/regime=easy/d=10/num_cycles=3/density=0.5/samp_size=500/seed=2/dataset.npz
    output: results/synth/regime=easy/d=10/num_cycles=3/density=0.5/samp_size=500/seed=2/method=lacerda/model.pkl
    jobid: 533
    reason: Code has changed since last execution
    wildcards: regime=easy, d=10, num_cycles=3, density=0.5, samp_size=500, seed=2, method=lacerda
    resources: tmpdir=/tmp
Select jobs to execute...
[Wed Apr 29 11:29:29 2026]
Finished jobid: 624 (Rule: synth_fit)
135 of 651 steps (21%) done
Execute 1 jobs...
[Wed Apr 29 11:29:29 2026]
localrule synth_fit:
    input: results/synth/regime=easy/d=10/num_cycles=5/density=0.8/samp_size=500/seed=1/dataset.npz
    output: results/synth/regime=easy/d=10/num_cycles=5/density=0.8/samp_size=500/seed=1/method=lacerda_prune/model.pkl
    jobid: 172
    reason: Missing output files: results/synth/regime=easy/d=10/num_cycles=5/density=0.8/samp_size=500/seed=1/method=lacerda_prune/model.pkl
    wildcards: regime=easy, d=10, num_cycles=5, density=0.8, samp_size=500, seed=1, method=lacerda_prune
    resources: tmpdir=/tmp
Select jobs to execute...
[Wed Apr 29 11:29:29 2026]
Finished jobid: 726 (Rule: synth_fit)
136 of 651 steps (21%) done
Execute 1 jobs...
[Wed Apr 29 11:29:29 2026]
localrule synth_fit:
    input: results/synth/regime=easy/d=10/num_cycles=5/density=0.3/samp_size=100/seed=2/dataset.npz
    output: results/synth/regime=easy/d=10/num_cycles=5/density=0.3/samp_size=100/seed=2/method=lacerda/model.pkl
    jobid: 343
    reason: Code has changed since last execution
    wildcards: regime=easy, d=10, num_cycles=5, density=0.3, samp_size=100, seed=2, method=lacerda
    resources: tmpdir=/tmp
Select jobs to execute...
[Wed Apr 29 11:29:30 2026]
Finished jobid: 66 (Rule: synth_fit)
137 of 651 steps (21%) done
Execute 1 jobs...
[Wed Apr 29 11:29:30 2026]
localrule synth_fit:
    input: results/synth/regime=easy/d=10/num_cycles=5/density=0.8/samp_size=500/seed=0/dataset.npz
    output: results/synth/regime=easy/d=10/num_cycles=5/density=0.8/samp_size=500/seed=0/method=lacerda_prune/model.pkl
    jobid: 170
    reason: Missing output files: results/synth/regime=easy/d=10/num_cycles=5/density=0.8/samp_size=500/seed=0/method=lacerda_prune/model.pkl
    wildcards: regime=easy, d=10, num_cycles=5, density=0.8, samp_size=500, seed=0, method=lacerda_prune
    resources: tmpdir=/tmp
Select jobs to execute...
[Wed Apr 29 11:29:30 2026]
Finished jobid: 533 (Rule: synth_fit)
138 of 651 steps (21%) done
Execute 1 jobs...
[Wed Apr 29 11:29:30 2026]
localrule synth_evaluate:
    input: results/synth/regime=easy/d=10/num_cycles=3/density=0.3/samp_size=500/seed=0/dataset.npz, results/synth/regime=easy/d=10/num_cycles=3/density=0.3/samp_size=500/seed=0/method=lacerda/model.pkl
    output: results/synth/regime=easy/d=10/num_cycles=3/density=0.3/samp_size=500/seed=0/method=lacerda/metrics.csv
    jobid: 272
    reason: Input files updated by another job: results/synth/regime=easy/d=10/num_cycles=3/density=0.3/samp_size=500/seed=0/method=lacerda/model.pkl
    wildcards: regime=easy, d=10, num_cycles=3, density=0.3, samp_size=500, seed=0, method=lacerda
    resources: tmpdir=/tmp
[Wed Apr 29 11:29:30 2026]
Finished jobid: 626 (Rule: synth_fit)
139 of 651 steps (21%) done
Select jobs to execute...
Execute 1 jobs...
[Wed Apr 29 11:29:30 2026]
localrule synth_fit:
    input: results/synth/regime=easy/d=10/num_cycles=4/density=0.5/samp_size=50/seed=2/dataset.npz
    output: results/synth/regime=easy/d=10/num_cycles=4/density=0.5/samp_size=50/seed=2/method=lacerda_prune/model.pkl
    jobid: 644
    reason: Missing output files: results/synth/regime=easy/d=10/num_cycles=4/density=0.5/samp_size=50/seed=2/method=lacerda_prune/model.pkl
    wildcards: regime=easy, d=10, num_cycles=4, density=0.5, samp_size=50, seed=2, method=lacerda_prune
    resources: tmpdir=/tmp
[Wed Apr 29 11:29:30 2026]
Finished jobid: 172 (Rule: synth_fit)
140 of 651 steps (22%) done
Select jobs to execute...
Execute 1 jobs...
[Wed Apr 29 11:29:30 2026]
localrule synth_fit:
    input: results/synth/regime=easy/d=10/num_cycles=4/density=0.3/samp_size=500/seed=1/dataset.npz
    output: results/synth/regime=easy/d=10/num_cycles=4/density=0.3/samp_size=500/seed=1/method=lacerda_prune/model.pkl
    jobid: 401
    reason: Missing output files: results/synth/regime=easy/d=10/num_cycles=4/density=0.3/samp_size=500/seed=1/method=lacerda_prune/model.pkl
    wildcards: regime=easy, d=10, num_cycles=4, density=0.3, samp_size=500, seed=1, method=lacerda_prune
    resources: tmpdir=/tmp
Select jobs to execute...
[Wed Apr 29 11:29:30 2026]
Finished jobid: 399 (Rule: synth_fit)
141 of 651 steps (22%) done
Execute 1 jobs...
[Wed Apr 29 11:29:30 2026]
localrule synth_fit:
    input: results/synth/regime=easy/d=10/num_cycles=5/density=0.5/samp_size=500/seed=0/dataset.npz
    output: results/synth/regime=easy/d=10/num_cycles=5/density=0.5/samp_size=500/seed=0/method=lacerda_repare/model.pkl
    jobid: 748
    reason: Missing output files: results/synth/regime=easy/d=10/num_cycles=5/density=0.5/samp_size=500/seed=0/method=lacerda_repare/model.pkl
    wildcards: regime=easy, d=10, num_cycles=5, density=0.5, samp_size=500, seed=0, method=lacerda_repare
    resources: tmpdir=/tmp
Select jobs to execute...
[Wed Apr 29 11:29:30 2026]
Finished jobid: 746 (Rule: synth_fit)
142 of 651 steps (22%) done
Execute 1 jobs...
[Wed Apr 29 11:29:30 2026]
localrule synth_fit:
    input: results/synth/regime=easy/d=10/num_cycles=4/density=0.3/samp_size=100/seed=2/dataset.npz
    output: results/synth/regime=easy/d=10/num_cycles=4/density=0.3/samp_size=100/seed=2/method=lacerda_prune/model.pkl
    jobid: 397
    reason: Missing output files: results/synth/regime=easy/d=10/num_cycles=4/density=0.3/samp_size=100/seed=2/method=lacerda_prune/model.pkl
    wildcards: regime=easy, d=10, num_cycles=4, density=0.3, samp_size=100, seed=2, method=lacerda_prune
    resources: tmpdir=/tmp
Select jobs to execute...
[Wed Apr 29 11:29:30 2026]
Finished jobid: 343 (Rule: synth_fit)
143 of 651 steps (22%) done
Execute 1 jobs...
[Wed Apr 29 11:29:30 2026]
localrule synth_fit:
    input: results/synth/regime=easy/d=10/num_cycles=4/density=0.5/samp_size=100/seed=2/dataset.npz
    output: results/synth/regime=easy/d=10/num_cycles=4/density=0.5/samp_size=100/seed=2/method=lacerda_repare/model.pkl
    jobid: 722
    reason: Missing output files: results/synth/regime=easy/d=10/num_cycles=4/density=0.5/samp_size=100/seed=2/method=lacerda_repare/model.pkl
    wildcards: regime=easy, d=10, num_cycles=4, density=0.5, samp_size=100, seed=2, method=lacerda_repare
    resources: tmpdir=/tmp
Select jobs to execute...
[Wed Apr 29 11:29:31 2026]
Finished jobid: 272 (Rule: synth_evaluate)
144 of 651 steps (22%) done
Execute 1 jobs...
[Wed Apr 29 11:29:31 2026]
localrule synth_fit:
    input: results/synth/regime=easy/d=10/num_cycles=4/density=0.3/samp_size=100/seed=0/dataset.npz
    output: results/synth/regime=easy/d=10/num_cycles=4/density=0.3/samp_size=100/seed=0/method=lacerda/model.pkl
    jobid: 301
    reason: Code has changed since last execution
    wildcards: regime=easy, d=10, num_cycles=4, density=0.3, samp_size=100, seed=0, method=lacerda
    resources: tmpdir=/tmp
Select jobs to execute...
[Wed Apr 29 11:29:31 2026]
Finished jobid: 644 (Rule: synth_fit)
145 of 651 steps (22%) done
Execute 1 jobs...
[Wed Apr 29 11:29:31 2026]
localrule synth_fit:
    input: results/synth/regime=easy/d=10/num_cycles=3/density=0.5/samp_size=500/seed=1/dataset.npz
    output: results/synth/regime=easy/d=10/num_cycles=3/density=0.5/samp_size=500/seed=1/method=lacerda/model.pkl
    jobid: 530
    reason: Code has changed since last execution
    wildcards: regime=easy, d=10, num_cycles=3, density=0.5, samp_size=500, seed=1, method=lacerda
    resources: tmpdir=/tmp
Select jobs to execute...
[Wed Apr 29 11:29:31 2026]
Finished jobid: 301 (Rule: synth_fit)
146 of 651 steps (22%) done
[Wed Apr 29 11:29:31 2026]
Finished jobid: 530 (Rule: synth_fit)
147 of 651 steps (23%) done
Execute 2 jobs...
[Wed Apr 29 11:29:31 2026]
localrule synth_fit:
    input: results/synth/regime=easy/d=10/num_cycles=4/density=0.5/samp_size=50/seed=1/dataset.npz
    output: results/synth/regime=easy/d=10/num_cycles=4/density=0.5/samp_size=50/seed=1/method=lacerda/model.pkl
    jobid: 548
    reason: Code has changed since last execution
    wildcards: regime=easy, d=10, num_cycles=4, density=0.5, samp_size=50, seed=1, method=lacerda
    resources: tmpdir=/tmp
[Wed Apr 29 11:29:31 2026]
localrule synth_evaluate:
    input: results/synth/regime=easy/d=10/num_cycles=3/density=0.5/samp_size=1000/seed=1/dataset.npz, results/synth/regime=easy/d=10/num_cycles=3/density=0.5/samp_size=1000/seed=1/method=lacerda_prune/model.pkl
    output: results/synth/regime=easy/d=10/num_cycles=3/density=0.5/samp_size=1000/seed=1/method=lacerda_prune/metrics.csv
    jobid: 635
    reason: Missing output files: results/synth/regime=easy/d=10/num_cycles=3/density=0.5/samp_size=1000/seed=1/method=lacerda_prune/metrics.csv; Input files updated by another job: results/synth/regime=easy/d=10/num_cycles=3/density=0.5/samp_size=1000/seed=1/method=lacerda_prune/model.pkl
    wildcards: regime=easy, d=10, num_cycles=3, density=0.5, samp_size=1000, seed=1, method=lacerda_prune
    resources: tmpdir=/tmp
Select jobs to execute...
[Wed Apr 29 11:29:31 2026]
Finished jobid: 397 (Rule: synth_fit)
148 of 651 steps (23%) done
Execute 1 jobs...
[Wed Apr 29 11:29:31 2026]
localrule synth_fit:
    input: results/synth/regime=easy/d=10/num_cycles=5/density=0.8/samp_size=100/seed=2/dataset.npz
    output: results/synth/regime=easy/d=10/num_cycles=5/density=0.8/samp_size=100/seed=2/method=lacerda_prune/model.pkl
    jobid: 168
    reason: Missing output files: results/synth/regime=easy/d=10/num_cycles=5/density=0.8/samp_size=100/seed=2/method=lacerda_prune/model.pkl
    wildcards: regime=easy, d=10, num_cycles=5, density=0.8, samp_size=100, seed=2, method=lacerda_prune
    resources: tmpdir=/tmp
[Wed Apr 29 11:29:31 2026]
Finished jobid: 170 (Rule: synth_fit)
149 of 651 steps (23%) done
Select jobs to execute...
Execute 1 jobs...
[Wed Apr 29 11:29:31 2026]
localrule synth_fit:
    input: results/synth/regime=easy/d=10/num_cycles=3/density=0.5/samp_size=100/seed=0/dataset.npz
    output: results/synth/regime=easy/d=10/num_cycles=3/density=0.5/samp_size=100/seed=0/method=lacerda_prune/model.pkl
    jobid: 622
    reason: Missing output files: results/synth/regime=easy/d=10/num_cycles=3/density=0.5/samp_size=100/seed=0/method=lacerda_prune/model.pkl
    wildcards: regime=easy, d=10, num_cycles=3, density=0.5, samp_size=100, seed=0, method=lacerda_prune
    resources: tmpdir=/tmp
Select jobs to execute...
[Wed Apr 29 11:29:32 2026]
Finished jobid: 457 (Rule: synth_fit)
150 of 651 steps (23%) done
Execute 1 jobs...
[Wed Apr 29 11:29:32 2026]
localrule synth_evaluate:
    input: results/synth/regime=easy/d=10/num_cycles=3/density=0.3/samp_size=1000/seed=2/dataset.npz, results/synth/regime=easy/d=10/num_cycles=3/density=0.3/samp_size=1000/seed=2/method=lacerda_repare/model.pkl
    output: results/synth/regime=easy/d=10/num_cycles=3/density=0.3/samp_size=1000/seed=2/method=lacerda_repare/metrics.csv
    jobid: 456
    reason: Missing output files: results/synth/regime=easy/d=10/num_cycles=3/density=0.3/samp_size=1000/seed=2/method=lacerda_repare/metrics.csv; Input files updated by another job: results/synth/regime=easy/d=10/num_cycles=3/density=0.3/samp_size=1000/seed=2/method=lacerda_repare/model.pkl
    wildcards: regime=easy, d=10, num_cycles=3, density=0.3, samp_size=1000, seed=2, method=lacerda_repare
    resources: tmpdir=/tmp
Select jobs to execute...
[Wed Apr 29 11:29:32 2026]
Finished jobid: 722 (Rule: synth_fit)
151 of 651 steps (23%) done
Execute 1 jobs...
[Wed Apr 29 11:29:32 2026]
localrule synth_fit:
    input: results/synth/regime=easy/d=10/num_cycles=5/density=0.8/samp_size=500/seed=2/dataset.npz
    output: results/synth/regime=easy/d=10/num_cycles=5/density=0.8/samp_size=500/seed=2/method=lacerda_prune/model.pkl
    jobid: 174
    reason: Missing output files: results/synth/regime=easy/d=10/num_cycles=5/density=0.8/samp_size=500/seed=2/method=lacerda_prune/model.pkl
    wildcards: regime=easy, d=10, num_cycles=5, density=0.8, samp_size=500, seed=2, method=lacerda_prune
    resources: tmpdir=/tmp
Select jobs to execute...
[Wed Apr 29 11:29:32 2026]
Finished jobid: 748 (Rule: synth_fit)
152 of 651 steps (23%) done
Execute 1 jobs...
[Wed Apr 29 11:29:32 2026]
localrule synth_fit:
    input: results/synth/regime=easy/d=10/num_cycles=5/density=0.5/samp_size=100/seed=0/dataset.npz
    output: results/synth/regime=easy/d=10/num_cycles=5/density=0.5/samp_size=100/seed=0/method=lacerda_repare/model.pkl
    jobid: 742
    reason: Missing output files: results/synth/regime=easy/d=10/num_cycles=5/density=0.5/samp_size=100/seed=0/method=lacerda_repare/model.pkl
    wildcards: regime=easy, d=10, num_cycles=5, density=0.5, samp_size=100, seed=0, method=lacerda_repare
    resources: tmpdir=/tmp
Select jobs to execute...
[Wed Apr 29 11:29:32 2026]
Finished jobid: 401 (Rule: synth_fit)
153 of 651 steps (24%) done
Execute 1 jobs...
[Wed Apr 29 11:29:32 2026]
localrule synth_evaluate:
    input: results/synth/regime=easy/d=10/num_cycles=3/density=0.3/samp_size=1000/seed=1/dataset.npz, results/synth/regime=easy/d=10/num_cycles=3/density=0.3/samp_size=1000/seed=1/method=lacerda_prune/model.pkl
    output: results/synth/regime=easy/d=10/num_cycles=3/density=0.3/samp_size=1000/seed=1/method=lacerda_prune/metrics.csv
    jobid: 382
    reason: Missing output files: results/synth/regime=easy/d=10/num_cycles=3/density=0.3/samp_size=1000/seed=1/method=lacerda_prune/metrics.csv; Input files updated by another job: results/synth/regime=easy/d=10/num_cycles=3/density=0.3/samp_size=1000/seed=1/method=lacerda_prune/model.pkl
    wildcards: regime=easy, d=10, num_cycles=3, density=0.3, samp_size=1000, seed=1, method=lacerda_prune
    resources: tmpdir=/tmp
Select jobs to execute...
[Wed Apr 29 11:29:32 2026]
Finished jobid: 635 (Rule: synth_evaluate)
154 of 651 steps (24%) done
Execute 1 jobs...
[Wed Apr 29 11:29:32 2026]
localrule synth_fit:
    input: results/synth/regime=easy/d=10/num_cycles=5/density=0.5/samp_size=1000/seed=0/dataset.npz
    output: results/synth/regime=easy/d=10/num_cycles=5/density=0.5/samp_size=1000/seed=0/method=lacerda_prune/model.pkl
    jobid: 682
    reason: Missing output files: results/synth/regime=easy/d=10/num_cycles=5/density=0.5/samp_size=1000/seed=0/method=lacerda_prune/model.pkl
    wildcards: regime=easy, d=10, num_cycles=5, density=0.5, samp_size=1000, seed=0, method=lacerda_prune
    resources: tmpdir=/tmp
Select jobs to execute...
[Wed Apr 29 11:29:32 2026]
Finished jobid: 548 (Rule: synth_fit)
155 of 651 steps (24%) done
Execute 1 jobs...
[Wed Apr 29 11:29:32 2026]
localrule synth_fit:
    input: results/synth/regime=easy/d=10/num_cycles=3/density=0.5/samp_size=500/seed=0/dataset.npz
    output: results/synth/regime=easy/d=10/num_cycles=3/density=0.5/samp_size=500/seed=0/method=lacerda_prune/model.pkl
    jobid: 628
    reason: Missing output files: results/synth/regime=easy/d=10/num_cycles=3/density=0.5/samp_size=500/seed=0/method=lacerda_prune/model.pkl
    wildcards: regime=easy, d=10, num_cycles=3, density=0.5, samp_size=500, seed=0, method=lacerda_prune
    resources: tmpdir=/tmp
Select jobs to execute...
[Wed Apr 29 11:29:32 2026]
Finished jobid: 622 (Rule: synth_fit)
156 of 651 steps (24%) done
Execute 1 jobs...
[Wed Apr 29 11:29:32 2026]
localrule synth_fit:
    input: results/synth/regime=easy/d=10/num_cycles=5/density=0.3/samp_size=500/seed=0/dataset.npz
    output: results/synth/regime=easy/d=10/num_cycles=5/density=0.3/samp_size=500/seed=0/method=lacerda/model.pkl
    jobid: 346
    reason: Code has changed since last execution
    wildcards: regime=easy, d=10, num_cycles=5, density=0.3, samp_size=500, seed=0, method=lacerda
    resources: tmpdir=/tmp
Select jobs to execute...
[Wed Apr 29 11:29:32 2026]
Finished jobid: 456 (Rule: synth_evaluate)
157 of 651 steps (24%) done
Execute 1 jobs...
[Wed Apr 29 11:29:32 2026]
localrule synth_evaluate:
    input: results/synth/regime=easy/d=10/num_cycles=3/density=0.5/samp_size=50/seed=0/dataset.npz, results/synth/regime=easy/d=10/num_cycles=3/density=0.5/samp_size=50/seed=0/method=lacerda/model.pkl
    output: results/synth/regime=easy/d=10/num_cycles=3/density=0.5/samp_size=50/seed=0/method=lacerda/metrics.csv
    jobid: 507
    reason: Input files updated by another job: results/synth/regime=easy/d=10/num_cycles=3/density=0.5/samp_size=50/seed=0/method=lacerda/model.pkl
    wildcards: regime=easy, d=10, num_cycles=3, density=0.5, samp_size=50, seed=0, method=lacerda
    resources: tmpdir=/tmp
Select jobs to execute...
[Wed Apr 29 11:29:32 2026]
Finished jobid: 382 (Rule: synth_evaluate)
158 of 651 steps (24%) done
Execute 1 jobs...
[Wed Apr 29 11:29:32 2026]
localrule synth_fit:
    input: results/synth/regime=easy/d=10/num_cycles=4/density=0.3/samp_size=500/seed=2/dataset.npz
    output: results/synth/regime=easy/d=10/num_cycles=4/density=0.3/samp_size=500/seed=2/method=lacerda_prune/model.pkl
    jobid: 403
    reason: Missing output files: results/synth/regime=easy/d=10/num_cycles=4/density=0.3/samp_size=500/seed=2/method=lacerda_prune/model.pkl
    wildcards: regime=easy, d=10, num_cycles=4, density=0.3, samp_size=500, seed=2, method=lacerda_prune
    resources: tmpdir=/tmp
Select jobs to execute...
[Wed Apr 29 11:29:33 2026]
Finished jobid: 628 (Rule: synth_fit)
159 of 651 steps (24%) done
Execute 1 jobs...
[Wed Apr 29 11:29:33 2026]
localrule synth_fit:
    input: results/synth/regime=easy/d=10/num_cycles=4/density=0.8/samp_size=1000/seed=2/dataset.npz
    output: results/synth/regime=easy/d=10/num_cycles=4/density=0.8/samp_size=1000/seed=2/method=lacerda_repare/model.pkl
    jobid: 228
    reason: Missing output files: results/synth/regime=easy/d=10/num_cycles=4/density=0.8/samp_size=1000/seed=2/method=lacerda_repare/model.pkl
    wildcards: regime=easy, d=10, num_cycles=4, density=0.8, samp_size=1000, seed=2, method=lacerda_repare
    resources: tmpdir=/tmp
Select jobs to execute...
[Wed Apr 29 11:29:33 2026]
Finished jobid: 346 (Rule: synth_fit)
160 of 651 steps (25%) done
Execute 1 jobs...
[Wed Apr 29 11:29:33 2026]
localrule synth_evaluate:
    input: results/synth/regime=easy/d=10/num_cycles=5/density=0.3/samp_size=500/seed=0/dataset.npz, results/synth/regime=easy/d=10/num_cycles=5/density=0.3/samp_size=500/seed=0/method=lacerda/model.pkl
    output: results/synth/regime=easy/d=10/num_cycles=5/density=0.3/samp_size=500/seed=0/method=lacerda/metrics.csv
    jobid: 344
    reason: Input files updated by another job: results/synth/regime=easy/d=10/num_cycles=5/density=0.3/samp_size=500/seed=0/method=lacerda/model.pkl
    wildcards: regime=easy, d=10, num_cycles=5, density=0.3, samp_size=500, seed=0, method=lacerda
    resources: tmpdir=/tmp
Select jobs to execute...
[Wed Apr 29 11:29:33 2026]
Finished jobid: 507 (Rule: synth_evaluate)
161 of 651 steps (25%) done
Execute 1 jobs...
[Wed Apr 29 11:29:33 2026]
localrule synth_fit:
    input: results/synth/regime=easy/d=10/num_cycles=3/density=0.5/samp_size=500/seed=1/dataset.npz
    output: results/synth/regime=easy/d=10/num_cycles=3/density=0.5/samp_size=500/seed=1/method=lacerda_prune/model.pkl
    jobid: 630
    reason: Missing output files: results/synth/regime=easy/d=10/num_cycles=3/density=0.5/samp_size=500/seed=1/method=lacerda_prune/model.pkl
    wildcards: regime=easy, d=10, num_cycles=3, density=0.5, samp_size=500, seed=1, method=lacerda_prune
    resources: tmpdir=/tmp
Select jobs to execute...
[Wed Apr 29 11:29:33 2026]
Finished jobid: 174 (Rule: synth_fit)
162 of 651 steps (25%) done
Execute 1 jobs...
[Wed Apr 29 11:29:33 2026]
localrule synth_fit:
    input: results/synth/regime=easy/d=10/num_cycles=3/density=0.3/samp_size=1000/seed=1/dataset.npz
    output: results/synth/regime=easy/d=10/num_cycles=3/density=0.3/samp_size=1000/seed=1/method=lacerda_repare/model.pkl
    jobid: 455
    reason: Missing output files: results/synth/regime=easy/d=10/num_cycles=3/density=0.3/samp_size=1000/seed=1/method=lacerda_repare/model.pkl
    wildcards: regime=easy, d=10, num_cycles=3, density=0.3, samp_size=1000, seed=1, method=lacerda_repare
    resources: tmpdir=/tmp
Select jobs to execute...
[Wed Apr 29 11:29:33 2026]
Finished jobid: 742 (Rule: synth_fit)
163 of 651 steps (25%) done
Execute 1 jobs...
[Wed Apr 29 11:29:33 2026]
localrule synth_fit:
    input: results/synth/regime=easy/d=10/num_cycles=5/density=0.5/samp_size=500/seed=1/dataset.npz
    output: results/synth/regime=easy/d=10/num_cycles=5/density=0.5/samp_size=500/seed=1/method=lacerda_repare/model.pkl
    jobid: 750
    reason: Missing output files: results/synth/regime=easy/d=10/num_cycles=5/density=0.5/samp_size=500/seed=1/method=lacerda_repare/model.pkl
    wildcards: regime=easy, d=10, num_cycles=5, density=0.5, samp_size=500, seed=1, method=lacerda_repare
    resources: tmpdir=/tmp
Select jobs to execute...
[Wed Apr 29 11:29:33 2026]
Finished jobid: 168 (Rule: synth_fit)
164 of 651 steps (25%) done
Execute 1 jobs...
[Wed Apr 29 11:29:33 2026]
localrule synth_fit:
    input: results/synth/regime=easy/d=10/num_cycles=4/density=0.8/samp_size=1000/seed=1/dataset.npz
    output: results/synth/regime=easy/d=10/num_cycles=4/density=0.8/samp_size=1000/seed=1/method=lacerda/model.pkl
    jobid: 69
    reason: Code has changed since last execution
    wildcards: regime=easy, d=10, num_cycles=4, density=0.8, samp_size=1000, seed=1, method=lacerda
    resources: tmpdir=/tmp
Select jobs to execute...
[Wed Apr 29 11:29:33 2026]
Finished jobid: 228 (Rule: synth_fit)
165 of 651 steps (25%) done
Execute 1 jobs...
[Wed Apr 29 11:29:34 2026]
localrule synth_fit:
    input: results/synth/regime=easy/d=10/num_cycles=5/density=0.8/samp_size=1000/seed=2/dataset.npz
    output: results/synth/regime=easy/d=10/num_cycles=5/density=0.8/samp_size=1000/seed=2/method=lacerda/model.pkl
    jobid: 108
    reason: Code has changed since last execution
    wildcards: regime=easy, d=10, num_cycles=5, density=0.8, samp_size=1000, seed=2, method=lacerda
    resources: tmpdir=/tmp
[Wed Apr 29 11:29:34 2026]
Finished jobid: 344 (Rule: synth_evaluate)
166 of 651 steps (25%) done
Select jobs to execute...
Execute 1 jobs...
[Wed Apr 29 11:29:34 2026]
localrule synth_fit:
    input: results/synth/regime=easy/d=10/num_cycles=3/density=0.8/samp_size=100/seed=2/dataset.npz
    output: results/synth/regime=easy/d=10/num_cycles=3/density=0.8/samp_size=100/seed=2/method=lacerda/model.pkl
    jobid: 18
    reason: Code has changed since last execution
    wildcards: regime=easy, d=10, num_cycles=3, density=0.8, samp_size=100, seed=2, method=lacerda
    resources: tmpdir=/tmp
Select jobs to execute...
[Wed Apr 29 11:29:34 2026]
Finished jobid: 403 (Rule: synth_fit)
167 of 651 steps (26%) done
Execute 1 jobs...
[Wed Apr 29 11:29:34 2026]
localrule synth_fit:
    input: results/synth/regime=easy/d=10/num_cycles=4/density=0.5/samp_size=1000/seed=1/dataset.npz
    output: results/synth/regime=easy/d=10/num_cycles=4/density=0.5/samp_size=1000/seed=1/method=lacerda/model.pkl
    jobid: 575
    reason: Code has changed since last execution
    wildcards: regime=easy, d=10, num_cycles=4, density=0.5, samp_size=1000, seed=1, method=lacerda
    resources: tmpdir=/tmp
Select jobs to execute...
[Wed Apr 29 11:29:34 2026]
Finished jobid: 69 (Rule: synth_fit)
168 of 651 steps (26%) done
Execute 1 jobs...
[Wed Apr 29 11:29:34 2026]
localrule synth_fit:
    input: results/synth/regime=easy/d=10/num_cycles=3/density=0.5/samp_size=1000/seed=0/dataset.npz
    output: results/synth/regime=easy/d=10/num_cycles=3/density=0.5/samp_size=1000/seed=0/method=lacerda/model.pkl
    jobid: 536
    reason: Code has changed since last execution
    wildcards: regime=easy, d=10, num_cycles=3, density=0.5, samp_size=1000, seed=0, method=lacerda
    resources: tmpdir=/tmp
Select jobs to execute...
[Wed Apr 29 11:29:34 2026]
Finished jobid: 108 (Rule: synth_fit)
169 of 651 steps (26%) done
Execute 1 jobs...
[Wed Apr 29 11:29:34 2026]
localrule synth_fit:
    input: results/synth/regime=easy/d=10/num_cycles=5/density=0.8/samp_size=1000/seed=0/dataset.npz
    output: results/synth/regime=easy/d=10/num_cycles=5/density=0.8/samp_size=1000/seed=0/method=lacerda_prune/model.pkl
    jobid: 176
    reason: Missing output files: results/synth/regime=easy/d=10/num_cycles=5/density=0.8/samp_size=1000/seed=0/method=lacerda_prune/model.pkl
    wildcards: regime=easy, d=10, num_cycles=5, density=0.8, samp_size=1000, seed=0, method=lacerda_prune
    resources: tmpdir=/tmp
Select jobs to execute...
[Wed Apr 29 11:29:34 2026]
Finished jobid: 682 (Rule: synth_fit)
170 of 651 steps (26%) done
Execute 1 jobs...
[Wed Apr 29 11:29:34 2026]
localrule synth_evaluate:
    input: results/synth/regime=easy/d=10/num_cycles=3/density=0.5/samp_size=500/seed=1/dataset.npz, results/synth/regime=easy/d=10/num_cycles=3/density=0.5/samp_size=500/seed=1/method=lacerda/model.pkl
    output: results/synth/regime=easy/d=10/num_cycles=3/density=0.5/samp_size=500/seed=1/method=lacerda/metrics.csv
    jobid: 528
    reason: Input files updated by another job: results/synth/regime=easy/d=10/num_cycles=3/density=0.5/samp_size=500/seed=1/method=lacerda/model.pkl
    wildcards: regime=easy, d=10, num_cycles=3, density=0.5, samp_size=500, seed=1, method=lacerda
    resources: tmpdir=/tmp
Select jobs to execute...
[Wed Apr 29 11:29:35 2026]
Finished jobid: 630 (Rule: synth_fit)
171 of 651 steps (26%) done
Execute 1 jobs...
[Wed Apr 29 11:29:35 2026]
localrule synth_fit:
    input: results/synth/regime=easy/d=10/num_cycles=4/density=0.8/samp_size=500/seed=2/dataset.npz
    output: results/synth/regime=easy/d=10/num_cycles=4/density=0.8/samp_size=500/seed=2/method=lacerda/model.pkl
    jobid: 63
    reason: Code has changed since last execution
    wildcards: regime=easy, d=10, num_cycles=4, density=0.8, samp_size=500, seed=2, method=lacerda
    resources: tmpdir=/tmp
Select jobs to execute...
[Wed Apr 29 11:29:35 2026]
Finished jobid: 750 (Rule: synth_fit)
172 of 651 steps (26%) done
Execute 1 jobs...
[Wed Apr 29 11:29:35 2026]
localrule synth_fit:
    input: results/synth/regime=easy/d=10/num_cycles=3/density=0.8/samp_size=100/seed=0/dataset.npz
    output: results/synth/regime=easy/d=10/num_cycles=3/density=0.8/samp_size=100/seed=0/method=lacerda_repare/model.pkl
    jobid: 188
    reason: Missing output files: results/synth/regime=easy/d=10/num_cycles=3/density=0.8/samp_size=100/seed=0/method=lacerda_repare/model.pkl
    wildcards: regime=easy, d=10, num_cycles=3, density=0.8, samp_size=100, seed=0, method=lacerda_repare
    resources: tmpdir=/tmp
Select jobs to execute...
[Wed Apr 29 11:29:35 2026]
Finished jobid: 18 (Rule: synth_fit)
173 of 651 steps (27%) done
[Wed Apr 29 11:29:35 2026]
Finished jobid: 575 (Rule: synth_fit)
174 of 651 steps (27%) done
Execute 2 jobs...
[Wed Apr 29 11:29:35 2026]
localrule synth_fit:
    input: results/synth/regime=easy/d=10/num_cycles=4/density=0.5/samp_size=100/seed=0/dataset.npz
    output: results/synth/regime=easy/d=10/num_cycles=4/density=0.5/samp_size=100/seed=0/method=lacerda_prune/model.pkl
    jobid: 646
    reason: Missing output files: results/synth/regime=easy/d=10/num_cycles=4/density=0.5/samp_size=100/seed=0/method=lacerda_prune/model.pkl
    wildcards: regime=easy, d=10, num_cycles=4, density=0.5, samp_size=100, seed=0, method=lacerda_prune
    resources: tmpdir=/tmp
[Wed Apr 29 11:29:35 2026]
localrule synth_evaluate:
    input: results/synth/regime=easy/d=10/num_cycles=5/density=0.8/samp_size=500/seed=0/dataset.npz, results/synth/regime=easy/d=10/num_cycles=5/density=0.8/samp_size=500/seed=0/method=lacerda_repare/model.pkl
    output: results/synth/regime=easy/d=10/num_cycles=5/density=0.8/samp_size=500/seed=0/method=lacerda_repare/metrics.csv
    jobid: 241
    reason: Missing output files: results/synth/regime=easy/d=10/num_cycles=5/density=0.8/samp_size=500/seed=0/method=lacerda_repare/metrics.csv; Input files updated by another job: results/synth/regime=easy/d=10/num_cycles=5/density=0.8/samp_size=500/seed=0/method=lacerda_repare/model.pkl
    wildcards: regime=easy, d=10, num_cycles=5, density=0.8, samp_size=500, seed=0, method=lacerda_repare
    resources: tmpdir=/tmp
Select jobs to execute...
[Wed Apr 29 11:29:35 2026]
Finished jobid: 536 (Rule: synth_fit)
175 of 651 steps (27%) done
Execute 1 jobs...
[Wed Apr 29 11:29:35 2026]
localrule synth_fit:
    input: results/synth/regime=easy/d=10/num_cycles=3/density=0.5/samp_size=50/seed=2/dataset.npz
    output: results/synth/regime=easy/d=10/num_cycles=3/density=0.5/samp_size=50/seed=2/method=lacerda_prune/model.pkl
    jobid: 620
    reason: Missing output files: results/synth/regime=easy/d=10/num_cycles=3/density=0.5/samp_size=50/seed=2/method=lacerda_prune/model.pkl
    wildcards: regime=easy, d=10, num_cycles=3, density=0.5, samp_size=50, seed=2, method=lacerda_prune
    resources: tmpdir=/tmp
Select jobs to execute...
[Wed Apr 29 11:29:35 2026]
Finished jobid: 528 (Rule: synth_evaluate)
176 of 651 steps (27%) done
Execute 1 jobs...
[Wed Apr 29 11:29:35 2026]
localrule synth_fit:
    input: results/synth/regime=easy/d=10/num_cycles=5/density=0.5/samp_size=50/seed=2/dataset.npz
    output: results/synth/regime=easy/d=10/num_cycles=5/density=0.5/samp_size=50/seed=2/method=lacerda_repare/model.pkl
    jobid: 740
    reason: Missing output files: results/synth/regime=easy/d=10/num_cycles=5/density=0.5/samp_size=50/seed=2/method=lacerda_repare/model.pkl
    wildcards: regime=easy, d=10, num_cycles=5, density=0.5, samp_size=50, seed=2, method=lacerda_repare
    resources: tmpdir=/tmp
Select jobs to execute...
[Wed Apr 29 11:29:35 2026]
Finished jobid: 455 (Rule: synth_fit)
177 of 651 steps (27%) done
Execute 1 jobs...
[Wed Apr 29 11:29:35 2026]
localrule synth_fit:
    input: results/synth/regime=easy/d=10/num_cycles=4/density=0.3/samp_size=100/seed=1/dataset.npz
    output: results/synth/regime=easy/d=10/num_cycles=4/density=0.3/samp_size=100/seed=1/method=lacerda_prune/model.pkl
    jobid: 395
    reason: Missing output files: results/synth/regime=easy/d=10/num_cycles=4/density=0.3/samp_size=100/seed=1/method=lacerda_prune/model.pkl
    wildcards: regime=easy, d=10, num_cycles=4, density=0.3, samp_size=100, seed=1, method=lacerda_prune
    resources: tmpdir=/tmp
Select jobs to execute...
[Wed Apr 29 11:29:35 2026]
Finished jobid: 63 (Rule: synth_fit)
178 of 651 steps (27%) done
Execute 1 jobs...
[Wed Apr 29 11:29:35 2026]
localrule synth_fit:
    input: results/synth/regime=easy/d=10/num_cycles=5/density=0.3/samp_size=500/seed=1/dataset.npz
    output: results/synth/regime=easy/d=10/num_cycles=5/density=0.3/samp_size=500/seed=1/method=lacerda_repare/model.pkl
    jobid: 497
    reason: Missing output files: results/synth/regime=easy/d=10/num_cycles=5/density=0.3/samp_size=500/seed=1/method=lacerda_repare/model.pkl
    wildcards: regime=easy, d=10, num_cycles=5, density=0.3, samp_size=500, seed=1, method=lacerda_repare
    resources: tmpdir=/tmp
Select jobs to execute...
[Wed Apr 29 11:29:35 2026]
Finished jobid: 188 (Rule: synth_fit)
179 of 651 steps (27%) done
Execute 1 jobs...
[Wed Apr 29 11:29:35 2026]
localrule synth_evaluate:
    input: results/synth/regime=easy/d=10/num_cycles=4/density=0.3/samp_size=100/seed=0/dataset.npz, results/synth/regime=easy/d=10/num_cycles=4/density=0.3/samp_size=100/seed=0/method=lacerda/model.pkl
    output: results/synth/regime=easy/d=10/num_cycles=4/density=0.3/samp_size=100/seed=0/method=lacerda/metrics.csv
    jobid: 299
    reason: Input files updated by another job: results/synth/regime=easy/d=10/num_cycles=4/density=0.3/samp_size=100/seed=0/method=lacerda/model.pkl
    wildcards: regime=easy, d=10, num_cycles=4, density=0.3, samp_size=100, seed=0, method=lacerda
    resources: tmpdir=/tmp
Select jobs to execute...
[Wed Apr 29 11:29:35 2026]
Finished jobid: 241 (Rule: synth_evaluate)
180 of 651 steps (28%) done
Execute 1 jobs...
[Wed Apr 29 11:29:35 2026]
localrule synth_fit:
    input: results/synth/regime=easy/d=10/num_cycles=5/density=0.8/samp_size=100/seed=1/dataset.npz
    output: results/synth/regime=easy/d=10/num_cycles=5/density=0.8/samp_size=100/seed=1/method=lacerda_prune/model.pkl
    jobid: 166
    reason: Missing output files: results/synth/regime=easy/d=10/num_cycles=5/density=0.8/samp_size=100/seed=1/method=lacerda_prune/model.pkl
    wildcards: regime=easy, d=10, num_cycles=5, density=0.8, samp_size=100, seed=1, method=lacerda_prune
    resources: tmpdir=/tmp
Select jobs to execute...
[Wed Apr 29 11:29:36 2026]
Finished jobid: 620 (Rule: synth_fit)
181 of 651 steps (28%) done
Execute 1 jobs...
[Wed Apr 29 11:29:36 2026]
localrule synth_evaluate:
    input: results/synth/regime=easy/d=10/num_cycles=5/density=0.8/samp_size=100/seed=0/dataset.npz, results/synth/regime=easy/d=10/num_cycles=5/density=0.8/samp_size=100/seed=0/method=lacerda_prune/model.pkl
    output: results/synth/regime=easy/d=10/num_cycles=5/density=0.8/samp_size=100/seed=0/method=lacerda_prune/metrics.csv
    jobid: 163
    reason: Missing output files: results/synth/regime=easy/d=10/num_cycles=5/density=0.8/samp_size=100/seed=0/method=lacerda_prune/metrics.csv; Input files updated by another job: results/synth/regime=easy/d=10/num_cycles=5/density=0.8/samp_size=100/seed=0/method=lacerda_prune/model.pkl
    wildcards: regime=easy, d=10, num_cycles=5, density=0.8, samp_size=100, seed=0, method=lacerda_prune
    resources: tmpdir=/tmp
Select jobs to execute...
[Wed Apr 29 11:29:36 2026]
Finished jobid: 740 (Rule: synth_fit)
182 of 651 steps (28%) done
Execute 1 jobs...
[Wed Apr 29 11:29:36 2026]
localrule synth_evaluate:
    input: results/synth/regime=easy/d=10/num_cycles=5/density=0.5/samp_size=50/seed=1/dataset.npz, results/synth/regime=easy/d=10/num_cycles=5/density=0.5/samp_size=50/seed=1/method=lacerda_repare/model.pkl
    output: results/synth/regime=easy/d=10/num_cycles=5/density=0.5/samp_size=50/seed=1/method=lacerda_repare/metrics.csv
    jobid: 737
    reason: Missing output files: results/synth/regime=easy/d=10/num_cycles=5/density=0.5/samp_size=50/seed=1/method=lacerda_repare/metrics.csv; Input files updated by another job: results/synth/regime=easy/d=10/num_cycles=5/density=0.5/samp_size=50/seed=1/method=lacerda_repare/model.pkl
    wildcards: regime=easy, d=10, num_cycles=5, density=0.5, samp_size=50, seed=1, method=lacerda_repare
    resources: tmpdir=/tmp
Select jobs to execute...
[Wed Apr 29 11:29:36 2026]
Finished jobid: 299 (Rule: synth_evaluate)
183 of 651 steps (28%) done
Execute 1 jobs...
[Wed Apr 29 11:29:36 2026]
localrule synth_fit:
    input: results/synth/regime=easy/d=10/num_cycles=4/density=0.3/samp_size=1000/seed=0/dataset.npz
    output: results/synth/regime=easy/d=10/num_cycles=4/density=0.3/samp_size=1000/seed=0/method=lacerda_prune/model.pkl
    jobid: 405
    reason: Missing output files: results/synth/regime=easy/d=10/num_cycles=4/density=0.3/samp_size=1000/seed=0/method=lacerda_prune/model.pkl
    wildcards: regime=easy, d=10, num_cycles=4, density=0.3, samp_size=1000, seed=0, method=lacerda_prune
    resources: tmpdir=/tmp
Select jobs to execute...
[Wed Apr 29 11:29:36 2026]
Finished jobid: 646 (Rule: synth_fit)
184 of 651 steps (28%) done
Execute 1 jobs...
[Wed Apr 29 11:29:36 2026]
localrule synth_fit:
    input: results/synth/regime=easy/d=10/num_cycles=3/density=0.5/samp_size=100/seed=1/dataset.npz
    output: results/synth/regime=easy/d=10/num_cycles=3/density=0.5/samp_size=100/seed=1/method=lacerda/model.pkl
    jobid: 521
    reason: Code has changed since last execution
    wildcards: regime=easy, d=10, num_cycles=3, density=0.5, samp_size=100, seed=1, method=lacerda
    resources: tmpdir=/tmp
Select jobs to execute...
[Wed Apr 29 11:29:36 2026]
Finished jobid: 163 (Rule: synth_evaluate)
185 of 651 steps (28%) done
Execute 1 jobs...
[Wed Apr 29 11:29:36 2026]
localrule synth_evaluate:
    input: results/synth/regime=easy/d=10/num_cycles=3/density=0.3/samp_size=1000/seed=0/dataset.npz, results/synth/regime=easy/d=10/num_cycles=3/density=0.3/samp_size=1000/seed=0/method=lacerda_prune/model.pkl
    output: results/synth/regime=easy/d=10/num_cycles=3/density=0.3/samp_size=1000/seed=0/method=lacerda_prune/metrics.csv
    jobid: 380
    reason: Missing output files: results/synth/regime=easy/d=10/num_cycles=3/density=0.3/samp_size=1000/seed=0/method=lacerda_prune/metrics.csv; Input files updated by another job: results/synth/regime=easy/d=10/num_cycles=3/density=0.3/samp_size=1000/seed=0/method=lacerda_prune/model.pkl
    wildcards: regime=easy, d=10, num_cycles=3, density=0.3, samp_size=1000, seed=0, method=lacerda_prune
    resources: tmpdir=/tmp
[Wed Apr 29 11:29:36 2026]
Finished jobid: 395 (Rule: synth_fit)
186 of 651 steps (29%) done
Select jobs to execute...
Execute 1 jobs...
[Wed Apr 29 11:29:36 2026]
localrule synth_fit:
    input: results/synth/regime=easy/d=10/num_cycles=4/density=0.3/samp_size=100/seed=1/dataset.npz
    output: results/synth/regime=easy/d=10/num_cycles=4/density=0.3/samp_size=100/seed=1/method=lacerda/model.pkl
    jobid: 304
    reason: Code has changed since last execution
    wildcards: regime=easy, d=10, num_cycles=4, density=0.3, samp_size=100, seed=1, method=lacerda
    resources: tmpdir=/tmp
Select jobs to execute...
[Wed Apr 29 11:29:36 2026]
Finished jobid: 737 (Rule: synth_evaluate)
187 of 651 steps (29%) done
Execute 1 jobs...
[Wed Apr 29 11:29:36 2026]
localrule synth_fit:
    input: results/synth/regime=easy/d=10/num_cycles=5/density=0.8/samp_size=1000/seed=1/dataset.npz
    output: results/synth/regime=easy/d=10/num_cycles=5/density=0.8/samp_size=1000/seed=1/method=lacerda_prune/model.pkl
    jobid: 178
    reason: Missing output files: results/synth/regime=easy/d=10/num_cycles=5/density=0.8/samp_size=1000/seed=1/method=lacerda_prune/model.pkl
    wildcards: regime=easy, d=10, num_cycles=5, density=0.8, samp_size=1000, seed=1, method=lacerda_prune
    resources: tmpdir=/tmp
Select jobs to execute...
[Wed Apr 29 11:29:37 2026]
Finished jobid: 176 (Rule: synth_fit)
188 of 651 steps (29%) done
Execute 1 jobs...
[Wed Apr 29 11:29:37 2026]
localrule synth_fit:
    input: results/synth/regime=easy/d=10/num_cycles=5/density=0.5/samp_size=500/seed=2/dataset.npz
    output: results/synth/regime=easy/d=10/num_cycles=5/density=0.5/samp_size=500/seed=2/method=lacerda_prune/model.pkl
    jobid: 680
    reason: Missing output files: results/synth/regime=easy/d=10/num_cycles=5/density=0.5/samp_size=500/seed=2/method=lacerda_prune/model.pkl
    wildcards: regime=easy, d=10, num_cycles=5, density=0.5, samp_size=500, seed=2, method=lacerda_prune
    resources: tmpdir=/tmp
Select jobs to execute...
[Wed Apr 29 11:29:37 2026]
Finished jobid: 166 (Rule: synth_fit)
189 of 651 steps (29%) done
Execute 1 jobs...
[Wed Apr 29 11:29:37 2026]
localrule synth_evaluate:
    input: results/synth/regime=easy/d=10/num_cycles=3/density=0.5/samp_size=500/seed=2/dataset.npz, results/synth/regime=easy/d=10/num_cycles=3/density=0.5/samp_size=500/seed=2/method=lacerda/model.pkl
    output: results/synth/regime=easy/d=10/num_cycles=3/density=0.5/samp_size=500/seed=2/method=lacerda/metrics.csv
    jobid: 531
    reason: Input files updated by another job: results/synth/regime=easy/d=10/num_cycles=3/density=0.5/samp_size=500/seed=2/method=lacerda/model.pkl
    wildcards: regime=easy, d=10, num_cycles=3, density=0.5, samp_size=500, seed=2, method=lacerda
    resources: tmpdir=/tmp
Select jobs to execute...
[Wed Apr 29 11:29:37 2026]
Finished jobid: 497 (Rule: synth_fit)
190 of 651 steps (29%) done
Execute 1 jobs...
[Wed Apr 29 11:29:37 2026]
localrule synth_fit:
    input: results/synth/regime=easy/d=10/num_cycles=4/density=0.8/samp_size=1000/seed=1/dataset.npz
    output: results/synth/regime=easy/d=10/num_cycles=4/density=0.8/samp_size=1000/seed=1/method=lacerda_repare/model.pkl
    jobid: 226
    reason: Missing output files: results/synth/regime=easy/d=10/num_cycles=4/density=0.8/samp_size=1000/seed=1/method=lacerda_repare/model.pkl
    wildcards: regime=easy, d=10, num_cycles=4, density=0.8, samp_size=1000, seed=1, method=lacerda_repare
    resources: tmpdir=/tmp
Select jobs to execute...
[Wed Apr 29 11:29:37 2026]
Finished jobid: 380 (Rule: synth_evaluate)
191 of 651 steps (29%) done
Execute 1 jobs...
[Wed Apr 29 11:29:37 2026]
localrule synth_fit:
    input: results/synth/regime=easy/d=10/num_cycles=5/density=0.5/samp_size=500/seed=2/dataset.npz
    output: results/synth/regime=easy/d=10/num_cycles=5/density=0.5/samp_size=500/seed=2/method=lacerda_repare/model.pkl
    jobid: 752
    reason: Missing output files: results/synth/regime=easy/d=10/num_cycles=5/density=0.5/samp_size=500/seed=2/method=lacerda_repare/model.pkl
    wildcards: regime=easy, d=10, num_cycles=5, density=0.5, samp_size=500, seed=2, method=lacerda_repare
    resources: tmpdir=/tmp
Select jobs to execute...
[Wed Apr 29 11:29:37 2026]
Finished jobid: 178 (Rule: synth_fit)
192 of 651 steps (29%) done
Execute 1 jobs...
[Wed Apr 29 11:29:37 2026]
localrule synth_fit:
    input: results/synth/regime=easy/d=10/num_cycles=5/density=0.3/samp_size=500/seed=1/dataset.npz
    output: results/synth/regime=easy/d=10/num_cycles=5/density=0.3/samp_size=500/seed=1/method=lacerda/model.pkl
    jobid: 349
    reason: Code has changed since last execution
    wildcards: regime=easy, d=10, num_cycles=5, density=0.3, samp_size=500, seed=1, method=lacerda
    resources: tmpdir=/tmp
Select jobs to execute...
[Wed Apr 29 11:29:37 2026]
Finished jobid: 531 (Rule: synth_evaluate)
193 of 651 steps (30%) done
Execute 1 jobs...
[Wed Apr 29 11:29:37 2026]
localrule synth_evaluate:
    input: results/synth/regime=easy/d=10/num_cycles=3/density=0.5/samp_size=50/seed=2/dataset.npz, results/synth/regime=easy/d=10/num_cycles=3/density=0.5/samp_size=50/seed=2/method=lacerda_prune/model.pkl
    output: results/synth/regime=easy/d=10/num_cycles=3/density=0.5/samp_size=50/seed=2/method=lacerda_prune/metrics.csv
    jobid: 619
    reason: Missing output files: results/synth/regime=easy/d=10/num_cycles=3/density=0.5/samp_size=50/seed=2/method=lacerda_prune/metrics.csv; Input files updated by another job: results/synth/regime=easy/d=10/num_cycles=3/density=0.5/samp_size=50/seed=2/method=lacerda_prune/model.pkl
    wildcards: regime=easy, d=10, num_cycles=3, density=0.5, samp_size=50, seed=2, method=lacerda_prune
    resources: tmpdir=/tmp
Select jobs to execute...
[Wed Apr 29 11:29:37 2026]
Finished jobid: 521 (Rule: synth_fit)
194 of 651 steps (30%) done
Execute 1 jobs...
[Wed Apr 29 11:29:37 2026]
localrule synth_evaluate:
    input: results/synth/regime=easy/d=10/num_cycles=3/density=0.5/samp_size=100/seed=1/dataset.npz, results/synth/regime=easy/d=10/num_cycles=3/density=0.5/samp_size=100/seed=1/method=lacerda/model.pkl
    output: results/synth/regime=easy/d=10/num_cycles=3/density=0.5/samp_size=100/seed=1/method=lacerda/metrics.csv
    jobid: 519
    reason: Input files updated by another job: results/synth/regime=easy/d=10/num_cycles=3/density=0.5/samp_size=100/seed=1/method=lacerda/model.pkl
    wildcards: regime=easy, d=10, num_cycles=3, density=0.5, samp_size=100, seed=1, method=lacerda
    resources: tmpdir=/tmp
Select jobs to execute...
[Wed Apr 29 11:29:38 2026]
Finished jobid: 304 (Rule: synth_fit)
195 of 651 steps (30%) done
Execute 1 jobs...
[Wed Apr 29 11:29:38 2026]
localrule synth_evaluate:
    input: results/synth/regime=easy/d=10/num_cycles=4/density=0.3/samp_size=100/seed=1/dataset.npz, results/synth/regime=easy/d=10/num_cycles=4/density=0.3/samp_size=100/seed=1/method=lacerda/model.pkl
    output: results/synth/regime=easy/d=10/num_cycles=4/density=0.3/samp_size=100/seed=1/method=lacerda/metrics.csv
    jobid: 302
    reason: Input files updated by another job: results/synth/regime=easy/d=10/num_cycles=4/density=0.3/samp_size=100/seed=1/method=lacerda/model.pkl
    wildcards: regime=easy, d=10, num_cycles=4, density=0.3, samp_size=100, seed=1, method=lacerda
    resources: tmpdir=/tmp
Select jobs to execute...
[Wed Apr 29 11:29:38 2026]
Finished jobid: 349 (Rule: synth_fit)
196 of 651 steps (30%) done
Execute 1 jobs...
[Wed Apr 29 11:29:38 2026]
localrule synth_fit:
    input: results/synth/regime=easy/d=10/num_cycles=3/density=0.3/samp_size=1000/seed=0/dataset.npz
    output: results/synth/regime=easy/d=10/num_cycles=3/density=0.3/samp_size=1000/seed=0/method=lacerda_repare/model.pkl
    jobid: 453
    reason: Missing output files: results/synth/regime=easy/d=10/num_cycles=3/density=0.3/samp_size=1000/seed=0/method=lacerda_repare/model.pkl
    wildcards: regime=easy, d=10, num_cycles=3, density=0.3, samp_size=1000, seed=0, method=lacerda_repare
    resources: tmpdir=/tmp
Select jobs to execute...
[Wed Apr 29 11:29:38 2026]
Finished jobid: 619 (Rule: synth_evaluate)
197 of 651 steps (30%) done
Execute 1 jobs...
[Wed Apr 29 11:29:38 2026]
localrule synth_fit:
    input: results/synth/regime=easy/d=10/num_cycles=5/density=0.3/samp_size=100/seed=1/dataset.npz
    output: results/synth/regime=easy/d=10/num_cycles=5/density=0.3/samp_size=100/seed=1/method=lacerda/model.pkl
    jobid: 340
    reason: Code has changed since last execution
    wildcards: regime=easy, d=10, num_cycles=5, density=0.3, samp_size=100, seed=1, method=lacerda
    resources: tmpdir=/tmp
Select jobs to execute...
[Wed Apr 29 11:29:38 2026]
Finished jobid: 405 (Rule: synth_fit)
198 of 651 steps (30%) done
Execute 1 jobs...
[Wed Apr 29 11:29:38 2026]
localrule synth_evaluate:
    input: results/synth/regime=easy/d=10/num_cycles=5/density=0.8/samp_size=100/seed=1/dataset.npz, results/synth/regime=easy/d=10/num_cycles=5/density=0.8/samp_size=100/seed=1/method=lacerda_prune/model.pkl
    output: results/synth/regime=easy/d=10/num_cycles=5/density=0.8/samp_size=100/seed=1/method=lacerda_prune/metrics.csv
    jobid: 165
    reason: Missing output files: results/synth/regime=easy/d=10/num_cycles=5/density=0.8/samp_size=100/seed=1/method=lacerda_prune/metrics.csv; Input files updated by another job: results/synth/regime=easy/d=10/num_cycles=5/density=0.8/samp_size=100/seed=1/method=lacerda_prune/model.pkl
    wildcards: regime=easy, d=10, num_cycles=5, density=0.8, samp_size=100, seed=1, method=lacerda_prune
    resources: tmpdir=/tmp
Select jobs to execute...
[Wed Apr 29 11:29:38 2026]
Finished jobid: 680 (Rule: synth_fit)
199 of 651 steps (31%) done
Execute 1 jobs...
[Wed Apr 29 11:29:38 2026]
localrule synth_evaluate:
    input: results/synth/regime=easy/d=10/num_cycles=5/density=0.5/samp_size=500/seed=2/dataset.npz, results/synth/regime=easy/d=10/num_cycles=5/density=0.5/samp_size=500/seed=2/method=lacerda_prune/model.pkl
    output: results/synth/regime=easy/d=10/num_cycles=5/density=0.5/samp_size=500/seed=2/method=lacerda_prune/metrics.csv
    jobid: 679
    reason: Missing output files: results/synth/regime=easy/d=10/num_cycles=5/density=0.5/samp_size=500/seed=2/method=lacerda_prune/metrics.csv; Input files updated by another job: results/synth/regime=easy/d=10/num_cycles=5/density=0.5/samp_size=500/seed=2/method=lacerda_prune/model.pkl
    wildcards: regime=easy, d=10, num_cycles=5, density=0.5, samp_size=500, seed=2, method=lacerda_prune
    resources: tmpdir=/tmp
Select jobs to execute...
[Wed Apr 29 11:29:38 2026]
Finished jobid: 519 (Rule: synth_evaluate)
200 of 651 steps (31%) done
Execute 1 jobs...
[Wed Apr 29 11:29:38 2026]
localrule synth_evaluate:
    input: results/synth/regime=easy/d=10/num_cycles=5/density=0.5/samp_size=50/seed=2/dataset.npz, results/synth/regime=easy/d=10/num_cycles=5/density=0.5/samp_size=50/seed=2/method=lacerda_repare/model.pkl
    output: results/synth/regime=easy/d=10/num_cycles=5/density=0.5/samp_size=50/seed=2/method=lacerda_repare/metrics.csv
    jobid: 739
    reason: Missing output files: results/synth/regime=easy/d=10/num_cycles=5/density=0.5/samp_size=50/seed=2/method=lacerda_repare/metrics.csv; Input files updated by another job: results/synth/regime=easy/d=10/num_cycles=5/density=0.5/samp_size=50/seed=2/method=lacerda_repare/model.pkl
    wildcards: regime=easy, d=10, num_cycles=5, density=0.5, samp_size=50, seed=2, method=lacerda_repare
    resources: tmpdir=/tmp
Select jobs to execute...
[Wed Apr 29 11:29:38 2026]
Finished jobid: 302 (Rule: synth_evaluate)
201 of 651 steps (31%) done
Execute 1 jobs...
[Wed Apr 29 11:29:38 2026]
localrule synth_fit:
    input: results/synth/regime=easy/d=10/num_cycles=4/density=0.5/samp_size=100/seed=1/dataset.npz
    output: results/synth/regime=easy/d=10/num_cycles=4/density=0.5/samp_size=100/seed=1/method=lacerda_repare/model.pkl
    jobid: 720
    reason: Missing output files: results/synth/regime=easy/d=10/num_cycles=4/density=0.5/samp_size=100/seed=1/method=lacerda_repare/model.pkl
    wildcards: regime=easy, d=10, num_cycles=4, density=0.5, samp_size=100, seed=1, method=lacerda_repare
    resources: tmpdir=/tmp
Select jobs to execute...
[Wed Apr 29 11:29:39 2026]
Finished jobid: 752 (Rule: synth_fit)
202 of 651 steps (31%) done
Execute 1 jobs...
[Wed Apr 29 11:29:39 2026]
localrule synth_evaluate:
    input: results/synth/regime=easy/d=10/num_cycles=4/density=0.8/samp_size=1000/seed=2/dataset.npz, results/synth/regime=easy/d=10/num_cycles=4/density=0.8/samp_size=1000/seed=2/method=lacerda_repare/model.pkl
    output: results/synth/regime=easy/d=10/num_cycles=4/density=0.8/samp_size=1000/seed=2/method=lacerda_repare/metrics.csv
    jobid: 227
    reason: Missing output files: results/synth/regime=easy/d=10/num_cycles=4/density=0.8/samp_size=1000/seed=2/method=lacerda_repare/metrics.csv; Input files updated by another job: results/synth/regime=easy/d=10/num_cycles=4/density=0.8/samp_size=1000/seed=2/method=lacerda_repare/model.pkl
    wildcards: regime=easy, d=10, num_cycles=4, density=0.8, samp_size=1000, seed=2, method=lacerda_repare
    resources: tmpdir=/tmp
Select jobs to execute...
[Wed Apr 29 11:29:39 2026]
Finished jobid: 679 (Rule: synth_evaluate)
203 of 651 steps (31%) done
Execute 1 jobs...
[Wed Apr 29 11:29:39 2026]
localrule synth_evaluate:
    input: results/synth/regime=easy/d=10/num_cycles=5/density=0.5/samp_size=1000/seed=0/dataset.npz, results/synth/regime=easy/d=10/num_cycles=5/density=0.5/samp_size=1000/seed=0/method=lacerda_prune/model.pkl
    output: results/synth/regime=easy/d=10/num_cycles=5/density=0.5/samp_size=1000/seed=0/method=lacerda_prune/metrics.csv
    jobid: 681
    reason: Missing output files: results/synth/regime=easy/d=10/num_cycles=5/density=0.5/samp_size=1000/seed=0/method=lacerda_prune/metrics.csv; Input files updated by another job: results/synth/regime=easy/d=10/num_cycles=5/density=0.5/samp_size=1000/seed=0/method=lacerda_prune/model.pkl
    wildcards: regime=easy, d=10, num_cycles=5, density=0.5, samp_size=1000, seed=0, method=lacerda_prune
    resources: tmpdir=/tmp
[Wed Apr 29 11:29:39 2026]
Finished jobid: 165 (Rule: synth_evaluate)
204 of 651 steps (31%) done
Select jobs to execute...
Execute 1 jobs...
[Wed Apr 29 11:29:39 2026]
localrule synth_evaluate:
    input: results/synth/regime=easy/d=10/num_cycles=3/density=0.5/samp_size=500/seed=1/dataset.npz, results/synth/regime=easy/d=10/num_cycles=3/density=0.5/samp_size=500/seed=1/method=lacerda_repare/model.pkl
    output: results/synth/regime=easy/d=10/num_cycles=3/density=0.5/samp_size=500/seed=1/method=lacerda_repare/metrics.csv
    jobid: 701
    reason: Missing output files: results/synth/regime=easy/d=10/num_cycles=3/density=0.5/samp_size=500/seed=1/method=lacerda_repare/metrics.csv; Input files updated by another job: results/synth/regime=easy/d=10/num_cycles=3/density=0.5/samp_size=500/seed=1/method=lacerda_repare/model.pkl
    wildcards: regime=easy, d=10, num_cycles=3, density=0.5, samp_size=500, seed=1, method=lacerda_repare
    resources: tmpdir=/tmp
Select jobs to execute...
[Wed Apr 29 11:29:39 2026]
Finished jobid: 739 (Rule: synth_evaluate)
205 of 651 steps (31%) done
Execute 1 jobs...
[Wed Apr 29 11:29:39 2026]
localrule synth_evaluate:
    input: results/synth/regime=easy/d=10/num_cycles=4/density=0.3/samp_size=500/seed=2/dataset.npz, results/synth/regime=easy/d=10/num_cycles=4/density=0.3/samp_size=500/seed=2/method=lacerda_repare/model.pkl
    output: results/synth/regime=easy/d=10/num_cycles=4/density=0.3/samp_size=500/seed=2/method=lacerda_repare/metrics.csv
    jobid: 474
    reason: Missing output files: results/synth/regime=easy/d=10/num_cycles=4/density=0.3/samp_size=500/seed=2/method=lacerda_repare/metrics.csv; Input files updated by another job: results/synth/regime=easy/d=10/num_cycles=4/density=0.3/samp_size=500/seed=2/method=lacerda_repare/model.pkl
    wildcards: regime=easy, d=10, num_cycles=4, density=0.3, samp_size=500, seed=2, method=lacerda_repare
    resources: tmpdir=/tmp
Select jobs to execute...
[Wed Apr 29 11:29:40 2026]
Finished jobid: 340 (Rule: synth_fit)
206 of 651 steps (32%) done
Execute 1 jobs...
[Wed Apr 29 11:29:40 2026]
localrule synth_evaluate:
    input: results/synth/regime=easy/d=10/num_cycles=5/density=0.8/samp_size=1000/seed=0/dataset.npz, results/synth/regime=easy/d=10/num_cycles=5/density=0.8/samp_size=1000/seed=0/method=lacerda_repare/model.pkl
    output: results/synth/regime=easy/d=10/num_cycles=5/density=0.8/samp_size=1000/seed=0/method=lacerda_repare/metrics.csv
    jobid: 247
    reason: Missing output files: results/synth/regime=easy/d=10/num_cycles=5/density=0.8/samp_size=1000/seed=0/method=lacerda_repare/metrics.csv; Input files updated by another job: results/synth/regime=easy/d=10/num_cycles=5/density=0.8/samp_size=1000/seed=0/method=lacerda_repare/model.pkl
    wildcards: regime=easy, d=10, num_cycles=5, density=0.8, samp_size=1000, seed=0, method=lacerda_repare
    resources: tmpdir=/tmp
Select jobs to execute...
[Wed Apr 29 11:29:40 2026]
Finished jobid: 227 (Rule: synth_evaluate)
207 of 651 steps (32%) done
Execute 1 jobs...
[Wed Apr 29 11:29:40 2026]
localrule synth_fit:
    input: results/synth/regime=easy/d=10/num_cycles=4/density=0.8/samp_size=500/seed=0/dataset.npz
    output: results/synth/regime=easy/d=10/num_cycles=4/density=0.8/samp_size=500/seed=0/method=lacerda_prune/model.pkl
    jobid: 146
    reason: Missing output files: results/synth/regime=easy/d=10/num_cycles=4/density=0.8/samp_size=500/seed=0/method=lacerda_prune/model.pkl
    wildcards: regime=easy, d=10, num_cycles=4, density=0.8, samp_size=500, seed=0, method=lacerda_prune
    resources: tmpdir=/tmp
[Wed Apr 29 11:29:40 2026]
Finished jobid: 720 (Rule: synth_fit)
208 of 651 steps (32%) done
Select jobs to execute...
Execute 1 jobs...
[Wed Apr 29 11:29:40 2026]
localrule synth_fit:
    input: results/synth/regime=easy/d=10/num_cycles=4/density=0.5/samp_size=1000/seed=1/dataset.npz
    output: results/synth/regime=easy/d=10/num_cycles=4/density=0.5/samp_size=1000/seed=1/method=lacerda_repare/model.pkl
    jobid: 732
    reason: Missing output files: results/synth/regime=easy/d=10/num_cycles=4/density=0.5/samp_size=1000/seed=1/method=lacerda_repare/model.pkl
    wildcards: regime=easy, d=10, num_cycles=4, density=0.5, samp_size=1000, seed=1, method=lacerda_repare
    resources: tmpdir=/tmp
Select jobs to execute...
[Wed Apr 29 11:29:40 2026]
Finished jobid: 681 (Rule: synth_evaluate)
209 of 651 steps (32%) done
Execute 1 jobs...
[Wed Apr 29 11:29:40 2026]
localrule synth_fit:
    input: results/synth/regime=easy/d=10/num_cycles=3/density=0.5/samp_size=500/seed=0/dataset.npz
    output: results/synth/regime=easy/d=10/num_cycles=3/density=0.5/samp_size=500/seed=0/method=lacerda/model.pkl
    jobid: 527
    reason: Code has changed since last execution
    wildcards: regime=easy, d=10, num_cycles=3, density=0.5, samp_size=500, seed=0, method=lacerda
    resources: tmpdir=/tmp
Select jobs to execute...
[Wed Apr 29 11:29:40 2026]
Finished jobid: 474 (Rule: synth_evaluate)
210 of 651 steps (32%) done
Execute 1 jobs...
[Wed Apr 29 11:29:40 2026]
localrule synth_evaluate:
    input: results/synth/regime=easy/d=10/num_cycles=3/density=0.8/samp_size=100/seed=2/dataset.npz, results/synth/regime=easy/d=10/num_cycles=3/density=0.8/samp_size=100/seed=2/method=lacerda/model.pkl
    output: results/synth/regime=easy/d=10/num_cycles=3/density=0.8/samp_size=100/seed=2/method=lacerda/metrics.csv
    jobid: 16
    reason: Input files updated by another job: results/synth/regime=easy/d=10/num_cycles=3/density=0.8/samp_size=100/seed=2/method=lacerda/model.pkl
    wildcards: regime=easy, d=10, num_cycles=3, density=0.8, samp_size=100, seed=2, method=lacerda
    resources: tmpdir=/tmp
[Wed Apr 29 11:29:40 2026]
Finished jobid: 701 (Rule: synth_evaluate)
211 of 651 steps (32%) done
Select jobs to execute...
Execute 1 jobs...
[Wed Apr 29 11:29:40 2026]
localrule synth_evaluate:
    input: results/synth/regime=easy/d=10/num_cycles=4/density=0.3/samp_size=100/seed=1/dataset.npz, results/synth/regime=easy/d=10/num_cycles=4/density=0.3/samp_size=100/seed=1/method=lacerda_prune/model.pkl
    output: results/synth/regime=easy/d=10/num_cycles=4/density=0.3/samp_size=100/seed=1/method=lacerda_prune/metrics.csv
    jobid: 394
    reason: Missing output files: results/synth/regime=easy/d=10/num_cycles=4/density=0.3/samp_size=100/seed=1/method=lacerda_prune/metrics.csv; Input files updated by another job: results/synth/regime=easy/d=10/num_cycles=4/density=0.3/samp_size=100/seed=1/method=lacerda_prune/model.pkl
    wildcards: regime=easy, d=10, num_cycles=4, density=0.3, samp_size=100, seed=1, method=lacerda_prune
    resources: tmpdir=/tmp
Select jobs to execute...
[Wed Apr 29 11:29:40 2026]
Finished jobid: 453 (Rule: synth_fit)
212 of 651 steps (33%) done
Execute 1 jobs...
[Wed Apr 29 11:29:40 2026]
localrule synth_evaluate:
    input: results/synth/regime=easy/d=10/num_cycles=5/density=0.8/samp_size=100/seed=2/dataset.npz, results/synth/regime=easy/d=10/num_cycles=5/density=0.8/samp_size=100/seed=2/method=lacerda_prune/model.pkl
    output: results/synth/regime=easy/d=10/num_cycles=5/density=0.8/samp_size=100/seed=2/method=lacerda_prune/metrics.csv
    jobid: 167
    reason: Missing output files: results/synth/regime=easy/d=10/num_cycles=5/density=0.8/samp_size=100/seed=2/method=lacerda_prune/metrics.csv; Input files updated by another job: results/synth/regime=easy/d=10/num_cycles=5/density=0.8/samp_size=100/seed=2/method=lacerda_prune/model.pkl
    wildcards: regime=easy, d=10, num_cycles=5, density=0.8, samp_size=100, seed=2, method=lacerda_prune
    resources: tmpdir=/tmp
Select jobs to execute...
[Wed Apr 29 11:29:40 2026]
Finished jobid: 247 (Rule: synth_evaluate)
213 of 651 steps (33%) done
Execute 1 jobs...
[Wed Apr 29 11:29:40 2026]
localrule synth_evaluate:
    input: results/synth/regime=easy/d=10/num_cycles=3/density=0.5/samp_size=100/seed=0/dataset.npz, results/synth/regime=easy/d=10/num_cycles=3/density=0.5/samp_size=100/seed=0/method=lacerda_prune/model.pkl
    output: results/synth/regime=easy/d=10/num_cycles=3/density=0.5/samp_size=100/seed=0/method=lacerda_prune/metrics.csv
    jobid: 621
    reason: Missing output files: results/synth/regime=easy/d=10/num_cycles=3/density=0.5/samp_size=100/seed=0/method=lacerda_prune/metrics.csv; Input files updated by another job: results/synth/regime=easy/d=10/num_cycles=3/density=0.5/samp_size=100/seed=0/method=lacerda_prune/model.pkl
    wildcards: regime=easy, d=10, num_cycles=3, density=0.5, samp_size=100, seed=0, method=lacerda_prune
    resources: tmpdir=/tmp
Select jobs to execute...
[Wed Apr 29 11:29:41 2026]
Finished jobid: 16 (Rule: synth_evaluate)
214 of 651 steps (33%) done
Execute 1 jobs...
[Wed Apr 29 11:29:41 2026]
localrule synth_evaluate:
    input: results/synth/regime=easy/d=10/num_cycles=5/density=0.5/samp_size=100/seed=0/dataset.npz, results/synth/regime=easy/d=10/num_cycles=5/density=0.5/samp_size=100/seed=0/method=lacerda_repare/model.pkl
    output: results/synth/regime=easy/d=10/num_cycles=5/density=0.5/samp_size=100/seed=0/method=lacerda_repare/metrics.csv
    jobid: 741
    reason: Missing output files: results/synth/regime=easy/d=10/num_cycles=5/density=0.5/samp_size=100/seed=0/method=lacerda_repare/metrics.csv; Input files updated by another job: results/synth/regime=easy/d=10/num_cycles=5/density=0.5/samp_size=100/seed=0/method=lacerda_repare/model.pkl
    wildcards: regime=easy, d=10, num_cycles=5, density=0.5, samp_size=100, seed=0, method=lacerda_repare
    resources: tmpdir=/tmp
Select jobs to execute...
[Wed Apr 29 11:29:41 2026]
Finished jobid: 527 (Rule: synth_fit)
215 of 651 steps (33%) done
Execute 1 jobs...
[Wed Apr 29 11:29:41 2026]
localrule synth_evaluate:
    input: results/synth/regime=easy/d=10/num_cycles=5/density=0.8/samp_size=1000/seed=2/dataset.npz, results/synth/regime=easy/d=10/num_cycles=5/density=0.8/samp_size=1000/seed=2/method=lacerda/model.pkl
    output: results/synth/regime=easy/d=10/num_cycles=5/density=0.8/samp_size=1000/seed=2/method=lacerda/metrics.csv
    jobid: 106
    reason: Input files updated by another job: results/synth/regime=easy/d=10/num_cycles=5/density=0.8/samp_size=1000/seed=2/method=lacerda/model.pkl
    wildcards: regime=easy, d=10, num_cycles=5, density=0.8, samp_size=1000, seed=2, method=lacerda
    resources: tmpdir=/tmp
[Wed Apr 29 11:29:41 2026]
Finished jobid: 394 (Rule: synth_evaluate)
216 of 651 steps (33%) done
[Wed Apr 29 11:29:41 2026]
Finished jobid: 167 (Rule: synth_evaluate)
217 of 651 steps (33%) done
Select jobs to execute...
Execute 2 jobs...
[Wed Apr 29 11:29:41 2026]
localrule synth_fit:
    input: results/synth/regime=easy/d=10/num_cycles=4/density=0.3/samp_size=500/seed=2/dataset.npz
    output: results/synth/regime=easy/d=10/num_cycles=4/density=0.3/samp_size=500/seed=2/method=lacerda/model.pkl
    jobid: 316
    reason: Code has changed since last execution
    wildcards: regime=easy, d=10, num_cycles=4, density=0.3, samp_size=500, seed=2, method=lacerda
    resources: tmpdir=/tmp
[Wed Apr 29 11:29:41 2026]
localrule synth_evaluate:
    input: results/synth/regime=easy/d=10/num_cycles=4/density=0.8/samp_size=50/seed=1/dataset.npz, results/synth/regime=easy/d=10/num_cycles=4/density=0.8/samp_size=50/seed=1/method=lacerda/model.pkl
    output: results/synth/regime=easy/d=10/num_cycles=4/density=0.8/samp_size=50/seed=1/method=lacerda/metrics.csv
    jobid: 40
    reason: Input files updated by another job: results/synth/regime=easy/d=10/num_cycles=4/density=0.8/samp_size=50/seed=1/method=lacerda/model.pkl
    wildcards: regime=easy, d=10, num_cycles=4, density=0.8, samp_size=50, seed=1, method=lacerda
    resources: tmpdir=/tmp
Select jobs to execute...
[Wed Apr 29 11:29:41 2026]
Finished jobid: 621 (Rule: synth_evaluate)
218 of 651 steps (33%) done
Execute 1 jobs...
[Wed Apr 29 11:29:41 2026]
localrule synth_fit:
    input: results/synth/regime=easy/d=10/num_cycles=3/density=0.5/samp_size=1000/seed=1/dataset.npz
    output: results/synth/regime=easy/d=10/num_cycles=3/density=0.5/samp_size=1000/seed=1/method=lacerda/model.pkl
    jobid: 539
    reason: Code has changed since last execution
    wildcards: regime=easy, d=10, num_cycles=3, density=0.5, samp_size=1000, seed=1, method=lacerda
    resources: tmpdir=/tmp
Select jobs to execute...
[Wed Apr 29 11:29:41 2026]
Finished jobid: 226 (Rule: synth_fit)
219 of 651 steps (34%) done
Execute 1 jobs...
[Wed Apr 29 11:29:41 2026]
localrule synth_fit:
    input: results/synth/regime=easy/d=10/num_cycles=4/density=0.8/samp_size=1000/seed=2/dataset.npz
    output: results/synth/regime=easy/d=10/num_cycles=4/density=0.8/samp_size=1000/seed=2/method=lacerda/model.pkl
    jobid: 72
    reason: Code has changed since last execution
    wildcards: regime=easy, d=10, num_cycles=4, density=0.8, samp_size=1000, seed=2, method=lacerda
    resources: tmpdir=/tmp
[Wed Apr 29 11:29:41 2026]
Finished jobid: 146 (Rule: synth_fit)
220 of 651 steps (34%) done
Select jobs to execute...
Execute 1 jobs...
[Wed Apr 29 11:29:42 2026]
localrule synth_fit:
    input: results/synth/regime=easy/d=10/num_cycles=4/density=0.3/samp_size=1000/seed=1/dataset.npz
    output: results/synth/regime=easy/d=10/num_cycles=4/density=0.3/samp_size=1000/seed=1/method=lacerda_prune/model.pkl
    jobid: 407
    reason: Missing output files: results/synth/regime=easy/d=10/num_cycles=4/density=0.3/samp_size=1000/seed=1/method=lacerda_prune/model.pkl
    wildcards: regime=easy, d=10, num_cycles=4, density=0.3, samp_size=1000, seed=1, method=lacerda_prune
    resources: tmpdir=/tmp
Select jobs to execute...
[Wed Apr 29 11:29:42 2026]
Finished jobid: 40 (Rule: synth_evaluate)
221 of 651 steps (34%) done
Execute 1 jobs...
[Wed Apr 29 11:29:42 2026]
localrule synth_fit:
    input: results/synth/regime=easy/d=10/num_cycles=3/density=0.5/samp_size=1000/seed=0/dataset.npz
    output: results/synth/regime=easy/d=10/num_cycles=3/density=0.5/samp_size=1000/seed=0/method=lacerda_prune/model.pkl
    jobid: 634
    reason: Missing output files: results/synth/regime=easy/d=10/num_cycles=3/density=0.5/samp_size=1000/seed=0/method=lacerda_prune/model.pkl
    wildcards: regime=easy, d=10, num_cycles=3, density=0.5, samp_size=1000, seed=0, method=lacerda_prune
    resources: tmpdir=/tmp
Select jobs to execute...
[Wed Apr 29 11:29:42 2026]
Finished jobid: 741 (Rule: synth_evaluate)
222 of 651 steps (34%) done
Execute 1 jobs...
[Wed Apr 29 11:29:42 2026]
localrule synth_evaluate:
    input: results/synth/regime=easy/d=10/num_cycles=3/density=0.3/samp_size=1000/seed=0/dataset.npz, results/synth/regime=easy/d=10/num_cycles=3/density=0.3/samp_size=1000/seed=0/method=lacerda_repare/model.pkl
    output: results/synth/regime=easy/d=10/num_cycles=3/density=0.3/samp_size=1000/seed=0/method=lacerda_repare/metrics.csv
    jobid: 452
    reason: Missing output files: results/synth/regime=easy/d=10/num_cycles=3/density=0.3/samp_size=1000/seed=0/method=lacerda_repare/metrics.csv; Input files updated by another job: results/synth/regime=easy/d=10/num_cycles=3/density=0.3/samp_size=1000/seed=0/method=lacerda_repare/model.pkl
    wildcards: regime=easy, d=10, num_cycles=3, density=0.3, samp_size=1000, seed=0, method=lacerda_repare
    resources: tmpdir=/tmp
Select jobs to execute...
[Wed Apr 29 11:29:42 2026]
Finished jobid: 106 (Rule: synth_evaluate)
223 of 651 steps (34%) done
Execute 1 jobs...
[Wed Apr 29 11:29:42 2026]
localrule synth_fit:
    input: results/synth/regime=easy/d=10/num_cycles=5/density=0.8/samp_size=1000/seed=2/dataset.npz
    output: results/synth/regime=easy/d=10/num_cycles=5/density=0.8/samp_size=1000/seed=2/method=lacerda_prune/model.pkl
    jobid: 180
    reason: Missing output files: results/synth/regime=easy/d=10/num_cycles=5/density=0.8/samp_size=1000/seed=2/method=lacerda_prune/model.pkl
    wildcards: regime=easy, d=10, num_cycles=5, density=0.8, samp_size=1000, seed=2, method=lacerda_prune
    resources: tmpdir=/tmp
Select jobs to execute...
[Wed Apr 29 11:29:42 2026]
Finished jobid: 316 (Rule: synth_fit)
224 of 651 steps (34%) done
Execute 1 jobs...
[Wed Apr 29 11:29:42 2026]
localrule synth_evaluate:
    input: results/synth/regime=easy/d=10/num_cycles=4/density=0.8/samp_size=1000/seed=1/dataset.npz, results/synth/regime=easy/d=10/num_cycles=4/density=0.8/samp_size=1000/seed=1/method=lacerda_repare/model.pkl
    output: results/synth/regime=easy/d=10/num_cycles=4/density=0.8/samp_size=1000/seed=1/method=lacerda_repare/metrics.csv
    jobid: 225
    reason: Missing output files: results/synth/regime=easy/d=10/num_cycles=4/density=0.8/samp_size=1000/seed=1/method=lacerda_repare/metrics.csv; Input files updated by another job: results/synth/regime=easy/d=10/num_cycles=4/density=0.8/samp_size=1000/seed=1/method=lacerda_repare/model.pkl
    wildcards: regime=easy, d=10, num_cycles=4, density=0.8, samp_size=1000, seed=1, method=lacerda_repare
    resources: tmpdir=/tmp
Select jobs to execute...
[Wed Apr 29 11:29:42 2026]
Finished jobid: 539 (Rule: synth_fit)
225 of 651 steps (35%) done
Execute 1 jobs...
[Wed Apr 29 11:29:42 2026]
localrule synth_evaluate:
    input: results/synth/regime=easy/d=10/num_cycles=4/density=0.3/samp_size=500/seed=2/dataset.npz, results/synth/regime=easy/d=10/num_cycles=4/density=0.3/samp_size=500/seed=2/method=lacerda/model.pkl
    output: results/synth/regime=easy/d=10/num_cycles=4/density=0.3/samp_size=500/seed=2/method=lacerda/metrics.csv
    jobid: 314
    reason: Input files updated by another job: results/synth/regime=easy/d=10/num_cycles=4/density=0.3/samp_size=500/seed=2/method=lacerda/model.pkl
    wildcards: regime=easy, d=10, num_cycles=4, density=0.3, samp_size=500, seed=2, method=lacerda
    resources: tmpdir=/tmp
Select jobs to execute...
[Wed Apr 29 11:29:42 2026]
Finished jobid: 72 (Rule: synth_fit)
226 of 651 steps (35%) done
Execute 1 jobs...
[Wed Apr 29 11:29:42 2026]
localrule synth_evaluate:
    input: results/synth/regime=easy/d=10/num_cycles=3/density=0.5/samp_size=1000/seed=0/dataset.npz, results/synth/regime=easy/d=10/num_cycles=3/density=0.5/samp_size=1000/seed=0/method=lacerda/model.pkl
    output: results/synth/regime=easy/d=10/num_cycles=3/density=0.5/samp_size=1000/seed=0/method=lacerda/metrics.csv
    jobid: 534
    reason: Input files updated by another job: results/synth/regime=easy/d=10/num_cycles=3/density=0.5/samp_size=1000/seed=0/method=lacerda/model.pkl
    wildcards: regime=easy, d=10, num_cycles=3, density=0.5, samp_size=1000, seed=0, method=lacerda
    resources: tmpdir=/tmp
Select jobs to execute...
[Wed Apr 29 11:29:42 2026]
Finished jobid: 180 (Rule: synth_fit)
227 of 651 steps (35%) done
Execute 1 jobs...
[Wed Apr 29 11:29:42 2026]
localrule synth_evaluate:
    input: results/synth/regime=easy/d=10/num_cycles=3/density=0.3/samp_size=1000/seed=1/dataset.npz, results/synth/regime=easy/d=10/num_cycles=3/density=0.3/samp_size=1000/seed=1/method=lacerda_repare/model.pkl
    output: results/synth/regime=easy/d=10/num_cycles=3/density=0.3/samp_size=1000/seed=1/method=lacerda_repare/metrics.csv
    jobid: 454
    reason: Missing output files: results/synth/regime=easy/d=10/num_cycles=3/density=0.3/samp_size=1000/seed=1/method=lacerda_repare/metrics.csv; Input files updated by another job: results/synth/regime=easy/d=10/num_cycles=3/density=0.3/samp_size=1000/seed=1/method=lacerda_repare/model.pkl
    wildcards: regime=easy, d=10, num_cycles=3, density=0.3, samp_size=1000, seed=1, method=lacerda_repare
    resources: tmpdir=/tmp
[Wed Apr 29 11:29:42 2026]
Finished jobid: 452 (Rule: synth_evaluate)
228 of 651 steps (35%) done
Select jobs to execute...
Execute 1 jobs...
[Wed Apr 29 11:29:42 2026]
localrule synth_evaluate:
    input: results/synth/regime=easy/d=10/num_cycles=4/density=0.3/samp_size=100/seed=2/dataset.npz, results/synth/regime=easy/d=10/num_cycles=4/density=0.3/samp_size=100/seed=2/method=lacerda_prune/model.pkl
    output: results/synth/regime=easy/d=10/num_cycles=4/density=0.3/samp_size=100/seed=2/method=lacerda_prune/metrics.csv
    jobid: 396
    reason: Missing output files: results/synth/regime=easy/d=10/num_cycles=4/density=0.3/samp_size=100/seed=2/method=lacerda_prune/metrics.csv; Input files updated by another job: results/synth/regime=easy/d=10/num_cycles=4/density=0.3/samp_size=100/seed=2/method=lacerda_prune/model.pkl
    wildcards: regime=easy, d=10, num_cycles=4, density=0.3, samp_size=100, seed=2, method=lacerda_prune
    resources: tmpdir=/tmp
Select jobs to execute...
[Wed Apr 29 11:29:42 2026]
Finished jobid: 225 (Rule: synth_evaluate)
229 of 651 steps (35%) done
Execute 1 jobs...
[Wed Apr 29 11:29:42 2026]
localrule synth_evaluate:
    input: results/synth/regime=easy/d=10/num_cycles=5/density=0.5/samp_size=100/seed=1/dataset.npz, results/synth/regime=easy/d=10/num_cycles=5/density=0.5/samp_size=100/seed=1/method=lacerda_repare/model.pkl
    output: results/synth/regime=easy/d=10/num_cycles=5/density=0.5/samp_size=100/seed=1/method=lacerda_repare/metrics.csv
    jobid: 743
    reason: Missing output files: results/synth/regime=easy/d=10/num_cycles=5/density=0.5/samp_size=100/seed=1/method=lacerda_repare/metrics.csv; Input files updated by another job: results/synth/regime=easy/d=10/num_cycles=5/density=0.5/samp_size=100/seed=1/method=lacerda_repare/model.pkl
    wildcards: regime=easy, d=10, num_cycles=5, density=0.5, samp_size=100, seed=1, method=lacerda_repare
    resources: tmpdir=/tmp
Select jobs to execute...
[Wed Apr 29 11:29:43 2026]
Finished jobid: 314 (Rule: synth_evaluate)
230 of 651 steps (35%) done
Execute 1 jobs...
[Wed Apr 29 11:29:43 2026]
localrule synth_evaluate:
    input: results/synth/regime=easy/d=10/num_cycles=3/density=0.5/samp_size=1000/seed=1/dataset.npz, results/synth/regime=easy/d=10/num_cycles=3/density=0.5/samp_size=1000/seed=1/method=lacerda/model.pkl
    output: results/synth/regime=easy/d=10/num_cycles=3/density=0.5/samp_size=1000/seed=1/method=lacerda/metrics.csv
    jobid: 537
    reason: Input files updated by another job: results/synth/regime=easy/d=10/num_cycles=3/density=0.5/samp_size=1000/seed=1/method=lacerda/model.pkl
    wildcards: regime=easy, d=10, num_cycles=3, density=0.5, samp_size=1000, seed=1, method=lacerda
    resources: tmpdir=/tmp
Select jobs to execute...
[Wed Apr 29 11:29:43 2026]
Finished jobid: 534 (Rule: synth_evaluate)
231 of 651 steps (35%) done
Execute 1 jobs...
[Wed Apr 29 11:29:43 2026]
localrule synth_evaluate:
    input: results/synth/regime=easy/d=10/num_cycles=3/density=0.3/samp_size=500/seed=1/dataset.npz, results/synth/regime=easy/d=10/num_cycles=3/density=0.3/samp_size=500/seed=1/method=lacerda/model.pkl
    output: results/synth/regime=easy/d=10/num_cycles=3/density=0.3/samp_size=500/seed=1/method=lacerda/metrics.csv
    jobid: 275
    reason: Input files updated by another job: results/synth/regime=easy/d=10/num_cycles=3/density=0.3/samp_size=500/seed=1/method=lacerda/model.pkl
    wildcards: regime=easy, d=10, num_cycles=3, density=0.3, samp_size=500, seed=1, method=lacerda
    resources: tmpdir=/tmp
Select jobs to execute...
[Wed Apr 29 11:29:43 2026]
Finished jobid: 454 (Rule: synth_evaluate)
232 of 651 steps (36%) done
Execute 1 jobs...
[Wed Apr 29 11:29:43 2026]
localrule synth_fit:
    input: results/synth/regime=easy/d=10/num_cycles=4/density=0.8/samp_size=100/seed=2/dataset.npz
    output: results/synth/regime=easy/d=10/num_cycles=4/density=0.8/samp_size=100/seed=2/method=lacerda/model.pkl
    jobid: 54
    reason: Code has changed since last execution
    wildcards: regime=easy, d=10, num_cycles=4, density=0.8, samp_size=100, seed=2, method=lacerda
    resources: tmpdir=/tmp
Select jobs to execute...
[Wed Apr 29 11:29:44 2026]
Finished jobid: 396 (Rule: synth_evaluate)
233 of 651 steps (36%) done
Execute 1 jobs...
[Wed Apr 29 11:29:44 2026]
localrule synth_fit:
    input: results/synth/regime=easy/d=10/num_cycles=5/density=0.5/samp_size=1000/seed=1/dataset.npz
    output: results/synth/regime=easy/d=10/num_cycles=5/density=0.5/samp_size=1000/seed=1/method=lacerda/model.pkl
    jobid: 611
    reason: Code has changed since last execution
    wildcards: regime=easy, d=10, num_cycles=5, density=0.5, samp_size=1000, seed=1, method=lacerda
    resources: tmpdir=/tmp
Select jobs to execute...
[Wed Apr 29 11:29:44 2026]
Finished jobid: 743 (Rule: synth_evaluate)
234 of 651 steps (36%) done
Execute 1 jobs...
[Wed Apr 29 11:29:44 2026]
localrule synth_fit:
    input: results/synth/regime=easy/d=10/num_cycles=5/density=0.3/samp_size=500/seed=2/dataset.npz
    output: results/synth/regime=easy/d=10/num_cycles=5/density=0.3/samp_size=500/seed=2/method=lacerda/model.pkl
    jobid: 352
    reason: Code has changed since last execution
    wildcards: regime=easy, d=10, num_cycles=5, density=0.3, samp_size=500, seed=2, method=lacerda
    resources: tmpdir=/tmp
Select jobs to execute...
[Wed Apr 29 11:29:44 2026]
Finished jobid: 537 (Rule: synth_evaluate)
235 of 651 steps (36%) done
Execute 1 jobs...
[Wed Apr 29 11:29:44 2026]
localrule synth_fit:
    input: results/synth/regime=easy/d=10/num_cycles=5/density=0.3/samp_size=50/seed=0/dataset.npz
    output: results/synth/regime=easy/d=10/num_cycles=5/density=0.3/samp_size=50/seed=0/method=lacerda_prune/model.pkl
    jobid: 411
    reason: Missing output files: results/synth/regime=easy/d=10/num_cycles=5/density=0.3/samp_size=50/seed=0/method=lacerda_prune/model.pkl
    wildcards: regime=easy, d=10, num_cycles=5, density=0.3, samp_size=50, seed=0, method=lacerda_prune
    resources: tmpdir=/tmp
Select jobs to execute...
[Wed Apr 29 11:29:45 2026]
Finished jobid: 352 (Rule: synth_fit)
236 of 651 steps (36%) done
Execute 1 jobs...
[Wed Apr 29 11:29:45 2026]
localrule synth_evaluate:
    input: results/synth/regime=easy/d=10/num_cycles=5/density=0.8/samp_size=50/seed=1/dataset.npz, results/synth/regime=easy/d=10/num_cycles=5/density=0.8/samp_size=50/seed=1/method=lacerda_repare/model.pkl
    output: results/synth/regime=easy/d=10/num_cycles=5/density=0.8/samp_size=50/seed=1/method=lacerda_repare/metrics.csv
    jobid: 231
    reason: Missing output files: results/synth/regime=easy/d=10/num_cycles=5/density=0.8/samp_size=50/seed=1/method=lacerda_repare/metrics.csv; Input files updated by another job: results/synth/regime=easy/d=10/num_cycles=5/density=0.8/samp_size=50/seed=1/method=lacerda_repare/model.pkl
    wildcards: regime=easy, d=10, num_cycles=5, density=0.8, samp_size=50, seed=1, method=lacerda_repare
    resources: tmpdir=/tmp
Select jobs to execute...
[Wed Apr 29 11:29:45 2026]
Finished jobid: 275 (Rule: synth_evaluate)
237 of 651 steps (36%) done
Execute 1 jobs...
[Wed Apr 29 11:29:45 2026]
localrule synth_evaluate:
    input: results/synth/regime=easy/d=10/num_cycles=3/density=0.8/samp_size=50/seed=1/dataset.npz, results/synth/regime=easy/d=10/num_cycles=3/density=0.8/samp_size=50/seed=1/method=lacerda_prune/model.pkl
    output: results/synth/regime=easy/d=10/num_cycles=3/density=0.8/samp_size=50/seed=1/method=lacerda_prune/metrics.csv
    jobid: 111
    reason: Missing output files: results/synth/regime=easy/d=10/num_cycles=3/density=0.8/samp_size=50/seed=1/method=lacerda_prune/metrics.csv; Input files updated by another job: results/synth/regime=easy/d=10/num_cycles=3/density=0.8/samp_size=50/seed=1/method=lacerda_prune/model.pkl
    wildcards: regime=easy, d=10, num_cycles=3, density=0.8, samp_size=50, seed=1, method=lacerda_prune
    resources: tmpdir=/tmp
Select jobs to execute...
[Wed Apr 29 11:29:45 2026]
Finished jobid: 611 (Rule: synth_fit)
238 of 651 steps (37%) done
Execute 1 jobs...
[Wed Apr 29 11:29:45 2026]
localrule synth_evaluate:
    input: results/synth/regime=easy/d=10/num_cycles=3/density=0.5/samp_size=100/seed=1/dataset.npz, results/synth/regime=easy/d=10/num_cycles=3/density=0.5/samp_size=100/seed=1/method=lacerda_prune/model.pkl
    output: results/synth/regime=easy/d=10/num_cycles=3/density=0.5/samp_size=100/seed=1/method=lacerda_prune/metrics.csv
    jobid: 623
    reason: Missing output files: results/synth/regime=easy/d=10/num_cycles=3/density=0.5/samp_size=100/seed=1/method=lacerda_prune/metrics.csv; Input files updated by another job: results/synth/regime=easy/d=10/num_cycles=3/density=0.5/samp_size=100/seed=1/method=lacerda_prune/model.pkl
    wildcards: regime=easy, d=10, num_cycles=3, density=0.5, samp_size=100, seed=1, method=lacerda_prune
    resources: tmpdir=/tmp
Select jobs to execute...
[Wed Apr 29 11:29:45 2026]
Finished jobid: 634 (Rule: synth_fit)
239 of 651 steps (37%) done
Execute 1 jobs...
[Wed Apr 29 11:29:45 2026]
localrule synth_evaluate:
    input: results/synth/regime=easy/d=10/num_cycles=5/density=0.8/samp_size=500/seed=0/dataset.npz, results/synth/regime=easy/d=10/num_cycles=5/density=0.8/samp_size=500/seed=0/method=lacerda_prune/model.pkl
    output: results/synth/regime=easy/d=10/num_cycles=5/density=0.8/samp_size=500/seed=0/method=lacerda_prune/metrics.csv
    jobid: 169
    reason: Missing output files: results/synth/regime=easy/d=10/num_cycles=5/density=0.8/samp_size=500/seed=0/method=lacerda_prune/metrics.csv; Input files updated by another job: results/synth/regime=easy/d=10/num_cycles=5/density=0.8/samp_size=500/seed=0/method=lacerda_prune/model.pkl
    wildcards: regime=easy, d=10, num_cycles=5, density=0.8, samp_size=500, seed=0, method=lacerda_prune
    resources: tmpdir=/tmp
[Wed Apr 29 11:29:45 2026]
Finished jobid: 54 (Rule: synth_fit)
240 of 651 steps (37%) done
Select jobs to execute...
Execute 1 jobs...
[Wed Apr 29 11:29:45 2026]
localrule synth_evaluate:
    input: results/synth/regime=easy/d=10/num_cycles=5/density=0.5/samp_size=1000/seed=2/dataset.npz, results/synth/regime=easy/d=10/num_cycles=5/density=0.5/samp_size=1000/seed=2/method=lacerda_prune/model.pkl
    output: results/synth/regime=easy/d=10/num_cycles=5/density=0.5/samp_size=1000/seed=2/method=lacerda_prune/metrics.csv
    jobid: 685
    reason: Missing output files: results/synth/regime=easy/d=10/num_cycles=5/density=0.5/samp_size=1000/seed=2/method=lacerda_prune/metrics.csv; Input files updated by another job: results/synth/regime=easy/d=10/num_cycles=5/density=0.5/samp_size=1000/seed=2/method=lacerda_prune/model.pkl
    wildcards: regime=easy, d=10, num_cycles=5, density=0.5, samp_size=1000, seed=2, method=lacerda_prune
    resources: tmpdir=/tmp
Select jobs to execute...
[Wed Apr 29 11:29:45 2026]
Finished jobid: 411 (Rule: synth_fit)
241 of 651 steps (37%) done
Execute 1 jobs...
[Wed Apr 29 11:29:45 2026]
localrule synth_fit:
    input: results/synth/regime=easy/d=10/num_cycles=4/density=0.3/samp_size=1000/seed=2/dataset.npz
    output: results/synth/regime=easy/d=10/num_cycles=4/density=0.3/samp_size=1000/seed=2/method=lacerda_prune/model.pkl
    jobid: 409
    reason: Missing output files: results/synth/regime=easy/d=10/num_cycles=4/density=0.3/samp_size=1000/seed=2/method=lacerda_prune/model.pkl
    wildcards: regime=easy, d=10, num_cycles=4, density=0.3, samp_size=1000, seed=2, method=lacerda_prune
    resources: tmpdir=/tmp
Select jobs to execute...
[Wed Apr 29 11:29:45 2026]
Finished jobid: 407 (Rule: synth_fit)
242 of 651 steps (37%) done
Execute 1 jobs...
[Wed Apr 29 11:29:45 2026]
localrule synth_evaluate:
    input: results/synth/regime=easy/d=10/num_cycles=5/density=0.8/samp_size=50/seed=0/dataset.npz, results/synth/regime=easy/d=10/num_cycles=5/density=0.8/samp_size=50/seed=0/method=lacerda_repare/model.pkl
    output: results/synth/regime=easy/d=10/num_cycles=5/density=0.8/samp_size=50/seed=0/method=lacerda_repare/metrics.csv
    jobid: 229
    reason: Missing output files: results/synth/regime=easy/d=10/num_cycles=5/density=0.8/samp_size=50/seed=0/method=lacerda_repare/metrics.csv; Input files updated by another job: results/synth/regime=easy/d=10/num_cycles=5/density=0.8/samp_size=50/seed=0/method=lacerda_repare/model.pkl
    wildcards: regime=easy, d=10, num_cycles=5, density=0.8, samp_size=50, seed=0, method=lacerda_repare
    resources: tmpdir=/tmp
Select jobs to execute...
[Wed Apr 29 11:29:45 2026]
Finished jobid: 231 (Rule: synth_evaluate)
243 of 651 steps (37%) done
[Wed Apr 29 11:29:45 2026]
Finished jobid: 111 (Rule: synth_evaluate)
244 of 651 steps (37%) done
Execute 2 jobs...
[Wed Apr 29 11:29:45 2026]
localrule synth_fit:
    input: results/synth/regime=easy/d=10/num_cycles=3/density=0.8/samp_size=1000/seed=1/dataset.npz
    output: results/synth/regime=easy/d=10/num_cycles=3/density=0.8/samp_size=1000/seed=1/method=lacerda_repare/model.pkl
    jobid: 202
    reason: Missing output files: results/synth/regime=easy/d=10/num_cycles=3/density=0.8/samp_size=1000/seed=1/method=lacerda_repare/model.pkl
    wildcards: regime=easy, d=10, num_cycles=3, density=0.8, samp_size=1000, seed=1, method=lacerda_repare
    resources: tmpdir=/tmp
[Wed Apr 29 11:29:45 2026]
localrule synth_evaluate:
    input: results/synth/regime=easy/d=10/num_cycles=5/density=0.8/samp_size=500/seed=1/dataset.npz, results/synth/regime=easy/d=10/num_cycles=5/density=0.8/samp_size=500/seed=1/method=lacerda_repare/model.pkl
    output: results/synth/regime=easy/d=10/num_cycles=5/density=0.8/samp_size=500/seed=1/method=lacerda_repare/metrics.csv
    jobid: 243
    reason: Missing output files: results/synth/regime=easy/d=10/num_cycles=5/density=0.8/samp_size=500/seed=1/method=lacerda_repare/metrics.csv; Input files updated by another job: results/synth/regime=easy/d=10/num_cycles=5/density=0.8/samp_size=500/seed=1/method=lacerda_repare/model.pkl
    wildcards: regime=easy, d=10, num_cycles=5, density=0.8, samp_size=500, seed=1, method=lacerda_repare
    resources: tmpdir=/tmp
[Wed Apr 29 11:29:45 2026]
Finished jobid: 732 (Rule: synth_fit)
245 of 651 steps (38%) done
Select jobs to execute...
Execute 1 jobs...
[Wed Apr 29 11:29:45 2026]
localrule synth_fit:
    input: results/synth/regime=easy/d=10/num_cycles=3/density=0.5/samp_size=1000/seed=2/dataset.npz
    output: results/synth/regime=easy/d=10/num_cycles=3/density=0.5/samp_size=1000/seed=2/method=lacerda_prune/model.pkl
    jobid: 638
    reason: Missing output files: results/synth/regime=easy/d=10/num_cycles=3/density=0.5/samp_size=1000/seed=2/method=lacerda_prune/model.pkl
    wildcards: regime=easy, d=10, num_cycles=3, density=0.5, samp_size=1000, seed=2, method=lacerda_prune
    resources: tmpdir=/tmp
Select jobs to execute...
[Wed Apr 29 11:29:45 2026]
Finished jobid: 623 (Rule: synth_evaluate)
246 of 651 steps (38%) done
Execute 1 jobs...
[Wed Apr 29 11:29:45 2026]
localrule synth_fit:
    input: results/synth/regime=easy/d=10/num_cycles=5/density=0.8/samp_size=50/seed=0/dataset.npz
    output: results/synth/regime=easy/d=10/num_cycles=5/density=0.8/samp_size=50/seed=0/method=lacerda/model.pkl
    jobid: 75
    reason: Code has changed since last execution
    wildcards: regime=easy, d=10, num_cycles=5, density=0.8, samp_size=50, seed=0, method=lacerda
    resources: tmpdir=/tmp
Select jobs to execute...
[Wed Apr 29 11:29:46 2026]
Finished jobid: 685 (Rule: synth_evaluate)
247 of 651 steps (38%) done
Execute 1 jobs...
[Wed Apr 29 11:29:46 2026]
localrule synth_evaluate:
    input: results/synth/regime=easy/d=10/num_cycles=4/density=0.3/samp_size=50/seed=0/dataset.npz, results/synth/regime=easy/d=10/num_cycles=4/density=0.3/samp_size=50/seed=0/method=lacerda_repare/model.pkl
    output: results/synth/regime=easy/d=10/num_cycles=4/density=0.3/samp_size=50/seed=0/method=lacerda_repare/metrics.csv
    jobid: 458
    reason: Missing output files: results/synth/regime=easy/d=10/num_cycles=4/density=0.3/samp_size=50/seed=0/method=lacerda_repare/metrics.csv; Input files updated by another job: results/synth/regime=easy/d=10/num_cycles=4/density=0.3/samp_size=50/seed=0/method=lacerda_repare/model.pkl
    wildcards: regime=easy, d=10, num_cycles=4, density=0.3, samp_size=50, seed=0, method=lacerda_repare
    resources: tmpdir=/tmp
[Wed Apr 29 11:29:46 2026]
Finished jobid: 169 (Rule: synth_evaluate)
248 of 651 steps (38%) done
Select jobs to execute...
Execute 1 jobs...
[Wed Apr 29 11:29:46 2026]
localrule synth_evaluate:
    input: results/synth/regime=easy/d=10/num_cycles=3/density=0.8/samp_size=500/seed=1/dataset.npz, results/synth/regime=easy/d=10/num_cycles=3/density=0.8/samp_size=500/seed=1/method=lacerda/model.pkl
    output: results/synth/regime=easy/d=10/num_cycles=3/density=0.8/samp_size=500/seed=1/method=lacerda/metrics.csv
    jobid: 22
    reason: Input files updated by another job: results/synth/regime=easy/d=10/num_cycles=3/density=0.8/samp_size=500/seed=1/method=lacerda/model.pkl
    wildcards: regime=easy, d=10, num_cycles=3, density=0.8, samp_size=500, seed=1, method=lacerda
    resources: tmpdir=/tmp
Select jobs to execute...
[Wed Apr 29 11:29:46 2026]
Finished jobid: 229 (Rule: synth_evaluate)
249 of 651 steps (38%) done
Execute 1 jobs...
[Wed Apr 29 11:29:46 2026]
localrule synth_evaluate:
    input: results/synth/regime=easy/d=10/num_cycles=5/density=0.5/samp_size=1000/seed=1/dataset.npz, results/synth/regime=easy/d=10/num_cycles=5/density=0.5/samp_size=1000/seed=1/method=lacerda_prune/model.pkl
    output: results/synth/regime=easy/d=10/num_cycles=5/density=0.5/samp_size=1000/seed=1/method=lacerda_prune/metrics.csv
    jobid: 683
    reason: Missing output files: results/synth/regime=easy/d=10/num_cycles=5/density=0.5/samp_size=1000/seed=1/method=lacerda_prune/metrics.csv; Input files updated by another job: results/synth/regime=easy/d=10/num_cycles=5/density=0.5/samp_size=1000/seed=1/method=lacerda_prune/model.pkl
    wildcards: regime=easy, d=10, num_cycles=5, density=0.5, samp_size=1000, seed=1, method=lacerda_prune
    resources: tmpdir=/tmp
Select jobs to execute...
[Wed Apr 29 11:29:46 2026]
Finished jobid: 243 (Rule: synth_evaluate)
250 of 651 steps (38%) done
Execute 1 jobs...
[Wed Apr 29 11:29:46 2026]
localrule synth_evaluate:
    input: results/synth/regime=easy/d=10/num_cycles=3/density=0.5/samp_size=100/seed=2/dataset.npz, results/synth/regime=easy/d=10/num_cycles=3/density=0.5/samp_size=100/seed=2/method=lacerda_prune/model.pkl
    output: results/synth/regime=easy/d=10/num_cycles=3/density=0.5/samp_size=100/seed=2/method=lacerda_prune/metrics.csv
    jobid: 625
    reason: Missing output files: results/synth/regime=easy/d=10/num_cycles=3/density=0.5/samp_size=100/seed=2/method=lacerda_prune/metrics.csv; Input files updated by another job: results/synth/regime=easy/d=10/num_cycles=3/density=0.5/samp_size=100/seed=2/method=lacerda_prune/model.pkl
    wildcards: regime=easy, d=10, num_cycles=3, density=0.5, samp_size=100, seed=2, method=lacerda_prune
    resources: tmpdir=/tmp
Select jobs to execute...
[Wed Apr 29 11:29:46 2026]
Finished jobid: 75 (Rule: synth_fit)
251 of 651 steps (39%) done
Execute 1 jobs...
[Wed Apr 29 11:29:46 2026]
localrule synth_evaluate:
    input: results/synth/regime=easy/d=10/num_cycles=3/density=0.8/samp_size=50/seed=0/dataset.npz, results/synth/regime=easy/d=10/num_cycles=3/density=0.8/samp_size=50/seed=0/method=lacerda_prune/model.pkl
    output: results/synth/regime=easy/d=10/num_cycles=3/density=0.8/samp_size=50/seed=0/method=lacerda_prune/metrics.csv
    jobid: 109
    reason: Missing output files: results/synth/regime=easy/d=10/num_cycles=3/density=0.8/samp_size=50/seed=0/method=lacerda_prune/metrics.csv; Input files updated by another job: results/synth/regime=easy/d=10/num_cycles=3/density=0.8/samp_size=50/seed=0/method=lacerda_prune/model.pkl
    wildcards: regime=easy, d=10, num_cycles=3, density=0.8, samp_size=50, seed=0, method=lacerda_prune
    resources: tmpdir=/tmp
Select jobs to execute...
[Wed Apr 29 11:29:46 2026]
Finished jobid: 458 (Rule: synth_evaluate)
252 of 651 steps (39%) done
Execute 1 jobs...
[Wed Apr 29 11:29:46 2026]
localrule synth_fit:
    input: results/synth/regime=easy/d=10/num_cycles=3/density=0.8/samp_size=100/seed=1/dataset.npz
    output: results/synth/regime=easy/d=10/num_cycles=3/density=0.8/samp_size=100/seed=1/method=lacerda_repare/model.pkl
    jobid: 190
    reason: Missing output files: results/synth/regime=easy/d=10/num_cycles=3/density=0.8/samp_size=100/seed=1/method=lacerda_repare/model.pkl
    wildcards: regime=easy, d=10, num_cycles=3, density=0.8, samp_size=100, seed=1, method=lacerda_repare
    resources: tmpdir=/tmp
Select jobs to execute...
[Wed Apr 29 11:29:46 2026]
Finished jobid: 22 (Rule: synth_evaluate)
253 of 651 steps (39%) done
Execute 1 jobs...
[Wed Apr 29 11:29:46 2026]
localrule synth_evaluate:
    input: results/synth/regime=easy/d=10/num_cycles=5/density=0.8/samp_size=500/seed=1/dataset.npz, results/synth/regime=easy/d=10/num_cycles=5/density=0.8/samp_size=500/seed=1/method=lacerda_prune/model.pkl
    output: results/synth/regime=easy/d=10/num_cycles=5/density=0.8/samp_size=500/seed=1/method=lacerda_prune/metrics.csv
    jobid: 171
    reason: Missing output files: results/synth/regime=easy/d=10/num_cycles=5/density=0.8/samp_size=500/seed=1/method=lacerda_prune/metrics.csv; Input files updated by another job: results/synth/regime=easy/d=10/num_cycles=5/density=0.8/samp_size=500/seed=1/method=lacerda_prune/model.pkl
    wildcards: regime=easy, d=10, num_cycles=5, density=0.8, samp_size=500, seed=1, method=lacerda_prune
    resources: tmpdir=/tmp
Select jobs to execute...
[Wed Apr 29 11:29:47 2026]
Finished jobid: 683 (Rule: synth_evaluate)
254 of 651 steps (39%) done
Execute 1 jobs...
[Wed Apr 29 11:29:47 2026]
localrule synth_fit:
    input: results/synth/regime=easy/d=10/num_cycles=3/density=0.5/samp_size=100/seed=2/dataset.npz
    output: results/synth/regime=easy/d=10/num_cycles=3/density=0.5/samp_size=100/seed=2/method=lacerda/model.pkl
    jobid: 524
    reason: Code has changed since last execution
    wildcards: regime=easy, d=10, num_cycles=3, density=0.5, samp_size=100, seed=2, method=lacerda
    resources: tmpdir=/tmp
Select jobs to execute...
[Wed Apr 29 11:29:47 2026]
Finished jobid: 625 (Rule: synth_evaluate)
255 of 651 steps (39%) done
Execute 1 jobs...
[Wed Apr 29 11:29:47 2026]
localrule synth_evaluate:
    input: results/synth/regime=easy/d=10/num_cycles=5/density=0.5/samp_size=100/seed=2/dataset.npz, results/synth/regime=easy/d=10/num_cycles=5/density=0.5/samp_size=100/seed=2/method=lacerda_repare/model.pkl
    output: results/synth/regime=easy/d=10/num_cycles=5/density=0.5/samp_size=100/seed=2/method=lacerda_repare/metrics.csv
    jobid: 745
    reason: Missing output files: results/synth/regime=easy/d=10/num_cycles=5/density=0.5/samp_size=100/seed=2/method=lacerda_repare/metrics.csv; Input files updated by another job: results/synth/regime=easy/d=10/num_cycles=5/density=0.5/samp_size=100/seed=2/method=lacerda_repare/model.pkl
    wildcards: regime=easy, d=10, num_cycles=5, density=0.5, samp_size=100, seed=2, method=lacerda_repare
    resources: tmpdir=/tmp
Select jobs to execute...
[Wed Apr 29 11:29:47 2026]
Finished jobid: 109 (Rule: synth_evaluate)
256 of 651 steps (39%) done
Execute 1 jobs...
[Wed Apr 29 11:29:47 2026]
localrule synth_evaluate:
    input: results/synth/regime=easy/d=10/num_cycles=4/density=0.3/samp_size=500/seed=0/dataset.npz, results/synth/regime=easy/d=10/num_cycles=4/density=0.3/samp_size=500/seed=0/method=lacerda_prune/model.pkl
    output: results/synth/regime=easy/d=10/num_cycles=4/density=0.3/samp_size=500/seed=0/method=lacerda_prune/metrics.csv
    jobid: 398
    reason: Missing output files: results/synth/regime=easy/d=10/num_cycles=4/density=0.3/samp_size=500/seed=0/method=lacerda_prune/metrics.csv; Input files updated by another job: results/synth/regime=easy/d=10/num_cycles=4/density=0.3/samp_size=500/seed=0/method=lacerda_prune/model.pkl
    wildcards: regime=easy, d=10, num_cycles=4, density=0.3, samp_size=500, seed=0, method=lacerda_prune
    resources: tmpdir=/tmp
Select jobs to execute...
[Wed Apr 29 11:29:47 2026]
Finished jobid: 171 (Rule: synth_evaluate)
257 of 651 steps (39%) done
Execute 1 jobs...
[Wed Apr 29 11:29:47 2026]
localrule synth_fit:
    input: results/synth/regime=easy/d=10/num_cycles=5/density=0.3/samp_size=500/seed=2/dataset.npz
    output: results/synth/regime=easy/d=10/num_cycles=5/density=0.3/samp_size=500/seed=2/method=lacerda_repare/model.pkl
    jobid: 499
    reason: Missing output files: results/synth/regime=easy/d=10/num_cycles=5/density=0.3/samp_size=500/seed=2/method=lacerda_repare/model.pkl
    wildcards: regime=easy, d=10, num_cycles=5, density=0.3, samp_size=500, seed=2, method=lacerda_repare
    resources: tmpdir=/tmp
Select jobs to execute...
[Wed Apr 29 11:29:47 2026]
Finished jobid: 409 (Rule: synth_fit)
258 of 651 steps (40%) done
Execute 1 jobs...
[Wed Apr 29 11:29:47 2026]
localrule synth_evaluate:
    input: results/synth/regime=easy/d=10/num_cycles=3/density=0.5/samp_size=50/seed=1/dataset.npz, results/synth/regime=easy/d=10/num_cycles=3/density=0.5/samp_size=50/seed=1/method=lacerda/model.pkl
    output: results/synth/regime=easy/d=10/num_cycles=3/density=0.5/samp_size=50/seed=1/method=lacerda/metrics.csv
    jobid: 510
    reason: Input files updated by another job: results/synth/regime=easy/d=10/num_cycles=3/density=0.5/samp_size=50/seed=1/method=lacerda/model.pkl
    wildcards: regime=easy, d=10, num_cycles=3, density=0.5, samp_size=50, seed=1, method=lacerda
    resources: tmpdir=/tmp
Select jobs to execute...
[Wed Apr 29 11:29:48 2026]
Finished jobid: 190 (Rule: synth_fit)
259 of 651 steps (40%) done
Execute 1 jobs...
[Wed Apr 29 11:29:48 2026]
localrule synth_fit:
    input: results/synth/regime=easy/d=10/num_cycles=4/density=0.5/samp_size=500/seed=2/dataset.npz
    output: results/synth/regime=easy/d=10/num_cycles=4/density=0.5/samp_size=500/seed=2/method=lacerda_repare/model.pkl
    jobid: 728
    reason: Missing output files: results/synth/regime=easy/d=10/num_cycles=4/density=0.5/samp_size=500/seed=2/method=lacerda_repare/model.pkl
    wildcards: regime=easy, d=10, num_cycles=4, density=0.5, samp_size=500, seed=2, method=lacerda_repare
    resources: tmpdir=/tmp
[Wed Apr 29 11:29:48 2026]
Finished jobid: 745 (Rule: synth_evaluate)
260 of 651 steps (40%) done
Select jobs to execute...
Execute 1 jobs...
[Wed Apr 29 11:29:48 2026]
localrule synth_fit:
    input: results/synth/regime=easy/d=10/num_cycles=4/density=0.8/samp_size=1000/seed=1/dataset.npz
    output: results/synth/regime=easy/d=10/num_cycles=4/density=0.8/samp_size=1000/seed=1/method=lacerda_prune/model.pkl
    jobid: 154
    reason: Missing output files: results/synth/regime=easy/d=10/num_cycles=4/density=0.8/samp_size=1000/seed=1/method=lacerda_prune/model.pkl
    wildcards: regime=easy, d=10, num_cycles=4, density=0.8, samp_size=1000, seed=1, method=lacerda_prune
    resources: tmpdir=/tmp
Select jobs to execute...
[Wed Apr 29 11:29:48 2026]
Finished jobid: 398 (Rule: synth_evaluate)
261 of 651 steps (40%) done
Execute 1 jobs...
[Wed Apr 29 11:29:48 2026]
localrule synth_evaluate:
    input: results/synth/regime=easy/d=10/num_cycles=4/density=0.5/samp_size=50/seed=1/dataset.npz, results/synth/regime=easy/d=10/num_cycles=4/density=0.5/samp_size=50/seed=1/method=lacerda/model.pkl
    output: results/synth/regime=easy/d=10/num_cycles=4/density=0.5/samp_size=50/seed=1/method=lacerda/metrics.csv
    jobid: 546
    reason: Input files updated by another job: results/synth/regime=easy/d=10/num_cycles=4/density=0.5/samp_size=50/seed=1/method=lacerda/model.pkl
    wildcards: regime=easy, d=10, num_cycles=4, density=0.5, samp_size=50, seed=1, method=lacerda
    resources: tmpdir=/tmp
Select jobs to execute...
[Wed Apr 29 11:29:48 2026]
Finished jobid: 524 (Rule: synth_fit)
262 of 651 steps (40%) done
Execute 1 jobs...
[Wed Apr 29 11:29:48 2026]
localrule synth_fit:
    input: results/synth/regime=easy/d=10/num_cycles=3/density=0.5/samp_size=50/seed=2/dataset.npz
    output: results/synth/regime=easy/d=10/num_cycles=3/density=0.5/samp_size=50/seed=2/method=lacerda/model.pkl
    jobid: 515
    reason: Code has changed since last execution
    wildcards: regime=easy, d=10, num_cycles=3, density=0.5, samp_size=50, seed=2, method=lacerda
    resources: tmpdir=/tmp
Select jobs to execute...
[Wed Apr 29 11:29:48 2026]
Finished jobid: 510 (Rule: synth_evaluate)
263 of 651 steps (40%) done
Execute 1 jobs...
[Wed Apr 29 11:29:48 2026]
localrule synth_evaluate:
    input: results/synth/regime=easy/d=10/num_cycles=3/density=0.5/samp_size=500/seed=0/dataset.npz, results/synth/regime=easy/d=10/num_cycles=3/density=0.5/samp_size=500/seed=0/method=lacerda/model.pkl
    output: results/synth/regime=easy/d=10/num_cycles=3/density=0.5/samp_size=500/seed=0/method=lacerda/metrics.csv
    jobid: 525
    reason: Input files updated by another job: results/synth/regime=easy/d=10/num_cycles=3/density=0.5/samp_size=500/seed=0/method=lacerda/model.pkl
    wildcards: regime=easy, d=10, num_cycles=3, density=0.5, samp_size=500, seed=0, method=lacerda
    resources: tmpdir=/tmp
Select jobs to execute...
[Wed Apr 29 11:29:49 2026]
Finished jobid: 638 (Rule: synth_fit)
264 of 651 steps (41%) done
Execute 1 jobs...
[Wed Apr 29 11:29:49 2026]
localrule synth_evaluate:
    input: results/synth/regime=easy/d=10/num_cycles=4/density=0.3/samp_size=500/seed=0/dataset.npz, results/synth/regime=easy/d=10/num_cycles=4/density=0.3/samp_size=500/seed=0/method=lacerda_repare/model.pkl
    output: results/synth/regime=easy/d=10/num_cycles=4/density=0.3/samp_size=500/seed=0/method=lacerda_repare/metrics.csv
    jobid: 470
    reason: Missing output files: results/synth/regime=easy/d=10/num_cycles=4/density=0.3/samp_size=500/seed=0/method=lacerda_repare/metrics.csv; Input files updated by another job: results/synth/regime=easy/d=10/num_cycles=4/density=0.3/samp_size=500/seed=0/method=lacerda_repare/model.pkl
    wildcards: regime=easy, d=10, num_cycles=4, density=0.3, samp_size=500, seed=0, method=lacerda_repare
    resources: tmpdir=/tmp
Select jobs to execute...
[Wed Apr 29 11:29:49 2026]
Finished jobid: 546 (Rule: synth_evaluate)
265 of 651 steps (41%) done
Execute 1 jobs...
[Wed Apr 29 11:29:49 2026]
localrule synth_fit:
    input: results/synth/regime=easy/d=10/num_cycles=5/density=0.3/samp_size=50/seed=1/dataset.npz
    output: results/synth/regime=easy/d=10/num_cycles=5/density=0.3/samp_size=50/seed=1/method=lacerda_prune/model.pkl
    jobid: 413
    reason: Missing output files: results/synth/regime=easy/d=10/num_cycles=5/density=0.3/samp_size=50/seed=1/method=lacerda_prune/model.pkl
    wildcards: regime=easy, d=10, num_cycles=5, density=0.3, samp_size=50, seed=1, method=lacerda_prune
    resources: tmpdir=/tmp
Select jobs to execute...
[Wed Apr 29 11:29:49 2026]
Finished jobid: 525 (Rule: synth_evaluate)
266 of 651 steps (41%) done
Execute 1 jobs...
[Wed Apr 29 11:29:49 2026]
localrule synth_evaluate:
    input: results/synth/regime=easy/d=10/num_cycles=5/density=0.3/samp_size=500/seed=2/dataset.npz, results/synth/regime=easy/d=10/num_cycles=5/density=0.3/samp_size=500/seed=2/method=lacerda/model.pkl
    output: results/synth/regime=easy/d=10/num_cycles=5/density=0.3/samp_size=500/seed=2/method=lacerda/metrics.csv
    jobid: 350
    reason: Input files updated by another job: results/synth/regime=easy/d=10/num_cycles=5/density=0.3/samp_size=500/seed=2/method=lacerda/model.pkl
    wildcards: regime=easy, d=10, num_cycles=5, density=0.3, samp_size=500, seed=2, method=lacerda
    resources: tmpdir=/tmp
Select jobs to execute...
[Wed Apr 29 11:29:49 2026]
Finished jobid: 515 (Rule: synth_fit)
267 of 651 steps (41%) done
Execute 1 jobs...
[Wed Apr 29 11:29:49 2026]
localrule synth_fit:
    input: results/synth/regime=easy/d=10/num_cycles=5/density=0.8/samp_size=50/seed=0/dataset.npz
    output: results/synth/regime=easy/d=10/num_cycles=5/density=0.8/samp_size=50/seed=0/method=lacerda_prune/model.pkl
    jobid: 158
    reason: Missing output files: results/synth/regime=easy/d=10/num_cycles=5/density=0.8/samp_size=50/seed=0/method=lacerda_prune/model.pkl
    wildcards: regime=easy, d=10, num_cycles=5, density=0.8, samp_size=50, seed=0, method=lacerda_prune
    resources: tmpdir=/tmp
Select jobs to execute...
[Wed Apr 29 11:29:49 2026]
Finished jobid: 470 (Rule: synth_evaluate)
268 of 651 steps (41%) done
Execute 1 jobs...
[Wed Apr 29 11:29:49 2026]
localrule synth_fit:
    input: results/synth/regime=easy/d=10/num_cycles=4/density=0.5/samp_size=50/seed=0/dataset.npz
    output: results/synth/regime=easy/d=10/num_cycles=4/density=0.5/samp_size=50/seed=0/method=lacerda/model.pkl
    jobid: 545
    reason: Code has changed since last execution
    wildcards: regime=easy, d=10, num_cycles=4, density=0.5, samp_size=50, seed=0, method=lacerda
    resources: tmpdir=/tmp
Select jobs to execute...
[Wed Apr 29 11:29:50 2026]
Finished jobid: 499 (Rule: synth_fit)
269 of 651 steps (41%) done
Execute 1 jobs...
[Wed Apr 29 11:29:50 2026]
localrule synth_evaluate:
    input: results/synth/regime=easy/d=10/num_cycles=4/density=0.3/samp_size=50/seed=2/dataset.npz, results/synth/regime=easy/d=10/num_cycles=4/density=0.3/samp_size=50/seed=2/method=lacerda_repare/model.pkl
    output: results/synth/regime=easy/d=10/num_cycles=4/density=0.3/samp_size=50/seed=2/method=lacerda_repare/metrics.csv
    jobid: 462
    reason: Missing output files: results/synth/regime=easy/d=10/num_cycles=4/density=0.3/samp_size=50/seed=2/method=lacerda_repare/metrics.csv; Input files updated by another job: results/synth/regime=easy/d=10/num_cycles=4/density=0.3/samp_size=50/seed=2/method=lacerda_repare/model.pkl
    wildcards: regime=easy, d=10, num_cycles=4, density=0.3, samp_size=50, seed=2, method=lacerda_repare
    resources: tmpdir=/tmp
Select jobs to execute...
[Wed Apr 29 11:29:50 2026]
Finished jobid: 202 (Rule: synth_fit)
270 of 651 steps (41%) done
Execute 1 jobs...
[Wed Apr 29 11:29:50 2026]
localrule synth_evaluate:
    input: results/synth/regime=easy/d=10/num_cycles=4/density=0.5/samp_size=50/seed=2/dataset.npz, results/synth/regime=easy/d=10/num_cycles=4/density=0.5/samp_size=50/seed=2/method=lacerda_prune/model.pkl
    output: results/synth/regime=easy/d=10/num_cycles=4/density=0.5/samp_size=50/seed=2/method=lacerda_prune/metrics.csv
    jobid: 643
    reason: Missing output files: results/synth/regime=easy/d=10/num_cycles=4/density=0.5/samp_size=50/seed=2/method=lacerda_prune/metrics.csv; Input files updated by another job: results/synth/regime=easy/d=10/num_cycles=4/density=0.5/samp_size=50/seed=2/method=lacerda_prune/model.pkl
    wildcards: regime=easy, d=10, num_cycles=4, density=0.5, samp_size=50, seed=2, method=lacerda_prune
    resources: tmpdir=/tmp
Select jobs to execute...
[Wed Apr 29 11:29:50 2026]
Finished jobid: 413 (Rule: synth_fit)
271 of 651 steps (42%) done
Execute 1 jobs...
[Wed Apr 29 11:29:50 2026]
localrule synth_fit:
    input: results/synth/regime=easy/d=10/num_cycles=4/density=0.5/samp_size=500/seed=1/dataset.npz
    output: results/synth/regime=easy/d=10/num_cycles=4/density=0.5/samp_size=500/seed=1/method=lacerda_prune/model.pkl
    jobid: 654
    reason: Missing output files: results/synth/regime=easy/d=10/num_cycles=4/density=0.5/samp_size=500/seed=1/method=lacerda_prune/model.pkl
    wildcards: regime=easy, d=10, num_cycles=4, density=0.5, samp_size=500, seed=1, method=lacerda_prune
    resources: tmpdir=/tmp
Select jobs to execute...
[Wed Apr 29 11:29:50 2026]
Finished jobid: 728 (Rule: synth_fit)
272 of 651 steps (42%) done
Execute 1 jobs...
[Wed Apr 29 11:29:50 2026]
localrule synth_evaluate:
    input: results/synth/regime=easy/d=10/num_cycles=3/density=0.8/samp_size=100/seed=1/dataset.npz, results/synth/regime=easy/d=10/num_cycles=3/density=0.8/samp_size=100/seed=1/method=lacerda_repare/model.pkl
    output: results/synth/regime=easy/d=10/num_cycles=3/density=0.8/samp_size=100/seed=1/method=lacerda_repare/metrics.csv
    jobid: 189
    reason: Missing output files: results/synth/regime=easy/d=10/num_cycles=3/density=0.8/samp_size=100/seed=1/method=lacerda_repare/metrics.csv; Input files updated by another job: results/synth/regime=easy/d=10/num_cycles=3/density=0.8/samp_size=100/seed=1/method=lacerda_repare/model.pkl
    wildcards: regime=easy, d=10, num_cycles=3, density=0.8, samp_size=100, seed=1, method=lacerda_repare
    resources: tmpdir=/tmp
Select jobs to execute...
[Wed Apr 29 11:29:50 2026]
Finished jobid: 350 (Rule: synth_evaluate)
273 of 651 steps (42%) done
Execute 1 jobs...
[Wed Apr 29 11:29:50 2026]
localrule synth_evaluate:
    input: results/synth/regime=easy/d=10/num_cycles=3/density=0.8/samp_size=1000/seed=1/dataset.npz, results/synth/regime=easy/d=10/num_cycles=3/density=0.8/samp_size=1000/seed=1/method=lacerda_prune/model.pkl
    output: results/synth/regime=easy/d=10/num_cycles=3/density=0.8/samp_size=1000/seed=1/method=lacerda_prune/metrics.csv
    jobid: 129
    reason: Missing output files: results/synth/regime=easy/d=10/num_cycles=3/density=0.8/samp_size=1000/seed=1/method=lacerda_prune/metrics.csv; Input files updated by another job: results/synth/regime=easy/d=10/num_cycles=3/density=0.8/samp_size=1000/seed=1/method=lacerda_prune/model.pkl
    wildcards: regime=easy, d=10, num_cycles=3, density=0.8, samp_size=1000, seed=1, method=lacerda_prune
    resources: tmpdir=/tmp
Select jobs to execute...
[Wed Apr 29 11:29:50 2026]
Finished jobid: 158 (Rule: synth_fit)
274 of 651 steps (42%) done
Execute 1 jobs...
[Wed Apr 29 11:29:50 2026]
localrule synth_fit:
    input: results/synth/regime=easy/d=10/num_cycles=4/density=0.3/samp_size=1000/seed=1/dataset.npz
    output: results/synth/regime=easy/d=10/num_cycles=4/density=0.3/samp_size=1000/seed=1/method=lacerda/model.pkl
    jobid: 322
    reason: Code has changed since last execution
    wildcards: regime=easy, d=10, num_cycles=4, density=0.3, samp_size=1000, seed=1, method=lacerda
    resources: tmpdir=/tmp
Select jobs to execute...
[Wed Apr 29 11:29:50 2026]
Finished jobid: 462 (Rule: synth_evaluate)
275 of 651 steps (42%) done
Execute 1 jobs...
[Wed Apr 29 11:29:50 2026]
localrule synth_fit:
    input: results/synth/regime=easy/d=10/num_cycles=5/density=0.3/samp_size=1000/seed=0/dataset.npz
    output: results/synth/regime=easy/d=10/num_cycles=5/density=0.3/samp_size=1000/seed=0/method=lacerda_prune/model.pkl
    jobid: 429
    reason: Missing output files: results/synth/regime=easy/d=10/num_cycles=5/density=0.3/samp_size=1000/seed=0/method=lacerda_prune/model.pkl
    wildcards: regime=easy, d=10, num_cycles=5, density=0.3, samp_size=1000, seed=0, method=lacerda_prune
    resources: tmpdir=/tmp
Select jobs to execute...
[Wed Apr 29 11:29:50 2026]
Finished jobid: 545 (Rule: synth_fit)
276 of 651 steps (42%) done
Execute 1 jobs...
[Wed Apr 29 11:29:50 2026]
localrule synth_fit:
    input: results/synth/regime=easy/d=10/num_cycles=4/density=0.5/samp_size=500/seed=2/dataset.npz
    output: results/synth/regime=easy/d=10/num_cycles=4/density=0.5/samp_size=500/seed=2/method=lacerda_prune/model.pkl
    jobid: 656
    reason: Missing output files: results/synth/regime=easy/d=10/num_cycles=4/density=0.5/samp_size=500/seed=2/method=lacerda_prune/model.pkl
    wildcards: regime=easy, d=10, num_cycles=4, density=0.5, samp_size=500, seed=2, method=lacerda_prune
    resources: tmpdir=/tmp
Select jobs to execute...
[Wed Apr 29 11:29:50 2026]
Finished jobid: 643 (Rule: synth_evaluate)
277 of 651 steps (43%) done
Execute 1 jobs...
[Wed Apr 29 11:29:50 2026]
localrule synth_evaluate:
    input: results/synth/regime=easy/d=10/num_cycles=3/density=0.5/samp_size=500/seed=0/dataset.npz, results/synth/regime=easy/d=10/num_cycles=3/density=0.5/samp_size=500/seed=0/method=lacerda_prune/model.pkl
    output: results/synth/regime=easy/d=10/num_cycles=3/density=0.5/samp_size=500/seed=0/method=lacerda_prune/metrics.csv
    jobid: 627
    reason: Missing output files: results/synth/regime=easy/d=10/num_cycles=3/density=0.5/samp_size=500/seed=0/method=lacerda_prune/metrics.csv; Input files updated by another job: results/synth/regime=easy/d=10/num_cycles=3/density=0.5/samp_size=500/seed=0/method=lacerda_prune/model.pkl
    wildcards: regime=easy, d=10, num_cycles=3, density=0.5, samp_size=500, seed=0, method=lacerda_prune
    resources: tmpdir=/tmp
Select jobs to execute...
[Wed Apr 29 11:29:51 2026]
Finished jobid: 189 (Rule: synth_evaluate)
278 of 651 steps (43%) done
Execute 1 jobs...
[Wed Apr 29 11:29:51 2026]
localrule synth_evaluate:
    input: results/synth/regime=easy/d=10/num_cycles=3/density=0.5/samp_size=50/seed=0/dataset.npz, results/synth/regime=easy/d=10/num_cycles=3/density=0.5/samp_size=50/seed=0/method=lacerda_repare/model.pkl
    output: results/synth/regime=easy/d=10/num_cycles=3/density=0.5/samp_size=50/seed=0/method=lacerda_repare/metrics.csv
    jobid: 687
    reason: Missing output files: results/synth/regime=easy/d=10/num_cycles=3/density=0.5/samp_size=50/seed=0/method=lacerda_repare/metrics.csv; Input files updated by another job: results/synth/regime=easy/d=10/num_cycles=3/density=0.5/samp_size=50/seed=0/method=lacerda_repare/model.pkl
    wildcards: regime=easy, d=10, num_cycles=3, density=0.5, samp_size=50, seed=0, method=lacerda_repare
    resources: tmpdir=/tmp
Select jobs to execute...
[Wed Apr 29 11:29:51 2026]
Finished jobid: 129 (Rule: synth_evaluate)
279 of 651 steps (43%) done
Execute 1 jobs...
[Wed Apr 29 11:29:51 2026]
localrule synth_evaluate:
    input: results/synth/regime=easy/d=10/num_cycles=4/density=0.3/samp_size=500/seed=1/dataset.npz, results/synth/regime=easy/d=10/num_cycles=4/density=0.3/samp_size=500/seed=1/method=lacerda_prune/model.pkl
    output: results/synth/regime=easy/d=10/num_cycles=4/density=0.3/samp_size=500/seed=1/method=lacerda_prune/metrics.csv
    jobid: 400
    reason: Missing output files: results/synth/regime=easy/d=10/num_cycles=4/density=0.3/samp_size=500/seed=1/method=lacerda_prune/metrics.csv; Input files updated by another job: results/synth/regime=easy/d=10/num_cycles=4/density=0.3/samp_size=500/seed=1/method=lacerda_prune/model.pkl
    wildcards: regime=easy, d=10, num_cycles=4, density=0.3, samp_size=500, seed=1, method=lacerda_prune
    resources: tmpdir=/tmp
Select jobs to execute...
[Wed Apr 29 11:29:51 2026]
Finished jobid: 322 (Rule: synth_fit)
280 of 651 steps (43%) done
Execute 1 jobs...
[Wed Apr 29 11:29:51 2026]
localrule synth_evaluate:
    input: results/synth/regime=easy/d=10/num_cycles=5/density=0.8/samp_size=500/seed=2/dataset.npz, results/synth/regime=easy/d=10/num_cycles=5/density=0.8/samp_size=500/seed=2/method=lacerda_prune/model.pkl
    output: results/synth/regime=easy/d=10/num_cycles=5/density=0.8/samp_size=500/seed=2/method=lacerda_prune/metrics.csv
    jobid: 173
    reason: Missing output files: results/synth/regime=easy/d=10/num_cycles=5/density=0.8/samp_size=500/seed=2/method=lacerda_prune/metrics.csv; Input files updated by another job: results/synth/regime=easy/d=10/num_cycles=5/density=0.8/samp_size=500/seed=2/method=lacerda_prune/model.pkl
    wildcards: regime=easy, d=10, num_cycles=5, density=0.8, samp_size=500, seed=2, method=lacerda_prune
    resources: tmpdir=/tmp
Select jobs to execute...
[Wed Apr 29 11:29:51 2026]
Finished jobid: 627 (Rule: synth_evaluate)
281 of 651 steps (43%) done
Execute 1 jobs...
[Wed Apr 29 11:29:51 2026]
localrule synth_fit:
    input: results/synth/regime=easy/d=10/num_cycles=4/density=0.3/samp_size=500/seed=0/dataset.npz
    output: results/synth/regime=easy/d=10/num_cycles=4/density=0.3/samp_size=500/seed=0/method=lacerda/model.pkl
    jobid: 310
    reason: Code has changed since last execution
    wildcards: regime=easy, d=10, num_cycles=4, density=0.3, samp_size=500, seed=0, method=lacerda
    resources: tmpdir=/tmp
Select jobs to execute...
[Wed Apr 29 11:29:51 2026]
Finished jobid: 687 (Rule: synth_evaluate)
282 of 651 steps (43%) done
Execute 1 jobs...
[Wed Apr 29 11:29:51 2026]
localrule synth_evaluate:
    input: results/synth/regime=easy/d=10/num_cycles=5/density=0.5/samp_size=500/seed=0/dataset.npz, results/synth/regime=easy/d=10/num_cycles=5/density=0.5/samp_size=500/seed=0/method=lacerda_repare/model.pkl
    output: results/synth/regime=easy/d=10/num_cycles=5/density=0.5/samp_size=500/seed=0/method=lacerda_repare/metrics.csv
    jobid: 747
    reason: Missing output files: results/synth/regime=easy/d=10/num_cycles=5/density=0.5/samp_size=500/seed=0/method=lacerda_repare/metrics.csv; Input files updated by another job: results/synth/regime=easy/d=10/num_cycles=5/density=0.5/samp_size=500/seed=0/method=lacerda_repare/model.pkl
    wildcards: regime=easy, d=10, num_cycles=5, density=0.5, samp_size=500, seed=0, method=lacerda_repare
    resources: tmpdir=/tmp
Select jobs to execute...
[Wed Apr 29 11:29:51 2026]
Finished jobid: 400 (Rule: synth_evaluate)
283 of 651 steps (43%) done
Execute 1 jobs...
[Wed Apr 29 11:29:51 2026]
localrule synth_fit:
    input: results/synth/regime=easy/d=10/num_cycles=3/density=0.8/samp_size=50/seed=2/dataset.npz
    output: results/synth/regime=easy/d=10/num_cycles=3/density=0.8/samp_size=50/seed=2/method=lacerda_repare/model.pkl
    jobid: 186
    reason: Missing output files: results/synth/regime=easy/d=10/num_cycles=3/density=0.8/samp_size=50/seed=2/method=lacerda_repare/model.pkl
    wildcards: regime=easy, d=10, num_cycles=3, density=0.8, samp_size=50, seed=2, method=lacerda_repare
    resources: tmpdir=/tmp
Select jobs to execute...
[Wed Apr 29 11:29:51 2026]
Finished jobid: 154 (Rule: synth_fit)
284 of 651 steps (44%) done
Execute 1 jobs...
[Wed Apr 29 11:29:51 2026]
localrule synth_evaluate:
    input: results/synth/regime=easy/d=10/num_cycles=3/density=0.8/samp_size=500/seed=2/dataset.npz, results/synth/regime=easy/d=10/num_cycles=3/density=0.8/samp_size=500/seed=2/method=lacerda/model.pkl
    output: results/synth/regime=easy/d=10/num_cycles=3/density=0.8/samp_size=500/seed=2/method=lacerda/metrics.csv
    jobid: 25
    reason: Input files updated by another job: results/synth/regime=easy/d=10/num_cycles=3/density=0.8/samp_size=500/seed=2/method=lacerda/model.pkl
    wildcards: regime=easy, d=10, num_cycles=3, density=0.8, samp_size=500, seed=2, method=lacerda
    resources: tmpdir=/tmp
Select jobs to execute...
[Wed Apr 29 11:29:52 2026]
Finished jobid: 173 (Rule: synth_evaluate)
285 of 651 steps (44%) done
Execute 1 jobs...
[Wed Apr 29 11:29:52 2026]
localrule synth_fit:
    input: results/synth/regime=easy/d=10/num_cycles=4/density=0.5/samp_size=50/seed=0/dataset.npz
    output: results/synth/regime=easy/d=10/num_cycles=4/density=0.5/samp_size=50/seed=0/method=lacerda_prune/model.pkl
    jobid: 640
    reason: Missing output files: results/synth/regime=easy/d=10/num_cycles=4/density=0.5/samp_size=50/seed=0/method=lacerda_prune/model.pkl
    wildcards: regime=easy, d=10, num_cycles=4, density=0.5, samp_size=50, seed=0, method=lacerda_prune
    resources: tmpdir=/tmp
Select jobs to execute...
[Wed Apr 29 11:29:52 2026]
Finished jobid: 654 (Rule: synth_fit)
286 of 651 steps (44%) done
Execute 1 jobs...
[Wed Apr 29 11:29:52 2026]
localrule synth_fit:
    input: results/synth/regime=easy/d=10/num_cycles=5/density=0.3/samp_size=1000/seed=0/dataset.npz
    output: results/synth/regime=easy/d=10/num_cycles=5/density=0.3/samp_size=1000/seed=0/method=lacerda/model.pkl
    jobid: 355
    reason: Code has changed since last execution
    wildcards: regime=easy, d=10, num_cycles=5, density=0.3, samp_size=1000, seed=0, method=lacerda
    resources: tmpdir=/tmp
Select jobs to execute...
[Wed Apr 29 11:29:52 2026]
Finished jobid: 310 (Rule: synth_fit)
287 of 651 steps (44%) done
Execute 1 jobs...
[Wed Apr 29 11:29:52 2026]
localrule synth_evaluate:
    input: results/synth/regime=easy/d=10/num_cycles=3/density=0.8/samp_size=50/seed=2/dataset.npz, results/synth/regime=easy/d=10/num_cycles=3/density=0.8/samp_size=50/seed=2/method=lacerda_prune/model.pkl
    output: results/synth/regime=easy/d=10/num_cycles=3/density=0.8/samp_size=50/seed=2/method=lacerda_prune/metrics.csv
    jobid: 113
    reason: Missing output files: results/synth/regime=easy/d=10/num_cycles=3/density=0.8/samp_size=50/seed=2/method=lacerda_prune/metrics.csv; Input files updated by another job: results/synth/regime=easy/d=10/num_cycles=3/density=0.8/samp_size=50/seed=2/method=lacerda_prune/model.pkl
    wildcards: regime=easy, d=10, num_cycles=3, density=0.8, samp_size=50, seed=2, method=lacerda_prune
    resources: tmpdir=/tmp
Select jobs to execute...
[Wed Apr 29 11:29:52 2026]
Finished jobid: 656 (Rule: synth_fit)
288 of 651 steps (44%) done
Execute 1 jobs...
[Wed Apr 29 11:29:52 2026]
localrule synth_evaluate:
    input: results/synth/regime=easy/d=10/num_cycles=5/density=0.8/samp_size=50/seed=2/dataset.npz, results/synth/regime=easy/d=10/num_cycles=5/density=0.8/samp_size=50/seed=2/method=lacerda_repare/model.pkl
    output: results/synth/regime=easy/d=10/num_cycles=5/density=0.8/samp_size=50/seed=2/method=lacerda_repare/metrics.csv
    jobid: 233
    reason: Missing output files: results/synth/regime=easy/d=10/num_cycles=5/density=0.8/samp_size=50/seed=2/method=lacerda_repare/metrics.csv; Input files updated by another job: results/synth/regime=easy/d=10/num_cycles=5/density=0.8/samp_size=50/seed=2/method=lacerda_repare/model.pkl
    wildcards: regime=easy, d=10, num_cycles=5, density=0.8, samp_size=50, seed=2, method=lacerda_repare
    resources: tmpdir=/tmp
Select jobs to execute...
[Wed Apr 29 11:29:52 2026]
Finished jobid: 747 (Rule: synth_evaluate)
289 of 651 steps (44%) done
Execute 1 jobs...
[Wed Apr 29 11:29:52 2026]
localrule synth_evaluate:
    input: results/synth/regime=easy/d=10/num_cycles=4/density=0.3/samp_size=50/seed=1/dataset.npz, results/synth/regime=easy/d=10/num_cycles=4/density=0.3/samp_size=50/seed=1/method=lacerda_repare/model.pkl
    output: results/synth/regime=easy/d=10/num_cycles=4/density=0.3/samp_size=50/seed=1/method=lacerda_repare/metrics.csv
    jobid: 460
    reason: Missing output files: results/synth/regime=easy/d=10/num_cycles=4/density=0.3/samp_size=50/seed=1/method=lacerda_repare/metrics.csv; Input files updated by another job: results/synth/regime=easy/d=10/num_cycles=4/density=0.3/samp_size=50/seed=1/method=lacerda_repare/model.pkl
    wildcards: regime=easy, d=10, num_cycles=4, density=0.3, samp_size=50, seed=1, method=lacerda_repare
    resources: tmpdir=/tmp
Select jobs to execute...
[Wed Apr 29 11:29:52 2026]
Finished jobid: 25 (Rule: synth_evaluate)
290 of 651 steps (45%) done
Execute 1 jobs...
[Wed Apr 29 11:29:52 2026]
localrule synth_evaluate:
    input: results/synth/regime=easy/d=10/num_cycles=4/density=0.3/samp_size=1000/seed=1/dataset.npz, results/synth/regime=easy/d=10/num_cycles=4/density=0.3/samp_size=1000/seed=1/method=lacerda/model.pkl
    output: results/synth/regime=easy/d=10/num_cycles=4/density=0.3/samp_size=1000/seed=1/method=lacerda/metrics.csv
    jobid: 320
    reason: Input files updated by another job: results/synth/regime=easy/d=10/num_cycles=4/density=0.3/samp_size=1000/seed=1/method=lacerda/model.pkl
    wildcards: regime=easy, d=10, num_cycles=4, density=0.3, samp_size=1000, seed=1, method=lacerda
    resources: tmpdir=/tmp
[Wed Apr 29 11:29:52 2026]
Finished jobid: 186 (Rule: synth_fit)
291 of 651 steps (45%) done
Select jobs to execute...
Execute 1 jobs...
[Wed Apr 29 11:29:52 2026]
localrule synth_evaluate:
    input: results/synth/regime=easy/d=10/num_cycles=4/density=0.5/samp_size=50/seed=0/dataset.npz, results/synth/regime=easy/d=10/num_cycles=4/density=0.5/samp_size=50/seed=0/method=lacerda/model.pkl
    output: results/synth/regime=easy/d=10/num_cycles=4/density=0.5/samp_size=50/seed=0/method=lacerda/metrics.csv
    jobid: 543
    reason: Input files updated by another job: results/synth/regime=easy/d=10/num_cycles=4/density=0.5/samp_size=50/seed=0/method=lacerda/model.pkl
    wildcards: regime=easy, d=10, num_cycles=4, density=0.5, samp_size=50, seed=0, method=lacerda
    resources: tmpdir=/tmp
Select jobs to execute...
[Wed Apr 29 11:29:52 2026]
Finished jobid: 640 (Rule: synth_fit)
292 of 651 steps (45%) done
Execute 1 jobs...
[Wed Apr 29 11:29:52 2026]
localrule synth_evaluate:
    input: results/synth/regime=easy/d=10/num_cycles=3/density=0.5/samp_size=100/seed=2/dataset.npz, results/synth/regime=easy/d=10/num_cycles=3/density=0.5/samp_size=100/seed=2/method=lacerda/model.pkl
    output: results/synth/regime=easy/d=10/num_cycles=3/density=0.5/samp_size=100/seed=2/method=lacerda/metrics.csv
    jobid: 522
    reason: Input files updated by another job: results/synth/regime=easy/d=10/num_cycles=3/density=0.5/samp_size=100/seed=2/method=lacerda/model.pkl
    wildcards: regime=easy, d=10, num_cycles=3, density=0.5, samp_size=100, seed=2, method=lacerda
    resources: tmpdir=/tmp
Select jobs to execute...
[Wed Apr 29 11:29:52 2026]
Finished jobid: 429 (Rule: synth_fit)
293 of 651 steps (45%) done
Execute 1 jobs...
[Wed Apr 29 11:29:52 2026]
localrule synth_evaluate:
    input: results/synth/regime=easy/d=10/num_cycles=4/density=0.3/samp_size=500/seed=0/dataset.npz, results/synth/regime=easy/d=10/num_cycles=4/density=0.3/samp_size=500/seed=0/method=lacerda/model.pkl
    output: results/synth/regime=easy/d=10/num_cycles=4/density=0.3/samp_size=500/seed=0/method=lacerda/metrics.csv
    jobid: 308
    reason: Input files updated by another job: results/synth/regime=easy/d=10/num_cycles=4/density=0.3/samp_size=500/seed=0/method=lacerda/model.pkl
    wildcards: regime=easy, d=10, num_cycles=4, density=0.3, samp_size=500, seed=0, method=lacerda
    resources: tmpdir=/tmp
Select jobs to execute...
[Wed Apr 29 11:29:52 2026]
Finished jobid: 355 (Rule: synth_fit)
294 of 651 steps (45%) done
Execute 1 jobs...
[Wed Apr 29 11:29:52 2026]
localrule synth_evaluate:
    input: results/synth/regime=easy/d=10/num_cycles=4/density=0.5/samp_size=1000/seed=1/dataset.npz, results/synth/regime=easy/d=10/num_cycles=4/density=0.5/samp_size=1000/seed=1/method=lacerda_repare/model.pkl
    output: results/synth/regime=easy/d=10/num_cycles=4/density=0.5/samp_size=1000/seed=1/method=lacerda_repare/metrics.csv
    jobid: 731
    reason: Missing output files: results/synth/regime=easy/d=10/num_cycles=4/density=0.5/samp_size=1000/seed=1/method=lacerda_repare/metrics.csv; Input files updated by another job: results/synth/regime=easy/d=10/num_cycles=4/density=0.5/samp_size=1000/seed=1/method=lacerda_repare/model.pkl
    wildcards: regime=easy, d=10, num_cycles=4, density=0.5, samp_size=1000, seed=1, method=lacerda_repare
    resources: tmpdir=/tmp
Select jobs to execute...
[Wed Apr 29 11:29:52 2026]
Finished jobid: 113 (Rule: synth_evaluate)
295 of 651 steps (45%) done
Execute 1 jobs...
[Wed Apr 29 11:29:52 2026]
localrule synth_fit:
    input: results/synth/regime=easy/d=10/num_cycles=5/density=0.3/samp_size=50/seed=2/dataset.npz
    output: results/synth/regime=easy/d=10/num_cycles=5/density=0.3/samp_size=50/seed=2/method=lacerda_prune/model.pkl
    jobid: 415
    reason: Missing output files: results/synth/regime=easy/d=10/num_cycles=5/density=0.3/samp_size=50/seed=2/method=lacerda_prune/model.pkl
    wildcards: regime=easy, d=10, num_cycles=5, density=0.3, samp_size=50, seed=2, method=lacerda_prune
    resources: tmpdir=/tmp
Select jobs to execute...
[Wed Apr 29 11:29:52 2026]
Finished jobid: 233 (Rule: synth_evaluate)
296 of 651 steps (45%) done
Execute 1 jobs...
[Wed Apr 29 11:29:52 2026]
localrule synth_evaluate:
    input: results/synth/regime=easy/d=10/num_cycles=3/density=0.5/samp_size=50/seed=1/dataset.npz, results/synth/regime=easy/d=10/num_cycles=3/density=0.5/samp_size=50/seed=1/method=lacerda_repare/model.pkl
    output: results/synth/regime=easy/d=10/num_cycles=3/density=0.5/samp_size=50/seed=1/method=lacerda_repare/metrics.csv
    jobid: 689
    reason: Missing output files: results/synth/regime=easy/d=10/num_cycles=3/density=0.5/samp_size=50/seed=1/method=lacerda_repare/metrics.csv; Input files updated by another job: results/synth/regime=easy/d=10/num_cycles=3/density=0.5/samp_size=50/seed=1/method=lacerda_repare/model.pkl
    wildcards: regime=easy, d=10, num_cycles=3, density=0.5, samp_size=50, seed=1, method=lacerda_repare
    resources: tmpdir=/tmp
Select jobs to execute...
[Wed Apr 29 11:29:53 2026]
Finished jobid: 460 (Rule: synth_evaluate)
297 of 651 steps (46%) done
Execute 1 jobs...
[Wed Apr 29 11:29:53 2026]
localrule synth_evaluate:
    input: results/synth/regime=easy/d=10/num_cycles=5/density=0.8/samp_size=100/seed=0/dataset.npz, results/synth/regime=easy/d=10/num_cycles=5/density=0.8/samp_size=100/seed=0/method=lacerda_repare/model.pkl
    output: results/synth/regime=easy/d=10/num_cycles=5/density=0.8/samp_size=100/seed=0/method=lacerda_repare/metrics.csv
    jobid: 235
    reason: Missing output files: results/synth/regime=easy/d=10/num_cycles=5/density=0.8/samp_size=100/seed=0/method=lacerda_repare/metrics.csv; Input files updated by another job: results/synth/regime=easy/d=10/num_cycles=5/density=0.8/samp_size=100/seed=0/method=lacerda_repare/model.pkl
    wildcards: regime=easy, d=10, num_cycles=5, density=0.8, samp_size=100, seed=0, method=lacerda_repare
    resources: tmpdir=/tmp
Select jobs to execute...
[Wed Apr 29 11:29:53 2026]
Finished jobid: 320 (Rule: synth_evaluate)
298 of 651 steps (46%) done
Execute 1 jobs...
[Wed Apr 29 11:29:53 2026]
localrule synth_evaluate:
    input: results/synth/regime=easy/d=10/num_cycles=5/density=0.8/samp_size=50/seed=0/dataset.npz, results/synth/regime=easy/d=10/num_cycles=5/density=0.8/samp_size=50/seed=0/method=lacerda_prune/model.pkl
    output: results/synth/regime=easy/d=10/num_cycles=5/density=0.8/samp_size=50/seed=0/method=lacerda_prune/metrics.csv
    jobid: 157
    reason: Missing output files: results/synth/regime=easy/d=10/num_cycles=5/density=0.8/samp_size=50/seed=0/method=lacerda_prune/metrics.csv; Input files updated by another job: results/synth/regime=easy/d=10/num_cycles=5/density=0.8/samp_size=50/seed=0/method=lacerda_prune/model.pkl
    wildcards: regime=easy, d=10, num_cycles=5, density=0.8, samp_size=50, seed=0, method=lacerda_prune
    resources: tmpdir=/tmp
[Wed Apr 29 11:29:53 2026]
Finished jobid: 543 (Rule: synth_evaluate)
299 of 651 steps (46%) done
Select jobs to execute...
Execute 1 jobs...
[Wed Apr 29 11:29:53 2026]
localrule synth_evaluate:
    input: results/synth/regime=easy/d=10/num_cycles=3/density=0.8/samp_size=100/seed=0/dataset.npz, results/synth/regime=easy/d=10/num_cycles=3/density=0.8/samp_size=100/seed=0/method=lacerda_prune/model.pkl
    output: results/synth/regime=easy/d=10/num_cycles=3/density=0.8/samp_size=100/seed=0/method=lacerda_prune/metrics.csv
    jobid: 115
    reason: Missing output files: results/synth/regime=easy/d=10/num_cycles=3/density=0.8/samp_size=100/seed=0/method=lacerda_prune/metrics.csv; Input files updated by another job: results/synth/regime=easy/d=10/num_cycles=3/density=0.8/samp_size=100/seed=0/method=lacerda_prune/model.pkl
    wildcards: regime=easy, d=10, num_cycles=3, density=0.8, samp_size=100, seed=0, method=lacerda_prune
    resources: tmpdir=/tmp
Select jobs to execute...
[Wed Apr 29 11:29:53 2026]
Finished jobid: 522 (Rule: synth_evaluate)
300 of 651 steps (46%) done
Execute 1 jobs...
[Wed Apr 29 11:29:53 2026]
localrule synth_fit:
    input: results/synth/regime=easy/d=10/num_cycles=5/density=0.8/samp_size=50/seed=1/dataset.npz
    output: results/synth/regime=easy/d=10/num_cycles=5/density=0.8/samp_size=50/seed=1/method=lacerda/model.pkl
    jobid: 78
    reason: Code has changed since last execution
    wildcards: regime=easy, d=10, num_cycles=5, density=0.8, samp_size=50, seed=1, method=lacerda
    resources: tmpdir=/tmp
Select jobs to execute...
[Wed Apr 29 11:29:53 2026]
Finished jobid: 308 (Rule: synth_evaluate)
301 of 651 steps (46%) done
Execute 1 jobs...
[Wed Apr 29 11:29:53 2026]
localrule synth_fit:
    input: results/synth/regime=easy/d=10/num_cycles=4/density=0.5/samp_size=50/seed=1/dataset.npz
    output: results/synth/regime=easy/d=10/num_cycles=4/density=0.5/samp_size=50/seed=1/method=lacerda_prune/model.pkl
    jobid: 642
    reason: Missing output files: results/synth/regime=easy/d=10/num_cycles=4/density=0.5/samp_size=50/seed=1/method=lacerda_prune/model.pkl
    wildcards: regime=easy, d=10, num_cycles=4, density=0.5, samp_size=50, seed=1, method=lacerda_prune
    resources: tmpdir=/tmp
Select jobs to execute...
[Wed Apr 29 11:29:53 2026]
Finished jobid: 731 (Rule: synth_evaluate)
302 of 651 steps (46%) done
Execute 1 jobs...
[Wed Apr 29 11:29:53 2026]
localrule synth_evaluate:
    input: results/synth/regime=easy/d=10/num_cycles=5/density=0.5/samp_size=1000/seed=1/dataset.npz, results/synth/regime=easy/d=10/num_cycles=5/density=0.5/samp_size=1000/seed=1/method=lacerda/model.pkl
    output: results/synth/regime=easy/d=10/num_cycles=5/density=0.5/samp_size=1000/seed=1/method=lacerda/metrics.csv
    jobid: 609
    reason: Input files updated by another job: results/synth/regime=easy/d=10/num_cycles=5/density=0.5/samp_size=1000/seed=1/method=lacerda/model.pkl
    wildcards: regime=easy, d=10, num_cycles=5, density=0.5, samp_size=1000, seed=1, method=lacerda
    resources: tmpdir=/tmp
Select jobs to execute...
[Wed Apr 29 11:29:53 2026]
Finished jobid: 415 (Rule: synth_fit)
303 of 651 steps (47%) done
Execute 1 jobs...
[Wed Apr 29 11:29:53 2026]
localrule synth_fit:
    input: results/synth/regime=easy/d=10/num_cycles=4/density=0.5/samp_size=1000/seed=2/dataset.npz
    output: results/synth/regime=easy/d=10/num_cycles=4/density=0.5/samp_size=1000/seed=2/method=lacerda_repare/model.pkl
    jobid: 734
    reason: Missing output files: results/synth/regime=easy/d=10/num_cycles=4/density=0.5/samp_size=1000/seed=2/method=lacerda_repare/model.pkl
    wildcards: regime=easy, d=10, num_cycles=4, density=0.5, samp_size=1000, seed=2, method=lacerda_repare
    resources: tmpdir=/tmp
Select jobs to execute...
[Wed Apr 29 11:29:53 2026]
Finished jobid: 689 (Rule: synth_evaluate)
304 of 651 steps (47%) done
Execute 1 jobs...
[Wed Apr 29 11:29:53 2026]
localrule synth_evaluate:
    input: results/synth/regime=easy/d=10/num_cycles=3/density=0.8/samp_size=1000/seed=0/dataset.npz, results/synth/regime=easy/d=10/num_cycles=3/density=0.8/samp_size=1000/seed=0/method=lacerda/model.pkl
    output: results/synth/regime=easy/d=10/num_cycles=3/density=0.8/samp_size=1000/seed=0/method=lacerda/metrics.csv
    jobid: 28
    reason: Input files updated by another job: results/synth/regime=easy/d=10/num_cycles=3/density=0.8/samp_size=1000/seed=0/method=lacerda/model.pkl
    wildcards: regime=easy, d=10, num_cycles=3, density=0.8, samp_size=1000, seed=0, method=lacerda
    resources: tmpdir=/tmp
Select jobs to execute...
[Wed Apr 29 11:29:53 2026]
Finished jobid: 235 (Rule: synth_evaluate)
305 of 651 steps (47%) done
Execute 1 jobs...
[Wed Apr 29 11:29:53 2026]
localrule synth_evaluate:
    input: results/synth/regime=easy/d=10/num_cycles=3/density=0.5/samp_size=50/seed=2/dataset.npz, results/synth/regime=easy/d=10/num_cycles=3/density=0.5/samp_size=50/seed=2/method=lacerda/model.pkl
    output: results/synth/regime=easy/d=10/num_cycles=3/density=0.5/samp_size=50/seed=2/method=lacerda/metrics.csv
    jobid: 513
    reason: Input files updated by another job: results/synth/regime=easy/d=10/num_cycles=3/density=0.5/samp_size=50/seed=2/method=lacerda/model.pkl
    wildcards: regime=easy, d=10, num_cycles=3, density=0.5, samp_size=50, seed=2, method=lacerda
    resources: tmpdir=/tmp
Select jobs to execute...
[Wed Apr 29 11:29:53 2026]
Finished jobid: 157 (Rule: synth_evaluate)
306 of 651 steps (47%) done
Execute 1 jobs...
[Wed Apr 29 11:29:53 2026]
localrule synth_evaluate:
    input: results/synth/regime=easy/d=10/num_cycles=3/density=0.5/samp_size=500/seed=1/dataset.npz, results/synth/regime=easy/d=10/num_cycles=3/density=0.5/samp_size=500/seed=1/method=lacerda_prune/model.pkl
    output: results/synth/regime=easy/d=10/num_cycles=3/density=0.5/samp_size=500/seed=1/method=lacerda_prune/metrics.csv
    jobid: 629
    reason: Missing output files: results/synth/regime=easy/d=10/num_cycles=3/density=0.5/samp_size=500/seed=1/method=lacerda_prune/metrics.csv; Input files updated by another job: results/synth/regime=easy/d=10/num_cycles=3/density=0.5/samp_size=500/seed=1/method=lacerda_prune/model.pkl
    wildcards: regime=easy, d=10, num_cycles=3, density=0.5, samp_size=500, seed=1, method=lacerda_prune
    resources: tmpdir=/tmp
[Wed Apr 29 11:29:53 2026]
Finished jobid: 115 (Rule: synth_evaluate)
307 of 651 steps (47%) done
Select jobs to execute...
Execute 1 jobs...
[Wed Apr 29 11:29:53 2026]
localrule synth_evaluate:
    input: results/synth/regime=easy/d=10/num_cycles=4/density=0.5/samp_size=500/seed=2/dataset.npz, results/synth/regime=easy/d=10/num_cycles=4/density=0.5/samp_size=500/seed=2/method=lacerda_repare/model.pkl
    output: results/synth/regime=easy/d=10/num_cycles=4/density=0.5/samp_size=500/seed=2/method=lacerda_repare/metrics.csv
    jobid: 727
    reason: Missing output files: results/synth/regime=easy/d=10/num_cycles=4/density=0.5/samp_size=500/seed=2/method=lacerda_repare/metrics.csv; Input files updated by another job: results/synth/regime=easy/d=10/num_cycles=4/density=0.5/samp_size=500/seed=2/method=lacerda_repare/model.pkl
    wildcards: regime=easy, d=10, num_cycles=4, density=0.5, samp_size=500, seed=2, method=lacerda_repare
    resources: tmpdir=/tmp
Select jobs to execute...
[Wed Apr 29 11:29:53 2026]
Finished jobid: 78 (Rule: synth_fit)
308 of 651 steps (47%) done
Execute 1 jobs...
[Wed Apr 29 11:29:53 2026]
localrule synth_evaluate:
    input: results/synth/regime=easy/d=10/num_cycles=4/density=0.8/samp_size=1000/seed=1/dataset.npz, results/synth/regime=easy/d=10/num_cycles=4/density=0.8/samp_size=1000/seed=1/method=lacerda_prune/model.pkl
    output: results/synth/regime=easy/d=10/num_cycles=4/density=0.8/samp_size=1000/seed=1/method=lacerda_prune/metrics.csv
    jobid: 153
    reason: Missing output files: results/synth/regime=easy/d=10/num_cycles=4/density=0.8/samp_size=1000/seed=1/method=lacerda_prune/metrics.csv; Input files updated by another job: results/synth/regime=easy/d=10/num_cycles=4/density=0.8/samp_size=1000/seed=1/method=lacerda_prune/model.pkl
    wildcards: regime=easy, d=10, num_cycles=4, density=0.8, samp_size=1000, seed=1, method=lacerda_prune
    resources: tmpdir=/tmp
Select jobs to execute...
[Wed Apr 29 11:29:53 2026]
Finished jobid: 642 (Rule: synth_fit)
309 of 651 steps (47%) done
Execute 1 jobs...
[Wed Apr 29 11:29:53 2026]
localrule synth_fit:
    input: results/synth/regime=easy/d=10/num_cycles=4/density=0.3/samp_size=50/seed=1/dataset.npz
    output: results/synth/regime=easy/d=10/num_cycles=4/density=0.3/samp_size=50/seed=1/method=lacerda/model.pkl
    jobid: 295
    reason: Code has changed since last execution
    wildcards: regime=easy, d=10, num_cycles=4, density=0.3, samp_size=50, seed=1, method=lacerda
    resources: tmpdir=/tmp
Select jobs to execute...
[Wed Apr 29 11:29:54 2026]
Finished jobid: 609 (Rule: synth_evaluate)
310 of 651 steps (48%) done
Execute 1 jobs...
[Wed Apr 29 11:29:54 2026]
localrule synth_evaluate:
    input: results/synth/regime=easy/d=10/num_cycles=5/density=0.8/samp_size=1000/seed=0/dataset.npz, results/synth/regime=easy/d=10/num_cycles=5/density=0.8/samp_size=1000/seed=0/method=lacerda_prune/model.pkl
    output: results/synth/regime=easy/d=10/num_cycles=5/density=0.8/samp_size=1000/seed=0/method=lacerda_prune/metrics.csv
    jobid: 175
    reason: Missing output files: results/synth/regime=easy/d=10/num_cycles=5/density=0.8/samp_size=1000/seed=0/method=lacerda_prune/metrics.csv; Input files updated by another job: results/synth/regime=easy/d=10/num_cycles=5/density=0.8/samp_size=1000/seed=0/method=lacerda_prune/model.pkl
    wildcards: regime=easy, d=10, num_cycles=5, density=0.8, samp_size=1000, seed=0, method=lacerda_prune
    resources: tmpdir=/tmp
Select jobs to execute...
[Wed Apr 29 11:29:54 2026]
Finished jobid: 28 (Rule: synth_evaluate)
311 of 651 steps (48%) done
Execute 1 jobs...
[Wed Apr 29 11:29:54 2026]
localrule synth_evaluate:
    input: results/synth/regime=easy/d=10/num_cycles=5/density=0.5/samp_size=500/seed=1/dataset.npz, results/synth/regime=easy/d=10/num_cycles=5/density=0.5/samp_size=500/seed=1/method=lacerda_repare/model.pkl
    output: results/synth/regime=easy/d=10/num_cycles=5/density=0.5/samp_size=500/seed=1/method=lacerda_repare/metrics.csv
    jobid: 749
    reason: Missing output files: results/synth/regime=easy/d=10/num_cycles=5/density=0.5/samp_size=500/seed=1/method=lacerda_repare/metrics.csv; Input files updated by another job: results/synth/regime=easy/d=10/num_cycles=5/density=0.5/samp_size=500/seed=1/method=lacerda_repare/model.pkl
    wildcards: regime=easy, d=10, num_cycles=5, density=0.5, samp_size=500, seed=1, method=lacerda_repare
    resources: tmpdir=/tmp
Select jobs to execute...
[Wed Apr 29 11:29:54 2026]
Finished jobid: 513 (Rule: synth_evaluate)
312 of 651 steps (48%) done
Execute 1 jobs...
[Wed Apr 29 11:29:54 2026]
localrule synth_evaluate:
    input: results/synth/regime=easy/d=10/num_cycles=4/density=0.3/samp_size=500/seed=2/dataset.npz, results/synth/regime=easy/d=10/num_cycles=4/density=0.3/samp_size=500/seed=2/method=lacerda_prune/model.pkl
    output: results/synth/regime=easy/d=10/num_cycles=4/density=0.3/samp_size=500/seed=2/method=lacerda_prune/metrics.csv
    jobid: 402
    reason: Missing output files: results/synth/regime=easy/d=10/num_cycles=4/density=0.3/samp_size=500/seed=2/method=lacerda_prune/metrics.csv; Input files updated by another job: results/synth/regime=easy/d=10/num_cycles=4/density=0.3/samp_size=500/seed=2/method=lacerda_prune/model.pkl
    wildcards: regime=easy, d=10, num_cycles=4, density=0.3, samp_size=500, seed=2, method=lacerda_prune
    resources: tmpdir=/tmp
Select jobs to execute...
[Wed Apr 29 11:29:54 2026]
Finished jobid: 629 (Rule: synth_evaluate)
313 of 651 steps (48%) done
Execute 1 jobs...
[Wed Apr 29 11:29:54 2026]
localrule synth_fit:
    input: results/synth/regime=easy/d=10/num_cycles=4/density=0.3/samp_size=100/seed=0/dataset.npz
    output: results/synth/regime=easy/d=10/num_cycles=4/density=0.3/samp_size=100/seed=0/method=lacerda_prune/model.pkl
    jobid: 393
    reason: Missing output files: results/synth/regime=easy/d=10/num_cycles=4/density=0.3/samp_size=100/seed=0/method=lacerda_prune/model.pkl
    wildcards: regime=easy, d=10, num_cycles=4, density=0.3, samp_size=100, seed=0, method=lacerda_prune
    resources: tmpdir=/tmp
[Wed Apr 29 11:29:54 2026]
Finished jobid: 727 (Rule: synth_evaluate)
314 of 651 steps (48%) done
Select jobs to execute...
Execute 1 jobs...
[Wed Apr 29 11:29:54 2026]
localrule synth_evaluate:
    input: results/synth/regime=easy/d=10/num_cycles=3/density=0.8/samp_size=100/seed=1/dataset.npz, results/synth/regime=easy/d=10/num_cycles=3/density=0.8/samp_size=100/seed=1/method=lacerda_prune/model.pkl
    output: results/synth/regime=easy/d=10/num_cycles=3/density=0.8/samp_size=100/seed=1/method=lacerda_prune/metrics.csv
    jobid: 117
    reason: Missing output files: results/synth/regime=easy/d=10/num_cycles=3/density=0.8/samp_size=100/seed=1/method=lacerda_prune/metrics.csv; Input files updated by another job: results/synth/regime=easy/d=10/num_cycles=3/density=0.8/samp_size=100/seed=1/method=lacerda_prune/model.pkl
    wildcards: regime=easy, d=10, num_cycles=3, density=0.8, samp_size=100, seed=1, method=lacerda_prune
    resources: tmpdir=/tmp
Select jobs to execute...
[Wed Apr 29 11:29:54 2026]
Finished jobid: 153 (Rule: synth_evaluate)
315 of 651 steps (48%) done
Execute 1 jobs...
[Wed Apr 29 11:29:54 2026]
localrule synth_fit:
    input: results/synth/regime=easy/d=10/num_cycles=4/density=0.5/samp_size=100/seed=0/dataset.npz
    output: results/synth/regime=easy/d=10/num_cycles=4/density=0.5/samp_size=100/seed=0/method=lacerda/model.pkl
    jobid: 554
    reason: Code has changed since last execution
    wildcards: regime=easy, d=10, num_cycles=4, density=0.5, samp_size=100, seed=0, method=lacerda
    resources: tmpdir=/tmp
Select jobs to execute...
[Wed Apr 29 11:29:54 2026]
Finished jobid: 295 (Rule: synth_fit)
316 of 651 steps (49%) done
Execute 1 jobs...
[Wed Apr 29 11:29:54 2026]
localrule synth_fit:
    input: results/synth/regime=easy/d=10/num_cycles=5/density=0.3/samp_size=500/seed=2/dataset.npz
    output: results/synth/regime=easy/d=10/num_cycles=5/density=0.3/samp_size=500/seed=2/method=lacerda_prune/model.pkl
    jobid: 427
    reason: Missing output files: results/synth/regime=easy/d=10/num_cycles=5/density=0.3/samp_size=500/seed=2/method=lacerda_prune/model.pkl
    wildcards: regime=easy, d=10, num_cycles=5, density=0.3, samp_size=500, seed=2, method=lacerda_prune
    resources: tmpdir=/tmp
Select jobs to execute...
[Wed Apr 29 11:29:54 2026]
Finished jobid: 175 (Rule: synth_evaluate)
317 of 651 steps (49%) done
Execute 1 jobs...
[Wed Apr 29 11:29:54 2026]
localrule synth_fit:
    input: results/synth/regime=easy/d=10/num_cycles=3/density=0.8/samp_size=1000/seed=0/dataset.npz
    output: results/synth/regime=easy/d=10/num_cycles=3/density=0.8/samp_size=1000/seed=0/method=lacerda_repare/model.pkl
    jobid: 200
    reason: Missing output files: results/synth/regime=easy/d=10/num_cycles=3/density=0.8/samp_size=1000/seed=0/method=lacerda_repare/model.pkl
    wildcards: regime=easy, d=10, num_cycles=3, density=0.8, samp_size=1000, seed=0, method=lacerda_repare
    resources: tmpdir=/tmp
Select jobs to execute...
[Wed Apr 29 11:29:54 2026]
Finished jobid: 749 (Rule: synth_evaluate)
318 of 651 steps (49%) done
Execute 1 jobs...
[Wed Apr 29 11:29:54 2026]
localrule synth_evaluate:
    input: results/synth/regime=easy/d=10/num_cycles=3/density=0.5/samp_size=50/seed=2/dataset.npz, results/synth/regime=easy/d=10/num_cycles=3/density=0.5/samp_size=50/seed=2/method=lacerda_repare/model.pkl
    output: results/synth/regime=easy/d=10/num_cycles=3/density=0.5/samp_size=50/seed=2/method=lacerda_repare/metrics.csv
    jobid: 691
    reason: Missing output files: results/synth/regime=easy/d=10/num_cycles=3/density=0.5/samp_size=50/seed=2/method=lacerda_repare/metrics.csv; Input files updated by another job: results/synth/regime=easy/d=10/num_cycles=3/density=0.5/samp_size=50/seed=2/method=lacerda_repare/model.pkl
    wildcards: regime=easy, d=10, num_cycles=3, density=0.5, samp_size=50, seed=2, method=lacerda_repare
    resources: tmpdir=/tmp
Select jobs to execute...
[Wed Apr 29 11:29:55 2026]
Finished jobid: 402 (Rule: synth_evaluate)
319 of 651 steps (49%) done
Execute 1 jobs...
[Wed Apr 29 11:29:55 2026]
localrule synth_evaluate:
    input: results/synth/regime=easy/d=10/num_cycles=5/density=0.8/samp_size=100/seed=1/dataset.npz, results/synth/regime=easy/d=10/num_cycles=5/density=0.8/samp_size=100/seed=1/method=lacerda_repare/model.pkl
    output: results/synth/regime=easy/d=10/num_cycles=5/density=0.8/samp_size=100/seed=1/method=lacerda_repare/metrics.csv
    jobid: 237
    reason: Missing output files: results/synth/regime=easy/d=10/num_cycles=5/density=0.8/samp_size=100/seed=1/method=lacerda_repare/metrics.csv; Input files updated by another job: results/synth/regime=easy/d=10/num_cycles=5/density=0.8/samp_size=100/seed=1/method=lacerda_repare/model.pkl
    wildcards: regime=easy, d=10, num_cycles=5, density=0.8, samp_size=100, seed=1, method=lacerda_repare
    resources: tmpdir=/tmp
Select jobs to execute...
[Wed Apr 29 11:29:55 2026]
Finished jobid: 117 (Rule: synth_evaluate)
320 of 651 steps (49%) done
Execute 1 jobs...
[Wed Apr 29 11:29:55 2026]
localrule synth_fit:
    input: results/synth/regime=easy/d=10/num_cycles=5/density=0.3/samp_size=1000/seed=1/dataset.npz
    output: results/synth/regime=easy/d=10/num_cycles=5/density=0.3/samp_size=1000/seed=1/method=lacerda/model.pkl
    jobid: 358
    reason: Code has changed since last execution
    wildcards: regime=easy, d=10, num_cycles=5, density=0.3, samp_size=1000, seed=1, method=lacerda
    resources: tmpdir=/tmp
Select jobs to execute...
[Wed Apr 29 11:29:55 2026]
Finished jobid: 554 (Rule: synth_fit)
321 of 651 steps (49%) done
Execute 1 jobs...
[Wed Apr 29 11:29:55 2026]
localrule synth_evaluate:
    input: results/synth/regime=easy/d=10/num_cycles=3/density=0.5/samp_size=500/seed=2/dataset.npz, results/synth/regime=easy/d=10/num_cycles=3/density=0.5/samp_size=500/seed=2/method=lacerda_prune/model.pkl
    output: results/synth/regime=easy/d=10/num_cycles=3/density=0.5/samp_size=500/seed=2/method=lacerda_prune/metrics.csv
    jobid: 631
    reason: Missing output files: results/synth/regime=easy/d=10/num_cycles=3/density=0.5/samp_size=500/seed=2/method=lacerda_prune/metrics.csv; Input files updated by another job: results/synth/regime=easy/d=10/num_cycles=3/density=0.5/samp_size=500/seed=2/method=lacerda_prune/model.pkl
    wildcards: regime=easy, d=10, num_cycles=3, density=0.5, samp_size=500, seed=2, method=lacerda_prune
    resources: tmpdir=/tmp
Select jobs to execute...
[Wed Apr 29 11:29:55 2026]
Finished jobid: 200 (Rule: synth_fit)
322 of 651 steps (49%) done
Execute 1 jobs...
[Wed Apr 29 11:29:55 2026]
localrule synth_fit:
    input: results/synth/regime=easy/d=10/num_cycles=4/density=0.3/samp_size=500/seed=1/dataset.npz
    output: results/synth/regime=easy/d=10/num_cycles=4/density=0.3/samp_size=500/seed=1/method=lacerda/model.pkl
    jobid: 313
    reason: Code has changed since last execution
    wildcards: regime=easy, d=10, num_cycles=4, density=0.3, samp_size=500, seed=1, method=lacerda
    resources: tmpdir=/tmp
Select jobs to execute...
[Wed Apr 29 11:29:55 2026]
Finished jobid: 691 (Rule: synth_evaluate)
323 of 651 steps (50%) done
Execute 1 jobs...
[Wed Apr 29 11:29:55 2026]
localrule synth_evaluate:
    input: results/synth/regime=easy/d=10/num_cycles=3/density=0.8/samp_size=1000/seed=1/dataset.npz, results/synth/regime=easy/d=10/num_cycles=3/density=0.8/samp_size=1000/seed=1/method=lacerda/model.pkl
    output: results/synth/regime=easy/d=10/num_cycles=3/density=0.8/samp_size=1000/seed=1/method=lacerda/metrics.csv
    jobid: 31
    reason: Input files updated by another job: results/synth/regime=easy/d=10/num_cycles=3/density=0.8/samp_size=1000/seed=1/method=lacerda/model.pkl
    wildcards: regime=easy, d=10, num_cycles=3, density=0.8, samp_size=1000, seed=1, method=lacerda
    resources: tmpdir=/tmp
Select jobs to execute...
[Wed Apr 29 11:29:55 2026]
Finished jobid: 734 (Rule: synth_fit)
324 of 651 steps (50%) done
Execute 1 jobs...
[Wed Apr 29 11:29:55 2026]
localrule synth_evaluate:
    input: results/synth/regime=easy/d=10/num_cycles=4/density=0.3/samp_size=100/seed=0/dataset.npz, results/synth/regime=easy/d=10/num_cycles=4/density=0.3/samp_size=100/seed=0/method=lacerda_repare/model.pkl
    output: results/synth/regime=easy/d=10/num_cycles=4/density=0.3/samp_size=100/seed=0/method=lacerda_repare/metrics.csv
    jobid: 464
    reason: Missing output files: results/synth/regime=easy/d=10/num_cycles=4/density=0.3/samp_size=100/seed=0/method=lacerda_repare/metrics.csv; Input files updated by another job: results/synth/regime=easy/d=10/num_cycles=4/density=0.3/samp_size=100/seed=0/method=lacerda_repare/model.pkl
    wildcards: regime=easy, d=10, num_cycles=4, density=0.3, samp_size=100, seed=0, method=lacerda_repare
    resources: tmpdir=/tmp
Select jobs to execute...
[Wed Apr 29 11:29:55 2026]
Finished jobid: 237 (Rule: synth_evaluate)
325 of 651 steps (50%) done
Execute 1 jobs...
[Wed Apr 29 11:29:55 2026]
localrule synth_fit:
    input: results/synth/regime=easy/d=10/num_cycles=5/density=0.3/samp_size=100/seed=0/dataset.npz
    output: results/synth/regime=easy/d=10/num_cycles=5/density=0.3/samp_size=100/seed=0/method=lacerda_prune/model.pkl
    jobid: 417
    reason: Missing output files: results/synth/regime=easy/d=10/num_cycles=5/density=0.3/samp_size=100/seed=0/method=lacerda_prune/model.pkl
    wildcards: regime=easy, d=10, num_cycles=5, density=0.3, samp_size=100, seed=0, method=lacerda_prune
    resources: tmpdir=/tmp
Select jobs to execute...
[Wed Apr 29 11:29:55 2026]
Finished jobid: 358 (Rule: synth_fit)
326 of 651 steps (50%) done
Execute 1 jobs...
[Wed Apr 29 11:29:55 2026]
localrule synth_evaluate:
    input: results/synth/regime=easy/d=10/num_cycles=4/density=0.3/samp_size=50/seed=1/dataset.npz, results/synth/regime=easy/d=10/num_cycles=4/density=0.3/samp_size=50/seed=1/method=lacerda/model.pkl
    output: results/synth/regime=easy/d=10/num_cycles=4/density=0.3/samp_size=50/seed=1/method=lacerda/metrics.csv
    jobid: 293
    reason: Input files updated by another job: results/synth/regime=easy/d=10/num_cycles=4/density=0.3/samp_size=50/seed=1/method=lacerda/model.pkl
    wildcards: regime=easy, d=10, num_cycles=4, density=0.3, samp_size=50, seed=1, method=lacerda
    resources: tmpdir=/tmp
Select jobs to execute...
[Wed Apr 29 11:29:55 2026]
Finished jobid: 393 (Rule: synth_fit)
327 of 651 steps (50%) done
Execute 1 jobs...
[Wed Apr 29 11:29:55 2026]
localrule synth_evaluate:
    input: results/synth/regime=easy/d=10/num_cycles=4/density=0.3/samp_size=100/seed=0/dataset.npz, results/synth/regime=easy/d=10/num_cycles=4/density=0.3/samp_size=100/seed=0/method=lacerda_prune/model.pkl
    output: results/synth/regime=easy/d=10/num_cycles=4/density=0.3/samp_size=100/seed=0/method=lacerda_prune/metrics.csv
    jobid: 392
    reason: Missing output files: results/synth/regime=easy/d=10/num_cycles=4/density=0.3/samp_size=100/seed=0/method=lacerda_prune/metrics.csv; Input files updated by another job: results/synth/regime=easy/d=10/num_cycles=4/density=0.3/samp_size=100/seed=0/method=lacerda_prune/model.pkl
    wildcards: regime=easy, d=10, num_cycles=4, density=0.3, samp_size=100, seed=0, method=lacerda_prune
    resources: tmpdir=/tmp
Select jobs to execute...
[Wed Apr 29 11:29:55 2026]
Finished jobid: 631 (Rule: synth_evaluate)
328 of 651 steps (50%) done
Execute 1 jobs...
[Wed Apr 29 11:29:55 2026]
localrule synth_evaluate:
    input: results/synth/regime=easy/d=10/num_cycles=5/density=0.8/samp_size=1000/seed=1/dataset.npz, results/synth/regime=easy/d=10/num_cycles=5/density=0.8/samp_size=1000/seed=1/method=lacerda_prune/model.pkl
    output: results/synth/regime=easy/d=10/num_cycles=5/density=0.8/samp_size=1000/seed=1/method=lacerda_prune/metrics.csv
    jobid: 177
    reason: Missing output files: results/synth/regime=easy/d=10/num_cycles=5/density=0.8/samp_size=1000/seed=1/method=lacerda_prune/metrics.csv; Input files updated by another job: results/synth/regime=easy/d=10/num_cycles=5/density=0.8/samp_size=1000/seed=1/method=lacerda_prune/model.pkl
    wildcards: regime=easy, d=10, num_cycles=5, density=0.8, samp_size=1000, seed=1, method=lacerda_prune
    resources: tmpdir=/tmp
Select jobs to execute...
[Wed Apr 29 11:29:56 2026]
Finished jobid: 313 (Rule: synth_fit)
329 of 651 steps (51%) done
Execute 1 jobs...
[Wed Apr 29 11:29:56 2026]
localrule synth_evaluate:
    input: results/synth/regime=easy/d=10/num_cycles=4/density=0.3/samp_size=500/seed=1/dataset.npz, results/synth/regime=easy/d=10/num_cycles=4/density=0.3/samp_size=500/seed=1/method=lacerda/model.pkl
    output: results/synth/regime=easy/d=10/num_cycles=4/density=0.3/samp_size=500/seed=1/method=lacerda/metrics.csv
    jobid: 311
    reason: Input files updated by another job: results/synth/regime=easy/d=10/num_cycles=4/density=0.3/samp_size=500/seed=1/method=lacerda/model.pkl
    wildcards: regime=easy, d=10, num_cycles=4, density=0.3, samp_size=500, seed=1, method=lacerda
    resources: tmpdir=/tmp
Select jobs to execute...
[Wed Apr 29 11:29:56 2026]
Finished jobid: 427 (Rule: synth_fit)
330 of 651 steps (51%) done
Execute 1 jobs...
[Wed Apr 29 11:29:56 2026]
localrule synth_evaluate:
    input: results/synth/regime=easy/d=10/num_cycles=4/density=0.5/samp_size=1000/seed=2/dataset.npz, results/synth/regime=easy/d=10/num_cycles=4/density=0.5/samp_size=1000/seed=2/method=lacerda_repare/model.pkl
    output: results/synth/regime=easy/d=10/num_cycles=4/density=0.5/samp_size=1000/seed=2/method=lacerda_repare/metrics.csv
    jobid: 733
    reason: Missing output files: results/synth/regime=easy/d=10/num_cycles=4/density=0.5/samp_size=1000/seed=2/method=lacerda_repare/metrics.csv; Input files updated by another job: results/synth/regime=easy/d=10/num_cycles=4/density=0.5/samp_size=1000/seed=2/method=lacerda_repare/model.pkl
    wildcards: regime=easy, d=10, num_cycles=4, density=0.5, samp_size=1000, seed=2, method=lacerda_repare
    resources: tmpdir=/tmp
Select jobs to execute...
[Wed Apr 29 11:29:56 2026]
Finished jobid: 31 (Rule: synth_evaluate)
331 of 651 steps (51%) done
Execute 1 jobs...
[Wed Apr 29 11:29:56 2026]
localrule synth_fit:
    input: results/synth/regime=easy/d=10/num_cycles=3/density=0.3/samp_size=1000/seed=1/dataset.npz
    output: results/synth/regime=easy/d=10/num_cycles=3/density=0.3/samp_size=1000/seed=1/method=lacerda/model.pkl
    jobid: 286
    reason: Code has changed since last execution
    wildcards: regime=easy, d=10, num_cycles=3, density=0.3, samp_size=1000, seed=1, method=lacerda
    resources: tmpdir=/tmp
Select jobs to execute...
[Wed Apr 29 11:29:56 2026]
Finished jobid: 464 (Rule: synth_evaluate)
332 of 651 steps (51%) done
Execute 1 jobs...
[Wed Apr 29 11:29:56 2026]
localrule synth_evaluate:
    input: results/synth/regime=easy/d=10/num_cycles=5/density=0.5/samp_size=500/seed=2/dataset.npz, results/synth/regime=easy/d=10/num_cycles=5/density=0.5/samp_size=500/seed=2/method=lacerda_repare/model.pkl
    output: results/synth/regime=easy/d=10/num_cycles=5/density=0.5/samp_size=500/seed=2/method=lacerda_repare/metrics.csv
    jobid: 751
    reason: Missing output files: results/synth/regime=easy/d=10/num_cycles=5/density=0.5/samp_size=500/seed=2/method=lacerda_repare/metrics.csv; Input files updated by another job: results/synth/regime=easy/d=10/num_cycles=5/density=0.5/samp_size=500/seed=2/method=lacerda_repare/model.pkl
    wildcards: regime=easy, d=10, num_cycles=5, density=0.5, samp_size=500, seed=2, method=lacerda_repare
    resources: tmpdir=/tmp
Select jobs to execute...
[Wed Apr 29 11:29:56 2026]
Finished jobid: 293 (Rule: synth_evaluate)
333 of 651 steps (51%) done
Execute 1 jobs...
[Wed Apr 29 11:29:56 2026]
localrule synth_fit:
    input: results/synth/regime=easy/d=10/num_cycles=5/density=0.3/samp_size=500/seed=0/dataset.npz
    output: results/synth/regime=easy/d=10/num_cycles=5/density=0.3/samp_size=500/seed=0/method=lacerda_repare/model.pkl
    jobid: 495
    reason: Missing output files: results/synth/regime=easy/d=10/num_cycles=5/density=0.3/samp_size=500/seed=0/method=lacerda_repare/model.pkl
    wildcards: regime=easy, d=10, num_cycles=5, density=0.3, samp_size=500, seed=0, method=lacerda_repare
    resources: tmpdir=/tmp
Select jobs to execute...
[Wed Apr 29 11:29:56 2026]
Finished jobid: 392 (Rule: synth_evaluate)
334 of 651 steps (51%) done
Execute 1 jobs...
[Wed Apr 29 11:29:56 2026]
localrule synth_evaluate:
    input: results/synth/regime=easy/d=10/num_cycles=4/density=0.3/samp_size=1000/seed=0/dataset.npz, results/synth/regime=easy/d=10/num_cycles=4/density=0.3/samp_size=1000/seed=0/method=lacerda_prune/model.pkl
    output: results/synth/regime=easy/d=10/num_cycles=4/density=0.3/samp_size=1000/seed=0/method=lacerda_prune/metrics.csv
    jobid: 404
    reason: Missing output files: results/synth/regime=easy/d=10/num_cycles=4/density=0.3/samp_size=1000/seed=0/method=lacerda_prune/metrics.csv; Input files updated by another job: results/synth/regime=easy/d=10/num_cycles=4/density=0.3/samp_size=1000/seed=0/method=lacerda_prune/model.pkl
    wildcards: regime=easy, d=10, num_cycles=4, density=0.3, samp_size=1000, seed=0, method=lacerda_prune
    resources: tmpdir=/tmp
Select jobs to execute...
[Wed Apr 29 11:29:56 2026]
Finished jobid: 177 (Rule: synth_evaluate)
335 of 651 steps (51%) done
Execute 1 jobs...
[Wed Apr 29 11:29:56 2026]
localrule synth_evaluate:
    input: results/synth/regime=easy/d=10/num_cycles=5/density=0.3/samp_size=50/seed=1/dataset.npz, results/synth/regime=easy/d=10/num_cycles=5/density=0.3/samp_size=50/seed=1/method=lacerda_prune/model.pkl
    output: results/synth/regime=easy/d=10/num_cycles=5/density=0.3/samp_size=50/seed=1/method=lacerda_prune/metrics.csv
    jobid: 412
    reason: Missing output files: results/synth/regime=easy/d=10/num_cycles=5/density=0.3/samp_size=50/seed=1/method=lacerda_prune/metrics.csv; Input files updated by another job: results/synth/regime=easy/d=10/num_cycles=5/density=0.3/samp_size=50/seed=1/method=lacerda_prune/model.pkl
    wildcards: regime=easy, d=10, num_cycles=5, density=0.3, samp_size=50, seed=1, method=lacerda_prune
    resources: tmpdir=/tmp
Select jobs to execute...
[Wed Apr 29 11:29:56 2026]
Finished jobid: 311 (Rule: synth_evaluate)
336 of 651 steps (52%) done
Execute 1 jobs...
[Wed Apr 29 11:29:56 2026]
localrule synth_fit:
    input: results/synth/regime=easy/d=10/num_cycles=4/density=0.5/samp_size=100/seed=0/dataset.npz
    output: results/synth/regime=easy/d=10/num_cycles=4/density=0.5/samp_size=100/seed=0/method=lacerda_repare/model.pkl
    jobid: 718
    reason: Missing output files: results/synth/regime=easy/d=10/num_cycles=4/density=0.5/samp_size=100/seed=0/method=lacerda_repare/model.pkl
    wildcards: regime=easy, d=10, num_cycles=4, density=0.5, samp_size=100, seed=0, method=lacerda_repare
    resources: tmpdir=/tmp
Select jobs to execute...
[Wed Apr 29 11:29:56 2026]
Finished jobid: 733 (Rule: synth_evaluate)
337 of 651 steps (52%) done
Execute 1 jobs...
[Wed Apr 29 11:29:56 2026]
localrule synth_evaluate:
    input: results/synth/regime=easy/d=10/num_cycles=3/density=0.3/samp_size=500/seed=2/dataset.npz, results/synth/regime=easy/d=10/num_cycles=3/density=0.3/samp_size=500/seed=2/method=lacerda_prune/model.pkl
    output: results/synth/regime=easy/d=10/num_cycles=3/density=0.3/samp_size=500/seed=2/method=lacerda_prune/metrics.csv
    jobid: 378
    reason: Missing output files: results/synth/regime=easy/d=10/num_cycles=3/density=0.3/samp_size=500/seed=2/method=lacerda_prune/metrics.csv; Input files updated by another job: results/synth/regime=easy/d=10/num_cycles=3/density=0.3/samp_size=500/seed=2/method=lacerda_prune/model.pkl
    wildcards: regime=easy, d=10, num_cycles=3, density=0.3, samp_size=500, seed=2, method=lacerda_prune
    resources: tmpdir=/tmp
Select jobs to execute...
[Wed Apr 29 11:29:56 2026]
Finished jobid: 286 (Rule: synth_fit)
338 of 651 steps (52%) done
Execute 1 jobs...
[Wed Apr 29 11:29:56 2026]
localrule synth_evaluate:
    input: results/synth/regime=easy/d=10/num_cycles=4/density=0.5/samp_size=500/seed=1/dataset.npz, results/synth/regime=easy/d=10/num_cycles=4/density=0.5/samp_size=500/seed=1/method=lacerda_repare/model.pkl
    output: results/synth/regime=easy/d=10/num_cycles=4/density=0.5/samp_size=500/seed=1/method=lacerda_repare/metrics.csv
    jobid: 725
    reason: Missing output files: results/synth/regime=easy/d=10/num_cycles=4/density=0.5/samp_size=500/seed=1/method=lacerda_repare/metrics.csv; Input files updated by another job: results/synth/regime=easy/d=10/num_cycles=4/density=0.5/samp_size=500/seed=1/method=lacerda_repare/model.pkl
    wildcards: regime=easy, d=10, num_cycles=4, density=0.5, samp_size=500, seed=1, method=lacerda_repare
    resources: tmpdir=/tmp
Select jobs to execute...
[Wed Apr 29 11:29:56 2026]
Finished jobid: 751 (Rule: synth_evaluate)
339 of 651 steps (52%) done
Execute 1 jobs...
[Wed Apr 29 11:29:56 2026]
localrule synth_fit:
    input: results/synth/regime=easy/d=10/num_cycles=4/density=0.8/samp_size=1000/seed=2/dataset.npz
    output: results/synth/regime=easy/d=10/num_cycles=4/density=0.8/samp_size=1000/seed=2/method=lacerda_prune/model.pkl
    jobid: 156
    reason: Missing output files: results/synth/regime=easy/d=10/num_cycles=4/density=0.8/samp_size=1000/seed=2/method=lacerda_prune/model.pkl
    wildcards: regime=easy, d=10, num_cycles=4, density=0.8, samp_size=1000, seed=2, method=lacerda_prune
    resources: tmpdir=/tmp
Select jobs to execute...
[Wed Apr 29 11:29:57 2026]
Finished jobid: 404 (Rule: synth_evaluate)
340 of 651 steps (52%) done
Execute 1 jobs...
[Wed Apr 29 11:29:57 2026]
localrule synth_evaluate:
    input: results/synth/regime=easy/d=10/num_cycles=5/density=0.3/samp_size=500/seed=2/dataset.npz, results/synth/regime=easy/d=10/num_cycles=5/density=0.3/samp_size=500/seed=2/method=lacerda_repare/model.pkl
    output: results/synth/regime=easy/d=10/num_cycles=5/density=0.3/samp_size=500/seed=2/method=lacerda_repare/metrics.csv
    jobid: 498
    reason: Missing output files: results/synth/regime=easy/d=10/num_cycles=5/density=0.3/samp_size=500/seed=2/method=lacerda_repare/metrics.csv; Input files updated by another job: results/synth/regime=easy/d=10/num_cycles=5/density=0.3/samp_size=500/seed=2/method=lacerda_repare/model.pkl
    wildcards: regime=easy, d=10, num_cycles=5, density=0.3, samp_size=500, seed=2, method=lacerda_repare
    resources: tmpdir=/tmp
Select jobs to execute...
[Wed Apr 29 11:29:57 2026]
Finished jobid: 417 (Rule: synth_fit)
341 of 651 steps (52%) done
Execute 1 jobs...
[Wed Apr 29 11:29:57 2026]
localrule synth_fit:
    input: results/synth/regime=easy/d=10/num_cycles=5/density=0.5/samp_size=500/seed=1/dataset.npz
    output: results/synth/regime=easy/d=10/num_cycles=5/density=0.5/samp_size=500/seed=1/method=lacerda_prune/model.pkl
    jobid: 678
    reason: Missing output files: results/synth/regime=easy/d=10/num_cycles=5/density=0.5/samp_size=500/seed=1/method=lacerda_prune/model.pkl
    wildcards: regime=easy, d=10, num_cycles=5, density=0.5, samp_size=500, seed=1, method=lacerda_prune
    resources: tmpdir=/tmp
Select jobs to execute...
[Wed Apr 29 11:29:57 2026]
Finished jobid: 412 (Rule: synth_evaluate)
342 of 651 steps (53%) done
Execute 1 jobs...
[Wed Apr 29 11:29:57 2026]
localrule synth_fit:
    input: results/synth/regime=easy/d=10/num_cycles=4/density=0.5/samp_size=1000/seed=0/dataset.npz
    output: results/synth/regime=easy/d=10/num_cycles=4/density=0.5/samp_size=1000/seed=0/method=lacerda_repare/model.pkl
    jobid: 730
    reason: Missing output files: results/synth/regime=easy/d=10/num_cycles=4/density=0.5/samp_size=1000/seed=0/method=lacerda_repare/model.pkl
    wildcards: regime=easy, d=10, num_cycles=4, density=0.5, samp_size=1000, seed=0, method=lacerda_repare
    resources: tmpdir=/tmp
Select jobs to execute...
[Wed Apr 29 11:29:57 2026]
Finished jobid: 378 (Rule: synth_evaluate)
343 of 651 steps (53%) done
Execute 1 jobs...
[Wed Apr 29 11:29:57 2026]
localrule synth_fit:
    input: results/synth/regime=easy/d=10/num_cycles=4/density=0.8/samp_size=1000/seed=0/dataset.npz
    output: results/synth/regime=easy/d=10/num_cycles=4/density=0.8/samp_size=1000/seed=0/method=lacerda_repare/model.pkl
    jobid: 224
    reason: Missing output files: results/synth/regime=easy/d=10/num_cycles=4/density=0.8/samp_size=1000/seed=0/method=lacerda_repare/model.pkl
    wildcards: regime=easy, d=10, num_cycles=4, density=0.8, samp_size=1000, seed=0, method=lacerda_repare
    resources: tmpdir=/tmp
Select jobs to execute...
[Wed Apr 29 11:29:57 2026]
Finished jobid: 725 (Rule: synth_evaluate)
344 of 651 steps (53%) done
Execute 1 jobs...
[Wed Apr 29 11:29:57 2026]
localrule synth_evaluate:
    input: results/synth/regime=easy/d=10/num_cycles=4/density=0.3/samp_size=50/seed=2/dataset.npz, results/synth/regime=easy/d=10/num_cycles=4/density=0.3/samp_size=50/seed=2/method=lacerda/model.pkl
    output: results/synth/regime=easy/d=10/num_cycles=4/density=0.3/samp_size=50/seed=2/method=lacerda/metrics.csv
    jobid: 296
    reason: Input files updated by another job: results/synth/regime=easy/d=10/num_cycles=4/density=0.3/samp_size=50/seed=2/method=lacerda/model.pkl
    wildcards: regime=easy, d=10, num_cycles=4, density=0.3, samp_size=50, seed=2, method=lacerda
    resources: tmpdir=/tmp
Select jobs to execute...
[Wed Apr 29 11:29:57 2026]
Finished jobid: 156 (Rule: synth_fit)
345 of 651 steps (53%) done
Execute 1 jobs...
[Wed Apr 29 11:29:57 2026]
localrule synth_evaluate:
    input: results/synth/regime=easy/d=10/num_cycles=4/density=0.8/samp_size=1000/seed=2/dataset.npz, results/synth/regime=easy/d=10/num_cycles=4/density=0.8/samp_size=1000/seed=2/method=lacerda_prune/model.pkl
    output: results/synth/regime=easy/d=10/num_cycles=4/density=0.8/samp_size=1000/seed=2/method=lacerda_prune/metrics.csv
    jobid: 155
    reason: Missing output files: results/synth/regime=easy/d=10/num_cycles=4/density=0.8/samp_size=1000/seed=2/method=lacerda_prune/metrics.csv; Input files updated by another job: results/synth/regime=easy/d=10/num_cycles=4/density=0.8/samp_size=1000/seed=2/method=lacerda_prune/model.pkl
    wildcards: regime=easy, d=10, num_cycles=4, density=0.8, samp_size=1000, seed=2, method=lacerda_prune
    resources: tmpdir=/tmp
Select jobs to execute...
[Wed Apr 29 11:29:57 2026]
Finished jobid: 498 (Rule: synth_evaluate)
346 of 651 steps (53%) done
Execute 1 jobs...
[Wed Apr 29 11:29:57 2026]
localrule synth_fit:
    input: results/synth/regime=easy/d=10/num_cycles=3/density=0.8/samp_size=100/seed=2/dataset.npz
    output: results/synth/regime=easy/d=10/num_cycles=3/density=0.8/samp_size=100/seed=2/method=lacerda_repare/model.pkl
    jobid: 192
    reason: Missing output files: results/synth/regime=easy/d=10/num_cycles=3/density=0.8/samp_size=100/seed=2/method=lacerda_repare/model.pkl
    wildcards: regime=easy, d=10, num_cycles=3, density=0.8, samp_size=100, seed=2, method=lacerda_repare
    resources: tmpdir=/tmp
Select jobs to execute...
[Wed Apr 29 11:29:57 2026]
Finished jobid: 718 (Rule: synth_fit)
347 of 651 steps (53%) done
Execute 1 jobs...
[Wed Apr 29 11:29:57 2026]
localrule synth_fit:
    input: results/synth/regime=easy/d=10/num_cycles=3/density=0.3/samp_size=500/seed=2/dataset.npz
    output: results/synth/regime=easy/d=10/num_cycles=3/density=0.3/samp_size=500/seed=2/method=lacerda_repare/model.pkl
    jobid: 451
    reason: Missing output files: results/synth/regime=easy/d=10/num_cycles=3/density=0.3/samp_size=500/seed=2/method=lacerda_repare/model.pkl
    wildcards: regime=easy, d=10, num_cycles=3, density=0.3, samp_size=500, seed=2, method=lacerda_repare
    resources: tmpdir=/tmp
Select jobs to execute...
[Wed Apr 29 11:29:58 2026]
Finished jobid: 224 (Rule: synth_fit)
348 of 651 steps (53%) done
Execute 1 jobs...
[Wed Apr 29 11:29:58 2026]
localrule synth_evaluate:
    input: results/synth/regime=easy/d=10/num_cycles=4/density=0.8/samp_size=1000/seed=0/dataset.npz, results/synth/regime=easy/d=10/num_cycles=4/density=0.8/samp_size=1000/seed=0/method=lacerda_repare/model.pkl
    output: results/synth/regime=easy/d=10/num_cycles=4/density=0.8/samp_size=1000/seed=0/method=lacerda_repare/metrics.csv
    jobid: 223
    reason: Missing output files: results/synth/regime=easy/d=10/num_cycles=4/density=0.8/samp_size=1000/seed=0/method=lacerda_repare/metrics.csv; Input files updated by another job: results/synth/regime=easy/d=10/num_cycles=4/density=0.8/samp_size=1000/seed=0/method=lacerda_repare/model.pkl
    wildcards: regime=easy, d=10, num_cycles=4, density=0.8, samp_size=1000, seed=0, method=lacerda_repare
    resources: tmpdir=/tmp
Select jobs to execute...
[Wed Apr 29 11:29:58 2026]
Finished jobid: 495 (Rule: synth_fit)
349 of 651 steps (54%) done
Execute 1 jobs...
[Wed Apr 29 11:29:58 2026]
localrule synth_fit:
    input: results/synth/regime=easy/d=10/num_cycles=5/density=0.8/samp_size=1000/seed=1/dataset.npz
    output: results/synth/regime=easy/d=10/num_cycles=5/density=0.8/samp_size=1000/seed=1/method=lacerda/model.pkl
    jobid: 105
    reason: Code has changed since last execution
    wildcards: regime=easy, d=10, num_cycles=5, density=0.8, samp_size=1000, seed=1, method=lacerda
    resources: tmpdir=/tmp
Select jobs to execute...
[Wed Apr 29 11:29:58 2026]
Finished jobid: 296 (Rule: synth_evaluate)
350 of 651 steps (54%) done
Execute 1 jobs...
[Wed Apr 29 11:29:58 2026]
localrule synth_fit:
    input: results/synth/regime=easy/d=10/num_cycles=5/density=0.3/samp_size=100/seed=1/dataset.npz
    output: results/synth/regime=easy/d=10/num_cycles=5/density=0.3/samp_size=100/seed=1/method=lacerda_prune/model.pkl
    jobid: 419
    reason: Missing output files: results/synth/regime=easy/d=10/num_cycles=5/density=0.3/samp_size=100/seed=1/method=lacerda_prune/model.pkl
    wildcards: regime=easy, d=10, num_cycles=5, density=0.3, samp_size=100, seed=1, method=lacerda_prune
    resources: tmpdir=/tmp
Select jobs to execute...
[Wed Apr 29 11:29:58 2026]
Finished jobid: 155 (Rule: synth_evaluate)
351 of 651 steps (54%) done
Execute 1 jobs...
[Wed Apr 29 11:29:58 2026]
localrule synth_evaluate:
    input: results/synth/regime=easy/d=10/num_cycles=3/density=0.5/samp_size=100/seed=0/dataset.npz, results/synth/regime=easy/d=10/num_cycles=3/density=0.5/samp_size=100/seed=0/method=lacerda_repare/model.pkl
    output: results/synth/regime=easy/d=10/num_cycles=3/density=0.5/samp_size=100/seed=0/method=lacerda_repare/metrics.csv
    jobid: 693
    reason: Missing output files: results/synth/regime=easy/d=10/num_cycles=3/density=0.5/samp_size=100/seed=0/method=lacerda_repare/metrics.csv; Input files updated by another job: results/synth/regime=easy/d=10/num_cycles=3/density=0.5/samp_size=100/seed=0/method=lacerda_repare/model.pkl
    wildcards: regime=easy, d=10, num_cycles=3, density=0.5, samp_size=100, seed=0, method=lacerda_repare
    resources: tmpdir=/tmp
Select jobs to execute...
[Wed Apr 29 11:29:58 2026]
Finished jobid: 678 (Rule: synth_fit)
352 of 651 steps (54%) done
Execute 1 jobs...
[Wed Apr 29 11:29:58 2026]
localrule synth_evaluate:
    input: results/synth/regime=easy/d=10/num_cycles=3/density=0.8/samp_size=100/seed=2/dataset.npz, results/synth/regime=easy/d=10/num_cycles=3/density=0.8/samp_size=100/seed=2/method=lacerda_prune/model.pkl
    output: results/synth/regime=easy/d=10/num_cycles=3/density=0.8/samp_size=100/seed=2/method=lacerda_prune/metrics.csv
    jobid: 119
    reason: Missing output files: results/synth/regime=easy/d=10/num_cycles=3/density=0.8/samp_size=100/seed=2/method=lacerda_prune/metrics.csv; Input files updated by another job: results/synth/regime=easy/d=10/num_cycles=3/density=0.8/samp_size=100/seed=2/method=lacerda_prune/model.pkl
    wildcards: regime=easy, d=10, num_cycles=3, density=0.8, samp_size=100, seed=2, method=lacerda_prune
    resources: tmpdir=/tmp
Select jobs to execute...
[Wed Apr 29 11:29:58 2026]
Finished jobid: 730 (Rule: synth_fit)
353 of 651 steps (54%) done
Execute 1 jobs...
[Wed Apr 29 11:29:58 2026]
localrule synth_evaluate:
    input: results/synth/regime=easy/d=10/num_cycles=5/density=0.5/samp_size=500/seed=1/dataset.npz, results/synth/regime=easy/d=10/num_cycles=5/density=0.5/samp_size=500/seed=1/method=lacerda_prune/model.pkl
    output: results/synth/regime=easy/d=10/num_cycles=5/density=0.5/samp_size=500/seed=1/method=lacerda_prune/metrics.csv
    jobid: 677
    reason: Missing output files: results/synth/regime=easy/d=10/num_cycles=5/density=0.5/samp_size=500/seed=1/method=lacerda_prune/metrics.csv; Input files updated by another job: results/synth/regime=easy/d=10/num_cycles=5/density=0.5/samp_size=500/seed=1/method=lacerda_prune/model.pkl
    wildcards: regime=easy, d=10, num_cycles=5, density=0.5, samp_size=500, seed=1, method=lacerda_prune
    resources: tmpdir=/tmp
Select jobs to execute...
[Wed Apr 29 11:29:58 2026]
Finished jobid: 223 (Rule: synth_evaluate)
354 of 651 steps (54%) done
Execute 1 jobs...
[Wed Apr 29 11:29:58 2026]
localrule synth_evaluate:
    input: results/synth/regime=easy/d=10/num_cycles=5/density=0.8/samp_size=100/seed=2/dataset.npz, results/synth/regime=easy/d=10/num_cycles=5/density=0.8/samp_size=100/seed=2/method=lacerda_repare/model.pkl
    output: results/synth/regime=easy/d=10/num_cycles=5/density=0.8/samp_size=100/seed=2/method=lacerda_repare/metrics.csv
    jobid: 239
    reason: Missing output files: results/synth/regime=easy/d=10/num_cycles=5/density=0.8/samp_size=100/seed=2/method=lacerda_repare/metrics.csv; Input files updated by another job: results/synth/regime=easy/d=10/num_cycles=5/density=0.8/samp_size=100/seed=2/method=lacerda_repare/model.pkl
    wildcards: regime=easy, d=10, num_cycles=5, density=0.8, samp_size=100, seed=2, method=lacerda_repare
    resources: tmpdir=/tmp
Select jobs to execute...
[Wed Apr 29 11:29:58 2026]
Finished jobid: 105 (Rule: synth_fit)
355 of 651 steps (55%) done
Execute 1 jobs...
[Wed Apr 29 11:29:58 2026]
localrule synth_evaluate:
    input: results/synth/regime=easy/d=10/num_cycles=5/density=0.8/samp_size=1000/seed=1/dataset.npz, results/synth/regime=easy/d=10/num_cycles=5/density=0.8/samp_size=1000/seed=1/method=lacerda/model.pkl
    output: results/synth/regime=easy/d=10/num_cycles=5/density=0.8/samp_size=1000/seed=1/method=lacerda/metrics.csv
    jobid: 103
    reason: Input files updated by another job: results/synth/regime=easy/d=10/num_cycles=5/density=0.8/samp_size=1000/seed=1/method=lacerda/model.pkl
    wildcards: regime=easy, d=10, num_cycles=5, density=0.8, samp_size=1000, seed=1, method=lacerda
    resources: tmpdir=/tmp
Select jobs to execute...
[Wed Apr 29 11:29:58 2026]
Finished jobid: 693 (Rule: synth_evaluate)
356 of 651 steps (55%) done
Execute 1 jobs...
[Wed Apr 29 11:29:58 2026]
localrule synth_evaluate:
    input: results/synth/regime=easy/d=10/num_cycles=4/density=0.5/samp_size=1000/seed=0/dataset.npz, results/synth/regime=easy/d=10/num_cycles=4/density=0.5/samp_size=1000/seed=0/method=lacerda_repare/model.pkl
    output: results/synth/regime=easy/d=10/num_cycles=4/density=0.5/samp_size=1000/seed=0/method=lacerda_repare/metrics.csv
    jobid: 729
    reason: Missing output files: results/synth/regime=easy/d=10/num_cycles=4/density=0.5/samp_size=1000/seed=0/method=lacerda_repare/metrics.csv; Input files updated by another job: results/synth/regime=easy/d=10/num_cycles=4/density=0.5/samp_size=1000/seed=0/method=lacerda_repare/model.pkl
    wildcards: regime=easy, d=10, num_cycles=4, density=0.5, samp_size=1000, seed=0, method=lacerda_repare
    resources: tmpdir=/tmp
Select jobs to execute...
[Wed Apr 29 11:29:58 2026]
Finished jobid: 192 (Rule: synth_fit)
357 of 651 steps (55%) done
Execute 1 jobs...
[Wed Apr 29 11:29:58 2026]
localrule synth_evaluate:
    input: results/synth/regime=easy/d=10/num_cycles=5/density=0.3/samp_size=100/seed=0/dataset.npz, results/synth/regime=easy/d=10/num_cycles=5/density=0.3/samp_size=100/seed=0/method=lacerda_repare/model.pkl
    output: results/synth/regime=easy/d=10/num_cycles=5/density=0.3/samp_size=100/seed=0/method=lacerda_repare/metrics.csv
    jobid: 488
    reason: Missing output files: results/synth/regime=easy/d=10/num_cycles=5/density=0.3/samp_size=100/seed=0/method=lacerda_repare/metrics.csv; Input files updated by another job: results/synth/regime=easy/d=10/num_cycles=5/density=0.3/samp_size=100/seed=0/method=lacerda_repare/model.pkl
    wildcards: regime=easy, d=10, num_cycles=5, density=0.3, samp_size=100, seed=0, method=lacerda_repare
    resources: tmpdir=/tmp
Select jobs to execute...
[Wed Apr 29 11:29:59 2026]
Finished jobid: 119 (Rule: synth_evaluate)
358 of 651 steps (55%) done
Execute 1 jobs...
[Wed Apr 29 11:29:59 2026]
localrule synth_fit:
    input: results/synth/regime=easy/d=10/num_cycles=5/density=0.8/samp_size=50/seed=2/dataset.npz
    output: results/synth/regime=easy/d=10/num_cycles=5/density=0.8/samp_size=50/seed=2/method=lacerda/model.pkl
    jobid: 81
    reason: Code has changed since last execution
    wildcards: regime=easy, d=10, num_cycles=5, density=0.8, samp_size=50, seed=2, method=lacerda
    resources: tmpdir=/tmp
Select jobs to execute...
[Wed Apr 29 11:29:59 2026]
Finished jobid: 677 (Rule: synth_evaluate)
359 of 651 steps (55%) done
Execute 1 jobs...
[Wed Apr 29 11:29:59 2026]
localrule synth_fit:
    input: results/synth/regime=easy/d=10/num_cycles=4/density=0.5/samp_size=1000/seed=0/dataset.npz
    output: results/synth/regime=easy/d=10/num_cycles=4/density=0.5/samp_size=1000/seed=0/method=lacerda/model.pkl
    jobid: 572
    reason: Code has changed since last execution
    wildcards: regime=easy, d=10, num_cycles=4, density=0.5, samp_size=1000, seed=0, method=lacerda
    resources: tmpdir=/tmp
Select jobs to execute...
[Wed Apr 29 11:29:59 2026]
Finished jobid: 239 (Rule: synth_evaluate)
360 of 651 steps (55%) done
Execute 1 jobs...
[Wed Apr 29 11:29:59 2026]
localrule synth_evaluate:
    input: results/synth/regime=easy/d=10/num_cycles=4/density=0.5/samp_size=100/seed=0/dataset.npz, results/synth/regime=easy/d=10/num_cycles=4/density=0.5/samp_size=100/seed=0/method=lacerda/model.pkl
    output: results/synth/regime=easy/d=10/num_cycles=4/density=0.5/samp_size=100/seed=0/method=lacerda/metrics.csv
    jobid: 552
    reason: Input files updated by another job: results/synth/regime=easy/d=10/num_cycles=4/density=0.5/samp_size=100/seed=0/method=lacerda/model.pkl
    wildcards: regime=easy, d=10, num_cycles=4, density=0.5, samp_size=100, seed=0, method=lacerda
    resources: tmpdir=/tmp
Select jobs to execute...
[Wed Apr 29 11:29:59 2026]
Finished jobid: 103 (Rule: synth_evaluate)
361 of 651 steps (55%) done
Execute 1 jobs...
[Wed Apr 29 11:29:59 2026]
localrule synth_evaluate:
    input: results/synth/regime=easy/d=10/num_cycles=5/density=0.3/samp_size=100/seed=1/dataset.npz, results/synth/regime=easy/d=10/num_cycles=5/density=0.3/samp_size=100/seed=1/method=lacerda/model.pkl
    output: results/synth/regime=easy/d=10/num_cycles=5/density=0.3/samp_size=100/seed=1/method=lacerda/metrics.csv
    jobid: 338
    reason: Input files updated by another job: results/synth/regime=easy/d=10/num_cycles=5/density=0.3/samp_size=100/seed=1/method=lacerda/model.pkl
    wildcards: regime=easy, d=10, num_cycles=5, density=0.3, samp_size=100, seed=1, method=lacerda
    resources: tmpdir=/tmp
Select jobs to execute...
[Wed Apr 29 11:29:59 2026]
Finished jobid: 729 (Rule: synth_evaluate)
362 of 651 steps (56%) done
Execute 1 jobs...
[Wed Apr 29 11:29:59 2026]
localrule synth_evaluate:
    input: results/synth/regime=easy/d=10/num_cycles=4/density=0.3/samp_size=100/seed=1/dataset.npz, results/synth/regime=easy/d=10/num_cycles=4/density=0.3/samp_size=100/seed=1/method=lacerda_repare/model.pkl
    output: results/synth/regime=easy/d=10/num_cycles=4/density=0.3/samp_size=100/seed=1/method=lacerda_repare/metrics.csv
    jobid: 466
    reason: Missing output files: results/synth/regime=easy/d=10/num_cycles=4/density=0.3/samp_size=100/seed=1/method=lacerda_repare/metrics.csv; Input files updated by another job: results/synth/regime=easy/d=10/num_cycles=4/density=0.3/samp_size=100/seed=1/method=lacerda_repare/model.pkl
    wildcards: regime=easy, d=10, num_cycles=4, density=0.3, samp_size=100, seed=1, method=lacerda_repare
    resources: tmpdir=/tmp
Select jobs to execute...
[Wed Apr 29 11:29:59 2026]
Finished jobid: 451 (Rule: synth_fit)
363 of 651 steps (56%) done
Execute 1 jobs...
[Wed Apr 29 11:29:59 2026]
localrule synth_evaluate:
    input: results/synth/regime=easy/d=10/num_cycles=3/density=0.3/samp_size=500/seed=2/dataset.npz, results/synth/regime=easy/d=10/num_cycles=3/density=0.3/samp_size=500/seed=2/method=lacerda_repare/model.pkl
    output: results/synth/regime=easy/d=10/num_cycles=3/density=0.3/samp_size=500/seed=2/method=lacerda_repare/metrics.csv
    jobid: 450
    reason: Missing output files: results/synth/regime=easy/d=10/num_cycles=3/density=0.3/samp_size=500/seed=2/method=lacerda_repare/metrics.csv; Input files updated by another job: results/synth/regime=easy/d=10/num_cycles=3/density=0.3/samp_size=500/seed=2/method=lacerda_repare/model.pkl
    wildcards: regime=easy, d=10, num_cycles=3, density=0.3, samp_size=500, seed=2, method=lacerda_repare
    resources: tmpdir=/tmp
Select jobs to execute...
[Wed Apr 29 11:29:59 2026]
Finished jobid: 488 (Rule: synth_evaluate)
364 of 651 steps (56%) done
Execute 1 jobs...
[Wed Apr 29 11:29:59 2026]
localrule synth_fit:
    input: results/synth/regime=easy/d=10/num_cycles=5/density=0.8/samp_size=100/seed=1/dataset.npz
    output: results/synth/regime=easy/d=10/num_cycles=5/density=0.8/samp_size=100/seed=1/method=lacerda/model.pkl
    jobid: 87
    reason: Code has changed since last execution
    wildcards: regime=easy, d=10, num_cycles=5, density=0.8, samp_size=100, seed=1, method=lacerda
    resources: tmpdir=/tmp
Select jobs to execute...
[Wed Apr 29 11:29:59 2026]
Finished jobid: 81 (Rule: synth_fit)
365 of 651 steps (56%) done
Execute 1 jobs...
[Wed Apr 29 11:29:59 2026]
localrule synth_evaluate:
    input: results/synth/regime=easy/d=10/num_cycles=5/density=0.3/samp_size=50/seed=2/dataset.npz, results/synth/regime=easy/d=10/num_cycles=5/density=0.3/samp_size=50/seed=2/method=lacerda_prune/model.pkl
    output: results/synth/regime=easy/d=10/num_cycles=5/density=0.3/samp_size=50/seed=2/method=lacerda_prune/metrics.csv
    jobid: 414
    reason: Missing output files: results/synth/regime=easy/d=10/num_cycles=5/density=0.3/samp_size=50/seed=2/method=lacerda_prune/metrics.csv; Input files updated by another job: results/synth/regime=easy/d=10/num_cycles=5/density=0.3/samp_size=50/seed=2/method=lacerda_prune/model.pkl
    wildcards: regime=easy, d=10, num_cycles=5, density=0.3, samp_size=50, seed=2, method=lacerda_prune
    resources: tmpdir=/tmp
Select jobs to execute...
[Wed Apr 29 11:29:59 2026]
Finished jobid: 572 (Rule: synth_fit)
366 of 651 steps (56%) done
Execute 1 jobs...
[Wed Apr 29 11:29:59 2026]
localrule synth_fit:
    input: results/synth/regime=easy/d=10/num_cycles=3/density=0.5/samp_size=100/seed=0/dataset.npz
    output: results/synth/regime=easy/d=10/num_cycles=3/density=0.5/samp_size=100/seed=0/method=lacerda/model.pkl
    jobid: 518
    reason: Code has changed since last execution
    wildcards: regime=easy, d=10, num_cycles=3, density=0.5, samp_size=100, seed=0, method=lacerda
    resources: tmpdir=/tmp
Select jobs to execute...
[Wed Apr 29 11:29:59 2026]
Finished jobid: 552 (Rule: synth_evaluate)
367 of 651 steps (56%) done
Execute 1 jobs...
[Wed Apr 29 11:29:59 2026]
localrule synth_evaluate:
    input: results/synth/regime=easy/d=10/num_cycles=5/density=0.3/samp_size=500/seed=2/dataset.npz, results/synth/regime=easy/d=10/num_cycles=5/density=0.3/samp_size=500/seed=2/method=lacerda_prune/model.pkl
    output: results/synth/regime=easy/d=10/num_cycles=5/density=0.3/samp_size=500/seed=2/method=lacerda_prune/metrics.csv
    jobid: 426
    reason: Missing output files: results/synth/regime=easy/d=10/num_cycles=5/density=0.3/samp_size=500/seed=2/method=lacerda_prune/metrics.csv; Input files updated by another job: results/synth/regime=easy/d=10/num_cycles=5/density=0.3/samp_size=500/seed=2/method=lacerda_prune/model.pkl
    wildcards: regime=easy, d=10, num_cycles=5, density=0.3, samp_size=500, seed=2, method=lacerda_prune
    resources: tmpdir=/tmp
Select jobs to execute...
[Wed Apr 29 11:29:59 2026]
Finished jobid: 419 (Rule: synth_fit)
368 of 651 steps (57%) done
Execute 1 jobs...
[Wed Apr 29 11:29:59 2026]
localrule synth_evaluate:
    input: results/synth/regime=easy/d=10/num_cycles=5/density=0.3/samp_size=100/seed=0/dataset.npz, results/synth/regime=easy/d=10/num_cycles=5/density=0.3/samp_size=100/seed=0/method=lacerda_prune/model.pkl
    output: results/synth/regime=easy/d=10/num_cycles=5/density=0.3/samp_size=100/seed=0/method=lacerda_prune/metrics.csv
    jobid: 416
    reason: Missing output files: results/synth/regime=easy/d=10/num_cycles=5/density=0.3/samp_size=100/seed=0/method=lacerda_prune/metrics.csv; Input files updated by another job: results/synth/regime=easy/d=10/num_cycles=5/density=0.3/samp_size=100/seed=0/method=lacerda_prune/model.pkl
    wildcards: regime=easy, d=10, num_cycles=5, density=0.3, samp_size=100, seed=0, method=lacerda_prune
    resources: tmpdir=/tmp
Select jobs to execute...
[Wed Apr 29 11:29:59 2026]
Finished jobid: 338 (Rule: synth_evaluate)
369 of 651 steps (57%) done
Execute 1 jobs...
[Wed Apr 29 11:29:59 2026]
localrule synth_evaluate:
    input: results/synth/regime=easy/d=10/num_cycles=5/density=0.8/samp_size=1000/seed=2/dataset.npz, results/synth/regime=easy/d=10/num_cycles=5/density=0.8/samp_size=1000/seed=2/method=lacerda_prune/model.pkl
    output: results/synth/regime=easy/d=10/num_cycles=5/density=0.8/samp_size=1000/seed=2/method=lacerda_prune/metrics.csv
    jobid: 179
    reason: Missing output files: results/synth/regime=easy/d=10/num_cycles=5/density=0.8/samp_size=1000/seed=2/method=lacerda_prune/metrics.csv; Input files updated by another job: results/synth/regime=easy/d=10/num_cycles=5/density=0.8/samp_size=1000/seed=2/method=lacerda_prune/model.pkl
    wildcards: regime=easy, d=10, num_cycles=5, density=0.8, samp_size=1000, seed=2, method=lacerda_prune
    resources: tmpdir=/tmp
Select jobs to execute...
[Wed Apr 29 11:29:59 2026]
Finished jobid: 466 (Rule: synth_evaluate)
370 of 651 steps (57%) done
Execute 1 jobs...
[Wed Apr 29 11:29:59 2026]
localrule synth_evaluate:
    input: results/synth/regime=easy/d=10/num_cycles=3/density=0.5/samp_size=1000/seed=0/dataset.npz, results/synth/regime=easy/d=10/num_cycles=3/density=0.5/samp_size=1000/seed=0/method=lacerda_prune/model.pkl
    output: results/synth/regime=easy/d=10/num_cycles=3/density=0.5/samp_size=1000/seed=0/method=lacerda_prune/metrics.csv
    jobid: 633
    reason: Missing output files: results/synth/regime=easy/d=10/num_cycles=3/density=0.5/samp_size=1000/seed=0/method=lacerda_prune/metrics.csv; Input files updated by another job: results/synth/regime=easy/d=10/num_cycles=3/density=0.5/samp_size=1000/seed=0/method=lacerda_prune/model.pkl
    wildcards: regime=easy, d=10, num_cycles=3, density=0.5, samp_size=1000, seed=0, method=lacerda_prune
    resources: tmpdir=/tmp
Select jobs to execute...
[Wed Apr 29 11:30:00 2026]
Finished jobid: 450 (Rule: synth_evaluate)
371 of 651 steps (57%) done
Execute 1 jobs...
[Wed Apr 29 11:30:00 2026]
localrule synth_evaluate:
    input: results/synth/regime=easy/d=10/num_cycles=3/density=0.8/samp_size=1000/seed=2/dataset.npz, results/synth/regime=easy/d=10/num_cycles=3/density=0.8/samp_size=1000/seed=2/method=lacerda/model.pkl
    output: results/synth/regime=easy/d=10/num_cycles=3/density=0.8/samp_size=1000/seed=2/method=lacerda/metrics.csv
    jobid: 34
    reason: Input files updated by another job: results/synth/regime=easy/d=10/num_cycles=3/density=0.8/samp_size=1000/seed=2/method=lacerda/model.pkl
    wildcards: regime=easy, d=10, num_cycles=3, density=0.8, samp_size=1000, seed=2, method=lacerda
    resources: tmpdir=/tmp
Select jobs to execute...
[Wed Apr 29 11:30:00 2026]
Finished jobid: 414 (Rule: synth_evaluate)
372 of 651 steps (57%) done
Execute 1 jobs...
[Wed Apr 29 11:30:00 2026]
localrule synth_evaluate:
    input: results/synth/regime=easy/d=10/num_cycles=4/density=0.3/samp_size=1000/seed=1/dataset.npz, results/synth/regime=easy/d=10/num_cycles=4/density=0.3/samp_size=1000/seed=1/method=lacerda_prune/model.pkl
    output: results/synth/regime=easy/d=10/num_cycles=4/density=0.3/samp_size=1000/seed=1/method=lacerda_prune/metrics.csv
    jobid: 406
    reason: Missing output files: results/synth/regime=easy/d=10/num_cycles=4/density=0.3/samp_size=1000/seed=1/method=lacerda_prune/metrics.csv; Input files updated by another job: results/synth/regime=easy/d=10/num_cycles=4/density=0.3/samp_size=1000/seed=1/method=lacerda_prune/model.pkl
    wildcards: regime=easy, d=10, num_cycles=4, density=0.3, samp_size=1000, seed=1, method=lacerda_prune
    resources: tmpdir=/tmp
Select jobs to execute...
[Wed Apr 29 11:30:00 2026]
Finished jobid: 426 (Rule: synth_evaluate)
373 of 651 steps (57%) done
Execute 1 jobs...
[Wed Apr 29 11:30:00 2026]
localrule synth_fit:
    input: results/synth/regime=easy/d=10/num_cycles=5/density=0.3/samp_size=100/seed=2/dataset.npz
    output: results/synth/regime=easy/d=10/num_cycles=5/density=0.3/samp_size=100/seed=2/method=lacerda_prune/model.pkl
    jobid: 421
    reason: Missing output files: results/synth/regime=easy/d=10/num_cycles=5/density=0.3/samp_size=100/seed=2/method=lacerda_prune/model.pkl
    wildcards: regime=easy, d=10, num_cycles=5, density=0.3, samp_size=100, seed=2, method=lacerda_prune
    resources: tmpdir=/tmp
Select jobs to execute...
[Wed Apr 29 11:30:00 2026]
Finished jobid: 518 (Rule: synth_fit)
374 of 651 steps (57%) done
Execute 1 jobs...
[Wed Apr 29 11:30:00 2026]
localrule synth_evaluate:
    input: results/synth/regime=easy/d=10/num_cycles=5/density=0.3/samp_size=100/seed=1/dataset.npz, results/synth/regime=easy/d=10/num_cycles=5/density=0.3/samp_size=100/seed=1/method=lacerda_prune/model.pkl
    output: results/synth/regime=easy/d=10/num_cycles=5/density=0.3/samp_size=100/seed=1/method=lacerda_prune/metrics.csv
    jobid: 418
    reason: Missing output files: results/synth/regime=easy/d=10/num_cycles=5/density=0.3/samp_size=100/seed=1/method=lacerda_prune/metrics.csv; Input files updated by another job: results/synth/regime=easy/d=10/num_cycles=5/density=0.3/samp_size=100/seed=1/method=lacerda_prune/model.pkl
    wildcards: regime=easy, d=10, num_cycles=5, density=0.3, samp_size=100, seed=1, method=lacerda_prune
    resources: tmpdir=/tmp
Select jobs to execute...
[Wed Apr 29 11:30:00 2026]
Finished jobid: 416 (Rule: synth_evaluate)
375 of 651 steps (58%) done
Execute 1 jobs...
[Wed Apr 29 11:30:00 2026]
localrule synth_evaluate:
    input: results/synth/regime=easy/d=10/num_cycles=3/density=0.8/samp_size=500/seed=0/dataset.npz, results/synth/regime=easy/d=10/num_cycles=3/density=0.8/samp_size=500/seed=0/method=lacerda_prune/model.pkl
    output: results/synth/regime=easy/d=10/num_cycles=3/density=0.8/samp_size=500/seed=0/method=lacerda_prune/metrics.csv
    jobid: 121
    reason: Missing output files: results/synth/regime=easy/d=10/num_cycles=3/density=0.8/samp_size=500/seed=0/method=lacerda_prune/metrics.csv; Input files updated by another job: results/synth/regime=easy/d=10/num_cycles=3/density=0.8/samp_size=500/seed=0/method=lacerda_prune/model.pkl
    wildcards: regime=easy, d=10, num_cycles=3, density=0.8, samp_size=500, seed=0, method=lacerda_prune
    resources: tmpdir=/tmp
Select jobs to execute...
[Wed Apr 29 11:30:00 2026]
Finished jobid: 179 (Rule: synth_evaluate)
376 of 651 steps (58%) done
Execute 1 jobs...
[Wed Apr 29 11:30:00 2026]
localrule synth_evaluate:
    input: results/synth/regime=easy/d=10/num_cycles=5/density=0.8/samp_size=1000/seed=2/dataset.npz, results/synth/regime=easy/d=10/num_cycles=5/density=0.8/samp_size=1000/seed=2/method=lacerda_repare/model.pkl
    output: results/synth/regime=easy/d=10/num_cycles=5/density=0.8/samp_size=1000/seed=2/method=lacerda_repare/metrics.csv
    jobid: 251
    reason: Missing output files: results/synth/regime=easy/d=10/num_cycles=5/density=0.8/samp_size=1000/seed=2/method=lacerda_repare/metrics.csv; Input files updated by another job: results/synth/regime=easy/d=10/num_cycles=5/density=0.8/samp_size=1000/seed=2/method=lacerda_repare/model.pkl
    wildcards: regime=easy, d=10, num_cycles=5, density=0.8, samp_size=1000, seed=2, method=lacerda_repare
    resources: tmpdir=/tmp
Select jobs to execute...
[Wed Apr 29 11:30:00 2026]
Finished jobid: 34 (Rule: synth_evaluate)
377 of 651 steps (58%) done
Execute 1 jobs...
[Wed Apr 29 11:30:00 2026]
localrule synth_evaluate:
    input: results/synth/regime=easy/d=10/num_cycles=3/density=0.5/samp_size=100/seed=1/dataset.npz, results/synth/regime=easy/d=10/num_cycles=3/density=0.5/samp_size=100/seed=1/method=lacerda_repare/model.pkl
    output: results/synth/regime=easy/d=10/num_cycles=3/density=0.5/samp_size=100/seed=1/method=lacerda_repare/metrics.csv
    jobid: 695
    reason: Missing output files: results/synth/regime=easy/d=10/num_cycles=3/density=0.5/samp_size=100/seed=1/method=lacerda_repare/metrics.csv; Input files updated by another job: results/synth/regime=easy/d=10/num_cycles=3/density=0.5/samp_size=100/seed=1/method=lacerda_repare/model.pkl
    wildcards: regime=easy, d=10, num_cycles=3, density=0.5, samp_size=100, seed=1, method=lacerda_repare
    resources: tmpdir=/tmp
Select jobs to execute...
[Wed Apr 29 11:30:00 2026]
Finished jobid: 87 (Rule: synth_fit)
378 of 651 steps (58%) done
[Wed Apr 29 11:30:00 2026]
Finished jobid: 633 (Rule: synth_evaluate)
379 of 651 steps (58%) done
Execute 2 jobs...
[Wed Apr 29 11:30:00 2026]
localrule synth_fit:
    input: results/synth/regime=easy/d=10/num_cycles=5/density=0.3/samp_size=500/seed=1/dataset.npz
    output: results/synth/regime=easy/d=10/num_cycles=5/density=0.3/samp_size=500/seed=1/method=lacerda_prune/model.pkl
    jobid: 425
    reason: Missing output files: results/synth/regime=easy/d=10/num_cycles=5/density=0.3/samp_size=500/seed=1/method=lacerda_prune/model.pkl
    wildcards: regime=easy, d=10, num_cycles=5, density=0.3, samp_size=500, seed=1, method=lacerda_prune
    resources: tmpdir=/tmp
[Wed Apr 29 11:30:00 2026]
localrule synth_fit:
    input: results/synth/regime=easy/d=10/num_cycles=5/density=0.3/samp_size=1000/seed=2/dataset.npz
    output: results/synth/regime=easy/d=10/num_cycles=5/density=0.3/samp_size=1000/seed=2/method=lacerda_prune/model.pkl
    jobid: 433
    reason: Missing output files: results/synth/regime=easy/d=10/num_cycles=5/density=0.3/samp_size=1000/seed=2/method=lacerda_prune/model.pkl
    wildcards: regime=easy, d=10, num_cycles=5, density=0.3, samp_size=1000, seed=2, method=lacerda_prune
    resources: tmpdir=/tmp
Select jobs to execute...
[Wed Apr 29 11:30:00 2026]
Finished jobid: 406 (Rule: synth_evaluate)
380 of 651 steps (58%) done
Execute 1 jobs...
[Wed Apr 29 11:30:00 2026]
localrule synth_fit:
    input: results/synth/regime=easy/d=10/num_cycles=3/density=0.8/samp_size=500/seed=0/dataset.npz
    output: results/synth/regime=easy/d=10/num_cycles=3/density=0.8/samp_size=500/seed=0/method=lacerda_repare/model.pkl
    jobid: 194
    reason: Missing output files: results/synth/regime=easy/d=10/num_cycles=3/density=0.8/samp_size=500/seed=0/method=lacerda_repare/model.pkl
    wildcards: regime=easy, d=10, num_cycles=3, density=0.8, samp_size=500, seed=0, method=lacerda_repare
    resources: tmpdir=/tmp
Select jobs to execute...
[Wed Apr 29 11:30:00 2026]
Finished jobid: 418 (Rule: synth_evaluate)
381 of 651 steps (59%) done
Execute 1 jobs...
[Wed Apr 29 11:30:00 2026]
localrule synth_evaluate:
    input: results/synth/regime=easy/d=10/num_cycles=3/density=0.5/samp_size=100/seed=0/dataset.npz, results/synth/regime=easy/d=10/num_cycles=3/density=0.5/samp_size=100/seed=0/method=lacerda/model.pkl
    output: results/synth/regime=easy/d=10/num_cycles=3/density=0.5/samp_size=100/seed=0/method=lacerda/metrics.csv
    jobid: 516
    reason: Input files updated by another job: results/synth/regime=easy/d=10/num_cycles=3/density=0.5/samp_size=100/seed=0/method=lacerda/model.pkl
    wildcards: regime=easy, d=10, num_cycles=3, density=0.5, samp_size=100, seed=0, method=lacerda
    resources: tmpdir=/tmp
Select jobs to execute...
[Wed Apr 29 11:30:01 2026]
Finished jobid: 121 (Rule: synth_evaluate)
382 of 651 steps (59%) done
Execute 1 jobs...
[Wed Apr 29 11:30:01 2026]
localrule synth_fit:
    input: results/synth/regime=easy/d=10/num_cycles=4/density=0.5/samp_size=100/seed=1/dataset.npz
    output: results/synth/regime=easy/d=10/num_cycles=4/density=0.5/samp_size=100/seed=1/method=lacerda_prune/model.pkl
    jobid: 648
    reason: Missing output files: results/synth/regime=easy/d=10/num_cycles=4/density=0.5/samp_size=100/seed=1/method=lacerda_prune/model.pkl
    wildcards: regime=easy, d=10, num_cycles=4, density=0.5, samp_size=100, seed=1, method=lacerda_prune
    resources: tmpdir=/tmp
Select jobs to execute...
[Wed Apr 29 11:30:01 2026]
Finished jobid: 251 (Rule: synth_evaluate)
383 of 651 steps (59%) done
Execute 1 jobs...
[Wed Apr 29 11:30:01 2026]
localrule synth_evaluate:
    input: results/synth/regime=easy/d=10/num_cycles=5/density=0.3/samp_size=100/seed=2/dataset.npz, results/synth/regime=easy/d=10/num_cycles=5/density=0.3/samp_size=100/seed=2/method=lacerda/model.pkl
    output: results/synth/regime=easy/d=10/num_cycles=5/density=0.3/samp_size=100/seed=2/method=lacerda/metrics.csv
    jobid: 341
    reason: Input files updated by another job: results/synth/regime=easy/d=10/num_cycles=5/density=0.3/samp_size=100/seed=2/method=lacerda/model.pkl
    wildcards: regime=easy, d=10, num_cycles=5, density=0.3, samp_size=100, seed=2, method=lacerda
    resources: tmpdir=/tmp
Select jobs to execute...
[Wed Apr 29 11:30:01 2026]
Finished jobid: 695 (Rule: synth_evaluate)
384 of 651 steps (59%) done
Execute 1 jobs...
[Wed Apr 29 11:30:01 2026]
localrule synth_evaluate:
    input: results/synth/regime=easy/d=10/num_cycles=3/density=0.8/samp_size=50/seed=0/dataset.npz, results/synth/regime=easy/d=10/num_cycles=3/density=0.8/samp_size=50/seed=0/method=lacerda_repare/model.pkl
    output: results/synth/regime=easy/d=10/num_cycles=3/density=0.8/samp_size=50/seed=0/method=lacerda_repare/metrics.csv
    jobid: 181
    reason: Missing output files: results/synth/regime=easy/d=10/num_cycles=3/density=0.8/samp_size=50/seed=0/method=lacerda_repare/metrics.csv; Input files updated by another job: results/synth/regime=easy/d=10/num_cycles=3/density=0.8/samp_size=50/seed=0/method=lacerda_repare/model.pkl
    wildcards: regime=easy, d=10, num_cycles=3, density=0.8, samp_size=50, seed=0, method=lacerda_repare
    resources: tmpdir=/tmp
Select jobs to execute...
[Wed Apr 29 11:30:01 2026]
Finished jobid: 194 (Rule: synth_fit)
385 of 651 steps (59%) done
Execute 1 jobs...
[Wed Apr 29 11:30:01 2026]
localrule synth_evaluate:
    input: results/synth/regime=easy/d=10/num_cycles=5/density=0.8/samp_size=100/seed=1/dataset.npz, results/synth/regime=easy/d=10/num_cycles=5/density=0.8/samp_size=100/seed=1/method=lacerda/model.pkl
    output: results/synth/regime=easy/d=10/num_cycles=5/density=0.8/samp_size=100/seed=1/method=lacerda/metrics.csv
    jobid: 85
    reason: Input files updated by another job: results/synth/regime=easy/d=10/num_cycles=5/density=0.8/samp_size=100/seed=1/method=lacerda/model.pkl
    wildcards: regime=easy, d=10, num_cycles=5, density=0.8, samp_size=100, seed=1, method=lacerda
    resources: tmpdir=/tmp
Select jobs to execute...
[Wed Apr 29 11:30:01 2026]
Finished jobid: 516 (Rule: synth_evaluate)
386 of 651 steps (59%) done
Execute 1 jobs...
[Wed Apr 29 11:30:01 2026]
localrule synth_fit:
    input: results/synth/regime=easy/d=10/num_cycles=3/density=0.8/samp_size=100/seed=1/dataset.npz
    output: results/synth/regime=easy/d=10/num_cycles=3/density=0.8/samp_size=100/seed=1/method=lacerda/model.pkl
    jobid: 15
    reason: Code has changed since last execution
    wildcards: regime=easy, d=10, num_cycles=3, density=0.8, samp_size=100, seed=1, method=lacerda
    resources: tmpdir=/tmp
Select jobs to execute...
[Wed Apr 29 11:30:01 2026]
Finished jobid: 341 (Rule: synth_evaluate)
387 of 651 steps (59%) done
Execute 1 jobs...
[Wed Apr 29 11:30:01 2026]
localrule synth_evaluate:
    input: results/synth/regime=easy/d=10/num_cycles=4/density=0.8/samp_size=50/seed=0/dataset.npz, results/synth/regime=easy/d=10/num_cycles=4/density=0.8/samp_size=50/seed=0/method=lacerda/model.pkl
    output: results/synth/regime=easy/d=10/num_cycles=4/density=0.8/samp_size=50/seed=0/method=lacerda/metrics.csv
    jobid: 37
    reason: Input files updated by another job: results/synth/regime=easy/d=10/num_cycles=4/density=0.8/samp_size=50/seed=0/method=lacerda/model.pkl
    wildcards: regime=easy, d=10, num_cycles=4, density=0.8, samp_size=50, seed=0, method=lacerda
    resources: tmpdir=/tmp
Select jobs to execute...
[Wed Apr 29 11:30:01 2026]
Finished jobid: 181 (Rule: synth_evaluate)
388 of 651 steps (60%) done
Execute 1 jobs...
[Wed Apr 29 11:30:01 2026]
localrule synth_evaluate:
    input: results/synth/regime=easy/d=10/num_cycles=4/density=0.8/samp_size=1000/seed=0/dataset.npz, results/synth/regime=easy/d=10/num_cycles=4/density=0.8/samp_size=1000/seed=0/method=lacerda_prune/model.pkl
    output: results/synth/regime=easy/d=10/num_cycles=4/density=0.8/samp_size=1000/seed=0/method=lacerda_prune/metrics.csv
    jobid: 151
    reason: Missing output files: results/synth/regime=easy/d=10/num_cycles=4/density=0.8/samp_size=1000/seed=0/method=lacerda_prune/metrics.csv; Input files updated by another job: results/synth/regime=easy/d=10/num_cycles=4/density=0.8/samp_size=1000/seed=0/method=lacerda_prune/model.pkl
    wildcards: regime=easy, d=10, num_cycles=4, density=0.8, samp_size=1000, seed=0, method=lacerda_prune
    resources: tmpdir=/tmp
Select jobs to execute...
[Wed Apr 29 11:30:02 2026]
Finished jobid: 425 (Rule: synth_fit)
389 of 651 steps (60%) done
Execute 1 jobs...
[Wed Apr 29 11:30:02 2026]
localrule synth_evaluate:
    input: results/synth/regime=easy/d=10/num_cycles=5/density=0.3/samp_size=500/seed=1/dataset.npz, results/synth/regime=easy/d=10/num_cycles=5/density=0.3/samp_size=500/seed=1/method=lacerda_prune/model.pkl
    output: results/synth/regime=easy/d=10/num_cycles=5/density=0.3/samp_size=500/seed=1/method=lacerda_prune/metrics.csv
    jobid: 424
    reason: Missing output files: results/synth/regime=easy/d=10/num_cycles=5/density=0.3/samp_size=500/seed=1/method=lacerda_prune/metrics.csv; Input files updated by another job: results/synth/regime=easy/d=10/num_cycles=5/density=0.3/samp_size=500/seed=1/method=lacerda_prune/model.pkl
    wildcards: regime=easy, d=10, num_cycles=5, density=0.3, samp_size=500, seed=1, method=lacerda_prune
    resources: tmpdir=/tmp
Select jobs to execute...
[Wed Apr 29 11:30:02 2026]
Finished jobid: 85 (Rule: synth_evaluate)
390 of 651 steps (60%) done
Execute 1 jobs...
[Wed Apr 29 11:30:02 2026]
localrule synth_evaluate:
    input: results/synth/regime=easy/d=10/num_cycles=4/density=0.3/samp_size=1000/seed=2/dataset.npz, results/synth/regime=easy/d=10/num_cycles=4/density=0.3/samp_size=1000/seed=2/method=lacerda_prune/model.pkl
    output: results/synth/regime=easy/d=10/num_cycles=4/density=0.3/samp_size=1000/seed=2/method=lacerda_prune/metrics.csv
    jobid: 408
    reason: Missing output files: results/synth/regime=easy/d=10/num_cycles=4/density=0.3/samp_size=1000/seed=2/method=lacerda_prune/metrics.csv; Input files updated by another job: results/synth/regime=easy/d=10/num_cycles=4/density=0.3/samp_size=1000/seed=2/method=lacerda_prune/model.pkl
    wildcards: regime=easy, d=10, num_cycles=4, density=0.3, samp_size=1000, seed=2, method=lacerda_prune
    resources: tmpdir=/tmp
Select jobs to execute...
[Wed Apr 29 11:30:02 2026]
Finished jobid: 648 (Rule: synth_fit)
391 of 651 steps (60%) done
Execute 1 jobs...
[Wed Apr 29 11:30:02 2026]
localrule synth_fit:
    input: results/synth/regime=easy/d=10/num_cycles=3/density=0.3/samp_size=500/seed=2/dataset.npz
    output: results/synth/regime=easy/d=10/num_cycles=3/density=0.3/samp_size=500/seed=2/method=lacerda/model.pkl
    jobid: 280
    reason: Code has changed since last execution
    wildcards: regime=easy, d=10, num_cycles=3, density=0.3, samp_size=500, seed=2, method=lacerda
    resources: tmpdir=/tmp
Select jobs to execute...
[Wed Apr 29 11:30:02 2026]
Finished jobid: 421 (Rule: synth_fit)
392 of 651 steps (60%) done
Execute 1 jobs...
[Wed Apr 29 11:30:02 2026]
localrule synth_evaluate:
    input: results/synth/regime=easy/d=10/num_cycles=5/density=0.3/samp_size=100/seed=2/dataset.npz, results/synth/regime=easy/d=10/num_cycles=5/density=0.3/samp_size=100/seed=2/method=lacerda_prune/model.pkl
    output: results/synth/regime=easy/d=10/num_cycles=5/density=0.3/samp_size=100/seed=2/method=lacerda_prune/metrics.csv
    jobid: 420
    reason: Missing output files: results/synth/regime=easy/d=10/num_cycles=5/density=0.3/samp_size=100/seed=2/method=lacerda_prune/metrics.csv; Input files updated by another job: results/synth/regime=easy/d=10/num_cycles=5/density=0.3/samp_size=100/seed=2/method=lacerda_prune/model.pkl
    wildcards: regime=easy, d=10, num_cycles=5, density=0.3, samp_size=100, seed=2, method=lacerda_prune
    resources: tmpdir=/tmp
Select jobs to execute...
[Wed Apr 29 11:30:02 2026]
Finished jobid: 433 (Rule: synth_fit)
393 of 651 steps (60%) done
Execute 1 jobs...
[Wed Apr 29 11:30:02 2026]
localrule synth_evaluate:
    input: results/synth/regime=easy/d=10/num_cycles=5/density=0.3/samp_size=1000/seed=2/dataset.npz, results/synth/regime=easy/d=10/num_cycles=5/density=0.3/samp_size=1000/seed=2/method=lacerda_prune/model.pkl
    output: results/synth/regime=easy/d=10/num_cycles=5/density=0.3/samp_size=1000/seed=2/method=lacerda_prune/metrics.csv
    jobid: 432
    reason: Missing output files: results/synth/regime=easy/d=10/num_cycles=5/density=0.3/samp_size=1000/seed=2/method=lacerda_prune/metrics.csv; Input files updated by another job: results/synth/regime=easy/d=10/num_cycles=5/density=0.3/samp_size=1000/seed=2/method=lacerda_prune/model.pkl
    wildcards: regime=easy, d=10, num_cycles=5, density=0.3, samp_size=1000, seed=2, method=lacerda_prune
    resources: tmpdir=/tmp
Select jobs to execute...
[Wed Apr 29 11:30:02 2026]
Finished jobid: 37 (Rule: synth_evaluate)
394 of 651 steps (61%) done
Execute 1 jobs...
[Wed Apr 29 11:30:02 2026]
localrule synth_evaluate:
    input: results/synth/regime=easy/d=10/num_cycles=5/density=0.5/samp_size=500/seed=1/dataset.npz, results/synth/regime=easy/d=10/num_cycles=5/density=0.5/samp_size=500/seed=1/method=lacerda/model.pkl
    output: results/synth/regime=easy/d=10/num_cycles=5/density=0.5/samp_size=500/seed=1/method=lacerda/metrics.csv
    jobid: 600
    reason: Input files updated by another job: results/synth/regime=easy/d=10/num_cycles=5/density=0.5/samp_size=500/seed=1/method=lacerda/model.pkl
    wildcards: regime=easy, d=10, num_cycles=5, density=0.5, samp_size=500, seed=1, method=lacerda
    resources: tmpdir=/tmp
Select jobs to execute...
[Wed Apr 29 11:30:02 2026]
Finished jobid: 151 (Rule: synth_evaluate)
395 of 651 steps (61%) done
Execute 1 jobs...
[Wed Apr 29 11:30:02 2026]
localrule synth_fit:
    input: results/synth/regime=easy/d=10/num_cycles=5/density=0.3/samp_size=1000/seed=0/dataset.npz
    output: results/synth/regime=easy/d=10/num_cycles=5/density=0.3/samp_size=1000/seed=0/method=lacerda_repare/model.pkl
    jobid: 501
    reason: Missing output files: results/synth/regime=easy/d=10/num_cycles=5/density=0.3/samp_size=1000/seed=0/method=lacerda_repare/model.pkl
    wildcards: regime=easy, d=10, num_cycles=5, density=0.3, samp_size=1000, seed=0, method=lacerda_repare
    resources: tmpdir=/tmp
Select jobs to execute...
[Wed Apr 29 11:30:02 2026]
Finished jobid: 424 (Rule: synth_evaluate)
396 of 651 steps (61%) done
Execute 1 jobs...
[Wed Apr 29 11:30:02 2026]
localrule synth_fit:
    input: results/synth/regime=easy/d=10/num_cycles=5/density=0.3/samp_size=500/seed=0/dataset.npz
    output: results/synth/regime=easy/d=10/num_cycles=5/density=0.3/samp_size=500/seed=0/method=lacerda_prune/model.pkl
    jobid: 423
    reason: Missing output files: results/synth/regime=easy/d=10/num_cycles=5/density=0.3/samp_size=500/seed=0/method=lacerda_prune/model.pkl
    wildcards: regime=easy, d=10, num_cycles=5, density=0.3, samp_size=500, seed=0, method=lacerda_prune
    resources: tmpdir=/tmp
Select jobs to execute...
[Wed Apr 29 11:30:02 2026]
Finished jobid: 408 (Rule: synth_evaluate)
397 of 651 steps (61%) done
Execute 1 jobs...
[Wed Apr 29 11:30:02 2026]
localrule synth_evaluate:
    input: results/synth/regime=easy/d=10/num_cycles=3/density=0.5/samp_size=100/seed=2/dataset.npz, results/synth/regime=easy/d=10/num_cycles=3/density=0.5/samp_size=100/seed=2/method=lacerda_repare/model.pkl
    output: results/synth/regime=easy/d=10/num_cycles=3/density=0.5/samp_size=100/seed=2/method=lacerda_repare/metrics.csv
    jobid: 697
    reason: Missing output files: results/synth/regime=easy/d=10/num_cycles=3/density=0.5/samp_size=100/seed=2/method=lacerda_repare/metrics.csv; Input files updated by another job: results/synth/regime=easy/d=10/num_cycles=3/density=0.5/samp_size=100/seed=2/method=lacerda_repare/model.pkl
    wildcards: regime=easy, d=10, num_cycles=3, density=0.5, samp_size=100, seed=2, method=lacerda_repare
    resources: tmpdir=/tmp
Select jobs to execute...
[Wed Apr 29 11:30:02 2026]
Finished jobid: 280 (Rule: synth_fit)
398 of 651 steps (61%) done
Execute 1 jobs...
[Wed Apr 29 11:30:02 2026]
localrule synth_evaluate:
    input: results/synth/regime=easy/d=10/num_cycles=3/density=0.3/samp_size=500/seed=2/dataset.npz, results/synth/regime=easy/d=10/num_cycles=3/density=0.3/samp_size=500/seed=2/method=lacerda/model.pkl
    output: results/synth/regime=easy/d=10/num_cycles=3/density=0.3/samp_size=500/seed=2/method=lacerda/metrics.csv
    jobid: 278
    reason: Input files updated by another job: results/synth/regime=easy/d=10/num_cycles=3/density=0.3/samp_size=500/seed=2/method=lacerda/model.pkl
    wildcards: regime=easy, d=10, num_cycles=3, density=0.3, samp_size=500, seed=2, method=lacerda
    resources: tmpdir=/tmp
[Wed Apr 29 11:30:02 2026]
Finished jobid: 420 (Rule: synth_evaluate)
399 of 651 steps (61%) done
Select jobs to execute...
Execute 1 jobs...
[Wed Apr 29 11:30:02 2026]
localrule synth_fit:
    input: results/synth/regime=easy/d=10/num_cycles=4/density=0.8/samp_size=500/seed=1/dataset.npz
    output: results/synth/regime=easy/d=10/num_cycles=4/density=0.8/samp_size=500/seed=1/method=lacerda/model.pkl
    jobid: 60
    reason: Code has changed since last execution
    wildcards: regime=easy, d=10, num_cycles=4, density=0.8, samp_size=500, seed=1, method=lacerda
    resources: tmpdir=/tmp
[Wed Apr 29 11:30:02 2026]
Finished jobid: 15 (Rule: synth_fit)
400 of 651 steps (61%) done
Select jobs to execute...
Execute 1 jobs...
[Wed Apr 29 11:30:02 2026]
localrule synth_fit:
    input: results/synth/regime=easy/d=10/num_cycles=3/density=0.5/samp_size=50/seed=1/dataset.npz
    output: results/synth/regime=easy/d=10/num_cycles=3/density=0.5/samp_size=50/seed=1/method=lacerda_prune/model.pkl
    jobid: 618
    reason: Missing output files: results/synth/regime=easy/d=10/num_cycles=3/density=0.5/samp_size=50/seed=1/method=lacerda_prune/model.pkl
    wildcards: regime=easy, d=10, num_cycles=3, density=0.5, samp_size=50, seed=1, method=lacerda_prune
    resources: tmpdir=/tmp
Select jobs to execute...
[Wed Apr 29 11:30:02 2026]
Finished jobid: 432 (Rule: synth_evaluate)
401 of 651 steps (62%) done
Execute 1 jobs...
[Wed Apr 29 11:30:03 2026]
localrule synth_evaluate:
    input: results/synth/regime=easy/d=10/num_cycles=3/density=0.8/samp_size=500/seed=1/dataset.npz, results/synth/regime=easy/d=10/num_cycles=3/density=0.8/samp_size=500/seed=1/method=lacerda_prune/model.pkl
    output: results/synth/regime=easy/d=10/num_cycles=3/density=0.8/samp_size=500/seed=1/method=lacerda_prune/metrics.csv
    jobid: 123
    reason: Missing output files: results/synth/regime=easy/d=10/num_cycles=3/density=0.8/samp_size=500/seed=1/method=lacerda_prune/metrics.csv; Input files updated by another job: results/synth/regime=easy/d=10/num_cycles=3/density=0.8/samp_size=500/seed=1/method=lacerda_prune/model.pkl
    wildcards: regime=easy, d=10, num_cycles=3, density=0.8, samp_size=500, seed=1, method=lacerda_prune
    resources: tmpdir=/tmp
Select jobs to execute...
[Wed Apr 29 11:30:03 2026]
Finished jobid: 600 (Rule: synth_evaluate)
402 of 651 steps (62%) done
Execute 1 jobs...
[Wed Apr 29 11:30:03 2026]
localrule synth_fit:
    input: results/synth/regime=easy/d=10/num_cycles=4/density=0.8/samp_size=100/seed=1/dataset.npz
    output: results/synth/regime=easy/d=10/num_cycles=4/density=0.8/samp_size=100/seed=1/method=lacerda/model.pkl
    jobid: 51
    reason: Code has changed since last execution
    wildcards: regime=easy, d=10, num_cycles=4, density=0.8, samp_size=100, seed=1, method=lacerda
    resources: tmpdir=/tmp
Select jobs to execute...
[Wed Apr 29 11:30:03 2026]
Finished jobid: 697 (Rule: synth_evaluate)
403 of 651 steps (62%) done
Execute 1 jobs...
[Wed Apr 29 11:30:03 2026]
localrule synth_fit:
    input: results/synth/regime=easy/d=10/num_cycles=5/density=0.8/samp_size=100/seed=0/dataset.npz
    output: results/synth/regime=easy/d=10/num_cycles=5/density=0.8/samp_size=100/seed=0/method=lacerda/model.pkl
    jobid: 84
    reason: Code has changed since last execution
    wildcards: regime=easy, d=10, num_cycles=5, density=0.8, samp_size=100, seed=0, method=lacerda
    resources: tmpdir=/tmp
Select jobs to execute...
[Wed Apr 29 11:30:03 2026]
Finished jobid: 278 (Rule: synth_evaluate)
404 of 651 steps (62%) done
Execute 1 jobs...
[Wed Apr 29 11:30:03 2026]
localrule synth_evaluate:
    input: results/synth/regime=easy/d=10/num_cycles=3/density=0.8/samp_size=1000/seed=0/dataset.npz, results/synth/regime=easy/d=10/num_cycles=3/density=0.8/samp_size=1000/seed=0/method=lacerda_prune/model.pkl
    output: results/synth/regime=easy/d=10/num_cycles=3/density=0.8/samp_size=1000/seed=0/method=lacerda_prune/metrics.csv
    jobid: 127
    reason: Missing output files: results/synth/regime=easy/d=10/num_cycles=3/density=0.8/samp_size=1000/seed=0/method=lacerda_prune/metrics.csv; Input files updated by another job: results/synth/regime=easy/d=10/num_cycles=3/density=0.8/samp_size=1000/seed=0/method=lacerda_prune/model.pkl
    wildcards: regime=easy, d=10, num_cycles=3, density=0.8, samp_size=1000, seed=0, method=lacerda_prune
    resources: tmpdir=/tmp
Select jobs to execute...
[Wed Apr 29 11:30:03 2026]
Finished jobid: 60 (Rule: synth_fit)
405 of 651 steps (62%) done
Execute 1 jobs...
[Wed Apr 29 11:30:03 2026]
localrule synth_evaluate:
    input: results/synth/regime=easy/d=10/num_cycles=5/density=0.8/samp_size=1000/seed=1/dataset.npz, results/synth/regime=easy/d=10/num_cycles=5/density=0.8/samp_size=1000/seed=1/method=lacerda_repare/model.pkl
    output: results/synth/regime=easy/d=10/num_cycles=5/density=0.8/samp_size=1000/seed=1/method=lacerda_repare/metrics.csv
    jobid: 249
    reason: Missing output files: results/synth/regime=easy/d=10/num_cycles=5/density=0.8/samp_size=1000/seed=1/method=lacerda_repare/metrics.csv; Input files updated by another job: results/synth/regime=easy/d=10/num_cycles=5/density=0.8/samp_size=1000/seed=1/method=lacerda_repare/model.pkl
    wildcards: regime=easy, d=10, num_cycles=5, density=0.8, samp_size=1000, seed=1, method=lacerda_repare
    resources: tmpdir=/tmp
Select jobs to execute...
[Wed Apr 29 11:30:03 2026]
Finished jobid: 618 (Rule: synth_fit)
406 of 651 steps (62%) done
Execute 1 jobs...
[Wed Apr 29 11:30:03 2026]
localrule synth_evaluate:
    input: results/synth/regime=easy/d=10/num_cycles=3/density=0.5/samp_size=500/seed=2/dataset.npz, results/synth/regime=easy/d=10/num_cycles=3/density=0.5/samp_size=500/seed=2/method=lacerda_repare/model.pkl
    output: results/synth/regime=easy/d=10/num_cycles=3/density=0.5/samp_size=500/seed=2/method=lacerda_repare/metrics.csv
    jobid: 703
    reason: Missing output files: results/synth/regime=easy/d=10/num_cycles=3/density=0.5/samp_size=500/seed=2/method=lacerda_repare/metrics.csv; Input files updated by another job: results/synth/regime=easy/d=10/num_cycles=3/density=0.5/samp_size=500/seed=2/method=lacerda_repare/model.pkl
    wildcards: regime=easy, d=10, num_cycles=3, density=0.5, samp_size=500, seed=2, method=lacerda_repare
    resources: tmpdir=/tmp
Select jobs to execute...
[Wed Apr 29 11:30:03 2026]
Finished jobid: 123 (Rule: synth_evaluate)
407 of 651 steps (63%) done
Execute 1 jobs...
[Wed Apr 29 11:30:03 2026]
localrule synth_evaluate:
    input: results/synth/regime=easy/d=10/num_cycles=5/density=0.3/samp_size=1000/seed=0/dataset.npz, results/synth/regime=easy/d=10/num_cycles=5/density=0.3/samp_size=1000/seed=0/method=lacerda/model.pkl
    output: results/synth/regime=easy/d=10/num_cycles=5/density=0.3/samp_size=1000/seed=0/method=lacerda/metrics.csv
    jobid: 353
    reason: Input files updated by another job: results/synth/regime=easy/d=10/num_cycles=5/density=0.3/samp_size=1000/seed=0/method=lacerda/model.pkl
    wildcards: regime=easy, d=10, num_cycles=5, density=0.3, samp_size=1000, seed=0, method=lacerda
    resources: tmpdir=/tmp
Select jobs to execute...
[Wed Apr 29 11:30:04 2026]
Finished jobid: 84 (Rule: synth_fit)
408 of 651 steps (63%) done
Execute 1 jobs...
[Wed Apr 29 11:30:04 2026]
localrule synth_fit:
    input: results/synth/regime=easy/d=10/num_cycles=5/density=0.5/samp_size=500/seed=2/dataset.npz
    output: results/synth/regime=easy/d=10/num_cycles=5/density=0.5/samp_size=500/seed=2/method=lacerda/model.pkl
    jobid: 605
    reason: Code has changed since last execution
    wildcards: regime=easy, d=10, num_cycles=5, density=0.5, samp_size=500, seed=2, method=lacerda
    resources: tmpdir=/tmp
Select jobs to execute...
[Wed Apr 29 11:30:04 2026]
Finished jobid: 423 (Rule: synth_fit)
409 of 651 steps (63%) done
Execute 1 jobs...
[Wed Apr 29 11:30:04 2026]
localrule synth_fit:
    input: results/synth/regime=easy/d=10/num_cycles=4/density=0.8/samp_size=500/seed=0/dataset.npz
    output: results/synth/regime=easy/d=10/num_cycles=4/density=0.8/samp_size=500/seed=0/method=lacerda/model.pkl
    jobid: 57
    reason: Code has changed since last execution
    wildcards: regime=easy, d=10, num_cycles=4, density=0.8, samp_size=500, seed=0, method=lacerda
    resources: tmpdir=/tmp
Select jobs to execute...
[Wed Apr 29 11:30:04 2026]
Finished jobid: 249 (Rule: synth_evaluate)
410 of 651 steps (63%) done
Execute 1 jobs...
[Wed Apr 29 11:30:04 2026]
localrule synth_fit:
    input: results/synth/regime=easy/d=10/num_cycles=5/density=0.5/samp_size=1000/seed=2/dataset.npz
    output: results/synth/regime=easy/d=10/num_cycles=5/density=0.5/samp_size=1000/seed=2/method=lacerda/model.pkl
    jobid: 614
    reason: Code has changed since last execution
    wildcards: regime=easy, d=10, num_cycles=5, density=0.5, samp_size=1000, seed=2, method=lacerda
    resources: tmpdir=/tmp
[Wed Apr 29 11:30:04 2026]
Finished jobid: 51 (Rule: synth_fit)
411 of 651 steps (63%) done
Select jobs to execute...
Execute 1 jobs...
[Wed Apr 29 11:30:04 2026]
localrule synth_evaluate:
    input: results/synth/regime=easy/d=10/num_cycles=4/density=0.8/samp_size=100/seed=1/dataset.npz, results/synth/regime=easy/d=10/num_cycles=4/density=0.8/samp_size=100/seed=1/method=lacerda/model.pkl
    output: results/synth/regime=easy/d=10/num_cycles=4/density=0.8/samp_size=100/seed=1/method=lacerda/metrics.csv
    jobid: 49
    reason: Input files updated by another job: results/synth/regime=easy/d=10/num_cycles=4/density=0.8/samp_size=100/seed=1/method=lacerda/model.pkl
    wildcards: regime=easy, d=10, num_cycles=4, density=0.8, samp_size=100, seed=1, method=lacerda
    resources: tmpdir=/tmp
Select jobs to execute...
[Wed Apr 29 11:30:04 2026]
Finished jobid: 127 (Rule: synth_evaluate)
412 of 651 steps (63%) done
Execute 1 jobs...
[Wed Apr 29 11:30:04 2026]
localrule synth_fit:
    input: results/synth/regime=easy/d=10/num_cycles=5/density=0.8/samp_size=50/seed=1/dataset.npz
    output: results/synth/regime=easy/d=10/num_cycles=5/density=0.8/samp_size=50/seed=1/method=lacerda_prune/model.pkl
    jobid: 160
    reason: Missing output files: results/synth/regime=easy/d=10/num_cycles=5/density=0.8/samp_size=50/seed=1/method=lacerda_prune/model.pkl
    wildcards: regime=easy, d=10, num_cycles=5, density=0.8, samp_size=50, seed=1, method=lacerda_prune
    resources: tmpdir=/tmp
Select jobs to execute...
[Wed Apr 29 11:30:04 2026]
Finished jobid: 703 (Rule: synth_evaluate)
413 of 651 steps (63%) done
Execute 1 jobs...
[Wed Apr 29 11:30:04 2026]
localrule synth_evaluate:
    input: results/synth/regime=easy/d=10/num_cycles=3/density=0.5/samp_size=1000/seed=2/dataset.npz, results/synth/regime=easy/d=10/num_cycles=3/density=0.5/samp_size=1000/seed=2/method=lacerda_prune/model.pkl
    output: results/synth/regime=easy/d=10/num_cycles=3/density=0.5/samp_size=1000/seed=2/method=lacerda_prune/metrics.csv
    jobid: 637
    reason: Missing output files: results/synth/regime=easy/d=10/num_cycles=3/density=0.5/samp_size=1000/seed=2/method=lacerda_prune/metrics.csv; Input files updated by another job: results/synth/regime=easy/d=10/num_cycles=3/density=0.5/samp_size=1000/seed=2/method=lacerda_prune/model.pkl
    wildcards: regime=easy, d=10, num_cycles=3, density=0.5, samp_size=1000, seed=2, method=lacerda_prune
    resources: tmpdir=/tmp
Select jobs to execute...
[Wed Apr 29 11:30:04 2026]
Finished jobid: 353 (Rule: synth_evaluate)
414 of 651 steps (64%) done
Execute 1 jobs...
[Wed Apr 29 11:30:04 2026]
localrule synth_evaluate:
    input: results/synth/regime=easy/d=10/num_cycles=5/density=0.3/samp_size=50/seed=0/dataset.npz, results/synth/regime=easy/d=10/num_cycles=5/density=0.3/samp_size=50/seed=0/method=lacerda_prune/model.pkl
    output: results/synth/regime=easy/d=10/num_cycles=5/density=0.3/samp_size=50/seed=0/method=lacerda_prune/metrics.csv
    jobid: 410
    reason: Missing output files: results/synth/regime=easy/d=10/num_cycles=5/density=0.3/samp_size=50/seed=0/method=lacerda_prune/metrics.csv; Input files updated by another job: results/synth/regime=easy/d=10/num_cycles=5/density=0.3/samp_size=50/seed=0/method=lacerda_prune/model.pkl
    wildcards: regime=easy, d=10, num_cycles=5, density=0.3, samp_size=50, seed=0, method=lacerda_prune
    resources: tmpdir=/tmp
Select jobs to execute...
[Wed Apr 29 11:30:04 2026]
Finished jobid: 605 (Rule: synth_fit)
415 of 651 steps (64%) done
Execute 1 jobs...
[Wed Apr 29 11:30:04 2026]
localrule synth_fit:
    input: results/synth/regime=easy/d=10/num_cycles=3/density=0.3/samp_size=50/seed=0/dataset.npz
    output: results/synth/regime=easy/d=10/num_cycles=3/density=0.3/samp_size=50/seed=0/method=lacerda_prune/model.pkl
    jobid: 363
    reason: Missing output files: results/synth/regime=easy/d=10/num_cycles=3/density=0.3/samp_size=50/seed=0/method=lacerda_prune/model.pkl
    wildcards: regime=easy, d=10, num_cycles=3, density=0.3, samp_size=50, seed=0, method=lacerda_prune
    resources: tmpdir=/tmp
Select jobs to execute...
[Wed Apr 29 11:30:05 2026]
Finished jobid: 57 (Rule: synth_fit)
416 of 651 steps (64%) done
Execute 1 jobs...
[Wed Apr 29 11:30:05 2026]
localrule synth_fit:
    input: results/synth/regime=easy/d=10/num_cycles=3/density=0.8/samp_size=500/seed=1/dataset.npz
    output: results/synth/regime=easy/d=10/num_cycles=3/density=0.8/samp_size=500/seed=1/method=lacerda_repare/model.pkl
    jobid: 196
    reason: Missing output files: results/synth/regime=easy/d=10/num_cycles=3/density=0.8/samp_size=500/seed=1/method=lacerda_repare/model.pkl
    wildcards: regime=easy, d=10, num_cycles=3, density=0.8, samp_size=500, seed=1, method=lacerda_repare
    resources: tmpdir=/tmp
Select jobs to execute...
[Wed Apr 29 11:30:05 2026]
Finished jobid: 49 (Rule: synth_evaluate)
417 of 651 steps (64%) done
Execute 1 jobs...
[Wed Apr 29 11:30:05 2026]
localrule synth_fit:
    input: results/synth/regime=easy/d=10/num_cycles=4/density=0.5/samp_size=50/seed=2/dataset.npz
    output: results/synth/regime=easy/d=10/num_cycles=4/density=0.5/samp_size=50/seed=2/method=lacerda/model.pkl
    jobid: 551
    reason: Code has changed since last execution
    wildcards: regime=easy, d=10, num_cycles=4, density=0.5, samp_size=50, seed=2, method=lacerda
    resources: tmpdir=/tmp
Select jobs to execute...
[Wed Apr 29 11:30:05 2026]
Finished jobid: 614 (Rule: synth_fit)
418 of 651 steps (64%) done
Execute 1 jobs...
[Wed Apr 29 11:30:05 2026]
localrule synth_evaluate:
    input: results/synth/regime=easy/d=10/num_cycles=5/density=0.3/samp_size=500/seed=0/dataset.npz, results/synth/regime=easy/d=10/num_cycles=5/density=0.3/samp_size=500/seed=0/method=lacerda_prune/model.pkl
    output: results/synth/regime=easy/d=10/num_cycles=5/density=0.3/samp_size=500/seed=0/method=lacerda_prune/metrics.csv
    jobid: 422
    reason: Missing output files: results/synth/regime=easy/d=10/num_cycles=5/density=0.3/samp_size=500/seed=0/method=lacerda_prune/metrics.csv; Input files updated by another job: results/synth/regime=easy/d=10/num_cycles=5/density=0.3/samp_size=500/seed=0/method=lacerda_prune/model.pkl
    wildcards: regime=easy, d=10, num_cycles=5, density=0.3, samp_size=500, seed=0, method=lacerda_prune
    resources: tmpdir=/tmp
Select jobs to execute...
[Wed Apr 29 11:30:05 2026]
Finished jobid: 637 (Rule: synth_evaluate)
419 of 651 steps (64%) done
Execute 1 jobs...
[Wed Apr 29 11:30:05 2026]
localrule synth_fit:
    input: results/synth/regime=easy/d=10/num_cycles=4/density=0.5/samp_size=100/seed=2/dataset.npz
    output: results/synth/regime=easy/d=10/num_cycles=4/density=0.5/samp_size=100/seed=2/method=lacerda_prune/model.pkl
    jobid: 650
    reason: Missing output files: results/synth/regime=easy/d=10/num_cycles=4/density=0.5/samp_size=100/seed=2/method=lacerda_prune/model.pkl
    wildcards: regime=easy, d=10, num_cycles=4, density=0.5, samp_size=100, seed=2, method=lacerda_prune
    resources: tmpdir=/tmp
Select jobs to execute...
[Wed Apr 29 11:30:05 2026]
Finished jobid: 160 (Rule: synth_fit)
420 of 651 steps (65%) done
Execute 1 jobs...
[Wed Apr 29 11:30:05 2026]
localrule synth_evaluate:
    input: results/synth/regime=easy/d=10/num_cycles=3/density=0.5/samp_size=50/seed=1/dataset.npz, results/synth/regime=easy/d=10/num_cycles=3/density=0.5/samp_size=50/seed=1/method=lacerda_prune/model.pkl
    output: results/synth/regime=easy/d=10/num_cycles=3/density=0.5/samp_size=50/seed=1/method=lacerda_prune/metrics.csv
    jobid: 617
    reason: Missing output files: results/synth/regime=easy/d=10/num_cycles=3/density=0.5/samp_size=50/seed=1/method=lacerda_prune/metrics.csv; Input files updated by another job: results/synth/regime=easy/d=10/num_cycles=3/density=0.5/samp_size=50/seed=1/method=lacerda_prune/model.pkl
    wildcards: regime=easy, d=10, num_cycles=3, density=0.5, samp_size=50, seed=1, method=lacerda_prune
    resources: tmpdir=/tmp
Select jobs to execute...
[Wed Apr 29 11:30:05 2026]
Finished jobid: 410 (Rule: synth_evaluate)
421 of 651 steps (65%) done
Execute 1 jobs...
[Wed Apr 29 11:30:05 2026]
localrule synth_evaluate:
    input: results/synth/regime=easy/d=10/num_cycles=5/density=0.8/samp_size=50/seed=1/dataset.npz, results/synth/regime=easy/d=10/num_cycles=5/density=0.8/samp_size=50/seed=1/method=lacerda_prune/model.pkl
    output: results/synth/regime=easy/d=10/num_cycles=5/density=0.8/samp_size=50/seed=1/method=lacerda_prune/metrics.csv
    jobid: 159
    reason: Missing output files: results/synth/regime=easy/d=10/num_cycles=5/density=0.8/samp_size=50/seed=1/method=lacerda_prune/metrics.csv; Input files updated by another job: results/synth/regime=easy/d=10/num_cycles=5/density=0.8/samp_size=50/seed=1/method=lacerda_prune/model.pkl
    wildcards: regime=easy, d=10, num_cycles=5, density=0.8, samp_size=50, seed=1, method=lacerda_prune
    resources: tmpdir=/tmp
Select jobs to execute...
[Wed Apr 29 11:30:05 2026]
Finished jobid: 501 (Rule: synth_fit)
422 of 651 steps (65%) done
Execute 1 jobs...
[Wed Apr 29 11:30:05 2026]
localrule synth_evaluate:
    input: results/synth/regime=easy/d=10/num_cycles=5/density=0.5/samp_size=1000/seed=2/dataset.npz, results/synth/regime=easy/d=10/num_cycles=5/density=0.5/samp_size=1000/seed=2/method=lacerda/model.pkl
    output: results/synth/regime=easy/d=10/num_cycles=5/density=0.5/samp_size=1000/seed=2/method=lacerda/metrics.csv
    jobid: 612
    reason: Input files updated by another job: results/synth/regime=easy/d=10/num_cycles=5/density=0.5/samp_size=1000/seed=2/method=lacerda/model.pkl
    wildcards: regime=easy, d=10, num_cycles=5, density=0.5, samp_size=1000, seed=2, method=lacerda
    resources: tmpdir=/tmp
Select jobs to execute...
[Wed Apr 29 11:30:05 2026]
Finished jobid: 363 (Rule: synth_fit)
423 of 651 steps (65%) done
Execute 1 jobs...
[Wed Apr 29 11:30:05 2026]
localrule synth_evaluate:
    input: results/synth/regime=easy/d=10/num_cycles=3/density=0.3/samp_size=50/seed=0/dataset.npz, results/synth/regime=easy/d=10/num_cycles=3/density=0.3/samp_size=50/seed=0/method=lacerda_prune/model.pkl
    output: results/synth/regime=easy/d=10/num_cycles=3/density=0.3/samp_size=50/seed=0/method=lacerda_prune/metrics.csv
    jobid: 362
    reason: Missing output files: results/synth/regime=easy/d=10/num_cycles=3/density=0.3/samp_size=50/seed=0/method=lacerda_prune/metrics.csv; Input files updated by another job: results/synth/regime=easy/d=10/num_cycles=3/density=0.3/samp_size=50/seed=0/method=lacerda_prune/model.pkl
    wildcards: regime=easy, d=10, num_cycles=3, density=0.3, samp_size=50, seed=0, method=lacerda_prune
    resources: tmpdir=/tmp
Select jobs to execute...
[Wed Apr 29 11:30:05 2026]
Finished jobid: 422 (Rule: synth_evaluate)
424 of 651 steps (65%) done
Execute 1 jobs...
[Wed Apr 29 11:30:05 2026]
localrule synth_evaluate:
    input: results/synth/regime=easy/d=10/num_cycles=4/density=0.5/samp_size=100/seed=0/dataset.npz, results/synth/regime=easy/d=10/num_cycles=4/density=0.5/samp_size=100/seed=0/method=lacerda_prune/model.pkl
    output: results/synth/regime=easy/d=10/num_cycles=4/density=0.5/samp_size=100/seed=0/method=lacerda_prune/metrics.csv
    jobid: 645
    reason: Missing output files: results/synth/regime=easy/d=10/num_cycles=4/density=0.5/samp_size=100/seed=0/method=lacerda_prune/metrics.csv; Input files updated by another job: results/synth/regime=easy/d=10/num_cycles=4/density=0.5/samp_size=100/seed=0/method=lacerda_prune/model.pkl
    wildcards: regime=easy, d=10, num_cycles=4, density=0.5, samp_size=100, seed=0, method=lacerda_prune
    resources: tmpdir=/tmp
Select jobs to execute...
[Wed Apr 29 11:30:05 2026]
Finished jobid: 551 (Rule: synth_fit)
425 of 651 steps (65%) done
Execute 1 jobs...
[Wed Apr 29 11:30:05 2026]
localrule synth_evaluate:
    input: results/synth/regime=easy/d=10/num_cycles=4/density=0.8/samp_size=100/seed=2/dataset.npz, results/synth/regime=easy/d=10/num_cycles=4/density=0.8/samp_size=100/seed=2/method=lacerda/model.pkl
    output: results/synth/regime=easy/d=10/num_cycles=4/density=0.8/samp_size=100/seed=2/method=lacerda/metrics.csv
    jobid: 52
    reason: Input files updated by another job: results/synth/regime=easy/d=10/num_cycles=4/density=0.8/samp_size=100/seed=2/method=lacerda/model.pkl
    wildcards: regime=easy, d=10, num_cycles=4, density=0.8, samp_size=100, seed=2, method=lacerda
    resources: tmpdir=/tmp
Select jobs to execute...
[Wed Apr 29 11:30:05 2026]
Finished jobid: 617 (Rule: synth_evaluate)
426 of 651 steps (65%) done
Execute 1 jobs...
[Wed Apr 29 11:30:05 2026]
localrule synth_evaluate:
    input: results/synth/regime=easy/d=10/num_cycles=3/density=0.3/samp_size=100/seed=1/dataset.npz, results/synth/regime=easy/d=10/num_cycles=3/density=0.3/samp_size=100/seed=1/method=lacerda/model.pkl
    output: results/synth/regime=easy/d=10/num_cycles=3/density=0.3/samp_size=100/seed=1/method=lacerda/metrics.csv
    jobid: 266
    reason: Input files updated by another job: results/synth/regime=easy/d=10/num_cycles=3/density=0.3/samp_size=100/seed=1/method=lacerda/model.pkl
    wildcards: regime=easy, d=10, num_cycles=3, density=0.3, samp_size=100, seed=1, method=lacerda
    resources: tmpdir=/tmp
Select jobs to execute...
[Wed Apr 29 11:30:05 2026]
Finished jobid: 159 (Rule: synth_evaluate)
427 of 651 steps (66%) done
Execute 1 jobs...
[Wed Apr 29 11:30:05 2026]
localrule synth_fit:
    input: results/synth/regime=easy/d=10/num_cycles=3/density=0.8/samp_size=1000/seed=2/dataset.npz
    output: results/synth/regime=easy/d=10/num_cycles=3/density=0.8/samp_size=1000/seed=2/method=lacerda_repare/model.pkl
    jobid: 204
    reason: Missing output files: results/synth/regime=easy/d=10/num_cycles=3/density=0.8/samp_size=1000/seed=2/method=lacerda_repare/model.pkl
    wildcards: regime=easy, d=10, num_cycles=3, density=0.8, samp_size=1000, seed=2, method=lacerda_repare
    resources: tmpdir=/tmp
Select jobs to execute...
[Wed Apr 29 11:30:06 2026]
Finished jobid: 612 (Rule: synth_evaluate)
428 of 651 steps (66%) done
Execute 1 jobs...
[Wed Apr 29 11:30:06 2026]
localrule synth_evaluate:
    input: results/synth/regime=easy/d=10/num_cycles=4/density=0.3/samp_size=1000/seed=1/dataset.npz, results/synth/regime=easy/d=10/num_cycles=4/density=0.3/samp_size=1000/seed=1/method=lacerda_repare/model.pkl
    output: results/synth/regime=easy/d=10/num_cycles=4/density=0.3/samp_size=1000/seed=1/method=lacerda_repare/metrics.csv
    jobid: 478
    reason: Missing output files: results/synth/regime=easy/d=10/num_cycles=4/density=0.3/samp_size=1000/seed=1/method=lacerda_repare/metrics.csv; Input files updated by another job: results/synth/regime=easy/d=10/num_cycles=4/density=0.3/samp_size=1000/seed=1/method=lacerda_repare/model.pkl
    wildcards: regime=easy, d=10, num_cycles=4, density=0.3, samp_size=1000, seed=1, method=lacerda_repare
    resources: tmpdir=/tmp
Select jobs to execute...
[Wed Apr 29 11:30:06 2026]
Finished jobid: 362 (Rule: synth_evaluate)
429 of 651 steps (66%) done
Execute 1 jobs...
[Wed Apr 29 11:30:06 2026]
localrule synth_evaluate:
    input: results/synth/regime=easy/d=10/num_cycles=4/density=0.5/samp_size=1000/seed=0/dataset.npz, results/synth/regime=easy/d=10/num_cycles=4/density=0.5/samp_size=1000/seed=0/method=lacerda/model.pkl
    output: results/synth/regime=easy/d=10/num_cycles=4/density=0.5/samp_size=1000/seed=0/method=lacerda/metrics.csv
    jobid: 570
    reason: Input files updated by another job: results/synth/regime=easy/d=10/num_cycles=4/density=0.5/samp_size=1000/seed=0/method=lacerda/model.pkl
    wildcards: regime=easy, d=10, num_cycles=4, density=0.5, samp_size=1000, seed=0, method=lacerda
    resources: tmpdir=/tmp
Select jobs to execute...
[Wed Apr 29 11:30:06 2026]
Finished jobid: 650 (Rule: synth_fit)
430 of 651 steps (66%) done
Execute 1 jobs...
[Wed Apr 29 11:30:06 2026]
localrule synth_evaluate:
    input: results/synth/regime=easy/d=10/num_cycles=3/density=0.8/samp_size=1000/seed=2/dataset.npz, results/synth/regime=easy/d=10/num_cycles=3/density=0.8/samp_size=1000/seed=2/method=lacerda_prune/model.pkl
    output: results/synth/regime=easy/d=10/num_cycles=3/density=0.8/samp_size=1000/seed=2/method=lacerda_prune/metrics.csv
    jobid: 131
    reason: Missing output files: results/synth/regime=easy/d=10/num_cycles=3/density=0.8/samp_size=1000/seed=2/method=lacerda_prune/metrics.csv; Input files updated by another job: results/synth/regime=easy/d=10/num_cycles=3/density=0.8/samp_size=1000/seed=2/method=lacerda_prune/model.pkl
    wildcards: regime=easy, d=10, num_cycles=3, density=0.8, samp_size=1000, seed=2, method=lacerda_prune
    resources: tmpdir=/tmp
Select jobs to execute...
[Wed Apr 29 11:30:06 2026]
Finished jobid: 645 (Rule: synth_evaluate)
431 of 651 steps (66%) done
Execute 1 jobs...
[Wed Apr 29 11:30:06 2026]
localrule synth_fit:
    input: results/synth/regime=easy/d=10/num_cycles=4/density=0.5/samp_size=100/seed=1/dataset.npz
    output: results/synth/regime=easy/d=10/num_cycles=4/density=0.5/samp_size=100/seed=1/method=lacerda/model.pkl
    jobid: 557
    reason: Code has changed since last execution
    wildcards: regime=easy, d=10, num_cycles=4, density=0.5, samp_size=100, seed=1, method=lacerda
    resources: tmpdir=/tmp
Select jobs to execute...
[Wed Apr 29 11:30:06 2026]
Finished jobid: 52 (Rule: synth_evaluate)
432 of 651 steps (66%) done
Execute 1 jobs...
[Wed Apr 29 11:30:06 2026]
localrule synth_fit:
    input: results/synth/regime=easy/d=10/num_cycles=4/density=0.5/samp_size=1000/seed=0/dataset.npz
    output: results/synth/regime=easy/d=10/num_cycles=4/density=0.5/samp_size=1000/seed=0/method=lacerda_prune/model.pkl
    jobid: 658
    reason: Missing output files: results/synth/regime=easy/d=10/num_cycles=4/density=0.5/samp_size=1000/seed=0/method=lacerda_prune/model.pkl
    wildcards: regime=easy, d=10, num_cycles=4, density=0.5, samp_size=1000, seed=0, method=lacerda_prune
    resources: tmpdir=/tmp
Select jobs to execute...
[Wed Apr 29 11:30:06 2026]
Finished jobid: 266 (Rule: synth_evaluate)
433 of 651 steps (67%) done
Execute 1 jobs...
[Wed Apr 29 11:30:06 2026]
localrule synth_evaluate:
    input: results/synth/regime=easy/d=10/num_cycles=3/density=0.5/samp_size=1000/seed=0/dataset.npz, results/synth/regime=easy/d=10/num_cycles=3/density=0.5/samp_size=1000/seed=0/method=lacerda_repare/model.pkl
    output: results/synth/regime=easy/d=10/num_cycles=3/density=0.5/samp_size=1000/seed=0/method=lacerda_repare/metrics.csv
    jobid: 705
    reason: Missing output files: results/synth/regime=easy/d=10/num_cycles=3/density=0.5/samp_size=1000/seed=0/method=lacerda_repare/metrics.csv; Input files updated by another job: results/synth/regime=easy/d=10/num_cycles=3/density=0.5/samp_size=1000/seed=0/method=lacerda_repare/model.pkl
    wildcards: regime=easy, d=10, num_cycles=3, density=0.5, samp_size=1000, seed=0, method=lacerda_repare
    resources: tmpdir=/tmp
Select jobs to execute...
[Wed Apr 29 11:30:06 2026]
Finished jobid: 196 (Rule: synth_fit)
434 of 651 steps (67%) done
Execute 1 jobs...
[Wed Apr 29 11:30:06 2026]
localrule synth_evaluate:
    input: results/synth/regime=easy/d=10/num_cycles=5/density=0.3/samp_size=1000/seed=1/dataset.npz, results/synth/regime=easy/d=10/num_cycles=5/density=0.3/samp_size=1000/seed=1/method=lacerda/model.pkl
    output: results/synth/regime=easy/d=10/num_cycles=5/density=0.3/samp_size=1000/seed=1/method=lacerda/metrics.csv
    jobid: 356
    reason: Input files updated by another job: results/synth/regime=easy/d=10/num_cycles=5/density=0.3/samp_size=1000/seed=1/method=lacerda/model.pkl
    wildcards: regime=easy, d=10, num_cycles=5, density=0.3, samp_size=1000, seed=1, method=lacerda
    resources: tmpdir=/tmp
Select jobs to execute...
[Wed Apr 29 11:30:06 2026]
Finished jobid: 478 (Rule: synth_evaluate)
435 of 651 steps (67%) done
Execute 1 jobs...
[Wed Apr 29 11:30:06 2026]
localrule synth_evaluate:
    input: results/synth/regime=easy/d=10/num_cycles=3/density=0.8/samp_size=100/seed=1/dataset.npz, results/synth/regime=easy/d=10/num_cycles=3/density=0.8/samp_size=100/seed=1/method=lacerda/model.pkl
    output: results/synth/regime=easy/d=10/num_cycles=3/density=0.8/samp_size=100/seed=1/method=lacerda/metrics.csv
    jobid: 13
    reason: Input files updated by another job: results/synth/regime=easy/d=10/num_cycles=3/density=0.8/samp_size=100/seed=1/method=lacerda/model.pkl
    wildcards: regime=easy, d=10, num_cycles=3, density=0.8, samp_size=100, seed=1, method=lacerda
    resources: tmpdir=/tmp
Select jobs to execute...
[Wed Apr 29 11:30:07 2026]
Finished jobid: 570 (Rule: synth_evaluate)
436 of 651 steps (67%) done
Execute 1 jobs...
[Wed Apr 29 11:30:07 2026]
localrule synth_evaluate:
    input: results/synth/regime=easy/d=10/num_cycles=4/density=0.5/samp_size=100/seed=1/dataset.npz, results/synth/regime=easy/d=10/num_cycles=4/density=0.5/samp_size=100/seed=1/method=lacerda_prune/model.pkl
    output: results/synth/regime=easy/d=10/num_cycles=4/density=0.5/samp_size=100/seed=1/method=lacerda_prune/metrics.csv
    jobid: 647
    reason: Missing output files: results/synth/regime=easy/d=10/num_cycles=4/density=0.5/samp_size=100/seed=1/method=lacerda_prune/metrics.csv; Input files updated by another job: results/synth/regime=easy/d=10/num_cycles=4/density=0.5/samp_size=100/seed=1/method=lacerda_prune/model.pkl
    wildcards: regime=easy, d=10, num_cycles=4, density=0.5, samp_size=100, seed=1, method=lacerda_prune
    resources: tmpdir=/tmp
Select jobs to execute...
[Wed Apr 29 11:30:07 2026]
Finished jobid: 131 (Rule: synth_evaluate)
437 of 651 steps (67%) done
Execute 1 jobs...
[Wed Apr 29 11:30:07 2026]
localrule synth_evaluate:
    input: results/synth/regime=easy/d=10/num_cycles=4/density=0.3/samp_size=1000/seed=2/dataset.npz, results/synth/regime=easy/d=10/num_cycles=4/density=0.3/samp_size=1000/seed=2/method=lacerda_repare/model.pkl
    output: results/synth/regime=easy/d=10/num_cycles=4/density=0.3/samp_size=1000/seed=2/method=lacerda_repare/metrics.csv
    jobid: 480
    reason: Missing output files: results/synth/regime=easy/d=10/num_cycles=4/density=0.3/samp_size=1000/seed=2/method=lacerda_repare/metrics.csv; Input files updated by another job: results/synth/regime=easy/d=10/num_cycles=4/density=0.3/samp_size=1000/seed=2/method=lacerda_repare/model.pkl
    wildcards: regime=easy, d=10, num_cycles=4, density=0.3, samp_size=1000, seed=2, method=lacerda_repare
    resources: tmpdir=/tmp
Select jobs to execute...
[Wed Apr 29 11:30:07 2026]
Finished jobid: 705 (Rule: synth_evaluate)
438 of 651 steps (67%) done
Execute 1 jobs...
[Wed Apr 29 11:30:07 2026]
localrule synth_evaluate:
    input: results/synth/regime=easy/d=10/num_cycles=5/density=0.3/samp_size=1000/seed=2/dataset.npz, results/synth/regime=easy/d=10/num_cycles=5/density=0.3/samp_size=1000/seed=2/method=lacerda/model.pkl
    output: results/synth/regime=easy/d=10/num_cycles=5/density=0.3/samp_size=1000/seed=2/method=lacerda/metrics.csv
    jobid: 359
    reason: Input files updated by another job: results/synth/regime=easy/d=10/num_cycles=5/density=0.3/samp_size=1000/seed=2/method=lacerda/model.pkl
    wildcards: regime=easy, d=10, num_cycles=5, density=0.3, samp_size=1000, seed=2, method=lacerda
    resources: tmpdir=/tmp
Select jobs to execute...
[Wed Apr 29 11:30:07 2026]
Finished jobid: 356 (Rule: synth_evaluate)
439 of 651 steps (67%) done
Execute 1 jobs...
[Wed Apr 29 11:30:07 2026]
localrule synth_fit:
    input: results/synth/regime=easy/d=10/num_cycles=4/density=0.3/samp_size=1000/seed=2/dataset.npz
    output: results/synth/regime=easy/d=10/num_cycles=4/density=0.3/samp_size=1000/seed=2/method=lacerda/model.pkl
    jobid: 325
    reason: Code has changed since last execution
    wildcards: regime=easy, d=10, num_cycles=4, density=0.3, samp_size=1000, seed=2, method=lacerda
    resources: tmpdir=/tmp
Select jobs to execute...
[Wed Apr 29 11:30:07 2026]
Finished jobid: 557 (Rule: synth_fit)
440 of 651 steps (68%) done
Execute 1 jobs...
[Wed Apr 29 11:30:07 2026]
localrule synth_evaluate:
    input: results/synth/regime=easy/d=10/num_cycles=4/density=0.8/samp_size=50/seed=0/dataset.npz, results/synth/regime=easy/d=10/num_cycles=4/density=0.8/samp_size=50/seed=0/method=lacerda_prune/model.pkl
    output: results/synth/regime=easy/d=10/num_cycles=4/density=0.8/samp_size=50/seed=0/method=lacerda_prune/metrics.csv
    jobid: 133
    reason: Missing output files: results/synth/regime=easy/d=10/num_cycles=4/density=0.8/samp_size=50/seed=0/method=lacerda_prune/metrics.csv; Input files updated by another job: results/synth/regime=easy/d=10/num_cycles=4/density=0.8/samp_size=50/seed=0/method=lacerda_prune/model.pkl
    wildcards: regime=easy, d=10, num_cycles=4, density=0.8, samp_size=50, seed=0, method=lacerda_prune
    resources: tmpdir=/tmp
Select jobs to execute...
[Wed Apr 29 11:30:07 2026]
Finished jobid: 13 (Rule: synth_evaluate)
441 of 651 steps (68%) done
Execute 1 jobs...
[Wed Apr 29 11:30:07 2026]
localrule synth_evaluate:
    input: results/synth/regime=easy/d=10/num_cycles=4/density=0.5/samp_size=50/seed=1/dataset.npz, results/synth/regime=easy/d=10/num_cycles=4/density=0.5/samp_size=50/seed=1/method=lacerda_prune/model.pkl
    output: results/synth/regime=easy/d=10/num_cycles=4/density=0.5/samp_size=50/seed=1/method=lacerda_prune/metrics.csv
    jobid: 641
    reason: Missing output files: results/synth/regime=easy/d=10/num_cycles=4/density=0.5/samp_size=50/seed=1/method=lacerda_prune/metrics.csv; Input files updated by another job: results/synth/regime=easy/d=10/num_cycles=4/density=0.5/samp_size=50/seed=1/method=lacerda_prune/model.pkl
    wildcards: regime=easy, d=10, num_cycles=4, density=0.5, samp_size=50, seed=1, method=lacerda_prune
    resources: tmpdir=/tmp
Select jobs to execute...
[Wed Apr 29 11:30:07 2026]
Finished jobid: 480 (Rule: synth_evaluate)
442 of 651 steps (68%) done
Execute 1 jobs...
[Wed Apr 29 11:30:07 2026]
localrule synth_fit:
    input: results/synth/regime=easy/d=10/num_cycles=4/density=0.8/samp_size=100/seed=0/dataset.npz
    output: results/synth/regime=easy/d=10/num_cycles=4/density=0.8/samp_size=100/seed=0/method=lacerda/model.pkl
    jobid: 48
    reason: Code has changed since last execution
    wildcards: regime=easy, d=10, num_cycles=4, density=0.8, samp_size=100, seed=0, method=lacerda
    resources: tmpdir=/tmp
Select jobs to execute...
[Wed Apr 29 11:30:07 2026]
Finished jobid: 647 (Rule: synth_evaluate)
443 of 651 steps (68%) done
Execute 1 jobs...
[Wed Apr 29 11:30:07 2026]
localrule synth_evaluate:
    input: results/synth/regime=easy/d=10/num_cycles=3/density=0.5/samp_size=1000/seed=2/dataset.npz, results/synth/regime=easy/d=10/num_cycles=3/density=0.5/samp_size=1000/seed=2/method=lacerda_repare/model.pkl
    output: results/synth/regime=easy/d=10/num_cycles=3/density=0.5/samp_size=1000/seed=2/method=lacerda_repare/metrics.csv
    jobid: 709
    reason: Missing output files: results/synth/regime=easy/d=10/num_cycles=3/density=0.5/samp_size=1000/seed=2/method=lacerda_repare/metrics.csv; Input files updated by another job: results/synth/regime=easy/d=10/num_cycles=3/density=0.5/samp_size=1000/seed=2/method=lacerda_repare/model.pkl
    wildcards: regime=easy, d=10, num_cycles=3, density=0.5, samp_size=1000, seed=2, method=lacerda_repare
    resources: tmpdir=/tmp
Select jobs to execute...
[Wed Apr 29 11:30:07 2026]
Finished jobid: 359 (Rule: synth_evaluate)
444 of 651 steps (68%) done
Execute 1 jobs...
[Wed Apr 29 11:30:07 2026]
localrule synth_evaluate:
    input: results/synth/regime=easy/d=10/num_cycles=4/density=0.5/samp_size=50/seed=2/dataset.npz, results/synth/regime=easy/d=10/num_cycles=4/density=0.5/samp_size=50/seed=2/method=lacerda/model.pkl
    output: results/synth/regime=easy/d=10/num_cycles=4/density=0.5/samp_size=50/seed=2/method=lacerda/metrics.csv
    jobid: 549
    reason: Input files updated by another job: results/synth/regime=easy/d=10/num_cycles=4/density=0.5/samp_size=50/seed=2/method=lacerda/model.pkl
    wildcards: regime=easy, d=10, num_cycles=4, density=0.5, samp_size=50, seed=2, method=lacerda
    resources: tmpdir=/tmp
Select jobs to execute...
[Wed Apr 29 11:30:08 2026]
Finished jobid: 658 (Rule: synth_fit)
445 of 651 steps (68%) done
Execute 1 jobs...
[Wed Apr 29 11:30:08 2026]
localrule synth_evaluate:
    input: results/synth/regime=easy/d=10/num_cycles=5/density=0.3/samp_size=1000/seed=0/dataset.npz, results/synth/regime=easy/d=10/num_cycles=5/density=0.3/samp_size=1000/seed=0/method=lacerda_repare/model.pkl
    output: results/synth/regime=easy/d=10/num_cycles=5/density=0.3/samp_size=1000/seed=0/method=lacerda_repare/metrics.csv
    jobid: 500
    reason: Missing output files: results/synth/regime=easy/d=10/num_cycles=5/density=0.3/samp_size=1000/seed=0/method=lacerda_repare/metrics.csv; Input files updated by another job: results/synth/regime=easy/d=10/num_cycles=5/density=0.3/samp_size=1000/seed=0/method=lacerda_repare/model.pkl
    wildcards: regime=easy, d=10, num_cycles=5, density=0.3, samp_size=1000, seed=0, method=lacerda_repare
    resources: tmpdir=/tmp
Select jobs to execute...
[Wed Apr 29 11:30:08 2026]
Finished jobid: 133 (Rule: synth_evaluate)
446 of 651 steps (69%) done
Execute 1 jobs...
[Wed Apr 29 11:30:08 2026]
localrule synth_evaluate:
    input: results/synth/regime=easy/d=10/num_cycles=4/density=0.5/samp_size=100/seed=1/dataset.npz, results/synth/regime=easy/d=10/num_cycles=4/density=0.5/samp_size=100/seed=1/method=lacerda/model.pkl
    output: results/synth/regime=easy/d=10/num_cycles=4/density=0.5/samp_size=100/seed=1/method=lacerda/metrics.csv
    jobid: 555
    reason: Input files updated by another job: results/synth/regime=easy/d=10/num_cycles=4/density=0.5/samp_size=100/seed=1/method=lacerda/model.pkl
    wildcards: regime=easy, d=10, num_cycles=4, density=0.5, samp_size=100, seed=1, method=lacerda
    resources: tmpdir=/tmp
Select jobs to execute...
[Wed Apr 29 11:30:08 2026]
Finished jobid: 325 (Rule: synth_fit)
447 of 651 steps (69%) done
Execute 1 jobs...
[Wed Apr 29 11:30:08 2026]
localrule synth_evaluate:
    input: results/synth/regime=easy/d=10/num_cycles=4/density=0.3/samp_size=1000/seed=2/dataset.npz, results/synth/regime=easy/d=10/num_cycles=4/density=0.3/samp_size=1000/seed=2/method=lacerda/model.pkl
    output: results/synth/regime=easy/d=10/num_cycles=4/density=0.3/samp_size=1000/seed=2/method=lacerda/metrics.csv
    jobid: 323
    reason: Input files updated by another job: results/synth/regime=easy/d=10/num_cycles=4/density=0.3/samp_size=1000/seed=2/method=lacerda/model.pkl
    wildcards: regime=easy, d=10, num_cycles=4, density=0.3, samp_size=1000, seed=2, method=lacerda
    resources: tmpdir=/tmp
Select jobs to execute...
[Wed Apr 29 11:30:08 2026]
Finished jobid: 641 (Rule: synth_evaluate)
448 of 651 steps (69%) done
Execute 1 jobs...
[Wed Apr 29 11:30:08 2026]
localrule synth_evaluate:
    input: results/synth/regime=easy/d=10/num_cycles=3/density=0.8/samp_size=100/seed=2/dataset.npz, results/synth/regime=easy/d=10/num_cycles=3/density=0.8/samp_size=100/seed=2/method=lacerda_repare/model.pkl
    output: results/synth/regime=easy/d=10/num_cycles=3/density=0.8/samp_size=100/seed=2/method=lacerda_repare/metrics.csv
    jobid: 191
    reason: Missing output files: results/synth/regime=easy/d=10/num_cycles=3/density=0.8/samp_size=100/seed=2/method=lacerda_repare/metrics.csv; Input files updated by another job: results/synth/regime=easy/d=10/num_cycles=3/density=0.8/samp_size=100/seed=2/method=lacerda_repare/model.pkl
    wildcards: regime=easy, d=10, num_cycles=3, density=0.8, samp_size=100, seed=2, method=lacerda_repare
    resources: tmpdir=/tmp
Select jobs to execute...
[Wed Apr 29 11:30:08 2026]
Finished jobid: 709 (Rule: synth_evaluate)
449 of 651 steps (69%) done
Execute 1 jobs...
[Wed Apr 29 11:30:08 2026]
localrule synth_evaluate:
    input: results/synth/regime=easy/d=10/num_cycles=4/density=0.8/samp_size=1000/seed=0/dataset.npz, results/synth/regime=easy/d=10/num_cycles=4/density=0.8/samp_size=1000/seed=0/method=lacerda/model.pkl
    output: results/synth/regime=easy/d=10/num_cycles=4/density=0.8/samp_size=1000/seed=0/method=lacerda/metrics.csv
    jobid: 64
    reason: Input files updated by another job: results/synth/regime=easy/d=10/num_cycles=4/density=0.8/samp_size=1000/seed=0/method=lacerda/model.pkl
    wildcards: regime=easy, d=10, num_cycles=4, density=0.8, samp_size=1000, seed=0, method=lacerda
    resources: tmpdir=/tmp
Select jobs to execute...
[Wed Apr 29 11:30:08 2026]
Finished jobid: 48 (Rule: synth_fit)
450 of 651 steps (69%) done
Execute 1 jobs...
[Wed Apr 29 11:30:08 2026]
localrule synth_evaluate:
    input: results/synth/regime=easy/d=10/num_cycles=4/density=0.8/samp_size=100/seed=0/dataset.npz, results/synth/regime=easy/d=10/num_cycles=4/density=0.8/samp_size=100/seed=0/method=lacerda/model.pkl
    output: results/synth/regime=easy/d=10/num_cycles=4/density=0.8/samp_size=100/seed=0/method=lacerda/metrics.csv
    jobid: 46
    reason: Input files updated by another job: results/synth/regime=easy/d=10/num_cycles=4/density=0.8/samp_size=100/seed=0/method=lacerda/model.pkl
    wildcards: regime=easy, d=10, num_cycles=4, density=0.8, samp_size=100, seed=0, method=lacerda
    resources: tmpdir=/tmp
Select jobs to execute...
[Wed Apr 29 11:30:08 2026]
Finished jobid: 204 (Rule: synth_fit)
451 of 651 steps (69%) done
Execute 1 jobs...
[Wed Apr 29 11:30:08 2026]
localrule synth_fit:
    input: results/synth/regime=easy/d=10/num_cycles=5/density=0.8/samp_size=100/seed=2/dataset.npz
    output: results/synth/regime=easy/d=10/num_cycles=5/density=0.8/samp_size=100/seed=2/method=lacerda/model.pkl
    jobid: 90
    reason: Code has changed since last execution
    wildcards: regime=easy, d=10, num_cycles=5, density=0.8, samp_size=100, seed=2, method=lacerda
    resources: tmpdir=/tmp
Select jobs to execute...
[Wed Apr 29 11:30:08 2026]
Finished jobid: 549 (Rule: synth_evaluate)
452 of 651 steps (69%) done
Execute 1 jobs...
[Wed Apr 29 11:30:08 2026]
localrule synth_fit:
    input: results/synth/regime=easy/d=10/num_cycles=5/density=0.3/samp_size=1000/seed=1/dataset.npz
    output: results/synth/regime=easy/d=10/num_cycles=5/density=0.3/samp_size=1000/seed=1/method=lacerda_repare/model.pkl
    jobid: 503
    reason: Missing output files: results/synth/regime=easy/d=10/num_cycles=5/density=0.3/samp_size=1000/seed=1/method=lacerda_repare/model.pkl
    wildcards: regime=easy, d=10, num_cycles=5, density=0.3, samp_size=1000, seed=1, method=lacerda_repare
    resources: tmpdir=/tmp
Select jobs to execute...
[Wed Apr 29 11:30:08 2026]
Finished jobid: 500 (Rule: synth_evaluate)
453 of 651 steps (70%) done
Execute 1 jobs...
[Wed Apr 29 11:30:08 2026]
localrule synth_evaluate:
    input: results/synth/regime=easy/d=10/num_cycles=3/density=0.8/samp_size=500/seed=0/dataset.npz, results/synth/regime=easy/d=10/num_cycles=3/density=0.8/samp_size=500/seed=0/method=lacerda_repare/model.pkl
    output: results/synth/regime=easy/d=10/num_cycles=3/density=0.8/samp_size=500/seed=0/method=lacerda_repare/metrics.csv
    jobid: 193
    reason: Missing output files: results/synth/regime=easy/d=10/num_cycles=3/density=0.8/samp_size=500/seed=0/method=lacerda_repare/metrics.csv; Input files updated by another job: results/synth/regime=easy/d=10/num_cycles=3/density=0.8/samp_size=500/seed=0/method=lacerda_repare/model.pkl
    wildcards: regime=easy, d=10, num_cycles=3, density=0.8, samp_size=500, seed=0, method=lacerda_repare
    resources: tmpdir=/tmp
Select jobs to execute...
[Wed Apr 29 11:30:08 2026]
Finished jobid: 555 (Rule: synth_evaluate)
454 of 651 steps (70%) done
Execute 1 jobs...
[Wed Apr 29 11:30:08 2026]
localrule synth_evaluate:
    input: results/synth/regime=easy/d=10/num_cycles=4/density=0.5/samp_size=1000/seed=1/dataset.npz, results/synth/regime=easy/d=10/num_cycles=4/density=0.5/samp_size=1000/seed=1/method=lacerda/model.pkl
    output: results/synth/regime=easy/d=10/num_cycles=4/density=0.5/samp_size=1000/seed=1/method=lacerda/metrics.csv
    jobid: 573
    reason: Input files updated by another job: results/synth/regime=easy/d=10/num_cycles=4/density=0.5/samp_size=1000/seed=1/method=lacerda/model.pkl
    wildcards: regime=easy, d=10, num_cycles=4, density=0.5, samp_size=1000, seed=1, method=lacerda
    resources: tmpdir=/tmp
Select jobs to execute...
[Wed Apr 29 11:30:09 2026]
Finished jobid: 323 (Rule: synth_evaluate)
455 of 651 steps (70%) done
Execute 1 jobs...
[Wed Apr 29 11:30:09 2026]
localrule synth_fit:
    input: results/synth/regime=easy/d=10/num_cycles=4/density=0.8/samp_size=50/seed=0/dataset.npz
    output: results/synth/regime=easy/d=10/num_cycles=4/density=0.8/samp_size=50/seed=0/method=lacerda_repare/model.pkl
    jobid: 206
    reason: Missing output files: results/synth/regime=easy/d=10/num_cycles=4/density=0.8/samp_size=50/seed=0/method=lacerda_repare/model.pkl
    wildcards: regime=easy, d=10, num_cycles=4, density=0.8, samp_size=50, seed=0, method=lacerda_repare
    resources: tmpdir=/tmp
Select jobs to execute...
[Wed Apr 29 11:30:09 2026]
Finished jobid: 191 (Rule: synth_evaluate)
456 of 651 steps (70%) done
Execute 1 jobs...
[Wed Apr 29 11:30:09 2026]
localrule synth_evaluate:
    input: results/synth/regime=easy/d=10/num_cycles=3/density=0.5/samp_size=1000/seed=1/dataset.npz, results/synth/regime=easy/d=10/num_cycles=3/density=0.5/samp_size=1000/seed=1/method=lacerda_repare/model.pkl
    output: results/synth/regime=easy/d=10/num_cycles=3/density=0.5/samp_size=1000/seed=1/method=lacerda_repare/metrics.csv
    jobid: 707
    reason: Missing output files: results/synth/regime=easy/d=10/num_cycles=3/density=0.5/samp_size=1000/seed=1/method=lacerda_repare/metrics.csv; Input files updated by another job: results/synth/regime=easy/d=10/num_cycles=3/density=0.5/samp_size=1000/seed=1/method=lacerda_repare/model.pkl
    wildcards: regime=easy, d=10, num_cycles=3, density=0.5, samp_size=1000, seed=1, method=lacerda_repare
    resources: tmpdir=/tmp
Select jobs to execute...
[Wed Apr 29 11:30:09 2026]
Finished jobid: 64 (Rule: synth_evaluate)
457 of 651 steps (70%) done
Execute 1 jobs...
[Wed Apr 29 11:30:09 2026]
localrule synth_evaluate:
    input: results/synth/regime=easy/d=10/num_cycles=4/density=0.8/samp_size=500/seed=1/dataset.npz, results/synth/regime=easy/d=10/num_cycles=4/density=0.8/samp_size=500/seed=1/method=lacerda/model.pkl
    output: results/synth/regime=easy/d=10/num_cycles=4/density=0.8/samp_size=500/seed=1/method=lacerda/metrics.csv
    jobid: 58
    reason: Input files updated by another job: results/synth/regime=easy/d=10/num_cycles=4/density=0.8/samp_size=500/seed=1/method=lacerda/model.pkl
    wildcards: regime=easy, d=10, num_cycles=4, density=0.8, samp_size=500, seed=1, method=lacerda
    resources: tmpdir=/tmp
[Wed Apr 29 11:30:09 2026]
Finished jobid: 46 (Rule: synth_evaluate)
458 of 651 steps (70%) done
Select jobs to execute...
Execute 1 jobs...
[Wed Apr 29 11:30:09 2026]
localrule synth_evaluate:
    input: results/synth/regime=easy/d=10/num_cycles=3/density=0.8/samp_size=500/seed=1/dataset.npz, results/synth/regime=easy/d=10/num_cycles=3/density=0.8/samp_size=500/seed=1/method=lacerda_repare/model.pkl
    output: results/synth/regime=easy/d=10/num_cycles=3/density=0.8/samp_size=500/seed=1/method=lacerda_repare/metrics.csv
    jobid: 195
    reason: Missing output files: results/synth/regime=easy/d=10/num_cycles=3/density=0.8/samp_size=500/seed=1/method=lacerda_repare/metrics.csv; Input files updated by another job: results/synth/regime=easy/d=10/num_cycles=3/density=0.8/samp_size=500/seed=1/method=lacerda_repare/model.pkl
    wildcards: regime=easy, d=10, num_cycles=3, density=0.8, samp_size=500, seed=1, method=lacerda_repare
    resources: tmpdir=/tmp
Select jobs to execute...
[Wed Apr 29 11:30:09 2026]
Finished jobid: 193 (Rule: synth_evaluate)
459 of 651 steps (71%) done
Execute 1 jobs...
[Wed Apr 29 11:30:09 2026]
localrule synth_fit:
    input: results/synth/regime=easy/d=10/num_cycles=4/density=0.8/samp_size=500/seed=1/dataset.npz
    output: results/synth/regime=easy/d=10/num_cycles=4/density=0.8/samp_size=500/seed=1/method=lacerda_prune/model.pkl
    jobid: 148
    reason: Missing output files: results/synth/regime=easy/d=10/num_cycles=4/density=0.8/samp_size=500/seed=1/method=lacerda_prune/model.pkl
    wildcards: regime=easy, d=10, num_cycles=4, density=0.8, samp_size=500, seed=1, method=lacerda_prune
    resources: tmpdir=/tmp
Select jobs to execute...
[Wed Apr 29 11:30:09 2026]
Finished jobid: 573 (Rule: synth_evaluate)
460 of 651 steps (71%) done
Execute 1 jobs...
[Wed Apr 29 11:30:09 2026]
localrule synth_evaluate:
    input: results/synth/regime=easy/d=10/num_cycles=3/density=0.8/samp_size=500/seed=2/dataset.npz, results/synth/regime=easy/d=10/num_cycles=3/density=0.8/samp_size=500/seed=2/method=lacerda_prune/model.pkl
    output: results/synth/regime=easy/d=10/num_cycles=3/density=0.8/samp_size=500/seed=2/method=lacerda_prune/metrics.csv
    jobid: 125
    reason: Missing output files: results/synth/regime=easy/d=10/num_cycles=3/density=0.8/samp_size=500/seed=2/method=lacerda_prune/metrics.csv; Input files updated by another job: results/synth/regime=easy/d=10/num_cycles=3/density=0.8/samp_size=500/seed=2/method=lacerda_prune/model.pkl
    wildcards: regime=easy, d=10, num_cycles=3, density=0.8, samp_size=500, seed=2, method=lacerda_prune
    resources: tmpdir=/tmp
Select jobs to execute...
[Wed Apr 29 11:30:09 2026]
Finished jobid: 707 (Rule: synth_evaluate)
461 of 651 steps (71%) done
Execute 1 jobs...
[Wed Apr 29 11:30:09 2026]
localrule synth_fit:
    input: results/synth/regime=easy/d=10/num_cycles=5/density=0.8/samp_size=500/seed=0/dataset.npz
    output: results/synth/regime=easy/d=10/num_cycles=5/density=0.8/samp_size=500/seed=0/method=lacerda/model.pkl
    jobid: 93
    reason: Code has changed since last execution
    wildcards: regime=easy, d=10, num_cycles=5, density=0.8, samp_size=500, seed=0, method=lacerda
    resources: tmpdir=/tmp
Select jobs to execute...
[Wed Apr 29 11:30:09 2026]
Finished jobid: 206 (Rule: synth_fit)
462 of 651 steps (71%) done
Execute 1 jobs...
[Wed Apr 29 11:30:09 2026]
localrule synth_fit:
    input: results/synth/regime=easy/d=10/num_cycles=3/density=0.8/samp_size=50/seed=0/dataset.npz
    output: results/synth/regime=easy/d=10/num_cycles=3/density=0.8/samp_size=50/seed=0/method=lacerda/model.pkl
    jobid: 3
    reason: Code has changed since last execution
    wildcards: regime=easy, d=10, num_cycles=3, density=0.8, samp_size=50, seed=0, method=lacerda
    resources: tmpdir=/tmp
Select jobs to execute...
[Wed Apr 29 11:30:09 2026]
Finished jobid: 58 (Rule: synth_evaluate)
463 of 651 steps (71%) done
Execute 1 jobs...
[Wed Apr 29 11:30:09 2026]
localrule synth_fit:
    input: results/synth/regime=easy/d=10/num_cycles=3/density=0.3/samp_size=50/seed=0/dataset.npz
    output: results/synth/regime=easy/d=10/num_cycles=3/density=0.3/samp_size=50/seed=0/method=lacerda_repare/model.pkl
    jobid: 435
    reason: Missing output files: results/synth/regime=easy/d=10/num_cycles=3/density=0.3/samp_size=50/seed=0/method=lacerda_repare/model.pkl
    wildcards: regime=easy, d=10, num_cycles=3, density=0.3, samp_size=50, seed=0, method=lacerda_repare
    resources: tmpdir=/tmp
Select jobs to execute...
[Wed Apr 29 11:30:09 2026]
Finished jobid: 195 (Rule: synth_evaluate)
464 of 651 steps (71%) done
Execute 1 jobs...
[Wed Apr 29 11:30:09 2026]
localrule synth_fit:
    input: results/synth/regime=easy/d=10/num_cycles=4/density=0.8/samp_size=50/seed=1/dataset.npz
    output: results/synth/regime=easy/d=10/num_cycles=4/density=0.8/samp_size=50/seed=1/method=lacerda_repare/model.pkl
    jobid: 208
    reason: Missing output files: results/synth/regime=easy/d=10/num_cycles=4/density=0.8/samp_size=50/seed=1/method=lacerda_repare/model.pkl
    wildcards: regime=easy, d=10, num_cycles=4, density=0.8, samp_size=50, seed=1, method=lacerda_repare
    resources: tmpdir=/tmp
[Wed Apr 29 11:30:09 2026]
Finished jobid: 90 (Rule: synth_fit)
465 of 651 steps (71%) done
Select jobs to execute...
Execute 1 jobs...
[Wed Apr 29 11:30:09 2026]
localrule synth_fit:
    input: results/synth/regime=easy/d=10/num_cycles=4/density=0.5/samp_size=1000/seed=2/dataset.npz
    output: results/synth/regime=easy/d=10/num_cycles=4/density=0.5/samp_size=1000/seed=2/method=lacerda_prune/model.pkl
    jobid: 662
    reason: Missing output files: results/synth/regime=easy/d=10/num_cycles=4/density=0.5/samp_size=1000/seed=2/method=lacerda_prune/model.pkl
    wildcards: regime=easy, d=10, num_cycles=4, density=0.5, samp_size=1000, seed=2, method=lacerda_prune
    resources: tmpdir=/tmp
Select jobs to execute...
[Wed Apr 29 11:30:10 2026]
Finished jobid: 125 (Rule: synth_evaluate)
466 of 651 steps (72%) done
Execute 1 jobs...
[Wed Apr 29 11:30:10 2026]
localrule synth_fit:
    input: results/synth/regime=easy/d=10/num_cycles=5/density=0.5/samp_size=50/seed=0/dataset.npz
    output: results/synth/regime=easy/d=10/num_cycles=5/density=0.5/samp_size=50/seed=0/method=lacerda_repare/model.pkl
    jobid: 736
    reason: Missing output files: results/synth/regime=easy/d=10/num_cycles=5/density=0.5/samp_size=50/seed=0/method=lacerda_repare/model.pkl
    wildcards: regime=easy, d=10, num_cycles=5, density=0.5, samp_size=50, seed=0, method=lacerda_repare
    resources: tmpdir=/tmp
Select jobs to execute...
[Wed Apr 29 11:30:10 2026]
Finished jobid: 93 (Rule: synth_fit)
467 of 651 steps (72%) done
Execute 1 jobs...
[Wed Apr 29 11:30:10 2026]
localrule synth_evaluate:
    input: results/synth/regime=easy/d=10/num_cycles=4/density=0.8/samp_size=500/seed=2/dataset.npz, results/synth/regime=easy/d=10/num_cycles=4/density=0.8/samp_size=500/seed=2/method=lacerda/model.pkl
    output: results/synth/regime=easy/d=10/num_cycles=4/density=0.8/samp_size=500/seed=2/method=lacerda/metrics.csv
    jobid: 61
    reason: Input files updated by another job: results/synth/regime=easy/d=10/num_cycles=4/density=0.8/samp_size=500/seed=2/method=lacerda/model.pkl
    wildcards: regime=easy, d=10, num_cycles=4, density=0.8, samp_size=500, seed=2, method=lacerda
    resources: tmpdir=/tmp
Select jobs to execute...
[Wed Apr 29 11:30:10 2026]
Finished jobid: 435 (Rule: synth_fit)
468 of 651 steps (72%) done
Execute 1 jobs...
[Wed Apr 29 11:30:10 2026]
localrule synth_fit:
    input: results/synth/regime=easy/d=10/num_cycles=3/density=0.3/samp_size=1000/seed=0/dataset.npz
    output: results/synth/regime=easy/d=10/num_cycles=3/density=0.3/samp_size=1000/seed=0/method=lacerda/model.pkl
    jobid: 283
    reason: Code has changed since last execution
    wildcards: regime=easy, d=10, num_cycles=3, density=0.3, samp_size=1000, seed=0, method=lacerda
    resources: tmpdir=/tmp
[Wed Apr 29 11:30:10 2026]
Finished jobid: 208 (Rule: synth_fit)
469 of 651 steps (72%) done
Select jobs to execute...
Execute 1 jobs...
[Wed Apr 29 11:30:10 2026]
localrule synth_fit:
    input: results/synth/regime=easy/d=10/num_cycles=4/density=0.8/samp_size=500/seed=2/dataset.npz
    output: results/synth/regime=easy/d=10/num_cycles=4/density=0.8/samp_size=500/seed=2/method=lacerda_prune/model.pkl
    jobid: 150
    reason: Missing output files: results/synth/regime=easy/d=10/num_cycles=4/density=0.8/samp_size=500/seed=2/method=lacerda_prune/model.pkl
    wildcards: regime=easy, d=10, num_cycles=4, density=0.8, samp_size=500, seed=2, method=lacerda_prune
    resources: tmpdir=/tmp
Select jobs to execute...
[Wed Apr 29 11:30:10 2026]
Finished jobid: 503 (Rule: synth_fit)
470 of 651 steps (72%) done
Execute 1 jobs...
[Wed Apr 29 11:30:10 2026]
localrule synth_fit:
    input: results/synth/regime=easy/d=10/num_cycles=4/density=0.5/samp_size=500/seed=0/dataset.npz
    output: results/synth/regime=easy/d=10/num_cycles=4/density=0.5/samp_size=500/seed=0/method=lacerda_repare/model.pkl
    jobid: 724
    reason: Missing output files: results/synth/regime=easy/d=10/num_cycles=4/density=0.5/samp_size=500/seed=0/method=lacerda_repare/model.pkl
    wildcards: regime=easy, d=10, num_cycles=4, density=0.5, samp_size=500, seed=0, method=lacerda_repare
    resources: tmpdir=/tmp
Select jobs to execute...
[Wed Apr 29 11:30:11 2026]
Finished jobid: 3 (Rule: synth_fit)
471 of 651 steps (72%) done
Execute 1 jobs...
[Wed Apr 29 11:30:11 2026]
localrule synth_evaluate:
    input: results/synth/regime=easy/d=10/num_cycles=4/density=0.5/samp_size=50/seed=0/dataset.npz, results/synth/regime=easy/d=10/num_cycles=4/density=0.5/samp_size=50/seed=0/method=lacerda_repare/model.pkl
    output: results/synth/regime=easy/d=10/num_cycles=4/density=0.5/samp_size=50/seed=0/method=lacerda_repare/metrics.csv
    jobid: 711
    reason: Missing output files: results/synth/regime=easy/d=10/num_cycles=4/density=0.5/samp_size=50/seed=0/method=lacerda_repare/metrics.csv; Input files updated by another job: results/synth/regime=easy/d=10/num_cycles=4/density=0.5/samp_size=50/seed=0/method=lacerda_repare/model.pkl
    wildcards: regime=easy, d=10, num_cycles=4, density=0.5, samp_size=50, seed=0, method=lacerda_repare
    resources: tmpdir=/tmp
Select jobs to execute...
[Wed Apr 29 11:30:11 2026]
Finished jobid: 61 (Rule: synth_evaluate)
472 of 651 steps (73%) done
Execute 1 jobs...
[Wed Apr 29 11:30:11 2026]
localrule synth_fit:
    input: results/synth/regime=easy/d=10/num_cycles=5/density=0.3/samp_size=50/seed=0/dataset.npz
    output: results/synth/regime=easy/d=10/num_cycles=5/density=0.3/samp_size=50/seed=0/method=lacerda/model.pkl
    jobid: 328
    reason: Code has changed since last execution
    wildcards: regime=easy, d=10, num_cycles=5, density=0.3, samp_size=50, seed=0, method=lacerda
    resources: tmpdir=/tmp
Select jobs to execute...
[Wed Apr 29 11:30:11 2026]
Finished jobid: 148 (Rule: synth_fit)
473 of 651 steps (73%) done
Execute 1 jobs...
[Wed Apr 29 11:30:11 2026]
localrule synth_evaluate:
    input: results/synth/regime=easy/d=10/num_cycles=4/density=0.8/samp_size=50/seed=2/dataset.npz, results/synth/regime=easy/d=10/num_cycles=4/density=0.8/samp_size=50/seed=2/method=lacerda_prune/model.pkl
    output: results/synth/regime=easy/d=10/num_cycles=4/density=0.8/samp_size=50/seed=2/method=lacerda_prune/metrics.csv
    jobid: 137
    reason: Missing output files: results/synth/regime=easy/d=10/num_cycles=4/density=0.8/samp_size=50/seed=2/method=lacerda_prune/metrics.csv; Input files updated by another job: results/synth/regime=easy/d=10/num_cycles=4/density=0.8/samp_size=50/seed=2/method=lacerda_prune/model.pkl
    wildcards: regime=easy, d=10, num_cycles=4, density=0.8, samp_size=50, seed=2, method=lacerda_prune
    resources: tmpdir=/tmp
Select jobs to execute...
[Wed Apr 29 11:30:11 2026]
Finished jobid: 283 (Rule: synth_fit)
474 of 651 steps (73%) done
Execute 1 jobs...
[Wed Apr 29 11:30:11 2026]
localrule synth_evaluate:
    input: results/synth/regime=easy/d=10/num_cycles=5/density=0.5/samp_size=50/seed=0/dataset.npz, results/synth/regime=easy/d=10/num_cycles=5/density=0.5/samp_size=50/seed=0/method=lacerda/model.pkl
    output: results/synth/regime=easy/d=10/num_cycles=5/density=0.5/samp_size=50/seed=0/method=lacerda/metrics.csv
    jobid: 579
    reason: Input files updated by another job: results/synth/regime=easy/d=10/num_cycles=5/density=0.5/samp_size=50/seed=0/method=lacerda/model.pkl
    wildcards: regime=easy, d=10, num_cycles=5, density=0.5, samp_size=50, seed=0, method=lacerda
    resources: tmpdir=/tmp
Select jobs to execute...
[Wed Apr 29 11:30:11 2026]
Finished jobid: 711 (Rule: synth_evaluate)
475 of 651 steps (73%) done
Execute 1 jobs...
[Wed Apr 29 11:30:11 2026]
localrule synth_fit:
    input: results/synth/regime=easy/d=10/num_cycles=4/density=0.8/samp_size=50/seed=2/dataset.npz
    output: results/synth/regime=easy/d=10/num_cycles=4/density=0.8/samp_size=50/seed=2/method=lacerda_repare/model.pkl
    jobid: 210
    reason: Missing output files: results/synth/regime=easy/d=10/num_cycles=4/density=0.8/samp_size=50/seed=2/method=lacerda_repare/model.pkl
    wildcards: regime=easy, d=10, num_cycles=4, density=0.8, samp_size=50, seed=2, method=lacerda_repare
    resources: tmpdir=/tmp
Select jobs to execute...
[Wed Apr 29 11:30:11 2026]
Finished jobid: 662 (Rule: synth_fit)
476 of 651 steps (73%) done
Execute 1 jobs...
[Wed Apr 29 11:30:11 2026]
localrule synth_fit:
    input: results/synth/regime=easy/d=10/num_cycles=5/density=0.5/samp_size=50/seed=0/dataset.npz
    output: results/synth/regime=easy/d=10/num_cycles=5/density=0.5/samp_size=50/seed=0/method=lacerda_prune/model.pkl
    jobid: 664
    reason: Missing output files: results/synth/regime=easy/d=10/num_cycles=5/density=0.5/samp_size=50/seed=0/method=lacerda_prune/model.pkl
    wildcards: regime=easy, d=10, num_cycles=5, density=0.5, samp_size=50, seed=0, method=lacerda_prune
    resources: tmpdir=/tmp
Select jobs to execute...
[Wed Apr 29 11:30:11 2026]
Finished jobid: 328 (Rule: synth_fit)
477 of 651 steps (73%) done
Execute 1 jobs...
[Wed Apr 29 11:30:11 2026]
localrule synth_evaluate:
    input: results/synth/regime=easy/d=10/num_cycles=3/density=0.3/samp_size=50/seed=1/dataset.npz, results/synth/regime=easy/d=10/num_cycles=3/density=0.3/samp_size=50/seed=1/method=lacerda_prune/model.pkl
    output: results/synth/regime=easy/d=10/num_cycles=3/density=0.3/samp_size=50/seed=1/method=lacerda_prune/metrics.csv
    jobid: 364
    reason: Missing output files: results/synth/regime=easy/d=10/num_cycles=3/density=0.3/samp_size=50/seed=1/method=lacerda_prune/metrics.csv; Input files updated by another job: results/synth/regime=easy/d=10/num_cycles=3/density=0.3/samp_size=50/seed=1/method=lacerda_prune/model.pkl
    wildcards: regime=easy, d=10, num_cycles=3, density=0.3, samp_size=50, seed=1, method=lacerda_prune
    resources: tmpdir=/tmp
Select jobs to execute...
[Wed Apr 29 11:30:11 2026]
Finished jobid: 137 (Rule: synth_evaluate)
478 of 651 steps (73%) done
Execute 1 jobs...
[Wed Apr 29 11:30:11 2026]
localrule synth_evaluate:
    input: results/synth/regime=easy/d=10/num_cycles=5/density=0.3/samp_size=50/seed=1/dataset.npz, results/synth/regime=easy/d=10/num_cycles=5/density=0.3/samp_size=50/seed=1/method=lacerda_repare/model.pkl
    output: results/synth/regime=easy/d=10/num_cycles=5/density=0.3/samp_size=50/seed=1/method=lacerda_repare/metrics.csv
    jobid: 484
    reason: Missing output files: results/synth/regime=easy/d=10/num_cycles=5/density=0.3/samp_size=50/seed=1/method=lacerda_repare/metrics.csv; Input files updated by another job: results/synth/regime=easy/d=10/num_cycles=5/density=0.3/samp_size=50/seed=1/method=lacerda_repare/model.pkl
    wildcards: regime=easy, d=10, num_cycles=5, density=0.3, samp_size=50, seed=1, method=lacerda_repare
    resources: tmpdir=/tmp
Select jobs to execute...
[Wed Apr 29 11:30:11 2026]
Finished jobid: 579 (Rule: synth_evaluate)
479 of 651 steps (74%) done
Execute 1 jobs...
[Wed Apr 29 11:30:11 2026]
localrule synth_evaluate:
    input: results/synth/regime=easy/d=10/num_cycles=4/density=0.8/samp_size=100/seed=0/dataset.npz, results/synth/regime=easy/d=10/num_cycles=4/density=0.8/samp_size=100/seed=0/method=lacerda_prune/model.pkl
    output: results/synth/regime=easy/d=10/num_cycles=4/density=0.8/samp_size=100/seed=0/method=lacerda_prune/metrics.csv
    jobid: 139
    reason: Missing output files: results/synth/regime=easy/d=10/num_cycles=4/density=0.8/samp_size=100/seed=0/method=lacerda_prune/metrics.csv; Input files updated by another job: results/synth/regime=easy/d=10/num_cycles=4/density=0.8/samp_size=100/seed=0/method=lacerda_prune/model.pkl
    wildcards: regime=easy, d=10, num_cycles=4, density=0.8, samp_size=100, seed=0, method=lacerda_prune
    resources: tmpdir=/tmp
Select jobs to execute...
[Wed Apr 29 11:30:12 2026]
Finished jobid: 150 (Rule: synth_fit)
480 of 651 steps (74%) done
Execute 1 jobs...
[Wed Apr 29 11:30:12 2026]
localrule synth_evaluate:
    input: results/synth/regime=easy/d=10/num_cycles=3/density=0.8/samp_size=1000/seed=0/dataset.npz, results/synth/regime=easy/d=10/num_cycles=3/density=0.8/samp_size=1000/seed=0/method=lacerda_repare/model.pkl
    output: results/synth/regime=easy/d=10/num_cycles=3/density=0.8/samp_size=1000/seed=0/method=lacerda_repare/metrics.csv
    jobid: 199
    reason: Missing output files: results/synth/regime=easy/d=10/num_cycles=3/density=0.8/samp_size=1000/seed=0/method=lacerda_repare/metrics.csv; Input files updated by another job: results/synth/regime=easy/d=10/num_cycles=3/density=0.8/samp_size=1000/seed=0/method=lacerda_repare/model.pkl
    wildcards: regime=easy, d=10, num_cycles=3, density=0.8, samp_size=1000, seed=0, method=lacerda_repare
    resources: tmpdir=/tmp
Select jobs to execute...
[Wed Apr 29 11:30:12 2026]
Finished jobid: 736 (Rule: synth_fit)
481 of 651 steps (74%) done
Execute 1 jobs...
[Wed Apr 29 11:30:12 2026]
localrule synth_evaluate:
    input: results/synth/regime=easy/d=10/num_cycles=4/density=0.5/samp_size=500/seed=1/dataset.npz, results/synth/regime=easy/d=10/num_cycles=4/density=0.5/samp_size=500/seed=1/method=lacerda_prune/model.pkl
    output: results/synth/regime=easy/d=10/num_cycles=4/density=0.5/samp_size=500/seed=1/method=lacerda_prune/metrics.csv
    jobid: 653
    reason: Missing output files: results/synth/regime=easy/d=10/num_cycles=4/density=0.5/samp_size=500/seed=1/method=lacerda_prune/metrics.csv; Input files updated by another job: results/synth/regime=easy/d=10/num_cycles=4/density=0.5/samp_size=500/seed=1/method=lacerda_prune/model.pkl
    wildcards: regime=easy, d=10, num_cycles=4, density=0.5, samp_size=500, seed=1, method=lacerda_prune
    resources: tmpdir=/tmp
Select jobs to execute...
[Wed Apr 29 11:30:12 2026]
Finished jobid: 210 (Rule: synth_fit)
482 of 651 steps (74%) done
Execute 1 jobs...
[Wed Apr 29 11:30:12 2026]
localrule synth_fit:
    input: results/synth/regime=easy/d=10/num_cycles=5/density=0.5/samp_size=1000/seed=0/dataset.npz
    output: results/synth/regime=easy/d=10/num_cycles=5/density=0.5/samp_size=1000/seed=0/method=lacerda/model.pkl
    jobid: 608
    reason: Code has changed since last execution
    wildcards: regime=easy, d=10, num_cycles=5, density=0.5, samp_size=1000, seed=0, method=lacerda
    resources: tmpdir=/tmp
Select jobs to execute...
[Wed Apr 29 11:30:12 2026]
Finished jobid: 724 (Rule: synth_fit)
483 of 651 steps (74%) done
Execute 1 jobs...
[Wed Apr 29 11:30:12 2026]
localrule synth_fit:
    input: results/synth/regime=easy/d=10/num_cycles=5/density=0.8/samp_size=500/seed=1/dataset.npz
    output: results/synth/regime=easy/d=10/num_cycles=5/density=0.8/samp_size=500/seed=1/method=lacerda/model.pkl
    jobid: 96
    reason: Code has changed since last execution
    wildcards: regime=easy, d=10, num_cycles=5, density=0.8, samp_size=500, seed=1, method=lacerda
    resources: tmpdir=/tmp
Select jobs to execute...
[Wed Apr 29 11:30:12 2026]
Finished jobid: 364 (Rule: synth_evaluate)
484 of 651 steps (74%) done
Execute 1 jobs...
[Wed Apr 29 11:30:12 2026]
localrule synth_fit:
    input: results/synth/regime=easy/d=10/num_cycles=5/density=0.5/samp_size=50/seed=1/dataset.npz
    output: results/synth/regime=easy/d=10/num_cycles=5/density=0.5/samp_size=50/seed=1/method=lacerda_prune/model.pkl
    jobid: 666
    reason: Missing output files: results/synth/regime=easy/d=10/num_cycles=5/density=0.5/samp_size=50/seed=1/method=lacerda_prune/model.pkl
    wildcards: regime=easy, d=10, num_cycles=5, density=0.5, samp_size=50, seed=1, method=lacerda_prune
    resources: tmpdir=/tmp
Select jobs to execute...
[Wed Apr 29 11:30:12 2026]
Finished jobid: 484 (Rule: synth_evaluate)
485 of 651 steps (75%) done
Execute 1 jobs...
[Wed Apr 29 11:30:12 2026]
localrule synth_evaluate:
    input: results/synth/regime=easy/d=10/num_cycles=5/density=0.3/samp_size=50/seed=2/dataset.npz, results/synth/regime=easy/d=10/num_cycles=5/density=0.3/samp_size=50/seed=2/method=lacerda_repare/model.pkl
    output: results/synth/regime=easy/d=10/num_cycles=5/density=0.3/samp_size=50/seed=2/method=lacerda_repare/metrics.csv
    jobid: 486
    reason: Missing output files: results/synth/regime=easy/d=10/num_cycles=5/density=0.3/samp_size=50/seed=2/method=lacerda_repare/metrics.csv; Input files updated by another job: results/synth/regime=easy/d=10/num_cycles=5/density=0.3/samp_size=50/seed=2/method=lacerda_repare/model.pkl
    wildcards: regime=easy, d=10, num_cycles=5, density=0.3, samp_size=50, seed=2, method=lacerda_repare
    resources: tmpdir=/tmp
Select jobs to execute...
[Wed Apr 29 11:30:12 2026]
Finished jobid: 139 (Rule: synth_evaluate)
486 of 651 steps (75%) done
Execute 1 jobs...
[Wed Apr 29 11:30:12 2026]
localrule synth_evaluate:
    input: results/synth/regime=easy/d=10/num_cycles=4/density=0.5/samp_size=50/seed=1/dataset.npz, results/synth/regime=easy/d=10/num_cycles=4/density=0.5/samp_size=50/seed=1/method=lacerda_repare/model.pkl
    output: results/synth/regime=easy/d=10/num_cycles=4/density=0.5/samp_size=50/seed=1/method=lacerda_repare/metrics.csv
    jobid: 713
    reason: Missing output files: results/synth/regime=easy/d=10/num_cycles=4/density=0.5/samp_size=50/seed=1/method=lacerda_repare/metrics.csv; Input files updated by another job: results/synth/regime=easy/d=10/num_cycles=4/density=0.5/samp_size=50/seed=1/method=lacerda_repare/model.pkl
    wildcards: regime=easy, d=10, num_cycles=4, density=0.5, samp_size=50, seed=1, method=lacerda_repare
    resources: tmpdir=/tmp
Select jobs to execute...
[Wed Apr 29 11:30:12 2026]
Finished jobid: 199 (Rule: synth_evaluate)
487 of 651 steps (75%) done
Execute 1 jobs...
[Wed Apr 29 11:30:12 2026]
localrule synth_fit:
    input: results/synth/regime=easy/d=10/num_cycles=4/density=0.5/samp_size=500/seed=0/dataset.npz
    output: results/synth/regime=easy/d=10/num_cycles=4/density=0.5/samp_size=500/seed=0/method=lacerda/model.pkl
    jobid: 563
    reason: Code has changed since last execution
    wildcards: regime=easy, d=10, num_cycles=4, density=0.5, samp_size=500, seed=0, method=lacerda
    resources: tmpdir=/tmp
Select jobs to execute...
[Wed Apr 29 11:30:12 2026]
Finished jobid: 653 (Rule: synth_evaluate)
488 of 651 steps (75%) done
Execute 1 jobs...
[Wed Apr 29 11:30:12 2026]
localrule synth_evaluate:
    input: results/synth/regime=easy/d=10/num_cycles=5/density=0.5/samp_size=50/seed=1/dataset.npz, results/synth/regime=easy/d=10/num_cycles=5/density=0.5/samp_size=50/seed=1/method=lacerda/model.pkl
    output: results/synth/regime=easy/d=10/num_cycles=5/density=0.5/samp_size=50/seed=1/method=lacerda/metrics.csv
    jobid: 582
    reason: Input files updated by another job: results/synth/regime=easy/d=10/num_cycles=5/density=0.5/samp_size=50/seed=1/method=lacerda/model.pkl
    wildcards: regime=easy, d=10, num_cycles=5, density=0.5, samp_size=50, seed=1, method=lacerda
    resources: tmpdir=/tmp
Select jobs to execute...
[Wed Apr 29 11:30:12 2026]
Finished jobid: 608 (Rule: synth_fit)
489 of 651 steps (75%) done
Execute 1 jobs...
[Wed Apr 29 11:30:12 2026]
localrule synth_evaluate:
    input: results/synth/regime=easy/d=10/num_cycles=3/density=0.3/samp_size=1000/seed=1/dataset.npz, results/synth/regime=easy/d=10/num_cycles=3/density=0.3/samp_size=1000/seed=1/method=lacerda/model.pkl
    output: results/synth/regime=easy/d=10/num_cycles=3/density=0.3/samp_size=1000/seed=1/method=lacerda/metrics.csv
    jobid: 284
    reason: Input files updated by another job: results/synth/regime=easy/d=10/num_cycles=3/density=0.3/samp_size=1000/seed=1/method=lacerda/model.pkl
    wildcards: regime=easy, d=10, num_cycles=3, density=0.3, samp_size=1000, seed=1, method=lacerda
    resources: tmpdir=/tmp
Select jobs to execute...
[Wed Apr 29 11:30:13 2026]
Finished jobid: 96 (Rule: synth_fit)
490 of 651 steps (75%) done
Execute 1 jobs...
[Wed Apr 29 11:30:13 2026]
localrule synth_fit:
    input: results/synth/regime=easy/d=10/num_cycles=3/density=0.5/samp_size=50/seed=0/dataset.npz
    output: results/synth/regime=easy/d=10/num_cycles=3/density=0.5/samp_size=50/seed=0/method=lacerda_prune/model.pkl
    jobid: 616
    reason: Missing output files: results/synth/regime=easy/d=10/num_cycles=3/density=0.5/samp_size=50/seed=0/method=lacerda_prune/model.pkl
    wildcards: regime=easy, d=10, num_cycles=3, density=0.5, samp_size=50, seed=0, method=lacerda_prune
    resources: tmpdir=/tmp
Select jobs to execute...
[Wed Apr 29 11:30:13 2026]
Finished jobid: 486 (Rule: synth_evaluate)
491 of 651 steps (75%) done
Execute 1 jobs...
[Wed Apr 29 11:30:13 2026]
localrule synth_evaluate:
    input: results/synth/regime=easy/d=10/num_cycles=4/density=0.5/samp_size=50/seed=0/dataset.npz, results/synth/regime=easy/d=10/num_cycles=4/density=0.5/samp_size=50/seed=0/method=lacerda_prune/model.pkl
    output: results/synth/regime=easy/d=10/num_cycles=4/density=0.5/samp_size=50/seed=0/method=lacerda_prune/metrics.csv
    jobid: 639
    reason: Missing output files: results/synth/regime=easy/d=10/num_cycles=4/density=0.5/samp_size=50/seed=0/method=lacerda_prune/metrics.csv; Input files updated by another job: results/synth/regime=easy/d=10/num_cycles=4/density=0.5/samp_size=50/seed=0/method=lacerda_prune/model.pkl
    wildcards: regime=easy, d=10, num_cycles=4, density=0.5, samp_size=50, seed=0, method=lacerda_prune
    resources: tmpdir=/tmp
[Wed Apr 29 11:30:13 2026]
Finished jobid: 666 (Rule: synth_fit)
492 of 651 steps (76%) done
Select jobs to execute...
Execute 1 jobs...
[Wed Apr 29 11:30:13 2026]
localrule synth_fit:
    input: results/synth/regime=easy/d=10/num_cycles=3/density=0.8/samp_size=500/seed=2/dataset.npz
    output: results/synth/regime=easy/d=10/num_cycles=3/density=0.8/samp_size=500/seed=2/method=lacerda_repare/model.pkl
    jobid: 198
    reason: Missing output files: results/synth/regime=easy/d=10/num_cycles=3/density=0.8/samp_size=500/seed=2/method=lacerda_repare/model.pkl
    wildcards: regime=easy, d=10, num_cycles=3, density=0.8, samp_size=500, seed=2, method=lacerda_repare
    resources: tmpdir=/tmp
Select jobs to execute...
[Wed Apr 29 11:30:13 2026]
Finished jobid: 713 (Rule: synth_evaluate)
493 of 651 steps (76%) done
Execute 1 jobs...
[Wed Apr 29 11:30:13 2026]
localrule synth_fit:
    input: results/synth/regime=easy/d=10/num_cycles=4/density=0.5/samp_size=500/seed=0/dataset.npz
    output: results/synth/regime=easy/d=10/num_cycles=4/density=0.5/samp_size=500/seed=0/method=lacerda_prune/model.pkl
    jobid: 652
    reason: Missing output files: results/synth/regime=easy/d=10/num_cycles=4/density=0.5/samp_size=500/seed=0/method=lacerda_prune/model.pkl
    wildcards: regime=easy, d=10, num_cycles=4, density=0.5, samp_size=500, seed=0, method=lacerda_prune
    resources: tmpdir=/tmp
Select jobs to execute...
[Wed Apr 29 11:30:13 2026]
Finished jobid: 563 (Rule: synth_fit)
494 of 651 steps (76%) done
Execute 1 jobs...
[Wed Apr 29 11:30:13 2026]
localrule synth_fit:
    input: results/synth/regime=easy/d=10/num_cycles=4/density=0.3/samp_size=1000/seed=0/dataset.npz
    output: results/synth/regime=easy/d=10/num_cycles=4/density=0.3/samp_size=1000/seed=0/method=lacerda/model.pkl
    jobid: 319
    reason: Code has changed since last execution
    wildcards: regime=easy, d=10, num_cycles=4, density=0.3, samp_size=1000, seed=0, method=lacerda
    resources: tmpdir=/tmp
Select jobs to execute...
[Wed Apr 29 11:30:13 2026]
Finished jobid: 664 (Rule: synth_fit)
495 of 651 steps (76%) done
Execute 1 jobs...
[Wed Apr 29 11:30:13 2026]
localrule synth_evaluate:
    input: results/synth/regime=easy/d=10/num_cycles=3/density=0.5/samp_size=500/seed=0/dataset.npz, results/synth/regime=easy/d=10/num_cycles=3/density=0.5/samp_size=500/seed=0/method=lacerda_repare/model.pkl
    output: results/synth/regime=easy/d=10/num_cycles=3/density=0.5/samp_size=500/seed=0/method=lacerda_repare/metrics.csv
    jobid: 699
    reason: Missing output files: results/synth/regime=easy/d=10/num_cycles=3/density=0.5/samp_size=500/seed=0/method=lacerda_repare/metrics.csv; Input files updated by another job: results/synth/regime=easy/d=10/num_cycles=3/density=0.5/samp_size=500/seed=0/method=lacerda_repare/model.pkl
    wildcards: regime=easy, d=10, num_cycles=3, density=0.5, samp_size=500, seed=0, method=lacerda_repare
    resources: tmpdir=/tmp
Select jobs to execute...
[Wed Apr 29 11:30:13 2026]
Finished jobid: 582 (Rule: synth_evaluate)
496 of 651 steps (76%) done
Execute 1 jobs...
[Wed Apr 29 11:30:13 2026]
localrule synth_evaluate:
    input: results/synth/regime=easy/d=10/num_cycles=4/density=0.5/samp_size=500/seed=2/dataset.npz, results/synth/regime=easy/d=10/num_cycles=4/density=0.5/samp_size=500/seed=2/method=lacerda_prune/model.pkl
    output: results/synth/regime=easy/d=10/num_cycles=4/density=0.5/samp_size=500/seed=2/method=lacerda_prune/metrics.csv
    jobid: 655
    reason: Missing output files: results/synth/regime=easy/d=10/num_cycles=4/density=0.5/samp_size=500/seed=2/method=lacerda_prune/metrics.csv; Input files updated by another job: results/synth/regime=easy/d=10/num_cycles=4/density=0.5/samp_size=500/seed=2/method=lacerda_prune/model.pkl
    wildcards: regime=easy, d=10, num_cycles=4, density=0.5, samp_size=500, seed=2, method=lacerda_prune
    resources: tmpdir=/tmp
Select jobs to execute...
[Wed Apr 29 11:30:13 2026]
Finished jobid: 284 (Rule: synth_evaluate)
497 of 651 steps (76%) done
Execute 1 jobs...
[Wed Apr 29 11:30:13 2026]
localrule synth_fit:
    input: results/synth/regime=easy/d=10/num_cycles=4/density=0.8/samp_size=100/seed=1/dataset.npz
    output: results/synth/regime=easy/d=10/num_cycles=4/density=0.8/samp_size=100/seed=1/method=lacerda_repare/model.pkl
    jobid: 214
    reason: Missing output files: results/synth/regime=easy/d=10/num_cycles=4/density=0.8/samp_size=100/seed=1/method=lacerda_repare/model.pkl
    wildcards: regime=easy, d=10, num_cycles=4, density=0.8, samp_size=100, seed=1, method=lacerda_repare
    resources: tmpdir=/tmp
Select jobs to execute...
[Wed Apr 29 11:30:13 2026]
Finished jobid: 639 (Rule: synth_evaluate)
498 of 651 steps (76%) done
Execute 1 jobs...
[Wed Apr 29 11:30:13 2026]
localrule synth_evaluate:
    input: results/synth/regime=easy/d=10/num_cycles=4/density=0.5/samp_size=50/seed=2/dataset.npz, results/synth/regime=easy/d=10/num_cycles=4/density=0.5/samp_size=50/seed=2/method=lacerda_repare/model.pkl
    output: results/synth/regime=easy/d=10/num_cycles=4/density=0.5/samp_size=50/seed=2/method=lacerda_repare/metrics.csv
    jobid: 715
    reason: Missing output files: results/synth/regime=easy/d=10/num_cycles=4/density=0.5/samp_size=50/seed=2/method=lacerda_repare/metrics.csv; Input files updated by another job: results/synth/regime=easy/d=10/num_cycles=4/density=0.5/samp_size=50/seed=2/method=lacerda_repare/model.pkl
    wildcards: regime=easy, d=10, num_cycles=4, density=0.5, samp_size=50, seed=2, method=lacerda_repare
    resources: tmpdir=/tmp
Select jobs to execute...
[Wed Apr 29 11:30:13 2026]
Finished jobid: 616 (Rule: synth_fit)
499 of 651 steps (77%) done
Execute 1 jobs...
[Wed Apr 29 11:30:13 2026]
localrule synth_evaluate:
    input: results/synth/regime=easy/d=10/num_cycles=5/density=0.3/samp_size=1000/seed=0/dataset.npz, results/synth/regime=easy/d=10/num_cycles=5/density=0.3/samp_size=1000/seed=0/method=lacerda_prune/model.pkl
    output: results/synth/regime=easy/d=10/num_cycles=5/density=0.3/samp_size=1000/seed=0/method=lacerda_prune/metrics.csv
    jobid: 428
    reason: Missing output files: results/synth/regime=easy/d=10/num_cycles=5/density=0.3/samp_size=1000/seed=0/method=lacerda_prune/metrics.csv; Input files updated by another job: results/synth/regime=easy/d=10/num_cycles=5/density=0.3/samp_size=1000/seed=0/method=lacerda_prune/model.pkl
    wildcards: regime=easy, d=10, num_cycles=5, density=0.3, samp_size=1000, seed=0, method=lacerda_prune
    resources: tmpdir=/tmp
Select jobs to execute...
[Wed Apr 29 11:30:13 2026]
Finished jobid: 319 (Rule: synth_fit)
500 of 651 steps (77%) done
Execute 1 jobs...
[Wed Apr 29 11:30:13 2026]
localrule synth_fit:
    input: results/synth/regime=easy/d=10/num_cycles=5/density=0.3/samp_size=1000/seed=2/dataset.npz
    output: results/synth/regime=easy/d=10/num_cycles=5/density=0.3/samp_size=1000/seed=2/method=lacerda_repare/model.pkl
    jobid: 505
    reason: Missing output files: results/synth/regime=easy/d=10/num_cycles=5/density=0.3/samp_size=1000/seed=2/method=lacerda_repare/model.pkl
    wildcards: regime=easy, d=10, num_cycles=5, density=0.3, samp_size=1000, seed=2, method=lacerda_repare
    resources: tmpdir=/tmp
Select jobs to execute...
[Wed Apr 29 11:30:13 2026]
Finished jobid: 699 (Rule: synth_evaluate)
501 of 651 steps (77%) done
Execute 1 jobs...
[Wed Apr 29 11:30:13 2026]
localrule synth_evaluate:
    input: results/synth/regime=easy/d=10/num_cycles=4/density=0.8/samp_size=1000/seed=2/dataset.npz, results/synth/regime=easy/d=10/num_cycles=4/density=0.8/samp_size=1000/seed=2/method=lacerda/model.pkl
    output: results/synth/regime=easy/d=10/num_cycles=4/density=0.8/samp_size=1000/seed=2/method=lacerda/metrics.csv
    jobid: 70
    reason: Input files updated by another job: results/synth/regime=easy/d=10/num_cycles=4/density=0.8/samp_size=1000/seed=2/method=lacerda/model.pkl
    wildcards: regime=easy, d=10, num_cycles=4, density=0.8, samp_size=1000, seed=2, method=lacerda
    resources: tmpdir=/tmp
Select jobs to execute...
[Wed Apr 29 11:30:14 2026]
Finished jobid: 655 (Rule: synth_evaluate)
502 of 651 steps (77%) done
Execute 1 jobs...
[Wed Apr 29 11:30:14 2026]
localrule synth_evaluate:
    input: results/synth/regime=easy/d=10/num_cycles=4/density=0.5/samp_size=1000/seed=0/dataset.npz, results/synth/regime=easy/d=10/num_cycles=4/density=0.5/samp_size=1000/seed=0/method=lacerda_prune/model.pkl
    output: results/synth/regime=easy/d=10/num_cycles=4/density=0.5/samp_size=1000/seed=0/method=lacerda_prune/metrics.csv
    jobid: 657
    reason: Missing output files: results/synth/regime=easy/d=10/num_cycles=4/density=0.5/samp_size=1000/seed=0/method=lacerda_prune/metrics.csv; Input files updated by another job: results/synth/regime=easy/d=10/num_cycles=4/density=0.5/samp_size=1000/seed=0/method=lacerda_prune/model.pkl
    wildcards: regime=easy, d=10, num_cycles=4, density=0.5, samp_size=1000, seed=0, method=lacerda_prune
    resources: tmpdir=/tmp
Select jobs to execute...
[Wed Apr 29 11:30:14 2026]
Finished jobid: 715 (Rule: synth_evaluate)
503 of 651 steps (77%) done
Execute 1 jobs...
[Wed Apr 29 11:30:14 2026]
localrule synth_evaluate:
    input: results/synth/regime=easy/d=10/num_cycles=3/density=0.8/samp_size=1000/seed=2/dataset.npz, results/synth/regime=easy/d=10/num_cycles=3/density=0.8/samp_size=1000/seed=2/method=lacerda_repare/model.pkl
    output: results/synth/regime=easy/d=10/num_cycles=3/density=0.8/samp_size=1000/seed=2/method=lacerda_repare/metrics.csv
    jobid: 203
    reason: Missing output files: results/synth/regime=easy/d=10/num_cycles=3/density=0.8/samp_size=1000/seed=2/method=lacerda_repare/metrics.csv; Input files updated by another job: results/synth/regime=easy/d=10/num_cycles=3/density=0.8/samp_size=1000/seed=2/method=lacerda_repare/model.pkl
    wildcards: regime=easy, d=10, num_cycles=3, density=0.8, samp_size=1000, seed=2, method=lacerda_repare
    resources: tmpdir=/tmp
Select jobs to execute...
[Wed Apr 29 11:30:14 2026]
Finished jobid: 428 (Rule: synth_evaluate)
504 of 651 steps (77%) done
Execute 1 jobs...
[Wed Apr 29 11:30:14 2026]
localrule synth_evaluate:
    input: results/synth/regime=easy/d=10/num_cycles=4/density=0.8/samp_size=100/seed=2/dataset.npz, results/synth/regime=easy/d=10/num_cycles=4/density=0.8/samp_size=100/seed=2/method=lacerda_prune/model.pkl
    output: results/synth/regime=easy/d=10/num_cycles=4/density=0.8/samp_size=100/seed=2/method=lacerda_prune/metrics.csv
    jobid: 143
    reason: Missing output files: results/synth/regime=easy/d=10/num_cycles=4/density=0.8/samp_size=100/seed=2/method=lacerda_prune/metrics.csv; Input files updated by another job: results/synth/regime=easy/d=10/num_cycles=4/density=0.8/samp_size=100/seed=2/method=lacerda_prune/model.pkl
    wildcards: regime=easy, d=10, num_cycles=4, density=0.8, samp_size=100, seed=2, method=lacerda_prune
    resources: tmpdir=/tmp
Select jobs to execute...
[Wed Apr 29 11:30:14 2026]
Finished jobid: 652 (Rule: synth_fit)
505 of 651 steps (78%) done
Execute 1 jobs...
[Wed Apr 29 11:30:14 2026]
localrule synth_evaluate:
    input: results/synth/regime=easy/d=10/num_cycles=3/density=0.3/samp_size=1000/seed=0/dataset.npz, results/synth/regime=easy/d=10/num_cycles=3/density=0.3/samp_size=1000/seed=0/method=lacerda/model.pkl
    output: results/synth/regime=easy/d=10/num_cycles=3/density=0.3/samp_size=1000/seed=0/method=lacerda/metrics.csv
    jobid: 281
    reason: Input files updated by another job: results/synth/regime=easy/d=10/num_cycles=3/density=0.3/samp_size=1000/seed=0/method=lacerda/model.pkl
    wildcards: regime=easy, d=10, num_cycles=3, density=0.3, samp_size=1000, seed=0, method=lacerda
    resources: tmpdir=/tmp
Select jobs to execute...
[Wed Apr 29 11:30:14 2026]
Finished jobid: 70 (Rule: synth_evaluate)
506 of 651 steps (78%) done
Execute 1 jobs...
[Wed Apr 29 11:30:14 2026]
localrule synth_evaluate:
    input: results/synth/regime=easy/d=10/num_cycles=3/density=0.3/samp_size=100/seed=0/dataset.npz, results/synth/regime=easy/d=10/num_cycles=3/density=0.3/samp_size=100/seed=0/method=lacerda_prune/model.pkl
    output: results/synth/regime=easy/d=10/num_cycles=3/density=0.3/samp_size=100/seed=0/method=lacerda_prune/metrics.csv
    jobid: 368
    reason: Missing output files: results/synth/regime=easy/d=10/num_cycles=3/density=0.3/samp_size=100/seed=0/method=lacerda_prune/metrics.csv; Input files updated by another job: results/synth/regime=easy/d=10/num_cycles=3/density=0.3/samp_size=100/seed=0/method=lacerda_prune/model.pkl
    wildcards: regime=easy, d=10, num_cycles=3, density=0.3, samp_size=100, seed=0, method=lacerda_prune
    resources: tmpdir=/tmp
Select jobs to execute...
[Wed Apr 29 11:30:14 2026]
Finished jobid: 657 (Rule: synth_evaluate)
507 of 651 steps (78%) done
Execute 1 jobs...
[Wed Apr 29 11:30:14 2026]
localrule synth_evaluate:
    input: results/synth/regime=easy/d=10/num_cycles=5/density=0.5/samp_size=100/seed=0/dataset.npz, results/synth/regime=easy/d=10/num_cycles=5/density=0.5/samp_size=100/seed=0/method=lacerda/model.pkl
    output: results/synth/regime=easy/d=10/num_cycles=5/density=0.5/samp_size=100/seed=0/method=lacerda/metrics.csv
    jobid: 588
    reason: Input files updated by another job: results/synth/regime=easy/d=10/num_cycles=5/density=0.5/samp_size=100/seed=0/method=lacerda/model.pkl
    wildcards: regime=easy, d=10, num_cycles=5, density=0.5, samp_size=100, seed=0, method=lacerda
    resources: tmpdir=/tmp
Select jobs to execute...
[Wed Apr 29 11:30:14 2026]
Finished jobid: 214 (Rule: synth_fit)
508 of 651 steps (78%) done
Execute 1 jobs...
[Wed Apr 29 11:30:14 2026]
localrule synth_fit:
    input: results/synth/regime=easy/d=10/num_cycles=4/density=0.5/samp_size=500/seed=1/dataset.npz
    output: results/synth/regime=easy/d=10/num_cycles=4/density=0.5/samp_size=500/seed=1/method=lacerda/model.pkl
    jobid: 566
    reason: Code has changed since last execution
    wildcards: regime=easy, d=10, num_cycles=4, density=0.5, samp_size=500, seed=1, method=lacerda
    resources: tmpdir=/tmp
Select jobs to execute...
[Wed Apr 29 11:30:14 2026]
Finished jobid: 203 (Rule: synth_evaluate)
509 of 651 steps (78%) done
Execute 1 jobs...
[Wed Apr 29 11:30:14 2026]
localrule synth_fit:
    input: results/synth/regime=easy/d=10/num_cycles=3/density=0.8/samp_size=50/seed=2/dataset.npz
    output: results/synth/regime=easy/d=10/num_cycles=3/density=0.8/samp_size=50/seed=2/method=lacerda/model.pkl
    jobid: 9
    reason: Code has changed since last execution
    wildcards: regime=easy, d=10, num_cycles=3, density=0.8, samp_size=50, seed=2, method=lacerda
    resources: tmpdir=/tmp
Select jobs to execute...
[Wed Apr 29 11:30:15 2026]
Finished jobid: 143 (Rule: synth_evaluate)
510 of 651 steps (78%) done
Execute 1 jobs...
[Wed Apr 29 11:30:15 2026]
localrule synth_fit:
    input: results/synth/regime=easy/d=10/num_cycles=5/density=0.8/samp_size=500/seed=2/dataset.npz
    output: results/synth/regime=easy/d=10/num_cycles=5/density=0.8/samp_size=500/seed=2/method=lacerda/model.pkl
    jobid: 99
    reason: Code has changed since last execution
    wildcards: regime=easy, d=10, num_cycles=5, density=0.8, samp_size=500, seed=2, method=lacerda
    resources: tmpdir=/tmp
Select jobs to execute...
[Wed Apr 29 11:30:15 2026]
Finished jobid: 281 (Rule: synth_evaluate)
511 of 651 steps (78%) done
Execute 1 jobs...
[Wed Apr 29 11:30:15 2026]
localrule synth_fit:
    input: results/synth/regime=easy/d=10/num_cycles=5/density=0.5/samp_size=50/seed=2/dataset.npz
    output: results/synth/regime=easy/d=10/num_cycles=5/density=0.5/samp_size=50/seed=2/method=lacerda_prune/model.pkl
    jobid: 668
    reason: Missing output files: results/synth/regime=easy/d=10/num_cycles=5/density=0.5/samp_size=50/seed=2/method=lacerda_prune/model.pkl
    wildcards: regime=easy, d=10, num_cycles=5, density=0.5, samp_size=50, seed=2, method=lacerda_prune
    resources: tmpdir=/tmp
Select jobs to execute...
[Wed Apr 29 11:30:15 2026]
Finished jobid: 198 (Rule: synth_fit)
512 of 651 steps (79%) done
Execute 1 jobs...
[Wed Apr 29 11:30:15 2026]
localrule synth_fit:
    input: results/synth/regime=easy/d=10/num_cycles=3/density=0.3/samp_size=100/seed=0/dataset.npz
    output: results/synth/regime=easy/d=10/num_cycles=3/density=0.3/samp_size=100/seed=0/method=lacerda_repare/model.pkl
    jobid: 441
    reason: Missing output files: results/synth/regime=easy/d=10/num_cycles=3/density=0.3/samp_size=100/seed=0/method=lacerda_repare/model.pkl
    wildcards: regime=easy, d=10, num_cycles=3, density=0.3, samp_size=100, seed=0, method=lacerda_repare
    resources: tmpdir=/tmp
Select jobs to execute...
[Wed Apr 29 11:30:15 2026]
Finished jobid: 368 (Rule: synth_evaluate)
513 of 651 steps (79%) done
Execute 1 jobs...
[Wed Apr 29 11:30:15 2026]
localrule synth_fit:
    input: results/synth/regime=easy/d=10/num_cycles=3/density=0.3/samp_size=100/seed=1/dataset.npz
    output: results/synth/regime=easy/d=10/num_cycles=3/density=0.3/samp_size=100/seed=1/method=lacerda_repare/model.pkl
    jobid: 443
    reason: Missing output files: results/synth/regime=easy/d=10/num_cycles=3/density=0.3/samp_size=100/seed=1/method=lacerda_repare/model.pkl
    wildcards: regime=easy, d=10, num_cycles=3, density=0.3, samp_size=100, seed=1, method=lacerda_repare
    resources: tmpdir=/tmp
Select jobs to execute...
[Wed Apr 29 11:30:15 2026]
Finished jobid: 588 (Rule: synth_evaluate)
514 of 651 steps (79%) done
Execute 1 jobs...
[Wed Apr 29 11:30:15 2026]
localrule synth_fit:
    input: results/synth/regime=easy/d=10/num_cycles=4/density=0.8/samp_size=100/seed=2/dataset.npz
    output: results/synth/regime=easy/d=10/num_cycles=4/density=0.8/samp_size=100/seed=2/method=lacerda_repare/model.pkl
    jobid: 216
    reason: Missing output files: results/synth/regime=easy/d=10/num_cycles=4/density=0.8/samp_size=100/seed=2/method=lacerda_repare/model.pkl
    wildcards: regime=easy, d=10, num_cycles=4, density=0.8, samp_size=100, seed=2, method=lacerda_repare
    resources: tmpdir=/tmp
Select jobs to execute...
[Wed Apr 29 11:30:15 2026]
Finished jobid: 566 (Rule: synth_fit)
515 of 651 steps (79%) done
Execute 1 jobs...
[Wed Apr 29 11:30:15 2026]
localrule synth_evaluate:
    input: results/synth/regime=easy/d=10/num_cycles=4/density=0.8/samp_size=100/seed=1/dataset.npz, results/synth/regime=easy/d=10/num_cycles=4/density=0.8/samp_size=100/seed=1/method=lacerda_prune/model.pkl
    output: results/synth/regime=easy/d=10/num_cycles=4/density=0.8/samp_size=100/seed=1/method=lacerda_prune/metrics.csv
    jobid: 141
    reason: Missing output files: results/synth/regime=easy/d=10/num_cycles=4/density=0.8/samp_size=100/seed=1/method=lacerda_prune/metrics.csv; Input files updated by another job: results/synth/regime=easy/d=10/num_cycles=4/density=0.8/samp_size=100/seed=1/method=lacerda_prune/model.pkl
    wildcards: regime=easy, d=10, num_cycles=4, density=0.8, samp_size=100, seed=1, method=lacerda_prune
    resources: tmpdir=/tmp
Select jobs to execute...
[Wed Apr 29 11:30:15 2026]
Finished jobid: 9 (Rule: synth_fit)
516 of 651 steps (79%) done
Execute 1 jobs...
[Wed Apr 29 11:30:15 2026]
localrule synth_fit:
    input: results/synth/regime=easy/d=10/num_cycles=5/density=0.5/samp_size=100/seed=0/dataset.npz
    output: results/synth/regime=easy/d=10/num_cycles=5/density=0.5/samp_size=100/seed=0/method=lacerda_prune/model.pkl
    jobid: 670
    reason: Missing output files: results/synth/regime=easy/d=10/num_cycles=5/density=0.5/samp_size=100/seed=0/method=lacerda_prune/model.pkl
    wildcards: regime=easy, d=10, num_cycles=5, density=0.5, samp_size=100, seed=0, method=lacerda_prune
    resources: tmpdir=/tmp
Select jobs to execute...
[Wed Apr 29 11:30:15 2026]
Finished jobid: 99 (Rule: synth_fit)
517 of 651 steps (79%) done
Execute 1 jobs...
[Wed Apr 29 11:30:15 2026]
localrule synth_evaluate:
    input: results/synth/regime=easy/d=10/num_cycles=3/density=0.3/samp_size=100/seed=1/dataset.npz, results/synth/regime=easy/d=10/num_cycles=3/density=0.3/samp_size=100/seed=1/method=lacerda_prune/model.pkl
    output: results/synth/regime=easy/d=10/num_cycles=3/density=0.3/samp_size=100/seed=1/method=lacerda_prune/metrics.csv
    jobid: 370
    reason: Missing output files: results/synth/regime=easy/d=10/num_cycles=3/density=0.3/samp_size=100/seed=1/method=lacerda_prune/metrics.csv; Input files updated by another job: results/synth/regime=easy/d=10/num_cycles=3/density=0.3/samp_size=100/seed=1/method=lacerda_prune/model.pkl
    wildcards: regime=easy, d=10, num_cycles=3, density=0.3, samp_size=100, seed=1, method=lacerda_prune
    resources: tmpdir=/tmp
Select jobs to execute...
[Wed Apr 29 11:30:16 2026]
Finished jobid: 668 (Rule: synth_fit)
518 of 651 steps (80%) done
Execute 1 jobs...
[Wed Apr 29 11:30:16 2026]
localrule synth_evaluate:
    input: results/synth/regime=easy/d=10/num_cycles=5/density=0.3/samp_size=100/seed=1/dataset.npz, results/synth/regime=easy/d=10/num_cycles=5/density=0.3/samp_size=100/seed=1/method=lacerda_repare/model.pkl
    output: results/synth/regime=easy/d=10/num_cycles=5/density=0.3/samp_size=100/seed=1/method=lacerda_repare/metrics.csv
    jobid: 490
    reason: Missing output files: results/synth/regime=easy/d=10/num_cycles=5/density=0.3/samp_size=100/seed=1/method=lacerda_repare/metrics.csv; Input files updated by another job: results/synth/regime=easy/d=10/num_cycles=5/density=0.3/samp_size=100/seed=1/method=lacerda_repare/model.pkl
    wildcards: regime=easy, d=10, num_cycles=5, density=0.3, samp_size=100, seed=1, method=lacerda_repare
    resources: tmpdir=/tmp
Select jobs to execute...
[Wed Apr 29 11:30:16 2026]
Finished jobid: 141 (Rule: synth_evaluate)
519 of 651 steps (80%) done
Execute 1 jobs...
[Wed Apr 29 11:30:16 2026]
localrule synth_evaluate:
    input: results/synth/regime=easy/d=10/num_cycles=4/density=0.5/samp_size=100/seed=0/dataset.npz, results/synth/regime=easy/d=10/num_cycles=4/density=0.5/samp_size=100/seed=0/method=lacerda_repare/model.pkl
    output: results/synth/regime=easy/d=10/num_cycles=4/density=0.5/samp_size=100/seed=0/method=lacerda_repare/metrics.csv
    jobid: 717
    reason: Missing output files: results/synth/regime=easy/d=10/num_cycles=4/density=0.5/samp_size=100/seed=0/method=lacerda_repare/metrics.csv; Input files updated by another job: results/synth/regime=easy/d=10/num_cycles=4/density=0.5/samp_size=100/seed=0/method=lacerda_repare/model.pkl
    wildcards: regime=easy, d=10, num_cycles=4, density=0.5, samp_size=100, seed=0, method=lacerda_repare
    resources: tmpdir=/tmp
Select jobs to execute...
[Wed Apr 29 11:30:16 2026]
Finished jobid: 370 (Rule: synth_evaluate)
520 of 651 steps (80%) done
Execute 1 jobs...
[Wed Apr 29 11:30:16 2026]
localrule synth_evaluate:
    input: results/synth/regime=easy/d=10/num_cycles=5/density=0.8/samp_size=500/seed=2/dataset.npz, results/synth/regime=easy/d=10/num_cycles=5/density=0.8/samp_size=500/seed=2/method=lacerda_repare/model.pkl
    output: results/synth/regime=easy/d=10/num_cycles=5/density=0.8/samp_size=500/seed=2/method=lacerda_repare/metrics.csv
    jobid: 245
    reason: Missing output files: results/synth/regime=easy/d=10/num_cycles=5/density=0.8/samp_size=500/seed=2/method=lacerda_repare/metrics.csv; Input files updated by another job: results/synth/regime=easy/d=10/num_cycles=5/density=0.8/samp_size=500/seed=2/method=lacerda_repare/model.pkl
    wildcards: regime=easy, d=10, num_cycles=5, density=0.8, samp_size=500, seed=2, method=lacerda_repare
    resources: tmpdir=/tmp
Select jobs to execute...
[Wed Apr 29 11:30:16 2026]
Finished jobid: 490 (Rule: synth_evaluate)
521 of 651 steps (80%) done
Execute 1 jobs...
[Wed Apr 29 11:30:16 2026]
localrule synth_evaluate:
    input: results/synth/regime=easy/d=10/num_cycles=4/density=0.3/samp_size=500/seed=1/dataset.npz, results/synth/regime=easy/d=10/num_cycles=4/density=0.3/samp_size=500/seed=1/method=lacerda_repare/model.pkl
    output: results/synth/regime=easy/d=10/num_cycles=4/density=0.3/samp_size=500/seed=1/method=lacerda_repare/metrics.csv
    jobid: 472
    reason: Missing output files: results/synth/regime=easy/d=10/num_cycles=4/density=0.3/samp_size=500/seed=1/method=lacerda_repare/metrics.csv; Input files updated by another job: results/synth/regime=easy/d=10/num_cycles=4/density=0.3/samp_size=500/seed=1/method=lacerda_repare/model.pkl
    wildcards: regime=easy, d=10, num_cycles=4, density=0.3, samp_size=500, seed=1, method=lacerda_repare
    resources: tmpdir=/tmp
Select jobs to execute...
[Wed Apr 29 11:30:16 2026]
Finished jobid: 441 (Rule: synth_fit)
522 of 651 steps (80%) done
Execute 1 jobs...
[Wed Apr 29 11:30:16 2026]
localrule synth_evaluate:
    input: results/synth/regime=easy/d=10/num_cycles=5/density=0.3/samp_size=500/seed=1/dataset.npz, results/synth/regime=easy/d=10/num_cycles=5/density=0.3/samp_size=500/seed=1/method=lacerda/model.pkl
    output: results/synth/regime=easy/d=10/num_cycles=5/density=0.3/samp_size=500/seed=1/method=lacerda/metrics.csv
    jobid: 347
    reason: Input files updated by another job: results/synth/regime=easy/d=10/num_cycles=5/density=0.3/samp_size=500/seed=1/method=lacerda/model.pkl
    wildcards: regime=easy, d=10, num_cycles=5, density=0.3, samp_size=500, seed=1, method=lacerda
    resources: tmpdir=/tmp
Select jobs to execute...
[Wed Apr 29 11:30:16 2026]
Finished jobid: 717 (Rule: synth_evaluate)
523 of 651 steps (80%) done
Execute 1 jobs...
[Wed Apr 29 11:30:16 2026]
localrule synth_evaluate:
    input: results/synth/regime=easy/d=10/num_cycles=3/density=0.8/samp_size=100/seed=0/dataset.npz, results/synth/regime=easy/d=10/num_cycles=3/density=0.8/samp_size=100/seed=0/method=lacerda_repare/model.pkl
    output: results/synth/regime=easy/d=10/num_cycles=3/density=0.8/samp_size=100/seed=0/method=lacerda_repare/metrics.csv
    jobid: 187
    reason: Missing output files: results/synth/regime=easy/d=10/num_cycles=3/density=0.8/samp_size=100/seed=0/method=lacerda_repare/metrics.csv; Input files updated by another job: results/synth/regime=easy/d=10/num_cycles=3/density=0.8/samp_size=100/seed=0/method=lacerda_repare/model.pkl
    wildcards: regime=easy, d=10, num_cycles=3, density=0.8, samp_size=100, seed=0, method=lacerda_repare
    resources: tmpdir=/tmp
Select jobs to execute...
[Wed Apr 29 11:30:17 2026]
Finished jobid: 505 (Rule: synth_fit)
524 of 651 steps (80%) done
Execute 1 jobs...
[Wed Apr 29 11:30:17 2026]
localrule synth_evaluate:
    input: results/synth/regime=easy/d=10/num_cycles=4/density=0.5/samp_size=500/seed=1/dataset.npz, results/synth/regime=easy/d=10/num_cycles=4/density=0.5/samp_size=500/seed=1/method=lacerda/model.pkl
    output: results/synth/regime=easy/d=10/num_cycles=4/density=0.5/samp_size=500/seed=1/method=lacerda/metrics.csv
    jobid: 564
    reason: Input files updated by another job: results/synth/regime=easy/d=10/num_cycles=4/density=0.5/samp_size=500/seed=1/method=lacerda/model.pkl
    wildcards: regime=easy, d=10, num_cycles=4, density=0.5, samp_size=500, seed=1, method=lacerda
    resources: tmpdir=/tmp
Select jobs to execute...
[Wed Apr 29 11:30:17 2026]
Finished jobid: 670 (Rule: synth_fit)
525 of 651 steps (81%) done
Execute 1 jobs...
[Wed Apr 29 11:30:17 2026]
localrule synth_fit:
    input: results/synth/regime=easy/d=10/num_cycles=5/density=0.3/samp_size=1000/seed=1/dataset.npz
    output: results/synth/regime=easy/d=10/num_cycles=5/density=0.3/samp_size=1000/seed=1/method=lacerda_prune/model.pkl
    jobid: 431
    reason: Missing output files: results/synth/regime=easy/d=10/num_cycles=5/density=0.3/samp_size=1000/seed=1/method=lacerda_prune/model.pkl
    wildcards: regime=easy, d=10, num_cycles=5, density=0.3, samp_size=1000, seed=1, method=lacerda_prune
    resources: tmpdir=/tmp
Select jobs to execute...
[Wed Apr 29 11:30:17 2026]
Finished jobid: 443 (Rule: synth_fit)
526 of 651 steps (81%) done
Execute 1 jobs...
[Wed Apr 29 11:30:17 2026]
localrule synth_evaluate:
    input: results/synth/regime=easy/d=10/num_cycles=5/density=0.3/samp_size=500/seed=1/dataset.npz, results/synth/regime=easy/d=10/num_cycles=5/density=0.3/samp_size=500/seed=1/method=lacerda_repare/model.pkl
    output: results/synth/regime=easy/d=10/num_cycles=5/density=0.3/samp_size=500/seed=1/method=lacerda_repare/metrics.csv
    jobid: 496
    reason: Missing output files: results/synth/regime=easy/d=10/num_cycles=5/density=0.3/samp_size=500/seed=1/method=lacerda_repare/metrics.csv; Input files updated by another job: results/synth/regime=easy/d=10/num_cycles=5/density=0.3/samp_size=500/seed=1/method=lacerda_repare/model.pkl
    wildcards: regime=easy, d=10, num_cycles=5, density=0.3, samp_size=500, seed=1, method=lacerda_repare
    resources: tmpdir=/tmp
Select jobs to execute...
[Wed Apr 29 11:30:17 2026]
Finished jobid: 245 (Rule: synth_evaluate)
527 of 651 steps (81%) done
Execute 1 jobs...
[Wed Apr 29 11:30:17 2026]
localrule synth_fit:
    input: results/synth/regime=easy/d=10/num_cycles=4/density=0.3/samp_size=50/seed=0/dataset.npz
    output: results/synth/regime=easy/d=10/num_cycles=4/density=0.3/samp_size=50/seed=0/method=lacerda/model.pkl
    jobid: 292
    reason: Code has changed since last execution
    wildcards: regime=easy, d=10, num_cycles=4, density=0.3, samp_size=50, seed=0, method=lacerda
    resources: tmpdir=/tmp
Select jobs to execute...
[Wed Apr 29 11:30:17 2026]
Finished jobid: 216 (Rule: synth_fit)
528 of 651 steps (81%) done
Execute 1 jobs...
[Wed Apr 29 11:30:17 2026]
localrule synth_evaluate:
    input: results/synth/regime=easy/d=10/num_cycles=4/density=0.8/samp_size=500/seed=0/dataset.npz, results/synth/regime=easy/d=10/num_cycles=4/density=0.8/samp_size=500/seed=0/method=lacerda/model.pkl
    output: results/synth/regime=easy/d=10/num_cycles=4/density=0.8/samp_size=500/seed=0/method=lacerda/metrics.csv
    jobid: 55
    reason: Input files updated by another job: results/synth/regime=easy/d=10/num_cycles=4/density=0.8/samp_size=500/seed=0/method=lacerda/model.pkl
    wildcards: regime=easy, d=10, num_cycles=4, density=0.8, samp_size=500, seed=0, method=lacerda
    resources: tmpdir=/tmp
Select jobs to execute...
[Wed Apr 29 11:30:17 2026]
Finished jobid: 472 (Rule: synth_evaluate)
529 of 651 steps (81%) done
Execute 1 jobs...
[Wed Apr 29 11:30:17 2026]
localrule synth_fit:
    input: results/synth/regime=easy/d=10/num_cycles=4/density=0.8/samp_size=500/seed=0/dataset.npz
    output: results/synth/regime=easy/d=10/num_cycles=4/density=0.8/samp_size=500/seed=0/method=lacerda_repare/model.pkl
    jobid: 218
    reason: Missing output files: results/synth/regime=easy/d=10/num_cycles=4/density=0.8/samp_size=500/seed=0/method=lacerda_repare/model.pkl
    wildcards: regime=easy, d=10, num_cycles=4, density=0.8, samp_size=500, seed=0, method=lacerda_repare
    resources: tmpdir=/tmp
[Wed Apr 29 11:30:17 2026]
Finished jobid: 347 (Rule: synth_evaluate)
530 of 651 steps (81%) done
Select jobs to execute...
Execute 1 jobs...
[Wed Apr 29 11:30:17 2026]
localrule synth_fit:
    input: results/synth/regime=easy/d=10/num_cycles=3/density=0.3/samp_size=100/seed=2/dataset.npz
    output: results/synth/regime=easy/d=10/num_cycles=3/density=0.3/samp_size=100/seed=2/method=lacerda_repare/model.pkl
    jobid: 445
    reason: Missing output files: results/synth/regime=easy/d=10/num_cycles=3/density=0.3/samp_size=100/seed=2/method=lacerda_repare/model.pkl
    wildcards: regime=easy, d=10, num_cycles=3, density=0.3, samp_size=100, seed=2, method=lacerda_repare
    resources: tmpdir=/tmp
Select jobs to execute...
[Wed Apr 29 11:30:17 2026]
Finished jobid: 187 (Rule: synth_evaluate)
531 of 651 steps (82%) done
Execute 1 jobs...
[Wed Apr 29 11:30:17 2026]
localrule synth_evaluate:
    input: results/synth/regime=easy/d=10/num_cycles=3/density=0.3/samp_size=100/seed=2/dataset.npz, results/synth/regime=easy/d=10/num_cycles=3/density=0.3/samp_size=100/seed=2/method=lacerda_prune/model.pkl
    output: results/synth/regime=easy/d=10/num_cycles=3/density=0.3/samp_size=100/seed=2/method=lacerda_prune/metrics.csv
    jobid: 372
    reason: Missing output files: results/synth/regime=easy/d=10/num_cycles=3/density=0.3/samp_size=100/seed=2/method=lacerda_prune/metrics.csv; Input files updated by another job: results/synth/regime=easy/d=10/num_cycles=3/density=0.3/samp_size=100/seed=2/method=lacerda_prune/model.pkl
    wildcards: regime=easy, d=10, num_cycles=3, density=0.3, samp_size=100, seed=2, method=lacerda_prune
    resources: tmpdir=/tmp
Select jobs to execute...
[Wed Apr 29 11:30:17 2026]
Finished jobid: 564 (Rule: synth_evaluate)
532 of 651 steps (82%) done
Execute 1 jobs...
[Wed Apr 29 11:30:17 2026]
localrule synth_evaluate:
    input: results/synth/regime=easy/d=10/num_cycles=4/density=0.5/samp_size=100/seed=1/dataset.npz, results/synth/regime=easy/d=10/num_cycles=4/density=0.5/samp_size=100/seed=1/method=lacerda_repare/model.pkl
    output: results/synth/regime=easy/d=10/num_cycles=4/density=0.5/samp_size=100/seed=1/method=lacerda_repare/metrics.csv
    jobid: 719
    reason: Missing output files: results/synth/regime=easy/d=10/num_cycles=4/density=0.5/samp_size=100/seed=1/method=lacerda_repare/metrics.csv; Input files updated by another job: results/synth/regime=easy/d=10/num_cycles=4/density=0.5/samp_size=100/seed=1/method=lacerda_repare/model.pkl
    wildcards: regime=easy, d=10, num_cycles=4, density=0.5, samp_size=100, seed=1, method=lacerda_repare
    resources: tmpdir=/tmp
Select jobs to execute...
[Wed Apr 29 11:30:17 2026]
Finished jobid: 496 (Rule: synth_evaluate)
533 of 651 steps (82%) done
Execute 1 jobs...
[Wed Apr 29 11:30:17 2026]
localrule synth_fit:
    input: results/synth/regime=easy/d=10/num_cycles=5/density=0.5/samp_size=100/seed=1/dataset.npz
    output: results/synth/regime=easy/d=10/num_cycles=5/density=0.5/samp_size=100/seed=1/method=lacerda_prune/model.pkl
    jobid: 672
    reason: Missing output files: results/synth/regime=easy/d=10/num_cycles=5/density=0.5/samp_size=100/seed=1/method=lacerda_prune/model.pkl
    wildcards: regime=easy, d=10, num_cycles=5, density=0.5, samp_size=100, seed=1, method=lacerda_prune
    resources: tmpdir=/tmp
Select jobs to execute...
[Wed Apr 29 11:30:17 2026]
Finished jobid: 55 (Rule: synth_evaluate)
534 of 651 steps (82%) done
Execute 1 jobs...
[Wed Apr 29 11:30:17 2026]
localrule synth_fit:
    input: results/synth/regime=easy/d=10/num_cycles=3/density=0.3/samp_size=1000/seed=2/dataset.npz
    output: results/synth/regime=easy/d=10/num_cycles=3/density=0.3/samp_size=1000/seed=2/method=lacerda/model.pkl
    jobid: 289
    reason: Code has changed since last execution
    wildcards: regime=easy, d=10, num_cycles=3, density=0.3, samp_size=1000, seed=2, method=lacerda
    resources: tmpdir=/tmp
Select jobs to execute...
[Wed Apr 29 11:30:18 2026]
Finished jobid: 292 (Rule: synth_fit)
535 of 651 steps (82%) done
Execute 1 jobs...
[Wed Apr 29 11:30:18 2026]
localrule synth_evaluate:
    input: results/synth/regime=easy/d=10/num_cycles=3/density=0.8/samp_size=50/seed=0/dataset.npz, results/synth/regime=easy/d=10/num_cycles=3/density=0.8/samp_size=50/seed=0/method=lacerda/model.pkl
    output: results/synth/regime=easy/d=10/num_cycles=3/density=0.8/samp_size=50/seed=0/method=lacerda/metrics.csv
    jobid: 1
    reason: Input files updated by another job: results/synth/regime=easy/d=10/num_cycles=3/density=0.8/samp_size=50/seed=0/method=lacerda/model.pkl
    wildcards: regime=easy, d=10, num_cycles=3, density=0.8, samp_size=50, seed=0, method=lacerda
    resources: tmpdir=/tmp
Select jobs to execute...
[Wed Apr 29 11:30:18 2026]
Finished jobid: 372 (Rule: synth_evaluate)
536 of 651 steps (82%) done
Execute 1 jobs...
[Wed Apr 29 11:30:18 2026]
localrule synth_evaluate:
    input: results/synth/regime=easy/d=10/num_cycles=4/density=0.3/samp_size=50/seed=0/dataset.npz, results/synth/regime=easy/d=10/num_cycles=4/density=0.3/samp_size=50/seed=0/method=lacerda/model.pkl
    output: results/synth/regime=easy/d=10/num_cycles=4/density=0.3/samp_size=50/seed=0/method=lacerda/metrics.csv
    jobid: 290
    reason: Input files updated by another job: results/synth/regime=easy/d=10/num_cycles=4/density=0.3/samp_size=50/seed=0/method=lacerda/model.pkl
    wildcards: regime=easy, d=10, num_cycles=4, density=0.3, samp_size=50, seed=0, method=lacerda
    resources: tmpdir=/tmp
Select jobs to execute...
[Wed Apr 29 11:30:18 2026]
Finished jobid: 719 (Rule: synth_evaluate)
537 of 651 steps (82%) done
Execute 1 jobs...
[Wed Apr 29 11:30:18 2026]
localrule synth_fit:
    input: results/synth/regime=easy/d=10/num_cycles=4/density=0.3/samp_size=50/seed=0/dataset.npz
    output: results/synth/regime=easy/d=10/num_cycles=4/density=0.3/samp_size=50/seed=0/method=lacerda_prune/model.pkl
    jobid: 387
    reason: Missing output files: results/synth/regime=easy/d=10/num_cycles=4/density=0.3/samp_size=50/seed=0/method=lacerda_prune/model.pkl
    wildcards: regime=easy, d=10, num_cycles=4, density=0.3, samp_size=50, seed=0, method=lacerda_prune
    resources: tmpdir=/tmp
Select jobs to execute...
[Wed Apr 29 11:30:18 2026]
Finished jobid: 445 (Rule: synth_fit)
538 of 651 steps (83%) done
Execute 1 jobs...
[Wed Apr 29 11:30:18 2026]
localrule synth_evaluate:
    input: results/synth/regime=easy/d=10/num_cycles=4/density=0.8/samp_size=50/seed=1/dataset.npz, results/synth/regime=easy/d=10/num_cycles=4/density=0.8/samp_size=50/seed=1/method=lacerda_repare/model.pkl
    output: results/synth/regime=easy/d=10/num_cycles=4/density=0.8/samp_size=50/seed=1/method=lacerda_repare/metrics.csv
    jobid: 207
    reason: Missing output files: results/synth/regime=easy/d=10/num_cycles=4/density=0.8/samp_size=50/seed=1/method=lacerda_repare/metrics.csv; Input files updated by another job: results/synth/regime=easy/d=10/num_cycles=4/density=0.8/samp_size=50/seed=1/method=lacerda_repare/model.pkl
    wildcards: regime=easy, d=10, num_cycles=4, density=0.8, samp_size=50, seed=1, method=lacerda_repare
    resources: tmpdir=/tmp
Select jobs to execute...
[Wed Apr 29 11:30:18 2026]
Finished jobid: 289 (Rule: synth_fit)
539 of 651 steps (83%) done
Execute 1 jobs...
[Wed Apr 29 11:30:18 2026]
localrule synth_evaluate:
    input: results/synth/regime=easy/d=10/num_cycles=5/density=0.8/samp_size=50/seed=1/dataset.npz, results/synth/regime=easy/d=10/num_cycles=5/density=0.8/samp_size=50/seed=1/method=lacerda/model.pkl
    output: results/synth/regime=easy/d=10/num_cycles=5/density=0.8/samp_size=50/seed=1/method=lacerda/metrics.csv
    jobid: 76
    reason: Input files updated by another job: results/synth/regime=easy/d=10/num_cycles=5/density=0.8/samp_size=50/seed=1/method=lacerda/model.pkl
    wildcards: regime=easy, d=10, num_cycles=5, density=0.8, samp_size=50, seed=1, method=lacerda
    resources: tmpdir=/tmp
Select jobs to execute...
[Wed Apr 29 11:30:18 2026]
Finished jobid: 1 (Rule: synth_evaluate)
540 of 651 steps (83%) done
Execute 1 jobs...
[Wed Apr 29 11:30:18 2026]
localrule synth_evaluate:
    input: results/synth/regime=easy/d=10/num_cycles=3/density=0.5/samp_size=50/seed=0/dataset.npz, results/synth/regime=easy/d=10/num_cycles=3/density=0.5/samp_size=50/seed=0/method=lacerda_prune/model.pkl
    output: results/synth/regime=easy/d=10/num_cycles=3/density=0.5/samp_size=50/seed=0/method=lacerda_prune/metrics.csv
    jobid: 615
    reason: Missing output files: results/synth/regime=easy/d=10/num_cycles=3/density=0.5/samp_size=50/seed=0/method=lacerda_prune/metrics.csv; Input files updated by another job: results/synth/regime=easy/d=10/num_cycles=3/density=0.5/samp_size=50/seed=0/method=lacerda_prune/model.pkl
    wildcards: regime=easy, d=10, num_cycles=3, density=0.5, samp_size=50, seed=0, method=lacerda_prune
    resources: tmpdir=/tmp
Select jobs to execute...
[Wed Apr 29 11:30:18 2026]
Finished jobid: 218 (Rule: synth_fit)
541 of 651 steps (83%) done
Execute 1 jobs...
[Wed Apr 29 11:30:18 2026]
localrule synth_evaluate:
    input: results/synth/regime=easy/d=10/num_cycles=5/density=0.8/samp_size=500/seed=2/dataset.npz, results/synth/regime=easy/d=10/num_cycles=5/density=0.8/samp_size=500/seed=2/method=lacerda/model.pkl
    output: results/synth/regime=easy/d=10/num_cycles=5/density=0.8/samp_size=500/seed=2/method=lacerda/metrics.csv
    jobid: 97
    reason: Input files updated by another job: results/synth/regime=easy/d=10/num_cycles=5/density=0.8/samp_size=500/seed=2/method=lacerda/model.pkl
    wildcards: regime=easy, d=10, num_cycles=5, density=0.8, samp_size=500, seed=2, method=lacerda
    resources: tmpdir=/tmp
Select jobs to execute...
[Wed Apr 29 11:30:18 2026]
Finished jobid: 290 (Rule: synth_evaluate)
542 of 651 steps (83%) done
Execute 1 jobs...
[Wed Apr 29 11:30:18 2026]
localrule synth_evaluate:
    input: results/synth/regime=easy/d=10/num_cycles=5/density=0.5/samp_size=50/seed=0/dataset.npz, results/synth/regime=easy/d=10/num_cycles=5/density=0.5/samp_size=50/seed=0/method=lacerda_repare/model.pkl
    output: results/synth/regime=easy/d=10/num_cycles=5/density=0.5/samp_size=50/seed=0/method=lacerda_repare/metrics.csv
    jobid: 735
    reason: Missing output files: results/synth/regime=easy/d=10/num_cycles=5/density=0.5/samp_size=50/seed=0/method=lacerda_repare/metrics.csv; Input files updated by another job: results/synth/regime=easy/d=10/num_cycles=5/density=0.5/samp_size=50/seed=0/method=lacerda_repare/model.pkl
    wildcards: regime=easy, d=10, num_cycles=5, density=0.5, samp_size=50, seed=0, method=lacerda_repare
    resources: tmpdir=/tmp
Select jobs to execute...
[Wed Apr 29 11:30:19 2026]
Finished jobid: 672 (Rule: synth_fit)
543 of 651 steps (83%) done
Execute 1 jobs...
[Wed Apr 29 11:30:19 2026]
localrule synth_evaluate:
    input: results/synth/regime=easy/d=10/num_cycles=3/density=0.3/samp_size=1000/seed=2/dataset.npz, results/synth/regime=easy/d=10/num_cycles=3/density=0.3/samp_size=1000/seed=2/method=lacerda/model.pkl
    output: results/synth/regime=easy/d=10/num_cycles=3/density=0.3/samp_size=1000/seed=2/method=lacerda/metrics.csv
    jobid: 287
    reason: Input files updated by another job: results/synth/regime=easy/d=10/num_cycles=3/density=0.3/samp_size=1000/seed=2/method=lacerda/model.pkl
    wildcards: regime=easy, d=10, num_cycles=3, density=0.3, samp_size=1000, seed=2, method=lacerda
    resources: tmpdir=/tmp
Select jobs to execute...
[Wed Apr 29 11:30:19 2026]
Finished jobid: 387 (Rule: synth_fit)
544 of 651 steps (84%) done
Execute 1 jobs...
[Wed Apr 29 11:30:19 2026]
localrule synth_evaluate:
    input: results/synth/regime=easy/d=10/num_cycles=4/density=0.8/samp_size=500/seed=0/dataset.npz, results/synth/regime=easy/d=10/num_cycles=4/density=0.8/samp_size=500/seed=0/method=lacerda_prune/model.pkl
    output: results/synth/regime=easy/d=10/num_cycles=4/density=0.8/samp_size=500/seed=0/method=lacerda_prune/metrics.csv
    jobid: 145
    reason: Missing output files: results/synth/regime=easy/d=10/num_cycles=4/density=0.8/samp_size=500/seed=0/method=lacerda_prune/metrics.csv; Input files updated by another job: results/synth/regime=easy/d=10/num_cycles=4/density=0.8/samp_size=500/seed=0/method=lacerda_prune/model.pkl
    wildcards: regime=easy, d=10, num_cycles=4, density=0.8, samp_size=500, seed=0, method=lacerda_prune
    resources: tmpdir=/tmp
Select jobs to execute...
[Wed Apr 29 11:30:19 2026]
Finished jobid: 431 (Rule: synth_fit)
545 of 651 steps (84%) done
Execute 1 jobs...
[Wed Apr 29 11:30:19 2026]
localrule synth_evaluate:
    input: results/synth/regime=easy/d=10/num_cycles=5/density=0.5/samp_size=100/seed=1/dataset.npz, results/synth/regime=easy/d=10/num_cycles=5/density=0.5/samp_size=100/seed=1/method=lacerda/model.pkl
    output: results/synth/regime=easy/d=10/num_cycles=5/density=0.5/samp_size=100/seed=1/method=lacerda/metrics.csv
    jobid: 591
    reason: Input files updated by another job: results/synth/regime=easy/d=10/num_cycles=5/density=0.5/samp_size=100/seed=1/method=lacerda/model.pkl
    wildcards: regime=easy, d=10, num_cycles=5, density=0.5, samp_size=100, seed=1, method=lacerda
    resources: tmpdir=/tmp
Select jobs to execute...
[Wed Apr 29 11:30:19 2026]
Finished jobid: 207 (Rule: synth_evaluate)
546 of 651 steps (84%) done
Execute 1 jobs...
[Wed Apr 29 11:30:19 2026]
localrule synth_fit:
    input: results/synth/regime=easy/d=10/num_cycles=5/density=0.5/samp_size=500/seed=0/dataset.npz
    output: results/synth/regime=easy/d=10/num_cycles=5/density=0.5/samp_size=500/seed=0/method=lacerda_prune/model.pkl
    jobid: 676
    reason: Missing output files: results/synth/regime=easy/d=10/num_cycles=5/density=0.5/samp_size=500/seed=0/method=lacerda_prune/model.pkl
    wildcards: regime=easy, d=10, num_cycles=5, density=0.5, samp_size=500, seed=0, method=lacerda_prune
    resources: tmpdir=/tmp
Select jobs to execute...
[Wed Apr 29 11:30:19 2026]
Finished jobid: 76 (Rule: synth_evaluate)
547 of 651 steps (84%) done
Execute 1 jobs...
[Wed Apr 29 11:30:19 2026]
localrule synth_evaluate:
    input: results/synth/regime=easy/d=10/num_cycles=3/density=0.3/samp_size=500/seed=1/dataset.npz, results/synth/regime=easy/d=10/num_cycles=3/density=0.3/samp_size=500/seed=1/method=lacerda_prune/model.pkl
    output: results/synth/regime=easy/d=10/num_cycles=3/density=0.3/samp_size=500/seed=1/method=lacerda_prune/metrics.csv
    jobid: 376
    reason: Missing output files: results/synth/regime=easy/d=10/num_cycles=3/density=0.3/samp_size=500/seed=1/method=lacerda_prune/metrics.csv; Input files updated by another job: results/synth/regime=easy/d=10/num_cycles=3/density=0.3/samp_size=500/seed=1/method=lacerda_prune/model.pkl
    wildcards: regime=easy, d=10, num_cycles=3, density=0.3, samp_size=500, seed=1, method=lacerda_prune
    resources: tmpdir=/tmp
Select jobs to execute...
[Wed Apr 29 11:30:19 2026]
Finished jobid: 615 (Rule: synth_evaluate)
548 of 651 steps (84%) done
Execute 1 jobs...
[Wed Apr 29 11:30:19 2026]
localrule synth_fit:
    input: results/synth/regime=easy/d=10/num_cycles=5/density=0.3/samp_size=50/seed=2/dataset.npz
    output: results/synth/regime=easy/d=10/num_cycles=5/density=0.3/samp_size=50/seed=2/method=lacerda/model.pkl
    jobid: 334
    reason: Code has changed since last execution
    wildcards: regime=easy, d=10, num_cycles=5, density=0.3, samp_size=50, seed=2, method=lacerda
    resources: tmpdir=/tmp
Select jobs to execute...
[Wed Apr 29 11:30:19 2026]
Finished jobid: 97 (Rule: synth_evaluate)
549 of 651 steps (84%) done
Execute 1 jobs...
[Wed Apr 29 11:30:19 2026]
localrule synth_evaluate:
    input: results/synth/regime=easy/d=10/num_cycles=4/density=0.5/samp_size=500/seed=0/dataset.npz, results/synth/regime=easy/d=10/num_cycles=4/density=0.5/samp_size=500/seed=0/method=lacerda_repare/model.pkl
    output: results/synth/regime=easy/d=10/num_cycles=4/density=0.5/samp_size=500/seed=0/method=lacerda_repare/metrics.csv
    jobid: 723
    reason: Missing output files: results/synth/regime=easy/d=10/num_cycles=4/density=0.5/samp_size=500/seed=0/method=lacerda_repare/metrics.csv; Input files updated by another job: results/synth/regime=easy/d=10/num_cycles=4/density=0.5/samp_size=500/seed=0/method=lacerda_repare/model.pkl
    wildcards: regime=easy, d=10, num_cycles=4, density=0.5, samp_size=500, seed=0, method=lacerda_repare
    resources: tmpdir=/tmp
Select jobs to execute...
[Wed Apr 29 11:30:19 2026]
Finished jobid: 735 (Rule: synth_evaluate)
550 of 651 steps (84%) done
Execute 1 jobs...
[Wed Apr 29 11:30:19 2026]
localrule synth_evaluate:
    input: results/synth/regime=easy/d=10/num_cycles=4/density=0.5/samp_size=1000/seed=2/dataset.npz, results/synth/regime=easy/d=10/num_cycles=4/density=0.5/samp_size=1000/seed=2/method=lacerda_prune/model.pkl
    output: results/synth/regime=easy/d=10/num_cycles=4/density=0.5/samp_size=1000/seed=2/method=lacerda_prune/metrics.csv
    jobid: 661
    reason: Missing output files: results/synth/regime=easy/d=10/num_cycles=4/density=0.5/samp_size=1000/seed=2/method=lacerda_prune/metrics.csv; Input files updated by another job: results/synth/regime=easy/d=10/num_cycles=4/density=0.5/samp_size=1000/seed=2/method=lacerda_prune/model.pkl
    wildcards: regime=easy, d=10, num_cycles=4, density=0.5, samp_size=1000, seed=2, method=lacerda_prune
    resources: tmpdir=/tmp
Select jobs to execute...
[Wed Apr 29 11:30:19 2026]
Finished jobid: 287 (Rule: synth_evaluate)
551 of 651 steps (85%) done
Execute 1 jobs...
[Wed Apr 29 11:30:19 2026]
localrule synth_evaluate:
    input: results/synth/regime=easy/d=10/num_cycles=3/density=0.3/samp_size=50/seed=0/dataset.npz, results/synth/regime=easy/d=10/num_cycles=3/density=0.3/samp_size=50/seed=0/method=lacerda_repare/model.pkl
    output: results/synth/regime=easy/d=10/num_cycles=3/density=0.3/samp_size=50/seed=0/method=lacerda_repare/metrics.csv
    jobid: 434
    reason: Missing output files: results/synth/regime=easy/d=10/num_cycles=3/density=0.3/samp_size=50/seed=0/method=lacerda_repare/metrics.csv; Input files updated by another job: results/synth/regime=easy/d=10/num_cycles=3/density=0.3/samp_size=50/seed=0/method=lacerda_repare/model.pkl
    wildcards: regime=easy, d=10, num_cycles=3, density=0.3, samp_size=50, seed=0, method=lacerda_repare
    resources: tmpdir=/tmp
Select jobs to execute...
[Wed Apr 29 11:30:19 2026]
Finished jobid: 145 (Rule: synth_evaluate)
552 of 651 steps (85%) done
Execute 1 jobs...
[Wed Apr 29 11:30:19 2026]
localrule synth_evaluate:
    input: results/synth/regime=easy/d=10/num_cycles=4/density=0.8/samp_size=50/seed=0/dataset.npz, results/synth/regime=easy/d=10/num_cycles=4/density=0.8/samp_size=50/seed=0/method=lacerda_repare/model.pkl
    output: results/synth/regime=easy/d=10/num_cycles=4/density=0.8/samp_size=50/seed=0/method=lacerda_repare/metrics.csv
    jobid: 205
    reason: Missing output files: results/synth/regime=easy/d=10/num_cycles=4/density=0.8/samp_size=50/seed=0/method=lacerda_repare/metrics.csv; Input files updated by another job: results/synth/regime=easy/d=10/num_cycles=4/density=0.8/samp_size=50/seed=0/method=lacerda_repare/model.pkl
    wildcards: regime=easy, d=10, num_cycles=4, density=0.8, samp_size=50, seed=0, method=lacerda_repare
    resources: tmpdir=/tmp
Select jobs to execute...
[Wed Apr 29 11:30:19 2026]
Finished jobid: 591 (Rule: synth_evaluate)
553 of 651 steps (85%) done
Execute 1 jobs...
[Wed Apr 29 11:30:19 2026]
localrule synth_evaluate:
    input: results/synth/regime=easy/d=10/num_cycles=5/density=0.5/samp_size=100/seed=2/dataset.npz, results/synth/regime=easy/d=10/num_cycles=5/density=0.5/samp_size=100/seed=2/method=lacerda/model.pkl
    output: results/synth/regime=easy/d=10/num_cycles=5/density=0.5/samp_size=100/seed=2/method=lacerda/metrics.csv
    jobid: 594
    reason: Input files updated by another job: results/synth/regime=easy/d=10/num_cycles=5/density=0.5/samp_size=100/seed=2/method=lacerda/model.pkl
    wildcards: regime=easy, d=10, num_cycles=5, density=0.5, samp_size=100, seed=2, method=lacerda
    resources: tmpdir=/tmp
Select jobs to execute...
[Wed Apr 29 11:30:19 2026]
Finished jobid: 376 (Rule: synth_evaluate)
554 of 651 steps (85%) done
Execute 1 jobs...
[Wed Apr 29 11:30:19 2026]
localrule synth_evaluate:
    input: results/synth/regime=easy/d=10/num_cycles=5/density=0.8/samp_size=50/seed=2/dataset.npz, results/synth/regime=easy/d=10/num_cycles=5/density=0.8/samp_size=50/seed=2/method=lacerda/model.pkl
    output: results/synth/regime=easy/d=10/num_cycles=5/density=0.8/samp_size=50/seed=2/method=lacerda/metrics.csv
    jobid: 79
    reason: Input files updated by another job: results/synth/regime=easy/d=10/num_cycles=5/density=0.8/samp_size=50/seed=2/method=lacerda/model.pkl
    wildcards: regime=easy, d=10, num_cycles=5, density=0.8, samp_size=50, seed=2, method=lacerda
    resources: tmpdir=/tmp
Select jobs to execute...
[Wed Apr 29 11:30:20 2026]
Finished jobid: 723 (Rule: synth_evaluate)
555 of 651 steps (85%) done
Execute 1 jobs...
[Wed Apr 29 11:30:20 2026]
localrule synth_evaluate:
    input: results/synth/regime=easy/d=10/num_cycles=4/density=0.8/samp_size=50/seed=2/dataset.npz, results/synth/regime=easy/d=10/num_cycles=4/density=0.8/samp_size=50/seed=2/method=lacerda_repare/model.pkl
    output: results/synth/regime=easy/d=10/num_cycles=4/density=0.8/samp_size=50/seed=2/method=lacerda_repare/metrics.csv
    jobid: 209
    reason: Missing output files: results/synth/regime=easy/d=10/num_cycles=4/density=0.8/samp_size=50/seed=2/method=lacerda_repare/metrics.csv; Input files updated by another job: results/synth/regime=easy/d=10/num_cycles=4/density=0.8/samp_size=50/seed=2/method=lacerda_repare/model.pkl
    wildcards: regime=easy, d=10, num_cycles=4, density=0.8, samp_size=50, seed=2, method=lacerda_repare
    resources: tmpdir=/tmp
[Wed Apr 29 11:30:20 2026]
Finished jobid: 334 (Rule: synth_fit)
556 of 651 steps (85%) done
Select jobs to execute...
Execute 1 jobs...
[Wed Apr 29 11:30:20 2026]
localrule synth_fit:
    input: results/synth/regime=easy/d=10/num_cycles=4/density=0.3/samp_size=50/seed=1/dataset.npz
    output: results/synth/regime=easy/d=10/num_cycles=4/density=0.3/samp_size=50/seed=1/method=lacerda_prune/model.pkl
    jobid: 389
    reason: Missing output files: results/synth/regime=easy/d=10/num_cycles=4/density=0.3/samp_size=50/seed=1/method=lacerda_prune/model.pkl
    wildcards: regime=easy, d=10, num_cycles=4, density=0.3, samp_size=50, seed=1, method=lacerda_prune
    resources: tmpdir=/tmp
[Wed Apr 29 11:30:20 2026]
Finished jobid: 661 (Rule: synth_evaluate)
557 of 651 steps (86%) done
Select jobs to execute...
Execute 1 jobs...
[Wed Apr 29 11:30:20 2026]
localrule synth_evaluate:
    input: results/synth/regime=easy/d=10/num_cycles=3/density=0.3/samp_size=100/seed=2/dataset.npz, results/synth/regime=easy/d=10/num_cycles=3/density=0.3/samp_size=100/seed=2/method=lacerda/model.pkl
    output: results/synth/regime=easy/d=10/num_cycles=3/density=0.3/samp_size=100/seed=2/method=lacerda/metrics.csv
    jobid: 269
    reason: Input files updated by another job: results/synth/regime=easy/d=10/num_cycles=3/density=0.3/samp_size=100/seed=2/method=lacerda/model.pkl
    wildcards: regime=easy, d=10, num_cycles=3, density=0.3, samp_size=100, seed=2, method=lacerda
    resources: tmpdir=/tmp
Select jobs to execute...
[Wed Apr 29 11:30:20 2026]
Finished jobid: 434 (Rule: synth_evaluate)
558 of 651 steps (86%) done
Execute 1 jobs...
[Wed Apr 29 11:30:20 2026]
localrule synth_evaluate:
    input: results/synth/regime=easy/d=10/num_cycles=5/density=0.5/samp_size=50/seed=0/dataset.npz, results/synth/regime=easy/d=10/num_cycles=5/density=0.5/samp_size=50/seed=0/method=lacerda_prune/model.pkl
    output: results/synth/regime=easy/d=10/num_cycles=5/density=0.5/samp_size=50/seed=0/method=lacerda_prune/metrics.csv
    jobid: 663
    reason: Missing output files: results/synth/regime=easy/d=10/num_cycles=5/density=0.5/samp_size=50/seed=0/method=lacerda_prune/metrics.csv; Input files updated by another job: results/synth/regime=easy/d=10/num_cycles=5/density=0.5/samp_size=50/seed=0/method=lacerda_prune/model.pkl
    wildcards: regime=easy, d=10, num_cycles=5, density=0.5, samp_size=50, seed=0, method=lacerda_prune
    resources: tmpdir=/tmp
Select jobs to execute...
[Wed Apr 29 11:30:20 2026]
Finished jobid: 205 (Rule: synth_evaluate)
559 of 651 steps (86%) done
Execute 1 jobs...
[Wed Apr 29 11:30:20 2026]
localrule synth_fit:
    input: results/synth/regime=easy/d=10/num_cycles=5/density=0.3/samp_size=100/seed=2/dataset.npz
    output: results/synth/regime=easy/d=10/num_cycles=5/density=0.3/samp_size=100/seed=2/method=lacerda_repare/model.pkl
    jobid: 493
    reason: Missing output files: results/synth/regime=easy/d=10/num_cycles=5/density=0.3/samp_size=100/seed=2/method=lacerda_repare/model.pkl
    wildcards: regime=easy, d=10, num_cycles=5, density=0.3, samp_size=100, seed=2, method=lacerda_repare
    resources: tmpdir=/tmp
Select jobs to execute...
[Wed Apr 29 11:30:20 2026]
Finished jobid: 594 (Rule: synth_evaluate)
560 of 651 steps (86%) done
Execute 1 jobs...
[Wed Apr 29 11:30:20 2026]
localrule synth_fit:
    input: results/synth/regime=easy/d=10/num_cycles=5/density=0.8/samp_size=50/seed=2/dataset.npz
    output: results/synth/regime=easy/d=10/num_cycles=5/density=0.8/samp_size=50/seed=2/method=lacerda_prune/model.pkl
    jobid: 162
    reason: Missing output files: results/synth/regime=easy/d=10/num_cycles=5/density=0.8/samp_size=50/seed=2/method=lacerda_prune/model.pkl
    wildcards: regime=easy, d=10, num_cycles=5, density=0.8, samp_size=50, seed=2, method=lacerda_prune
    resources: tmpdir=/tmp
Select jobs to execute...
[Wed Apr 29 11:30:20 2026]
Finished jobid: 79 (Rule: synth_evaluate)
561 of 651 steps (86%) done
Execute 1 jobs...
[Wed Apr 29 11:30:20 2026]
localrule synth_fit:
    input: results/synth/regime=easy/d=10/num_cycles=4/density=0.5/samp_size=1000/seed=1/dataset.npz
    output: results/synth/regime=easy/d=10/num_cycles=4/density=0.5/samp_size=1000/seed=1/method=lacerda_prune/model.pkl
    jobid: 660
    reason: Missing output files: results/synth/regime=easy/d=10/num_cycles=4/density=0.5/samp_size=1000/seed=1/method=lacerda_prune/model.pkl
    wildcards: regime=easy, d=10, num_cycles=4, density=0.5, samp_size=1000, seed=1, method=lacerda_prune
    resources: tmpdir=/tmp
Select jobs to execute...
[Wed Apr 29 11:30:20 2026]
Finished jobid: 676 (Rule: synth_fit)
562 of 651 steps (86%) done
Execute 1 jobs...
[Wed Apr 29 11:30:20 2026]
localrule synth_evaluate:
    input: results/synth/regime=easy/d=10/num_cycles=3/density=0.8/samp_size=50/seed=2/dataset.npz, results/synth/regime=easy/d=10/num_cycles=3/density=0.8/samp_size=50/seed=2/method=lacerda/model.pkl
    output: results/synth/regime=easy/d=10/num_cycles=3/density=0.8/samp_size=50/seed=2/method=lacerda/metrics.csv
    jobid: 7
    reason: Input files updated by another job: results/synth/regime=easy/d=10/num_cycles=3/density=0.8/samp_size=50/seed=2/method=lacerda/model.pkl
    wildcards: regime=easy, d=10, num_cycles=3, density=0.8, samp_size=50, seed=2, method=lacerda
    resources: tmpdir=/tmp
Select jobs to execute...
[Wed Apr 29 11:30:20 2026]
Finished jobid: 209 (Rule: synth_evaluate)
563 of 651 steps (86%) done
Execute 1 jobs...
[Wed Apr 29 11:30:20 2026]
localrule synth_evaluate:
    input: results/synth/regime=easy/d=10/num_cycles=4/density=0.5/samp_size=100/seed=2/dataset.npz, results/synth/regime=easy/d=10/num_cycles=4/density=0.5/samp_size=100/seed=2/method=lacerda_repare/model.pkl
    output: results/synth/regime=easy/d=10/num_cycles=4/density=0.5/samp_size=100/seed=2/method=lacerda_repare/metrics.csv
    jobid: 721
    reason: Missing output files: results/synth/regime=easy/d=10/num_cycles=4/density=0.5/samp_size=100/seed=2/method=lacerda_repare/metrics.csv; Input files updated by another job: results/synth/regime=easy/d=10/num_cycles=4/density=0.5/samp_size=100/seed=2/method=lacerda_repare/model.pkl
    wildcards: regime=easy, d=10, num_cycles=4, density=0.5, samp_size=100, seed=2, method=lacerda_repare
    resources: tmpdir=/tmp
Select jobs to execute...
[Wed Apr 29 11:30:20 2026]
Finished jobid: 269 (Rule: synth_evaluate)
564 of 651 steps (87%) done
Execute 1 jobs...
[Wed Apr 29 11:30:20 2026]
localrule synth_evaluate:
    input: results/synth/regime=easy/d=10/num_cycles=3/density=0.3/samp_size=500/seed=0/dataset.npz, results/synth/regime=easy/d=10/num_cycles=3/density=0.3/samp_size=500/seed=0/method=lacerda_prune/model.pkl
    output: results/synth/regime=easy/d=10/num_cycles=3/density=0.3/samp_size=500/seed=0/method=lacerda_prune/metrics.csv
    jobid: 374
    reason: Missing output files: results/synth/regime=easy/d=10/num_cycles=3/density=0.3/samp_size=500/seed=0/method=lacerda_prune/metrics.csv; Input files updated by another job: results/synth/regime=easy/d=10/num_cycles=3/density=0.3/samp_size=500/seed=0/method=lacerda_prune/model.pkl
    wildcards: regime=easy, d=10, num_cycles=3, density=0.3, samp_size=500, seed=0, method=lacerda_prune
    resources: tmpdir=/tmp
Select jobs to execute...
[Wed Apr 29 11:30:20 2026]
Finished jobid: 389 (Rule: synth_fit)
565 of 651 steps (87%) done
Execute 1 jobs...
[Wed Apr 29 11:30:20 2026]
localrule synth_fit:
    input: results/synth/regime=easy/d=10/num_cycles=5/density=0.5/samp_size=100/seed=2/dataset.npz
    output: results/synth/regime=easy/d=10/num_cycles=5/density=0.5/samp_size=100/seed=2/method=lacerda_prune/model.pkl
    jobid: 674
    reason: Missing output files: results/synth/regime=easy/d=10/num_cycles=5/density=0.5/samp_size=100/seed=2/method=lacerda_prune/model.pkl
    wildcards: regime=easy, d=10, num_cycles=5, density=0.5, samp_size=100, seed=2, method=lacerda_prune
    resources: tmpdir=/tmp
Select jobs to execute...
[Wed Apr 29 11:30:20 2026]
Finished jobid: 663 (Rule: synth_evaluate)
566 of 651 steps (87%) done
Execute 1 jobs...
[Wed Apr 29 11:30:20 2026]
localrule synth_evaluate:
    input: results/synth/regime=easy/d=10/num_cycles=5/density=0.3/samp_size=500/seed=0/dataset.npz, results/synth/regime=easy/d=10/num_cycles=5/density=0.3/samp_size=500/seed=0/method=lacerda_repare/model.pkl
    output: results/synth/regime=easy/d=10/num_cycles=5/density=0.3/samp_size=500/seed=0/method=lacerda_repare/metrics.csv
    jobid: 494
    reason: Missing output files: results/synth/regime=easy/d=10/num_cycles=5/density=0.3/samp_size=500/seed=0/method=lacerda_repare/metrics.csv; Input files updated by another job: results/synth/regime=easy/d=10/num_cycles=5/density=0.3/samp_size=500/seed=0/method=lacerda_repare/model.pkl
    wildcards: regime=easy, d=10, num_cycles=5, density=0.3, samp_size=500, seed=0, method=lacerda_repare
    resources: tmpdir=/tmp
Select jobs to execute...
[Wed Apr 29 11:30:21 2026]
Finished jobid: 162 (Rule: synth_fit)
567 of 651 steps (87%) done
Execute 1 jobs...
[Wed Apr 29 11:30:21 2026]
localrule synth_fit:
    input: results/synth/regime=easy/d=10/num_cycles=4/density=0.8/samp_size=500/seed=1/dataset.npz
    output: results/synth/regime=easy/d=10/num_cycles=4/density=0.8/samp_size=500/seed=1/method=lacerda_repare/model.pkl
    jobid: 220
    reason: Missing output files: results/synth/regime=easy/d=10/num_cycles=4/density=0.8/samp_size=500/seed=1/method=lacerda_repare/model.pkl
    wildcards: regime=easy, d=10, num_cycles=4, density=0.8, samp_size=500, seed=1, method=lacerda_repare
    resources: tmpdir=/tmp
Select jobs to execute...
[Wed Apr 29 11:30:21 2026]
Finished jobid: 7 (Rule: synth_evaluate)
568 of 651 steps (87%) done
Execute 1 jobs...
[Wed Apr 29 11:30:21 2026]
localrule synth_fit:
    input: results/synth/regime=easy/d=10/num_cycles=3/density=0.3/samp_size=500/seed=0/dataset.npz
    output: results/synth/regime=easy/d=10/num_cycles=3/density=0.3/samp_size=500/seed=0/method=lacerda_repare/model.pkl
    jobid: 447
    reason: Missing output files: results/synth/regime=easy/d=10/num_cycles=3/density=0.3/samp_size=500/seed=0/method=lacerda_repare/model.pkl
    wildcards: regime=easy, d=10, num_cycles=3, density=0.3, samp_size=500, seed=0, method=lacerda_repare
    resources: tmpdir=/tmp
Select jobs to execute...
[Wed Apr 29 11:30:21 2026]
Finished jobid: 721 (Rule: synth_evaluate)
569 of 651 steps (87%) done
Execute 1 jobs...
[Wed Apr 29 11:30:21 2026]
localrule synth_fit:
    input: results/synth/regime=easy/d=10/num_cycles=4/density=0.8/samp_size=100/seed=0/dataset.npz
    output: results/synth/regime=easy/d=10/num_cycles=4/density=0.8/samp_size=100/seed=0/method=lacerda_repare/model.pkl
    jobid: 212
    reason: Missing output files: results/synth/regime=easy/d=10/num_cycles=4/density=0.8/samp_size=100/seed=0/method=lacerda_repare/model.pkl
    wildcards: regime=easy, d=10, num_cycles=4, density=0.8, samp_size=100, seed=0, method=lacerda_repare
    resources: tmpdir=/tmp
Select jobs to execute...
[Wed Apr 29 11:30:21 2026]
Finished jobid: 374 (Rule: synth_evaluate)
570 of 651 steps (88%) done
Execute 1 jobs...
[Wed Apr 29 11:30:21 2026]
localrule synth_fit:
    input: results/synth/regime=easy/d=10/num_cycles=5/density=0.8/samp_size=1000/seed=0/dataset.npz
    output: results/synth/regime=easy/d=10/num_cycles=5/density=0.8/samp_size=1000/seed=0/method=lacerda/model.pkl
    jobid: 102
    reason: Code has changed since last execution
    wildcards: regime=easy, d=10, num_cycles=5, density=0.8, samp_size=1000, seed=0, method=lacerda
    resources: tmpdir=/tmp
Select jobs to execute...
[Wed Apr 29 11:30:21 2026]
Finished jobid: 494 (Rule: synth_evaluate)
571 of 651 steps (88%) done
Execute 1 jobs...
[Wed Apr 29 11:30:21 2026]
localrule synth_fit:
    input: results/synth/regime=easy/d=10/num_cycles=5/density=0.3/samp_size=100/seed=0/dataset.npz
    output: results/synth/regime=easy/d=10/num_cycles=5/density=0.3/samp_size=100/seed=0/method=lacerda/model.pkl
    jobid: 337
    reason: Code has changed since last execution
    wildcards: regime=easy, d=10, num_cycles=5, density=0.3, samp_size=100, seed=0, method=lacerda
    resources: tmpdir=/tmp
Select jobs to execute...
[Wed Apr 29 11:30:21 2026]
Finished jobid: 674 (Rule: synth_fit)
572 of 651 steps (88%) done
Execute 1 jobs...
[Wed Apr 29 11:30:21 2026]
localrule synth_fit:
    input: results/synth/regime=easy/d=10/num_cycles=3/density=0.8/samp_size=100/seed=0/dataset.npz
    output: results/synth/regime=easy/d=10/num_cycles=3/density=0.8/samp_size=100/seed=0/method=lacerda/model.pkl
    jobid: 12
    reason: Code has changed since last execution
    wildcards: regime=easy, d=10, num_cycles=3, density=0.8, samp_size=100, seed=0, method=lacerda
    resources: tmpdir=/tmp
Select jobs to execute...
[Wed Apr 29 11:30:21 2026]
Finished jobid: 447 (Rule: synth_fit)
573 of 651 steps (88%) done
Execute 1 jobs...
[Wed Apr 29 11:30:21 2026]
localrule synth_fit:
    input: results/synth/regime=easy/d=10/num_cycles=4/density=0.5/samp_size=500/seed=2/dataset.npz
    output: results/synth/regime=easy/d=10/num_cycles=4/density=0.5/samp_size=500/seed=2/method=lacerda/model.pkl
    jobid: 569
    reason: Code has changed since last execution
    wildcards: regime=easy, d=10, num_cycles=4, density=0.5, samp_size=500, seed=2, method=lacerda
    resources: tmpdir=/tmp
Select jobs to execute...
[Wed Apr 29 11:30:21 2026]
Finished jobid: 102 (Rule: synth_fit)
574 of 651 steps (88%) done
Execute 1 jobs...
[Wed Apr 29 11:30:21 2026]
localrule synth_evaluate:
    input: results/synth/regime=easy/d=10/num_cycles=5/density=0.8/samp_size=1000/seed=0/dataset.npz, results/synth/regime=easy/d=10/num_cycles=5/density=0.8/samp_size=1000/seed=0/method=lacerda/model.pkl
    output: results/synth/regime=easy/d=10/num_cycles=5/density=0.8/samp_size=1000/seed=0/method=lacerda/metrics.csv
    jobid: 100
    reason: Input files updated by another job: results/synth/regime=easy/d=10/num_cycles=5/density=0.8/samp_size=1000/seed=0/method=lacerda/model.pkl
    wildcards: regime=easy, d=10, num_cycles=5, density=0.8, samp_size=1000, seed=0, method=lacerda
    resources: tmpdir=/tmp
Select jobs to execute...
[Wed Apr 29 11:30:21 2026]
Finished jobid: 212 (Rule: synth_fit)
575 of 651 steps (88%) done
Execute 1 jobs...
[Wed Apr 29 11:30:22 2026]
localrule synth_evaluate:
    input: results/synth/regime=easy/d=10/num_cycles=5/density=0.5/samp_size=500/seed=0/dataset.npz, results/synth/regime=easy/d=10/num_cycles=5/density=0.5/samp_size=500/seed=0/method=lacerda/model.pkl
    output: results/synth/regime=easy/d=10/num_cycles=5/density=0.5/samp_size=500/seed=0/method=lacerda/metrics.csv
    jobid: 597
    reason: Input files updated by another job: results/synth/regime=easy/d=10/num_cycles=5/density=0.5/samp_size=500/seed=0/method=lacerda/model.pkl
    wildcards: regime=easy, d=10, num_cycles=5, density=0.5, samp_size=500, seed=0, method=lacerda
    resources: tmpdir=/tmp
Select jobs to execute...
[Wed Apr 29 11:30:22 2026]
Finished jobid: 493 (Rule: synth_fit)
576 of 651 steps (88%) done
Execute 1 jobs...
[Wed Apr 29 11:30:22 2026]
localrule synth_evaluate:
    input: results/synth/regime=easy/d=10/num_cycles=4/density=0.8/samp_size=500/seed=1/dataset.npz, results/synth/regime=easy/d=10/num_cycles=4/density=0.8/samp_size=500/seed=1/method=lacerda_prune/model.pkl
    output: results/synth/regime=easy/d=10/num_cycles=4/density=0.8/samp_size=500/seed=1/method=lacerda_prune/metrics.csv
    jobid: 147
    reason: Missing output files: results/synth/regime=easy/d=10/num_cycles=4/density=0.8/samp_size=500/seed=1/method=lacerda_prune/metrics.csv; Input files updated by another job: results/synth/regime=easy/d=10/num_cycles=4/density=0.8/samp_size=500/seed=1/method=lacerda_prune/model.pkl
    wildcards: regime=easy, d=10, num_cycles=4, density=0.8, samp_size=500, seed=1, method=lacerda_prune
    resources: tmpdir=/tmp
[Wed Apr 29 11:30:22 2026]
Finished jobid: 337 (Rule: synth_fit)
577 of 651 steps (89%) done
Select jobs to execute...
Execute 1 jobs...
[Wed Apr 29 11:30:22 2026]
localrule synth_evaluate:
    input: results/synth/regime=easy/d=10/num_cycles=5/density=0.3/samp_size=100/seed=0/dataset.npz, results/synth/regime=easy/d=10/num_cycles=5/density=0.3/samp_size=100/seed=0/method=lacerda/model.pkl
    output: results/synth/regime=easy/d=10/num_cycles=5/density=0.3/samp_size=100/seed=0/method=lacerda/metrics.csv
    jobid: 335
    reason: Input files updated by another job: results/synth/regime=easy/d=10/num_cycles=5/density=0.3/samp_size=100/seed=0/method=lacerda/model.pkl
    wildcards: regime=easy, d=10, num_cycles=5, density=0.3, samp_size=100, seed=0, method=lacerda
    resources: tmpdir=/tmp
Select jobs to execute...
[Wed Apr 29 11:30:22 2026]
Finished jobid: 12 (Rule: synth_fit)
578 of 651 steps (89%) done
Execute 1 jobs...
[Wed Apr 29 11:30:22 2026]
localrule synth_evaluate:
    input: results/synth/regime=easy/d=10/num_cycles=4/density=0.8/samp_size=500/seed=2/dataset.npz, results/synth/regime=easy/d=10/num_cycles=4/density=0.8/samp_size=500/seed=2/method=lacerda_prune/model.pkl
    output: results/synth/regime=easy/d=10/num_cycles=4/density=0.8/samp_size=500/seed=2/method=lacerda_prune/metrics.csv
    jobid: 149
    reason: Missing output files: results/synth/regime=easy/d=10/num_cycles=4/density=0.8/samp_size=500/seed=2/method=lacerda_prune/metrics.csv; Input files updated by another job: results/synth/regime=easy/d=10/num_cycles=4/density=0.8/samp_size=500/seed=2/method=lacerda_prune/model.pkl
    wildcards: regime=easy, d=10, num_cycles=4, density=0.8, samp_size=500, seed=2, method=lacerda_prune
    resources: tmpdir=/tmp
Select jobs to execute...
[Wed Apr 29 11:30:22 2026]
Finished jobid: 569 (Rule: synth_fit)
579 of 651 steps (89%) done
Execute 1 jobs...
[Wed Apr 29 11:30:22 2026]
localrule synth_evaluate:
    input: results/synth/regime=easy/d=10/num_cycles=4/density=0.3/samp_size=50/seed=1/dataset.npz, results/synth/regime=easy/d=10/num_cycles=4/density=0.3/samp_size=50/seed=1/method=lacerda_prune/model.pkl
    output: results/synth/regime=easy/d=10/num_cycles=4/density=0.3/samp_size=50/seed=1/method=lacerda_prune/metrics.csv
    jobid: 388
    reason: Missing output files: results/synth/regime=easy/d=10/num_cycles=4/density=0.3/samp_size=50/seed=1/method=lacerda_prune/metrics.csv; Input files updated by another job: results/synth/regime=easy/d=10/num_cycles=4/density=0.3/samp_size=50/seed=1/method=lacerda_prune/model.pkl
    wildcards: regime=easy, d=10, num_cycles=4, density=0.3, samp_size=50, seed=1, method=lacerda_prune
    resources: tmpdir=/tmp
Select jobs to execute...
[Wed Apr 29 11:30:22 2026]
Finished jobid: 100 (Rule: synth_evaluate)
580 of 651 steps (89%) done
Execute 1 jobs...
[Wed Apr 29 11:30:22 2026]
localrule synth_evaluate:
    input: results/synth/regime=easy/d=10/num_cycles=5/density=0.8/samp_size=50/seed=2/dataset.npz, results/synth/regime=easy/d=10/num_cycles=5/density=0.8/samp_size=50/seed=2/method=lacerda_prune/model.pkl
    output: results/synth/regime=easy/d=10/num_cycles=5/density=0.8/samp_size=50/seed=2/method=lacerda_prune/metrics.csv
    jobid: 161
    reason: Missing output files: results/synth/regime=easy/d=10/num_cycles=5/density=0.8/samp_size=50/seed=2/method=lacerda_prune/metrics.csv; Input files updated by another job: results/synth/regime=easy/d=10/num_cycles=5/density=0.8/samp_size=50/seed=2/method=lacerda_prune/model.pkl
    wildcards: regime=easy, d=10, num_cycles=5, density=0.8, samp_size=50, seed=2, method=lacerda_prune
    resources: tmpdir=/tmp
Select jobs to execute...
[Wed Apr 29 11:30:22 2026]
Finished jobid: 597 (Rule: synth_evaluate)
581 of 651 steps (89%) done
Execute 1 jobs...
[Wed Apr 29 11:30:22 2026]
localrule synth_fit:
    input: results/synth/regime=easy/d=10/num_cycles=3/density=0.3/samp_size=500/seed=1/dataset.npz
    output: results/synth/regime=easy/d=10/num_cycles=3/density=0.3/samp_size=500/seed=1/method=lacerda_repare/model.pkl
    jobid: 449
    reason: Missing output files: results/synth/regime=easy/d=10/num_cycles=3/density=0.3/samp_size=500/seed=1/method=lacerda_repare/model.pkl
    wildcards: regime=easy, d=10, num_cycles=3, density=0.3, samp_size=500, seed=1, method=lacerda_repare
    resources: tmpdir=/tmp
Select jobs to execute...
[Wed Apr 29 11:30:23 2026]
Finished jobid: 335 (Rule: synth_evaluate)
582 of 651 steps (89%) done
Execute 1 jobs...
[Wed Apr 29 11:30:23 2026]
localrule synth_evaluate:
    input: results/synth/regime=easy/d=10/num_cycles=5/density=0.5/samp_size=500/seed=0/dataset.npz, results/synth/regime=easy/d=10/num_cycles=5/density=0.5/samp_size=500/seed=0/method=lacerda_prune/model.pkl
    output: results/synth/regime=easy/d=10/num_cycles=5/density=0.5/samp_size=500/seed=0/method=lacerda_prune/metrics.csv
    jobid: 675
    reason: Missing output files: results/synth/regime=easy/d=10/num_cycles=5/density=0.5/samp_size=500/seed=0/method=lacerda_prune/metrics.csv; Input files updated by another job: results/synth/regime=easy/d=10/num_cycles=5/density=0.5/samp_size=500/seed=0/method=lacerda_prune/model.pkl
    wildcards: regime=easy, d=10, num_cycles=5, density=0.5, samp_size=500, seed=0, method=lacerda_prune
    resources: tmpdir=/tmp
Select jobs to execute...
[Wed Apr 29 11:30:23 2026]
Finished jobid: 660 (Rule: synth_fit)
583 of 651 steps (90%) done
Execute 1 jobs...
[Wed Apr 29 11:30:23 2026]
localrule synth_evaluate:
    input: results/synth/regime=easy/d=10/num_cycles=5/density=0.3/samp_size=100/seed=2/dataset.npz, results/synth/regime=easy/d=10/num_cycles=5/density=0.3/samp_size=100/seed=2/method=lacerda_repare/model.pkl
    output: results/synth/regime=easy/d=10/num_cycles=5/density=0.3/samp_size=100/seed=2/method=lacerda_repare/metrics.csv
    jobid: 492
    reason: Missing output files: results/synth/regime=easy/d=10/num_cycles=5/density=0.3/samp_size=100/seed=2/method=lacerda_repare/metrics.csv; Input files updated by another job: results/synth/regime=easy/d=10/num_cycles=5/density=0.3/samp_size=100/seed=2/method=lacerda_repare/model.pkl
    wildcards: regime=easy, d=10, num_cycles=5, density=0.3, samp_size=100, seed=2, method=lacerda_repare
    resources: tmpdir=/tmp
[Wed Apr 29 11:30:23 2026]
Finished jobid: 147 (Rule: synth_evaluate)
584 of 651 steps (90%) done
Select jobs to execute...
Execute 1 jobs...
[Wed Apr 29 11:30:23 2026]
localrule synth_fit:
    input: results/synth/regime=easy/d=10/num_cycles=4/density=0.8/samp_size=500/seed=2/dataset.npz
    output: results/synth/regime=easy/d=10/num_cycles=4/density=0.8/samp_size=500/seed=2/method=lacerda_repare/model.pkl
    jobid: 222
    reason: Missing output files: results/synth/regime=easy/d=10/num_cycles=4/density=0.8/samp_size=500/seed=2/method=lacerda_repare/model.pkl
    wildcards: regime=easy, d=10, num_cycles=4, density=0.8, samp_size=500, seed=2, method=lacerda_repare
    resources: tmpdir=/tmp
Select jobs to execute...
[Wed Apr 29 11:30:23 2026]
Finished jobid: 220 (Rule: synth_fit)
585 of 651 steps (90%) done
Execute 1 jobs...
[Wed Apr 29 11:30:23 2026]
localrule synth_evaluate:
    input: results/synth/regime=easy/d=10/num_cycles=4/density=0.5/samp_size=1000/seed=1/dataset.npz, results/synth/regime=easy/d=10/num_cycles=4/density=0.5/samp_size=1000/seed=1/method=lacerda_prune/model.pkl
    output: results/synth/regime=easy/d=10/num_cycles=4/density=0.5/samp_size=1000/seed=1/method=lacerda_prune/metrics.csv
    jobid: 659
    reason: Missing output files: results/synth/regime=easy/d=10/num_cycles=4/density=0.5/samp_size=1000/seed=1/method=lacerda_prune/metrics.csv; Input files updated by another job: results/synth/regime=easy/d=10/num_cycles=4/density=0.5/samp_size=1000/seed=1/method=lacerda_prune/model.pkl
    wildcards: regime=easy, d=10, num_cycles=4, density=0.5, samp_size=1000, seed=1, method=lacerda_prune
    resources: tmpdir=/tmp
Select jobs to execute...
[Wed Apr 29 11:30:23 2026]
Finished jobid: 149 (Rule: synth_evaluate)
586 of 651 steps (90%) done
[Wed Apr 29 11:30:23 2026]
Finished jobid: 388 (Rule: synth_evaluate)
587 of 651 steps (90%) done
Execute 2 jobs...
[Wed Apr 29 11:30:23 2026]
localrule synth_evaluate:
    input: results/synth/regime=easy/d=10/num_cycles=4/density=0.5/samp_size=100/seed=2/dataset.npz, results/synth/regime=easy/d=10/num_cycles=4/density=0.5/samp_size=100/seed=2/method=lacerda_prune/model.pkl
    output: results/synth/regime=easy/d=10/num_cycles=4/density=0.5/samp_size=100/seed=2/method=lacerda_prune/metrics.csv
    jobid: 649
    reason: Missing output files: results/synth/regime=easy/d=10/num_cycles=4/density=0.5/samp_size=100/seed=2/method=lacerda_prune/metrics.csv; Input files updated by another job: results/synth/regime=easy/d=10/num_cycles=4/density=0.5/samp_size=100/seed=2/method=lacerda_prune/model.pkl
    wildcards: regime=easy, d=10, num_cycles=4, density=0.5, samp_size=100, seed=2, method=lacerda_prune
    resources: tmpdir=/tmp
[Wed Apr 29 11:30:23 2026]
localrule synth_evaluate:
    input: results/synth/regime=easy/d=10/num_cycles=3/density=0.8/samp_size=500/seed=2/dataset.npz, results/synth/regime=easy/d=10/num_cycles=3/density=0.8/samp_size=500/seed=2/method=lacerda_repare/model.pkl
    output: results/synth/regime=easy/d=10/num_cycles=3/density=0.8/samp_size=500/seed=2/method=lacerda_repare/metrics.csv
    jobid: 197
    reason: Missing output files: results/synth/regime=easy/d=10/num_cycles=3/density=0.8/samp_size=500/seed=2/method=lacerda_repare/metrics.csv; Input files updated by another job: results/synth/regime=easy/d=10/num_cycles=3/density=0.8/samp_size=500/seed=2/method=lacerda_repare/model.pkl
    wildcards: regime=easy, d=10, num_cycles=3, density=0.8, samp_size=500, seed=2, method=lacerda_repare
    resources: tmpdir=/tmp
Select jobs to execute...
[Wed Apr 29 11:30:23 2026]
Finished jobid: 161 (Rule: synth_evaluate)
588 of 651 steps (90%) done
Execute 1 jobs...
[Wed Apr 29 11:30:23 2026]
localrule synth_evaluate:
    input: results/synth/regime=easy/d=10/num_cycles=5/density=0.8/samp_size=50/seed=0/dataset.npz, results/synth/regime=easy/d=10/num_cycles=5/density=0.8/samp_size=50/seed=0/method=lacerda/model.pkl
    output: results/synth/regime=easy/d=10/num_cycles=5/density=0.8/samp_size=50/seed=0/method=lacerda/metrics.csv
    jobid: 73
    reason: Input files updated by another job: results/synth/regime=easy/d=10/num_cycles=5/density=0.8/samp_size=50/seed=0/method=lacerda/model.pkl
    wildcards: regime=easy, d=10, num_cycles=5, density=0.8, samp_size=50, seed=0, method=lacerda
    resources: tmpdir=/tmp
Select jobs to execute...
[Wed Apr 29 11:30:23 2026]
Finished jobid: 675 (Rule: synth_evaluate)
589 of 651 steps (90%) done
Execute 1 jobs...
[Wed Apr 29 11:30:23 2026]
localrule synth_evaluate:
    input: results/synth/regime=easy/d=10/num_cycles=4/density=0.3/samp_size=1000/seed=0/dataset.npz, results/synth/regime=easy/d=10/num_cycles=4/density=0.3/samp_size=1000/seed=0/method=lacerda/model.pkl
    output: results/synth/regime=easy/d=10/num_cycles=4/density=0.3/samp_size=1000/seed=0/method=lacerda/metrics.csv
    jobid: 317
    reason: Input files updated by another job: results/synth/regime=easy/d=10/num_cycles=4/density=0.3/samp_size=1000/seed=0/method=lacerda/model.pkl
    wildcards: regime=easy, d=10, num_cycles=4, density=0.3, samp_size=1000, seed=0, method=lacerda
    resources: tmpdir=/tmp
Select jobs to execute...
[Wed Apr 29 11:30:23 2026]
Finished jobid: 492 (Rule: synth_evaluate)
590 of 651 steps (91%) done
Execute 1 jobs...
[Wed Apr 29 11:30:23 2026]
localrule synth_evaluate:
    input: results/synth/regime=easy/d=10/num_cycles=5/density=0.3/samp_size=50/seed=2/dataset.npz, results/synth/regime=easy/d=10/num_cycles=5/density=0.3/samp_size=50/seed=2/method=lacerda/model.pkl
    output: results/synth/regime=easy/d=10/num_cycles=5/density=0.3/samp_size=50/seed=2/method=lacerda/metrics.csv
    jobid: 332
    reason: Input files updated by another job: results/synth/regime=easy/d=10/num_cycles=5/density=0.3/samp_size=50/seed=2/method=lacerda/model.pkl
    wildcards: regime=easy, d=10, num_cycles=5, density=0.3, samp_size=50, seed=2, method=lacerda
    resources: tmpdir=/tmp
Select jobs to execute...
[Wed Apr 29 11:30:23 2026]
Finished jobid: 659 (Rule: synth_evaluate)
591 of 651 steps (91%) done
Execute 1 jobs...
[Wed Apr 29 11:30:23 2026]
localrule synth_evaluate:
    input: results/synth/regime=easy/d=10/num_cycles=3/density=0.8/samp_size=100/seed=0/dataset.npz, results/synth/regime=easy/d=10/num_cycles=3/density=0.8/samp_size=100/seed=0/method=lacerda/model.pkl
    output: results/synth/regime=easy/d=10/num_cycles=3/density=0.8/samp_size=100/seed=0/method=lacerda/metrics.csv
    jobid: 10
    reason: Input files updated by another job: results/synth/regime=easy/d=10/num_cycles=3/density=0.8/samp_size=100/seed=0/method=lacerda/model.pkl
    wildcards: regime=easy, d=10, num_cycles=3, density=0.8, samp_size=100, seed=0, method=lacerda
    resources: tmpdir=/tmp
Select jobs to execute...
[Wed Apr 29 11:30:23 2026]
Finished jobid: 649 (Rule: synth_evaluate)
592 of 651 steps (91%) done
Execute 1 jobs...
[Wed Apr 29 11:30:23 2026]
localrule synth_evaluate:
    input: results/synth/regime=easy/d=10/num_cycles=3/density=0.3/samp_size=500/seed=0/dataset.npz, results/synth/regime=easy/d=10/num_cycles=3/density=0.3/samp_size=500/seed=0/method=lacerda_repare/model.pkl
    output: results/synth/regime=easy/d=10/num_cycles=3/density=0.3/samp_size=500/seed=0/method=lacerda_repare/metrics.csv
    jobid: 446
    reason: Missing output files: results/synth/regime=easy/d=10/num_cycles=3/density=0.3/samp_size=500/seed=0/method=lacerda_repare/metrics.csv; Input files updated by another job: results/synth/regime=easy/d=10/num_cycles=3/density=0.3/samp_size=500/seed=0/method=lacerda_repare/model.pkl
    wildcards: regime=easy, d=10, num_cycles=3, density=0.3, samp_size=500, seed=0, method=lacerda_repare
    resources: tmpdir=/tmp
[Wed Apr 29 11:30:23 2026]
Finished jobid: 197 (Rule: synth_evaluate)
593 of 651 steps (91%) done
Select jobs to execute...
Execute 1 jobs...
[Wed Apr 29 11:30:23 2026]
localrule synth_evaluate:
    input: results/synth/regime=easy/d=10/num_cycles=4/density=0.8/samp_size=50/seed=1/dataset.npz, results/synth/regime=easy/d=10/num_cycles=4/density=0.8/samp_size=50/seed=1/method=lacerda_prune/model.pkl
    output: results/synth/regime=easy/d=10/num_cycles=4/density=0.8/samp_size=50/seed=1/method=lacerda_prune/metrics.csv
    jobid: 135
    reason: Missing output files: results/synth/regime=easy/d=10/num_cycles=4/density=0.8/samp_size=50/seed=1/method=lacerda_prune/metrics.csv; Input files updated by another job: results/synth/regime=easy/d=10/num_cycles=4/density=0.8/samp_size=50/seed=1/method=lacerda_prune/model.pkl
    wildcards: regime=easy, d=10, num_cycles=4, density=0.8, samp_size=50, seed=1, method=lacerda_prune
    resources: tmpdir=/tmp
Select jobs to execute...
[Wed Apr 29 11:30:23 2026]
Finished jobid: 73 (Rule: synth_evaluate)
594 of 651 steps (91%) done
Execute 1 jobs...
[Wed Apr 29 11:30:23 2026]
localrule synth_evaluate:
    input: results/synth/regime=easy/d=10/num_cycles=4/density=0.3/samp_size=50/seed=0/dataset.npz, results/synth/regime=easy/d=10/num_cycles=4/density=0.3/samp_size=50/seed=0/method=lacerda_prune/model.pkl
    output: results/synth/regime=easy/d=10/num_cycles=4/density=0.3/samp_size=50/seed=0/method=lacerda_prune/metrics.csv
    jobid: 386
    reason: Missing output files: results/synth/regime=easy/d=10/num_cycles=4/density=0.3/samp_size=50/seed=0/method=lacerda_prune/metrics.csv; Input files updated by another job: results/synth/regime=easy/d=10/num_cycles=4/density=0.3/samp_size=50/seed=0/method=lacerda_prune/model.pkl
    wildcards: regime=easy, d=10, num_cycles=4, density=0.3, samp_size=50, seed=0, method=lacerda_prune
    resources: tmpdir=/tmp
Select jobs to execute...
[Wed Apr 29 11:30:24 2026]
Finished jobid: 317 (Rule: synth_evaluate)
595 of 651 steps (91%) done
Execute 1 jobs...
[Wed Apr 29 11:30:24 2026]
localrule synth_evaluate:
    input: results/synth/regime=easy/d=10/num_cycles=4/density=0.5/samp_size=1000/seed=2/dataset.npz, results/synth/regime=easy/d=10/num_cycles=4/density=0.5/samp_size=1000/seed=2/method=lacerda/model.pkl
    output: results/synth/regime=easy/d=10/num_cycles=4/density=0.5/samp_size=1000/seed=2/method=lacerda/metrics.csv
    jobid: 576
    reason: Input files updated by another job: results/synth/regime=easy/d=10/num_cycles=4/density=0.5/samp_size=1000/seed=2/method=lacerda/model.pkl
    wildcards: regime=easy, d=10, num_cycles=4, density=0.5, samp_size=1000, seed=2, method=lacerda
    resources: tmpdir=/tmp
Select jobs to execute...
[Wed Apr 29 11:30:24 2026]
Finished jobid: 332 (Rule: synth_evaluate)
596 of 651 steps (92%) done
Execute 1 jobs...
[Wed Apr 29 11:30:24 2026]
localrule synth_evaluate:
    input: results/synth/regime=easy/d=10/num_cycles=4/density=0.5/samp_size=500/seed=2/dataset.npz, results/synth/regime=easy/d=10/num_cycles=4/density=0.5/samp_size=500/seed=2/method=lacerda/model.pkl
    output: results/synth/regime=easy/d=10/num_cycles=4/density=0.5/samp_size=500/seed=2/method=lacerda/metrics.csv
    jobid: 567
    reason: Input files updated by another job: results/synth/regime=easy/d=10/num_cycles=4/density=0.5/samp_size=500/seed=2/method=lacerda/model.pkl
    wildcards: regime=easy, d=10, num_cycles=4, density=0.5, samp_size=500, seed=2, method=lacerda
    resources: tmpdir=/tmp
Select jobs to execute...
[Wed Apr 29 11:30:24 2026]
Finished jobid: 222 (Rule: synth_fit)
597 of 651 steps (92%) done
Execute 1 jobs...
[Wed Apr 29 11:30:24 2026]
localrule synth_evaluate:
    input: results/synth/regime=easy/d=10/num_cycles=4/density=0.8/samp_size=500/seed=2/dataset.npz, results/synth/regime=easy/d=10/num_cycles=4/density=0.8/samp_size=500/seed=2/method=lacerda_repare/model.pkl
    output: results/synth/regime=easy/d=10/num_cycles=4/density=0.8/samp_size=500/seed=2/method=lacerda_repare/metrics.csv
    jobid: 221
    reason: Missing output files: results/synth/regime=easy/d=10/num_cycles=4/density=0.8/samp_size=500/seed=2/method=lacerda_repare/metrics.csv; Input files updated by another job: results/synth/regime=easy/d=10/num_cycles=4/density=0.8/samp_size=500/seed=2/method=lacerda_repare/model.pkl
    wildcards: regime=easy, d=10, num_cycles=4, density=0.8, samp_size=500, seed=2, method=lacerda_repare
    resources: tmpdir=/tmp
[Wed Apr 29 11:30:24 2026]
Finished jobid: 449 (Rule: synth_fit)
598 of 651 steps (92%) done
Select jobs to execute...
Execute 1 jobs...
[Wed Apr 29 11:30:24 2026]
localrule synth_evaluate:
    input: results/synth/regime=easy/d=10/num_cycles=3/density=0.3/samp_size=500/seed=1/dataset.npz, results/synth/regime=easy/d=10/num_cycles=3/density=0.3/samp_size=500/seed=1/method=lacerda_repare/model.pkl
    output: results/synth/regime=easy/d=10/num_cycles=3/density=0.3/samp_size=500/seed=1/method=lacerda_repare/metrics.csv
    jobid: 448
    reason: Missing output files: results/synth/regime=easy/d=10/num_cycles=3/density=0.3/samp_size=500/seed=1/method=lacerda_repare/metrics.csv; Input files updated by another job: results/synth/regime=easy/d=10/num_cycles=3/density=0.3/samp_size=500/seed=1/method=lacerda_repare/model.pkl
    wildcards: regime=easy, d=10, num_cycles=3, density=0.3, samp_size=500, seed=1, method=lacerda_repare
    resources: tmpdir=/tmp
Select jobs to execute...
[Wed Apr 29 11:30:24 2026]
Finished jobid: 10 (Rule: synth_evaluate)
599 of 651 steps (92%) done
Execute 1 jobs...
[Wed Apr 29 11:30:24 2026]
localrule synth_fit:
    input: results/synth/regime=easy/d=10/num_cycles=4/density=0.5/samp_size=100/seed=2/dataset.npz
    output: results/synth/regime=easy/d=10/num_cycles=4/density=0.5/samp_size=100/seed=2/method=lacerda/model.pkl
    jobid: 560
    reason: Code has changed since last execution
    wildcards: regime=easy, d=10, num_cycles=4, density=0.5, samp_size=100, seed=2, method=lacerda
    resources: tmpdir=/tmp
Select jobs to execute...
[Wed Apr 29 11:30:24 2026]
Finished jobid: 446 (Rule: synth_evaluate)
600 of 651 steps (92%) done
Execute 1 jobs...
[Wed Apr 29 11:30:24 2026]
localrule synth_evaluate:
    input: results/synth/regime=easy/d=10/num_cycles=4/density=0.8/samp_size=500/seed=1/dataset.npz, results/synth/regime=easy/d=10/num_cycles=4/density=0.8/samp_size=500/seed=1/method=lacerda_repare/model.pkl
    output: results/synth/regime=easy/d=10/num_cycles=4/density=0.8/samp_size=500/seed=1/method=lacerda_repare/metrics.csv
    jobid: 219
    reason: Missing output files: results/synth/regime=easy/d=10/num_cycles=4/density=0.8/samp_size=500/seed=1/method=lacerda_repare/metrics.csv; Input files updated by another job: results/synth/regime=easy/d=10/num_cycles=4/density=0.8/samp_size=500/seed=1/method=lacerda_repare/model.pkl
    wildcards: regime=easy, d=10, num_cycles=4, density=0.8, samp_size=500, seed=1, method=lacerda_repare
    resources: tmpdir=/tmp
Select jobs to execute...
[Wed Apr 29 11:30:24 2026]
Finished jobid: 135 (Rule: synth_evaluate)
601 of 651 steps (92%) done
Execute 1 jobs...
[Wed Apr 29 11:30:24 2026]
localrule synth_evaluate:
    input: results/synth/regime=easy/d=10/num_cycles=5/density=0.3/samp_size=50/seed=0/dataset.npz, results/synth/regime=easy/d=10/num_cycles=5/density=0.3/samp_size=50/seed=0/method=lacerda_repare/model.pkl
    output: results/synth/regime=easy/d=10/num_cycles=5/density=0.3/samp_size=50/seed=0/method=lacerda_repare/metrics.csv
    jobid: 482
    reason: Missing output files: results/synth/regime=easy/d=10/num_cycles=5/density=0.3/samp_size=50/seed=0/method=lacerda_repare/metrics.csv; Input files updated by another job: results/synth/regime=easy/d=10/num_cycles=5/density=0.3/samp_size=50/seed=0/method=lacerda_repare/model.pkl
    wildcards: regime=easy, d=10, num_cycles=5, density=0.3, samp_size=50, seed=0, method=lacerda_repare
    resources: tmpdir=/tmp
[Wed Apr 29 11:30:24 2026]
Finished jobid: 386 (Rule: synth_evaluate)
602 of 651 steps (92%) done
Select jobs to execute...
Execute 1 jobs...
[Wed Apr 29 11:30:24 2026]
localrule synth_evaluate:
    input: results/synth/regime=easy/d=10/num_cycles=5/density=0.5/samp_size=100/seed=2/dataset.npz, results/synth/regime=easy/d=10/num_cycles=5/density=0.5/samp_size=100/seed=2/method=lacerda_prune/model.pkl
    output: results/synth/regime=easy/d=10/num_cycles=5/density=0.5/samp_size=100/seed=2/method=lacerda_prune/metrics.csv
    jobid: 673
    reason: Missing output files: results/synth/regime=easy/d=10/num_cycles=5/density=0.5/samp_size=100/seed=2/method=lacerda_prune/metrics.csv; Input files updated by another job: results/synth/regime=easy/d=10/num_cycles=5/density=0.5/samp_size=100/seed=2/method=lacerda_prune/model.pkl
    wildcards: regime=easy, d=10, num_cycles=5, density=0.5, samp_size=100, seed=2, method=lacerda_prune
    resources: tmpdir=/tmp
Select jobs to execute...
[Wed Apr 29 11:30:24 2026]
Finished jobid: 576 (Rule: synth_evaluate)
603 of 651 steps (93%) done
Execute 1 jobs...
[Wed Apr 29 11:30:24 2026]
localrule synth_evaluate:
    input: results/synth/regime=easy/d=10/num_cycles=5/density=0.8/samp_size=100/seed=0/dataset.npz, results/synth/regime=easy/d=10/num_cycles=5/density=0.8/samp_size=100/seed=0/method=lacerda/model.pkl
    output: results/synth/regime=easy/d=10/num_cycles=5/density=0.8/samp_size=100/seed=0/method=lacerda/metrics.csv
    jobid: 82
    reason: Input files updated by another job: results/synth/regime=easy/d=10/num_cycles=5/density=0.8/samp_size=100/seed=0/method=lacerda/model.pkl
    wildcards: regime=easy, d=10, num_cycles=5, density=0.8, samp_size=100, seed=0, method=lacerda
    resources: tmpdir=/tmp
Select jobs to execute...
[Wed Apr 29 11:30:24 2026]
Finished jobid: 567 (Rule: synth_evaluate)
604 of 651 steps (93%) done
Execute 1 jobs...
[Wed Apr 29 11:30:24 2026]
localrule synth_evaluate:
    input: results/synth/regime=easy/d=10/num_cycles=4/density=0.8/samp_size=50/seed=2/dataset.npz, results/synth/regime=easy/d=10/num_cycles=4/density=0.8/samp_size=50/seed=2/method=lacerda/model.pkl
    output: results/synth/regime=easy/d=10/num_cycles=4/density=0.8/samp_size=50/seed=2/method=lacerda/metrics.csv
    jobid: 43
    reason: Input files updated by another job: results/synth/regime=easy/d=10/num_cycles=4/density=0.8/samp_size=50/seed=2/method=lacerda/model.pkl
    wildcards: regime=easy, d=10, num_cycles=4, density=0.8, samp_size=50, seed=2, method=lacerda
    resources: tmpdir=/tmp
Select jobs to execute...
[Wed Apr 29 11:30:24 2026]
Finished jobid: 221 (Rule: synth_evaluate)
605 of 651 steps (93%) done
Execute 1 jobs...
[Wed Apr 29 11:30:24 2026]
localrule synth_evaluate:
    input: results/synth/regime=easy/d=10/num_cycles=3/density=0.8/samp_size=50/seed=2/dataset.npz, results/synth/regime=easy/d=10/num_cycles=3/density=0.8/samp_size=50/seed=2/method=lacerda_repare/model.pkl
    output: results/synth/regime=easy/d=10/num_cycles=3/density=0.8/samp_size=50/seed=2/method=lacerda_repare/metrics.csv
    jobid: 185
    reason: Missing output files: results/synth/regime=easy/d=10/num_cycles=3/density=0.8/samp_size=50/seed=2/method=lacerda_repare/metrics.csv; Input files updated by another job: results/synth/regime=easy/d=10/num_cycles=3/density=0.8/samp_size=50/seed=2/method=lacerda_repare/model.pkl
    wildcards: regime=easy, d=10, num_cycles=3, density=0.8, samp_size=50, seed=2, method=lacerda_repare
    resources: tmpdir=/tmp
Select jobs to execute...
[Wed Apr 29 11:30:24 2026]
Finished jobid: 448 (Rule: synth_evaluate)
606 of 651 steps (93%) done
Execute 1 jobs...
[Wed Apr 29 11:30:24 2026]
localrule synth_evaluate:
    input: results/synth/regime=easy/d=10/num_cycles=5/density=0.5/samp_size=100/seed=0/dataset.npz, results/synth/regime=easy/d=10/num_cycles=5/density=0.5/samp_size=100/seed=0/method=lacerda_prune/model.pkl
    output: results/synth/regime=easy/d=10/num_cycles=5/density=0.5/samp_size=100/seed=0/method=lacerda_prune/metrics.csv
    jobid: 669
    reason: Missing output files: results/synth/regime=easy/d=10/num_cycles=5/density=0.5/samp_size=100/seed=0/method=lacerda_prune/metrics.csv; Input files updated by another job: results/synth/regime=easy/d=10/num_cycles=5/density=0.5/samp_size=100/seed=0/method=lacerda_prune/model.pkl
    wildcards: regime=easy, d=10, num_cycles=5, density=0.5, samp_size=100, seed=0, method=lacerda_prune
    resources: tmpdir=/tmp
Select jobs to execute...
[Wed Apr 29 11:30:25 2026]
Finished jobid: 219 (Rule: synth_evaluate)
607 of 651 steps (93%) done
Execute 1 jobs...
[Wed Apr 29 11:30:25 2026]
localrule synth_evaluate:
    input: results/synth/regime=easy/d=10/num_cycles=4/density=0.8/samp_size=100/seed=2/dataset.npz, results/synth/regime=easy/d=10/num_cycles=4/density=0.8/samp_size=100/seed=2/method=lacerda_repare/model.pkl
    output: results/synth/regime=easy/d=10/num_cycles=4/density=0.8/samp_size=100/seed=2/method=lacerda_repare/metrics.csv
    jobid: 215
    reason: Missing output files: results/synth/regime=easy/d=10/num_cycles=4/density=0.8/samp_size=100/seed=2/method=lacerda_repare/metrics.csv; Input files updated by another job: results/synth/regime=easy/d=10/num_cycles=4/density=0.8/samp_size=100/seed=2/method=lacerda_repare/model.pkl
    wildcards: regime=easy, d=10, num_cycles=4, density=0.8, samp_size=100, seed=2, method=lacerda_repare
    resources: tmpdir=/tmp
[Wed Apr 29 11:30:25 2026]
Finished jobid: 482 (Rule: synth_evaluate)
608 of 651 steps (93%) done
Select jobs to execute...
Execute 1 jobs...
[Wed Apr 29 11:30:25 2026]
localrule synth_evaluate:
    input: results/synth/regime=easy/d=10/num_cycles=3/density=0.3/samp_size=100/seed=1/dataset.npz, results/synth/regime=easy/d=10/num_cycles=3/density=0.3/samp_size=100/seed=1/method=lacerda_repare/model.pkl
    output: results/synth/regime=easy/d=10/num_cycles=3/density=0.3/samp_size=100/seed=1/method=lacerda_repare/metrics.csv
    jobid: 442
    reason: Missing output files: results/synth/regime=easy/d=10/num_cycles=3/density=0.3/samp_size=100/seed=1/method=lacerda_repare/metrics.csv; Input files updated by another job: results/synth/regime=easy/d=10/num_cycles=3/density=0.3/samp_size=100/seed=1/method=lacerda_repare/model.pkl
    wildcards: regime=easy, d=10, num_cycles=3, density=0.3, samp_size=100, seed=1, method=lacerda_repare
    resources: tmpdir=/tmp
[Wed Apr 29 11:30:25 2026]
Finished jobid: 673 (Rule: synth_evaluate)
609 of 651 steps (94%) done
Select jobs to execute...
Execute 1 jobs...
[Wed Apr 29 11:30:25 2026]
localrule synth_evaluate:
    input: results/synth/regime=easy/d=10/num_cycles=5/density=0.5/samp_size=1000/seed=0/dataset.npz, results/synth/regime=easy/d=10/num_cycles=5/density=0.5/samp_size=1000/seed=0/method=lacerda/model.pkl
    output: results/synth/regime=easy/d=10/num_cycles=5/density=0.5/samp_size=1000/seed=0/method=lacerda/metrics.csv
    jobid: 606
    reason: Input files updated by another job: results/synth/regime=easy/d=10/num_cycles=5/density=0.5/samp_size=1000/seed=0/method=lacerda/model.pkl
    wildcards: regime=easy, d=10, num_cycles=5, density=0.5, samp_size=1000, seed=0, method=lacerda
    resources: tmpdir=/tmp
Select jobs to execute...
[Wed Apr 29 11:30:25 2026]
Finished jobid: 82 (Rule: synth_evaluate)
610 of 651 steps (94%) done
Execute 1 jobs...
[Wed Apr 29 11:30:25 2026]
localrule synth_evaluate:
    input: results/synth/regime=easy/d=10/num_cycles=5/density=0.3/samp_size=1000/seed=1/dataset.npz, results/synth/regime=easy/d=10/num_cycles=5/density=0.3/samp_size=1000/seed=1/method=lacerda_repare/model.pkl
    output: results/synth/regime=easy/d=10/num_cycles=5/density=0.3/samp_size=1000/seed=1/method=lacerda_repare/metrics.csv
    jobid: 502
    reason: Missing output files: results/synth/regime=easy/d=10/num_cycles=5/density=0.3/samp_size=1000/seed=1/method=lacerda_repare/metrics.csv; Input files updated by another job: results/synth/regime=easy/d=10/num_cycles=5/density=0.3/samp_size=1000/seed=1/method=lacerda_repare/model.pkl
    wildcards: regime=easy, d=10, num_cycles=5, density=0.3, samp_size=1000, seed=1, method=lacerda_repare
    resources: tmpdir=/tmp
Select jobs to execute...
[Wed Apr 29 11:30:25 2026]
Finished jobid: 43 (Rule: synth_evaluate)
611 of 651 steps (94%) done
Execute 1 jobs...
[Wed Apr 29 11:30:25 2026]
localrule synth_evaluate:
    input: results/synth/regime=easy/d=10/num_cycles=4/density=0.5/samp_size=500/seed=0/dataset.npz, results/synth/regime=easy/d=10/num_cycles=4/density=0.5/samp_size=500/seed=0/method=lacerda/model.pkl
    output: results/synth/regime=easy/d=10/num_cycles=4/density=0.5/samp_size=500/seed=0/method=lacerda/metrics.csv
    jobid: 561
    reason: Input files updated by another job: results/synth/regime=easy/d=10/num_cycles=4/density=0.5/samp_size=500/seed=0/method=lacerda/model.pkl
    wildcards: regime=easy, d=10, num_cycles=4, density=0.5, samp_size=500, seed=0, method=lacerda
    resources: tmpdir=/tmp
Select jobs to execute...
[Wed Apr 29 11:30:25 2026]
Finished jobid: 185 (Rule: synth_evaluate)
612 of 651 steps (94%) done
Execute 1 jobs...
[Wed Apr 29 11:30:25 2026]
localrule synth_evaluate:
    input: results/synth/regime=easy/d=10/num_cycles=5/density=0.3/samp_size=50/seed=0/dataset.npz, results/synth/regime=easy/d=10/num_cycles=5/density=0.3/samp_size=50/seed=0/method=lacerda/model.pkl
    output: results/synth/regime=easy/d=10/num_cycles=5/density=0.3/samp_size=50/seed=0/method=lacerda/metrics.csv
    jobid: 326
    reason: Input files updated by another job: results/synth/regime=easy/d=10/num_cycles=5/density=0.3/samp_size=50/seed=0/method=lacerda/model.pkl
    wildcards: regime=easy, d=10, num_cycles=5, density=0.3, samp_size=50, seed=0, method=lacerda
    resources: tmpdir=/tmp
Select jobs to execute...
[Wed Apr 29 11:30:25 2026]
Finished jobid: 669 (Rule: synth_evaluate)
613 of 651 steps (94%) done
Execute 1 jobs...
[Wed Apr 29 11:30:25 2026]
localrule synth_evaluate:
    input: results/synth/regime=easy/d=10/num_cycles=4/density=0.8/samp_size=1000/seed=1/dataset.npz, results/synth/regime=easy/d=10/num_cycles=4/density=0.8/samp_size=1000/seed=1/method=lacerda/model.pkl
    output: results/synth/regime=easy/d=10/num_cycles=4/density=0.8/samp_size=1000/seed=1/method=lacerda/metrics.csv
    jobid: 67
    reason: Input files updated by another job: results/synth/regime=easy/d=10/num_cycles=4/density=0.8/samp_size=1000/seed=1/method=lacerda/model.pkl
    wildcards: regime=easy, d=10, num_cycles=4, density=0.8, samp_size=1000, seed=1, method=lacerda
    resources: tmpdir=/tmp
[Wed Apr 29 11:30:25 2026]
Finished jobid: 560 (Rule: synth_fit)
614 of 651 steps (94%) done
Select jobs to execute...
Execute 1 jobs...
[Wed Apr 29 11:30:25 2026]
localrule synth_evaluate:
    input: results/synth/regime=easy/d=10/num_cycles=3/density=0.8/samp_size=1000/seed=1/dataset.npz, results/synth/regime=easy/d=10/num_cycles=3/density=0.8/samp_size=1000/seed=1/method=lacerda_repare/model.pkl
    output: results/synth/regime=easy/d=10/num_cycles=3/density=0.8/samp_size=1000/seed=1/method=lacerda_repare/metrics.csv
    jobid: 201
    reason: Missing output files: results/synth/regime=easy/d=10/num_cycles=3/density=0.8/samp_size=1000/seed=1/method=lacerda_repare/metrics.csv; Input files updated by another job: results/synth/regime=easy/d=10/num_cycles=3/density=0.8/samp_size=1000/seed=1/method=lacerda_repare/model.pkl
    wildcards: regime=easy, d=10, num_cycles=3, density=0.8, samp_size=1000, seed=1, method=lacerda_repare
    resources: tmpdir=/tmp
Select jobs to execute...
[Wed Apr 29 11:30:25 2026]
Finished jobid: 606 (Rule: synth_evaluate)
615 of 651 steps (94%) done
Execute 1 jobs...
[Wed Apr 29 11:30:25 2026]
localrule synth_fit:
    input: results/synth/regime=easy/d=10/num_cycles=5/density=0.3/samp_size=50/seed=1/dataset.npz
    output: results/synth/regime=easy/d=10/num_cycles=5/density=0.3/samp_size=50/seed=1/method=lacerda/model.pkl
    jobid: 331
    reason: Code has changed since last execution
    wildcards: regime=easy, d=10, num_cycles=5, density=0.3, samp_size=50, seed=1, method=lacerda
    resources: tmpdir=/tmp
Select jobs to execute...
[Wed Apr 29 11:30:25 2026]
Finished jobid: 442 (Rule: synth_evaluate)
616 of 651 steps (95%) done
Execute 1 jobs...
[Wed Apr 29 11:30:25 2026]
localrule synth_evaluate:
    input: results/synth/regime=easy/d=10/num_cycles=5/density=0.5/samp_size=50/seed=2/dataset.npz, results/synth/regime=easy/d=10/num_cycles=5/density=0.5/samp_size=50/seed=2/method=lacerda/model.pkl
    output: results/synth/regime=easy/d=10/num_cycles=5/density=0.5/samp_size=50/seed=2/method=lacerda/metrics.csv
    jobid: 585
    reason: Input files updated by another job: results/synth/regime=easy/d=10/num_cycles=5/density=0.5/samp_size=50/seed=2/method=lacerda/model.pkl
    wildcards: regime=easy, d=10, num_cycles=5, density=0.5, samp_size=50, seed=2, method=lacerda
    resources: tmpdir=/tmp
[Wed Apr 29 11:30:25 2026]
Finished jobid: 215 (Rule: synth_evaluate)
617 of 651 steps (95%) done
Select jobs to execute...
Execute 1 jobs...
[Wed Apr 29 11:30:25 2026]
localrule synth_evaluate:
    input: results/synth/regime=easy/d=10/num_cycles=3/density=0.3/samp_size=50/seed=2/dataset.npz, results/synth/regime=easy/d=10/num_cycles=3/density=0.3/samp_size=50/seed=2/method=lacerda_prune/model.pkl
    output: results/synth/regime=easy/d=10/num_cycles=3/density=0.3/samp_size=50/seed=2/method=lacerda_prune/metrics.csv
    jobid: 366
    reason: Missing output files: results/synth/regime=easy/d=10/num_cycles=3/density=0.3/samp_size=50/seed=2/method=lacerda_prune/metrics.csv; Input files updated by another job: results/synth/regime=easy/d=10/num_cycles=3/density=0.3/samp_size=50/seed=2/method=lacerda_prune/model.pkl
    wildcards: regime=easy, d=10, num_cycles=3, density=0.3, samp_size=50, seed=2, method=lacerda_prune
    resources: tmpdir=/tmp
Select jobs to execute...
[Wed Apr 29 11:30:25 2026]
Finished jobid: 561 (Rule: synth_evaluate)
618 of 651 steps (95%) done
Execute 1 jobs...
[Wed Apr 29 11:30:25 2026]
localrule synth_evaluate:
    input: results/synth/regime=easy/d=10/num_cycles=5/density=0.8/samp_size=500/seed=0/dataset.npz, results/synth/regime=easy/d=10/num_cycles=5/density=0.8/samp_size=500/seed=0/method=lacerda/model.pkl
    output: results/synth/regime=easy/d=10/num_cycles=5/density=0.8/samp_size=500/seed=0/method=lacerda/metrics.csv
    jobid: 91
    reason: Input files updated by another job: results/synth/regime=easy/d=10/num_cycles=5/density=0.8/samp_size=500/seed=0/method=lacerda/model.pkl
    wildcards: regime=easy, d=10, num_cycles=5, density=0.8, samp_size=500, seed=0, method=lacerda
    resources: tmpdir=/tmp
[Wed Apr 29 11:30:25 2026]
Finished jobid: 502 (Rule: synth_evaluate)
619 of 651 steps (95%) done
Select jobs to execute...
Execute 1 jobs...
[Wed Apr 29 11:30:25 2026]
localrule synth_evaluate:
    input: results/synth/regime=easy/d=10/num_cycles=4/density=0.8/samp_size=100/seed=0/dataset.npz, results/synth/regime=easy/d=10/num_cycles=4/density=0.8/samp_size=100/seed=0/method=lacerda_repare/model.pkl
    output: results/synth/regime=easy/d=10/num_cycles=4/density=0.8/samp_size=100/seed=0/method=lacerda_repare/metrics.csv
    jobid: 211
    reason: Missing output files: results/synth/regime=easy/d=10/num_cycles=4/density=0.8/samp_size=100/seed=0/method=lacerda_repare/metrics.csv; Input files updated by another job: results/synth/regime=easy/d=10/num_cycles=4/density=0.8/samp_size=100/seed=0/method=lacerda_repare/model.pkl
    wildcards: regime=easy, d=10, num_cycles=4, density=0.8, samp_size=100, seed=0, method=lacerda_repare
    resources: tmpdir=/tmp
Select jobs to execute...
[Wed Apr 29 11:30:26 2026]
Finished jobid: 67 (Rule: synth_evaluate)
620 of 651 steps (95%) done
Execute 1 jobs...
[Wed Apr 29 11:30:26 2026]
localrule synth_evaluate:
    input: results/synth/regime=easy/d=10/num_cycles=5/density=0.3/samp_size=1000/seed=1/dataset.npz, results/synth/regime=easy/d=10/num_cycles=5/density=0.3/samp_size=1000/seed=1/method=lacerda_prune/model.pkl
    output: results/synth/regime=easy/d=10/num_cycles=5/density=0.3/samp_size=1000/seed=1/method=lacerda_prune/metrics.csv
    jobid: 430
    reason: Missing output files: results/synth/regime=easy/d=10/num_cycles=5/density=0.3/samp_size=1000/seed=1/method=lacerda_prune/metrics.csv; Input files updated by another job: results/synth/regime=easy/d=10/num_cycles=5/density=0.3/samp_size=1000/seed=1/method=lacerda_prune/model.pkl
    wildcards: regime=easy, d=10, num_cycles=5, density=0.3, samp_size=1000, seed=1, method=lacerda_prune
    resources: tmpdir=/tmp
[Wed Apr 29 11:30:26 2026]
Finished jobid: 201 (Rule: synth_evaluate)
621 of 651 steps (95%) done
[Wed Apr 29 11:30:26 2026]
Finished jobid: 326 (Rule: synth_evaluate)
622 of 651 steps (96%) done
Select jobs to execute...
Execute 2 jobs...
[Wed Apr 29 11:30:26 2026]
localrule synth_evaluate:
    input: results/synth/regime=easy/d=10/num_cycles=5/density=0.5/samp_size=50/seed=1/dataset.npz, results/synth/regime=easy/d=10/num_cycles=5/density=0.5/samp_size=50/seed=1/method=lacerda_prune/model.pkl
    output: results/synth/regime=easy/d=10/num_cycles=5/density=0.5/samp_size=50/seed=1/method=lacerda_prune/metrics.csv
    jobid: 665
    reason: Missing output files: results/synth/regime=easy/d=10/num_cycles=5/density=0.5/samp_size=50/seed=1/method=lacerda_prune/metrics.csv; Input files updated by another job: results/synth/regime=easy/d=10/num_cycles=5/density=0.5/samp_size=50/seed=1/method=lacerda_prune/model.pkl
    wildcards: regime=easy, d=10, num_cycles=5, density=0.5, samp_size=50, seed=1, method=lacerda_prune
    resources: tmpdir=/tmp
[Wed Apr 29 11:30:26 2026]
localrule synth_evaluate:
    input: results/synth/regime=easy/d=10/num_cycles=5/density=0.8/samp_size=100/seed=2/dataset.npz, results/synth/regime=easy/d=10/num_cycles=5/density=0.8/samp_size=100/seed=2/method=lacerda/model.pkl
    output: results/synth/regime=easy/d=10/num_cycles=5/density=0.8/samp_size=100/seed=2/method=lacerda/metrics.csv
    jobid: 88
    reason: Input files updated by another job: results/synth/regime=easy/d=10/num_cycles=5/density=0.8/samp_size=100/seed=2/method=lacerda/model.pkl
    wildcards: regime=easy, d=10, num_cycles=5, density=0.8, samp_size=100, seed=2, method=lacerda
    resources: tmpdir=/tmp
Select jobs to execute...
[Wed Apr 29 11:30:26 2026]
Finished jobid: 366 (Rule: synth_evaluate)
623 of 651 steps (96%) done
Execute 1 jobs...
[Wed Apr 29 11:30:26 2026]
localrule synth_evaluate:
    input: results/synth/regime=easy/d=10/num_cycles=5/density=0.3/samp_size=1000/seed=2/dataset.npz, results/synth/regime=easy/d=10/num_cycles=5/density=0.3/samp_size=1000/seed=2/method=lacerda_repare/model.pkl
    output: results/synth/regime=easy/d=10/num_cycles=5/density=0.3/samp_size=1000/seed=2/method=lacerda_repare/metrics.csv
    jobid: 504
    reason: Missing output files: results/synth/regime=easy/d=10/num_cycles=5/density=0.3/samp_size=1000/seed=2/method=lacerda_repare/metrics.csv; Input files updated by another job: results/synth/regime=easy/d=10/num_cycles=5/density=0.3/samp_size=1000/seed=2/method=lacerda_repare/model.pkl
    wildcards: regime=easy, d=10, num_cycles=5, density=0.3, samp_size=1000, seed=2, method=lacerda_repare
    resources: tmpdir=/tmp
Select jobs to execute...
[Wed Apr 29 11:30:26 2026]
Finished jobid: 585 (Rule: synth_evaluate)
624 of 651 steps (96%) done
Execute 1 jobs...
[Wed Apr 29 11:30:26 2026]
localrule synth_evaluate:
    input: results/synth/regime=easy/d=10/num_cycles=3/density=0.3/samp_size=100/seed=0/dataset.npz, results/synth/regime=easy/d=10/num_cycles=3/density=0.3/samp_size=100/seed=0/method=lacerda_repare/model.pkl
    output: results/synth/regime=easy/d=10/num_cycles=3/density=0.3/samp_size=100/seed=0/method=lacerda_repare/metrics.csv
    jobid: 440
    reason: Missing output files: results/synth/regime=easy/d=10/num_cycles=3/density=0.3/samp_size=100/seed=0/method=lacerda_repare/metrics.csv; Input files updated by another job: results/synth/regime=easy/d=10/num_cycles=3/density=0.3/samp_size=100/seed=0/method=lacerda_repare/model.pkl
    wildcards: regime=easy, d=10, num_cycles=3, density=0.3, samp_size=100, seed=0, method=lacerda_repare
    resources: tmpdir=/tmp
Select jobs to execute...
[Wed Apr 29 11:30:26 2026]
Finished jobid: 331 (Rule: synth_fit)
625 of 651 steps (96%) done
Execute 1 jobs...
[Wed Apr 29 11:30:26 2026]
localrule synth_evaluate:
    input: results/synth/regime=easy/d=10/num_cycles=3/density=0.3/samp_size=100/seed=2/dataset.npz, results/synth/regime=easy/d=10/num_cycles=3/density=0.3/samp_size=100/seed=2/method=lacerda_repare/model.pkl
    output: results/synth/regime=easy/d=10/num_cycles=3/density=0.3/samp_size=100/seed=2/method=lacerda_repare/metrics.csv
    jobid: 444
    reason: Missing output files: results/synth/regime=easy/d=10/num_cycles=3/density=0.3/samp_size=100/seed=2/method=lacerda_repare/metrics.csv; Input files updated by another job: results/synth/regime=easy/d=10/num_cycles=3/density=0.3/samp_size=100/seed=2/method=lacerda_repare/model.pkl
    wildcards: regime=easy, d=10, num_cycles=3, density=0.3, samp_size=100, seed=2, method=lacerda_repare
    resources: tmpdir=/tmp
Select jobs to execute...
[Wed Apr 29 11:30:26 2026]
Finished jobid: 91 (Rule: synth_evaluate)
626 of 651 steps (96%) done
Execute 1 jobs...
[Wed Apr 29 11:30:26 2026]
localrule synth_evaluate:
    input: results/synth/regime=easy/d=10/num_cycles=4/density=0.5/samp_size=100/seed=2/dataset.npz, results/synth/regime=easy/d=10/num_cycles=4/density=0.5/samp_size=100/seed=2/method=lacerda/model.pkl
    output: results/synth/regime=easy/d=10/num_cycles=4/density=0.5/samp_size=100/seed=2/method=lacerda/metrics.csv
    jobid: 558
    reason: Input files updated by another job: results/synth/regime=easy/d=10/num_cycles=4/density=0.5/samp_size=100/seed=2/method=lacerda/model.pkl
    wildcards: regime=easy, d=10, num_cycles=4, density=0.5, samp_size=100, seed=2, method=lacerda
    resources: tmpdir=/tmp
Select jobs to execute...
[Wed Apr 29 11:30:26 2026]
Finished jobid: 211 (Rule: synth_evaluate)
627 of 651 steps (96%) done
Execute 1 jobs...
[Wed Apr 29 11:30:26 2026]
localrule synth_evaluate:
    input: results/synth/regime=easy/d=10/num_cycles=5/density=0.3/samp_size=50/seed=1/dataset.npz, results/synth/regime=easy/d=10/num_cycles=5/density=0.3/samp_size=50/seed=1/method=lacerda/model.pkl
    output: results/synth/regime=easy/d=10/num_cycles=5/density=0.3/samp_size=50/seed=1/method=lacerda/metrics.csv
    jobid: 329
    reason: Input files updated by another job: results/synth/regime=easy/d=10/num_cycles=5/density=0.3/samp_size=50/seed=1/method=lacerda/model.pkl
    wildcards: regime=easy, d=10, num_cycles=5, density=0.3, samp_size=50, seed=1, method=lacerda
    resources: tmpdir=/tmp
Select jobs to execute...
[Wed Apr 29 11:30:26 2026]
Finished jobid: 430 (Rule: synth_evaluate)
628 of 651 steps (96%) done
Execute 1 jobs...
[Wed Apr 29 11:30:26 2026]
localrule synth_fit:
    input: results/synth/regime=easy/d=10/num_cycles=3/density=0.8/samp_size=50/seed=1/dataset.npz
    output: results/synth/regime=easy/d=10/num_cycles=3/density=0.8/samp_size=50/seed=1/method=lacerda/model.pkl
    jobid: 6
    reason: Code has changed since last execution
    wildcards: regime=easy, d=10, num_cycles=3, density=0.8, samp_size=50, seed=1, method=lacerda
    resources: tmpdir=/tmp
[Wed Apr 29 11:30:26 2026]
Finished jobid: 88 (Rule: synth_evaluate)
629 of 651 steps (97%) done
Select jobs to execute...
Execute 1 jobs...
[Wed Apr 29 11:30:26 2026]
localrule synth_fit:
    input: results/synth/regime=easy/d=10/num_cycles=3/density=0.3/samp_size=50/seed=2/dataset.npz
    output: results/synth/regime=easy/d=10/num_cycles=3/density=0.3/samp_size=50/seed=2/method=lacerda_repare/model.pkl
    jobid: 439
    reason: Missing output files: results/synth/regime=easy/d=10/num_cycles=3/density=0.3/samp_size=50/seed=2/method=lacerda_repare/model.pkl
    wildcards: regime=easy, d=10, num_cycles=3, density=0.3, samp_size=50, seed=2, method=lacerda_repare
    resources: tmpdir=/tmp
[Wed Apr 29 11:30:26 2026]
Finished jobid: 665 (Rule: synth_evaluate)
630 of 651 steps (97%) done
Select jobs to execute...
Execute 1 jobs...
[Wed Apr 29 11:30:26 2026]
localrule synth_evaluate:
    input: results/synth/regime=easy/d=10/num_cycles=5/density=0.5/samp_size=100/seed=1/dataset.npz, results/synth/regime=easy/d=10/num_cycles=5/density=0.5/samp_size=100/seed=1/method=lacerda_prune/model.pkl
    output: results/synth/regime=easy/d=10/num_cycles=5/density=0.5/samp_size=100/seed=1/method=lacerda_prune/metrics.csv
    jobid: 671
    reason: Missing output files: results/synth/regime=easy/d=10/num_cycles=5/density=0.5/samp_size=100/seed=1/method=lacerda_prune/metrics.csv; Input files updated by another job: results/synth/regime=easy/d=10/num_cycles=5/density=0.5/samp_size=100/seed=1/method=lacerda_prune/model.pkl
    wildcards: regime=easy, d=10, num_cycles=5, density=0.5, samp_size=100, seed=1, method=lacerda_prune
    resources: tmpdir=/tmp
Select jobs to execute...
[Wed Apr 29 11:30:26 2026]
Finished jobid: 504 (Rule: synth_evaluate)
631 of 651 steps (97%) done
Execute 1 jobs...
[Wed Apr 29 11:30:26 2026]
localrule synth_evaluate:
    input: results/synth/regime=easy/d=10/num_cycles=5/density=0.5/samp_size=500/seed=2/dataset.npz, results/synth/regime=easy/d=10/num_cycles=5/density=0.5/samp_size=500/seed=2/method=lacerda/model.pkl
    output: results/synth/regime=easy/d=10/num_cycles=5/density=0.5/samp_size=500/seed=2/method=lacerda/metrics.csv
    jobid: 603
    reason: Input files updated by another job: results/synth/regime=easy/d=10/num_cycles=5/density=0.5/samp_size=500/seed=2/method=lacerda/model.pkl
    wildcards: regime=easy, d=10, num_cycles=5, density=0.5, samp_size=500, seed=2, method=lacerda
    resources: tmpdir=/tmp
[Wed Apr 29 11:30:26 2026]
Finished jobid: 440 (Rule: synth_evaluate)
632 of 651 steps (97%) done
Select jobs to execute...
Execute 1 jobs...
[Wed Apr 29 11:30:26 2026]
localrule synth_evaluate:
    input: results/synth/regime=easy/d=10/num_cycles=4/density=0.8/samp_size=500/seed=0/dataset.npz, results/synth/regime=easy/d=10/num_cycles=4/density=0.8/samp_size=500/seed=0/method=lacerda_repare/model.pkl
    output: results/synth/regime=easy/d=10/num_cycles=4/density=0.8/samp_size=500/seed=0/method=lacerda_repare/metrics.csv
    jobid: 217
    reason: Missing output files: results/synth/regime=easy/d=10/num_cycles=4/density=0.8/samp_size=500/seed=0/method=lacerda_repare/metrics.csv; Input files updated by another job: results/synth/regime=easy/d=10/num_cycles=4/density=0.8/samp_size=500/seed=0/method=lacerda_repare/model.pkl
    wildcards: regime=easy, d=10, num_cycles=4, density=0.8, samp_size=500, seed=0, method=lacerda_repare
    resources: tmpdir=/tmp
Select jobs to execute...
[Wed Apr 29 11:30:26 2026]
Finished jobid: 444 (Rule: synth_evaluate)
633 of 651 steps (97%) done
Execute 1 jobs...
[Wed Apr 29 11:30:26 2026]
localrule synth_evaluate:
    input: results/synth/regime=easy/d=10/num_cycles=4/density=0.8/samp_size=100/seed=1/dataset.npz, results/synth/regime=easy/d=10/num_cycles=4/density=0.8/samp_size=100/seed=1/method=lacerda_repare/model.pkl
    output: results/synth/regime=easy/d=10/num_cycles=4/density=0.8/samp_size=100/seed=1/method=lacerda_repare/metrics.csv
    jobid: 213
    reason: Missing output files: results/synth/regime=easy/d=10/num_cycles=4/density=0.8/samp_size=100/seed=1/method=lacerda_repare/metrics.csv; Input files updated by another job: results/synth/regime=easy/d=10/num_cycles=4/density=0.8/samp_size=100/seed=1/method=lacerda_repare/model.pkl
    wildcards: regime=easy, d=10, num_cycles=4, density=0.8, samp_size=100, seed=1, method=lacerda_repare
    resources: tmpdir=/tmp
Select jobs to execute...
[Wed Apr 29 11:30:27 2026]
Finished jobid: 329 (Rule: synth_evaluate)
634 of 651 steps (97%) done
Execute 1 jobs...
[Wed Apr 29 11:30:27 2026]
localrule synth_evaluate:
    input: results/synth/regime=easy/d=10/num_cycles=5/density=0.5/samp_size=50/seed=2/dataset.npz, results/synth/regime=easy/d=10/num_cycles=5/density=0.5/samp_size=50/seed=2/method=lacerda_prune/model.pkl
    output: results/synth/regime=easy/d=10/num_cycles=5/density=0.5/samp_size=50/seed=2/method=lacerda_prune/metrics.csv
    jobid: 667
    reason: Missing output files: results/synth/regime=easy/d=10/num_cycles=5/density=0.5/samp_size=50/seed=2/method=lacerda_prune/metrics.csv; Input files updated by another job: results/synth/regime=easy/d=10/num_cycles=5/density=0.5/samp_size=50/seed=2/method=lacerda_prune/model.pkl
    wildcards: regime=easy, d=10, num_cycles=5, density=0.5, samp_size=50, seed=2, method=lacerda_prune
    resources: tmpdir=/tmp
Select jobs to execute...
[Wed Apr 29 11:30:27 2026]
Finished jobid: 558 (Rule: synth_evaluate)
635 of 651 steps (98%) done
Execute 1 jobs...
[Wed Apr 29 11:30:27 2026]
localrule synth_evaluate:
    input: results/synth/regime=easy/d=10/num_cycles=5/density=0.8/samp_size=500/seed=1/dataset.npz, results/synth/regime=easy/d=10/num_cycles=5/density=0.8/samp_size=500/seed=1/method=lacerda/model.pkl
    output: results/synth/regime=easy/d=10/num_cycles=5/density=0.8/samp_size=500/seed=1/method=lacerda/metrics.csv
    jobid: 94
    reason: Input files updated by another job: results/synth/regime=easy/d=10/num_cycles=5/density=0.8/samp_size=500/seed=1/method=lacerda/model.pkl
    wildcards: regime=easy, d=10, num_cycles=5, density=0.8, samp_size=500, seed=1, method=lacerda
    resources: tmpdir=/tmp
Select jobs to execute...
[Wed Apr 29 11:30:27 2026]
Finished jobid: 671 (Rule: synth_evaluate)
636 of 651 steps (98%) done
Execute 1 jobs...
[Wed Apr 29 11:30:27 2026]
localrule synth_evaluate:
    input: results/synth/regime=easy/d=10/num_cycles=4/density=0.5/samp_size=500/seed=0/dataset.npz, results/synth/regime=easy/d=10/num_cycles=4/density=0.5/samp_size=500/seed=0/method=lacerda_prune/model.pkl
    output: results/synth/regime=easy/d=10/num_cycles=4/density=0.5/samp_size=500/seed=0/method=lacerda_prune/metrics.csv
    jobid: 651
    reason: Missing output files: results/synth/regime=easy/d=10/num_cycles=4/density=0.5/samp_size=500/seed=0/method=lacerda_prune/metrics.csv; Input files updated by another job: results/synth/regime=easy/d=10/num_cycles=4/density=0.5/samp_size=500/seed=0/method=lacerda_prune/model.pkl
    wildcards: regime=easy, d=10, num_cycles=4, density=0.5, samp_size=500, seed=0, method=lacerda_prune
    resources: tmpdir=/tmp
Select jobs to execute...
[Wed Apr 29 11:30:27 2026]
Finished jobid: 6 (Rule: synth_fit)
637 of 651 steps (98%) done
Execute 1 jobs...
[Wed Apr 29 11:30:27 2026]
localrule synth_fit:
    input: results/synth/regime=easy/d=10/num_cycles=3/density=0.3/samp_size=50/seed=1/dataset.npz
    output: results/synth/regime=easy/d=10/num_cycles=3/density=0.3/samp_size=50/seed=1/method=lacerda_repare/model.pkl
    jobid: 437
    reason: Missing output files: results/synth/regime=easy/d=10/num_cycles=3/density=0.3/samp_size=50/seed=1/method=lacerda_repare/model.pkl
    wildcards: regime=easy, d=10, num_cycles=3, density=0.3, samp_size=50, seed=1, method=lacerda_repare
    resources: tmpdir=/tmp
Select jobs to execute...
[Wed Apr 29 11:30:27 2026]
Finished jobid: 439 (Rule: synth_fit)
638 of 651 steps (98%) done
Execute 1 jobs...
[Wed Apr 29 11:30:27 2026]
localrule synth_evaluate:
    input: results/synth/regime=easy/d=10/num_cycles=3/density=0.3/samp_size=50/seed=2/dataset.npz, results/synth/regime=easy/d=10/num_cycles=3/density=0.3/samp_size=50/seed=2/method=lacerda_repare/model.pkl
    output: results/synth/regime=easy/d=10/num_cycles=3/density=0.3/samp_size=50/seed=2/method=lacerda_repare/metrics.csv
    jobid: 438
    reason: Missing output files: results/synth/regime=easy/d=10/num_cycles=3/density=0.3/samp_size=50/seed=2/method=lacerda_repare/metrics.csv; Input files updated by another job: results/synth/regime=easy/d=10/num_cycles=3/density=0.3/samp_size=50/seed=2/method=lacerda_repare/model.pkl
    wildcards: regime=easy, d=10, num_cycles=3, density=0.3, samp_size=50, seed=2, method=lacerda_repare
    resources: tmpdir=/tmp
Select jobs to execute...
[Wed Apr 29 11:30:27 2026]
Finished jobid: 217 (Rule: synth_evaluate)
639 of 651 steps (98%) done
Execute 1 jobs...
[Wed Apr 29 11:30:27 2026]
localrule synth_evaluate:
    input: results/synth/regime=easy/d=10/num_cycles=3/density=0.8/samp_size=50/seed=1/dataset.npz, results/synth/regime=easy/d=10/num_cycles=3/density=0.8/samp_size=50/seed=1/method=lacerda/model.pkl
    output: results/synth/regime=easy/d=10/num_cycles=3/density=0.8/samp_size=50/seed=1/method=lacerda/metrics.csv
    jobid: 4
    reason: Input files updated by another job: results/synth/regime=easy/d=10/num_cycles=3/density=0.8/samp_size=50/seed=1/method=lacerda/model.pkl
    wildcards: regime=easy, d=10, num_cycles=3, density=0.8, samp_size=50, seed=1, method=lacerda
    resources: tmpdir=/tmp
[Wed Apr 29 11:30:27 2026]
Finished jobid: 603 (Rule: synth_evaluate)
640 of 651 steps (98%) done
[Wed Apr 29 11:30:27 2026]
Finished jobid: 213 (Rule: synth_evaluate)
641 of 651 steps (98%) done
[Wed Apr 29 11:30:27 2026]
Finished jobid: 667 (Rule: synth_evaluate)
642 of 651 steps (99%) done
[Wed Apr 29 11:30:27 2026]
Finished jobid: 94 (Rule: synth_evaluate)
643 of 651 steps (99%) done
[Wed Apr 29 11:30:27 2026]
Finished jobid: 651 (Rule: synth_evaluate)
644 of 651 steps (99%) done
Select jobs to execute...
Execute 1 jobs...
[Wed Apr 29 11:30:27 2026]
localrule synth_plot:
    input: results/synth/regime=easy/d=10/num_cycles=3/density=0.5/samp_size=50/seed=0/method=lacerda/metrics.csv, results/synth/regime=easy/d=10/num_cycles=3/density=0.5/samp_size=50/seed=1/method=lacerda/metrics.csv, results/synth/regime=easy/d=10/num_cycles=3/density=0.5/samp_size=50/seed=2/method=lacerda/metrics.csv, results/synth/regime=easy/d=10/num_cycles=3/density=0.5/samp_size=100/seed=0/method=lacerda/metrics.csv, results/synth/regime=easy/d=10/num_cycles=3/density=0.5/samp_size=100/seed=1/method=lacerda/metrics.csv, results/synth/regime=easy/d=10/num_cycles=3/density=0.5/samp_size=100/seed=2/method=lacerda/metrics.csv, results/synth/regime=easy/d=10/num_cycles=3/density=0.5/samp_size=500/seed=0/method=lacerda/metrics.csv, results/synth/regime=easy/d=10/num_cycles=3/density=0.5/samp_size=500/seed=1/method=lacerda/metrics.csv, results/synth/regime=easy/d=10/num_cycles=3/density=0.5/samp_size=500/seed=2/method=lacerda/metrics.csv, results/synth/regime=easy/d=10/num_cycles=3/density=0.5/samp_size=1000/seed=0/method=lacerda/metrics.csv, results/synth/regime=easy/d=10/num_cycles=3/density=0.5/samp_size=1000/seed=1/method=lacerda/metrics.csv, results/synth/regime=easy/d=10/num_cycles=3/density=0.5/samp_size=1000/seed=2/method=lacerda/metrics.csv, results/synth/regime=easy/d=10/num_cycles=4/density=0.5/samp_size=50/seed=0/method=lacerda/metrics.csv, results/synth/regime=easy/d=10/num_cycles=4/density=0.5/samp_size=50/seed=1/method=lacerda/metrics.csv, results/synth/regime=easy/d=10/num_cycles=4/density=0.5/samp_size=50/seed=2/method=lacerda/metrics.csv, results/synth/regime=easy/d=10/num_cycles=4/density=0.5/samp_size=100/seed=0/method=lacerda/metrics.csv, results/synth/regime=easy/d=10/num_cycles=4/density=0.5/samp_size=100/seed=1/method=lacerda/metrics.csv, results/synth/regime=easy/d=10/num_cycles=4/density=0.5/samp_size=100/seed=2/method=lacerda/metrics.csv, results/synth/regime=easy/d=10/num_cycles=4/density=0.5/samp_size=500/seed=0/method=lacerda/metrics.csv, results/synth/regime=easy/d=10/num_cycles=4/density=0.5/samp_size=500/seed=1/method=lacerda/metrics.csv, results/synth/regime=easy/d=10/num_cycles=4/density=0.5/samp_size=500/seed=2/method=lacerda/metrics.csv, results/synth/regime=easy/d=10/num_cycles=4/density=0.5/samp_size=1000/seed=0/method=lacerda/metrics.csv, results/synth/regime=easy/d=10/num_cycles=4/density=0.5/samp_size=1000/seed=1/method=lacerda/metrics.csv, results/synth/regime=easy/d=10/num_cycles=4/density=0.5/samp_size=1000/seed=2/method=lacerda/metrics.csv, results/synth/regime=easy/d=10/num_cycles=5/density=0.5/samp_size=50/seed=0/method=lacerda/metrics.csv, results/synth/regime=easy/d=10/num_cycles=5/density=0.5/samp_size=50/seed=1/method=lacerda/metrics.csv, results/synth/regime=easy/d=10/num_cycles=5/density=0.5/samp_size=50/seed=2/method=lacerda/metrics.csv, results/synth/regime=easy/d=10/num_cycles=5/density=0.5/samp_size=100/seed=0/method=lacerda/metrics.csv, results/synth/regime=easy/d=10/num_cycles=5/density=0.5/samp_size=100/seed=1/method=lacerda/metrics.csv, results/synth/regime=easy/d=10/num_cycles=5/density=0.5/samp_size=100/seed=2/method=lacerda/metrics.csv, results/synth/regime=easy/d=10/num_cycles=5/density=0.5/samp_size=500/seed=0/method=lacerda/metrics.csv, results/synth/regime=easy/d=10/num_cycles=5/density=0.5/samp_size=500/seed=1/method=lacerda/metrics.csv, results/synth/regime=easy/d=10/num_cycles=5/density=0.5/samp_size=500/seed=2/method=lacerda/metrics.csv, results/synth/regime=easy/d=10/num_cycles=5/density=0.5/samp_size=1000/seed=0/method=lacerda/metrics.csv, results/synth/regime=easy/d=10/num_cycles=5/density=0.5/samp_size=1000/seed=1/method=lacerda/metrics.csv, results/synth/regime=easy/d=10/num_cycles=5/density=0.5/samp_size=1000/seed=2/method=lacerda/metrics.csv, results/synth/regime=easy/d=10/num_cycles=3/density=0.5/samp_size=50/seed=0/method=lacerda_prune/metrics.csv, results/synth/regime=easy/d=10/num_cycles=3/density=0.5/samp_size=50/seed=1/method=lacerda_prune/metrics.csv, results/synth/regime=easy/d=10/num_cycles=3/density=0.5/samp_size=50/seed=2/method=lacerda_prune/metrics.csv, results/synth/regime=easy/d=10/num_cycles=3/density=0.5/samp_size=100/seed=0/method=lacerda_prune/metrics.csv, results/synth/regime=easy/d=10/num_cycles=3/density=0.5/samp_size=100/seed=1/method=lacerda_prune/metrics.csv, results/synth/regime=easy/d=10/num_cycles=3/density=0.5/samp_size=100/seed=2/method=lacerda_prune/metrics.csv, results/synth/regime=easy/d=10/num_cycles=3/density=0.5/samp_size=500/seed=0/method=lacerda_prune/metrics.csv, results/synth/regime=easy/d=10/num_cycles=3/density=0.5/samp_size=500/seed=1/method=lacerda_prune/metrics.csv, results/synth/regime=easy/d=10/num_cycles=3/density=0.5/samp_size=500/seed=2/method=lacerda_prune/metrics.csv, results/synth/regime=easy/d=10/num_cycles=3/density=0.5/samp_size=1000/seed=0/method=lacerda_prune/metrics.csv, results/synth/regime=easy/d=10/num_cycles=3/density=0.5/samp_size=1000/seed=1/method=lacerda_prune/metrics.csv, results/synth/regime=easy/d=10/num_cycles=3/density=0.5/samp_size=1000/seed=2/method=lacerda_prune/metrics.csv, results/synth/regime=easy/d=10/num_cycles=4/density=0.5/samp_size=50/seed=0/method=lacerda_prune/metrics.csv, results/synth/regime=easy/d=10/num_cycles=4/density=0.5/samp_size=50/seed=1/method=lacerda_prune/metrics.csv, results/synth/regime=easy/d=10/num_cycles=4/density=0.5/samp_size=50/seed=2/method=lacerda_prune/metrics.csv, results/synth/regime=easy/d=10/num_cycles=4/density=0.5/samp_size=100/seed=0/method=lacerda_prune/metrics.csv, results/synth/regime=easy/d=10/num_cycles=4/density=0.5/samp_size=100/seed=1/method=lacerda_prune/metrics.csv, results/synth/regime=easy/d=10/num_cycles=4/density=0.5/samp_size=100/seed=2/method=lacerda_prune/metrics.csv, results/synth/regime=easy/d=10/num_cycles=4/density=0.5/samp_size=500/seed=0/method=lacerda_prune/metrics.csv, results/synth/regime=easy/d=10/num_cycles=4/density=0.5/samp_size=500/seed=1/method=lacerda_prune/metrics.csv, results/synth/regime=easy/d=10/num_cycles=4/density=0.5/samp_size=500/seed=2/method=lacerda_prune/metrics.csv, results/synth/regime=easy/d=10/num_cycles=4/density=0.5/samp_size=1000/seed=0/method=lacerda_prune/metrics.csv, results/synth/regime=easy/d=10/num_cycles=4/density=0.5/samp_size=1000/seed=1/method=lacerda_prune/metrics.csv, results/synth/regime=easy/d=10/num_cycles=4/density=0.5/samp_size=1000/seed=2/method=lacerda_prune/metrics.csv, results/synth/regime=easy/d=10/num_cycles=5/density=0.5/samp_size=50/seed=0/method=lacerda_prune/metrics.csv, results/synth/regime=easy/d=10/num_cycles=5/density=0.5/samp_size=50/seed=1/method=lacerda_prune/metrics.csv, results/synth/regime=easy/d=10/num_cycles=5/density=0.5/samp_size=50/seed=2/method=lacerda_prune/metrics.csv, results/synth/regime=easy/d=10/num_cycles=5/density=0.5/samp_size=100/seed=0/method=lacerda_prune/metrics.csv, results/synth/regime=easy/d=10/num_cycles=5/density=0.5/samp_size=100/seed=1/method=lacerda_prune/metrics.csv, results/synth/regime=easy/d=10/num_cycles=5/density=0.5/samp_size=100/seed=2/method=lacerda_prune/metrics.csv, results/synth/regime=easy/d=10/num_cycles=5/density=0.5/samp_size=500/seed=0/method=lacerda_prune/metrics.csv, results/synth/regime=easy/d=10/num_cycles=5/density=0.5/samp_size=500/seed=1/method=lacerda_prune/metrics.csv, results/synth/regime=easy/d=10/num_cycles=5/density=0.5/samp_size=500/seed=2/method=lacerda_prune/metrics.csv, results/synth/regime=easy/d=10/num_cycles=5/density=0.5/samp_size=1000/seed=0/method=lacerda_prune/metrics.csv, results/synth/regime=easy/d=10/num_cycles=5/density=0.5/samp_size=1000/seed=1/method=lacerda_prune/metrics.csv, results/synth/regime=easy/d=10/num_cycles=5/density=0.5/samp_size=1000/seed=2/method=lacerda_prune/metrics.csv, results/synth/regime=easy/d=10/num_cycles=3/density=0.5/samp_size=50/seed=0/method=lacerda_repare/metrics.csv, results/synth/regime=easy/d=10/num_cycles=3/density=0.5/samp_size=50/seed=1/method=lacerda_repare/metrics.csv, results/synth/regime=easy/d=10/num_cycles=3/density=0.5/samp_size=50/seed=2/method=lacerda_repare/metrics.csv, results/synth/regime=easy/d=10/num_cycles=3/density=0.5/samp_size=100/seed=0/method=lacerda_repare/metrics.csv, results/synth/regime=easy/d=10/num_cycles=3/density=0.5/samp_size=100/seed=1/method=lacerda_repare/metrics.csv, results/synth/regime=easy/d=10/num_cycles=3/density=0.5/samp_size=100/seed=2/method=lacerda_repare/metrics.csv, results/synth/regime=easy/d=10/num_cycles=3/density=0.5/samp_size=500/seed=0/method=lacerda_repare/metrics.csv, results/synth/regime=easy/d=10/num_cycles=3/density=0.5/samp_size=500/seed=1/method=lacerda_repare/metrics.csv, results/synth/regime=easy/d=10/num_cycles=3/density=0.5/samp_size=500/seed=2/method=lacerda_repare/metrics.csv, results/synth/regime=easy/d=10/num_cycles=3/density=0.5/samp_size=1000/seed=0/method=lacerda_repare/metrics.csv, results/synth/regime=easy/d=10/num_cycles=3/density=0.5/samp_size=1000/seed=1/method=lacerda_repare/metrics.csv, results/synth/regime=easy/d=10/num_cycles=3/density=0.5/samp_size=1000/seed=2/method=lacerda_repare/metrics.csv, results/synth/regime=easy/d=10/num_cycles=4/density=0.5/samp_size=50/seed=0/method=lacerda_repare/metrics.csv, results/synth/regime=easy/d=10/num_cycles=4/density=0.5/samp_size=50/seed=1/method=lacerda_repare/metrics.csv, results/synth/regime=easy/d=10/num_cycles=4/density=0.5/samp_size=50/seed=2/method=lacerda_repare/metrics.csv, results/synth/regime=easy/d=10/num_cycles=4/density=0.5/samp_size=100/seed=0/method=lacerda_repare/metrics.csv, results/synth/regime=easy/d=10/num_cycles=4/density=0.5/samp_size=100/seed=1/method=lacerda_repare/metrics.csv, results/synth/regime=easy/d=10/num_cycles=4/density=0.5/samp_size=100/seed=2/method=lacerda_repare/metrics.csv, results/synth/regime=easy/d=10/num_cycles=4/density=0.5/samp_size=500/seed=0/method=lacerda_repare/metrics.csv, results/synth/regime=easy/d=10/num_cycles=4/density=0.5/samp_size=500/seed=1/method=lacerda_repare/metrics.csv, results/synth/regime=easy/d=10/num_cycles=4/density=0.5/samp_size=500/seed=2/method=lacerda_repare/metrics.csv, results/synth/regime=easy/d=10/num_cycles=4/density=0.5/samp_size=1000/seed=0/method=lacerda_repare/metrics.csv, results/synth/regime=easy/d=10/num_cycles=4/density=0.5/samp_size=1000/seed=1/method=lacerda_repare/metrics.csv, results/synth/regime=easy/d=10/num_cycles=4/density=0.5/samp_size=1000/seed=2/method=lacerda_repare/metrics.csv, results/synth/regime=easy/d=10/num_cycles=5/density=0.5/samp_size=50/seed=0/method=lacerda_repare/metrics.csv, results/synth/regime=easy/d=10/num_cycles=5/density=0.5/samp_size=50/seed=1/method=lacerda_repare/metrics.csv, results/synth/regime=easy/d=10/num_cycles=5/density=0.5/samp_size=50/seed=2/method=lacerda_repare/metrics.csv, results/synth/regime=easy/d=10/num_cycles=5/density=0.5/samp_size=100/seed=0/method=lacerda_repare/metrics.csv, results/synth/regime=easy/d=10/num_cycles=5/density=0.5/samp_size=100/seed=1/method=lacerda_repare/metrics.csv, results/synth/regime=easy/d=10/num_cycles=5/density=0.5/samp_size=100/seed=2/method=lacerda_repare/metrics.csv, results/synth/regime=easy/d=10/num_cycles=5/density=0.5/samp_size=500/seed=0/method=lacerda_repare/metrics.csv, results/synth/regime=easy/d=10/num_cycles=5/density=0.5/samp_size=500/seed=1/method=lacerda_repare/metrics.csv, results/synth/regime=easy/d=10/num_cycles=5/density=0.5/samp_size=500/seed=2/method=lacerda_repare/metrics.csv, results/synth/regime=easy/d=10/num_cycles=5/density=0.5/samp_size=1000/seed=0/method=lacerda_repare/metrics.csv, results/synth/regime=easy/d=10/num_cycles=5/density=0.5/samp_size=1000/seed=1/method=lacerda_repare/metrics.csv, results/synth/regime=easy/d=10/num_cycles=5/density=0.5/samp_size=1000/seed=2/method=lacerda_repare/metrics.csv
    output: results/synth_main_regime=easy_density=0.5.pdf
    jobid: 506
    reason: Input files updated by another job: results/synth/regime=easy/d=10/num_cycles=3/density=0.5/samp_size=50/seed=1/method=lacerda/metrics.csv, results/synth/regime=easy/d=10/num_cycles=4/density=0.5/samp_size=50/seed=1/method=lacerda/metrics.csv, results/synth/regime=easy/d=10/num_cycles=5/density=0.5/samp_size=50/seed=1/method=lacerda_prune/metrics.csv, results/synth/regime=easy/d=10/num_cycles=3/density=0.5/samp_size=1000/seed=2/method=lacerda_repare/metrics.csv, results/synth/regime=easy/d=10/num_cycles=4/density=0.5/samp_size=100/seed=1/method=lacerda_repare/metrics.csv, results/synth/regime=easy/d=10/num_cycles=4/density=0.5/samp_size=1000/seed=0/method=lacerda_repare/metrics.csv, results/synth/regime=easy/d=10/num_cycles=5/density=0.5/samp_size=50/seed=0/method=lacerda_prune/metrics.csv, results/synth/regime=easy/d=10/num_cycles=5/density=0.5/samp_size=50/seed=2/method=lacerda_prune/metrics.csv, results/synth/regime=easy/d=10/num_cycles=3/density=0.5/samp_size=100/seed=2/method=lacerda/metrics.csv, results/synth/regime=easy/d=10/num_cycles=5/density=0.5/samp_size=500/seed=2/method=lacerda_repare/metrics.csv, results/synth/regime=easy/d=10/num_cycles=3/density=0.5/samp_size=500/seed=1/method=lacerda_prune/metrics.csv, results/synth/regime=easy/d=10/num_cycles=5/density=0.5/samp_size=50/seed=2/method=lacerda/metrics.csv, results/synth/regime=easy/d=10/num_cycles=5/density=0.5/samp_size=500/seed=2/method=lacerda/metrics.csv, results/synth/regime=easy/d=10/num_cycles=5/density=0.5/samp_size=100/seed=2/method=lacerda_repare/metrics.csv, results/synth/regime=easy/d=10/num_cycles=3/density=0.5/samp_size=1000/seed=1/method=lacerda_repare/metrics.csv, results/synth/regime=easy/d=10/num_cycles=3/density=0.5/samp_size=1000/seed=0/method=lacerda/metrics.csv, results/synth/regime=easy/d=10/num_cycles=4/density=0.5/samp_size=500/seed=2/method=lacerda_prune/metrics.csv, results/synth/regime=easy/d=10/num_cycles=3/density=0.5/samp_size=100/seed=0/method=lacerda_repare/metrics.csv, results/synth/regime=easy/d=10/num_cycles=4/density=0.5/samp_size=50/seed=2/method=lacerda/metrics.csv, results/synth/regime=easy/d=10/num_cycles=5/density=0.5/samp_size=100/seed=0/method=lacerda_prune/metrics.csv, results/synth/regime=easy/d=10/num_cycles=3/density=0.5/samp_size=1000/seed=2/method=lacerda/metrics.csv, results/synth/regime=easy/d=10/num_cycles=3/density=0.5/samp_size=1000/seed=1/method=lacerda_prune/metrics.csv, results/synth/regime=easy/d=10/num_cycles=5/density=0.5/samp_size=1000/seed=2/method=lacerda_prune/metrics.csv, results/synth/regime=easy/d=10/num_cycles=3/density=0.5/samp_size=100/seed=2/method=lacerda_repare/metrics.csv, results/synth/regime=easy/d=10/num_cycles=4/density=0.5/samp_size=100/seed=2/method=lacerda_repare/metrics.csv, results/synth/regime=easy/d=10/num_cycles=4/density=0.5/samp_size=100/seed=2/method=lacerda/metrics.csv, results/synth/regime=easy/d=10/num_cycles=3/density=0.5/samp_size=500/seed=0/method=lacerda_prune/metrics.csv, results/synth/regime=easy/d=10/num_cycles=5/density=0.5/samp_size=500/seed=0/method=lacerda/metrics.csv, results/synth/regime=easy/d=10/num_cycles=4/density=0.5/samp_size=100/seed=1/method=lacerda/metrics.csv, results/synth/regime=easy/d=10/num_cycles=3/density=0.5/samp_size=500/seed=2/method=lacerda/metrics.csv, results/synth/regime=easy/d=10/num_cycles=4/density=0.5/samp_size=50/seed=1/method=lacerda_prune/metrics.csv, results/synth/regime=easy/d=10/num_cycles=5/density=0.5/samp_size=100/seed=1/method=lacerda_prune/metrics.csv, results/synth/regime=easy/d=10/num_cycles=3/density=0.5/samp_size=50/seed=2/method=lacerda/metrics.csv, results/synth/regime=easy/d=10/num_cycles=5/density=0.5/samp_size=1000/seed=0/method=lacerda_prune/metrics.csv, results/synth/regime=easy/d=10/num_cycles=3/density=0.5/samp_size=500/seed=1/method=lacerda_repare/metrics.csv, results/synth/regime=easy/d=10/num_cycles=3/density=0.5/samp_size=100/seed=0/method=lacerda/metrics.csv, results/synth/regime=easy/d=10/num_cycles=3/density=0.5/samp_size=500/seed=2/method=lacerda_repare/metrics.csv, results/synth/regime=easy/d=10/num_cycles=5/density=0.5/samp_size=100/seed=1/method=lacerda/metrics.csv, results/synth/regime=easy/d=10/num_cycles=4/density=0.5/samp_size=50/seed=0/method=lacerda_prune/metrics.csv, results/synth/regime=easy/d=10/num_cycles=5/density=0.5/samp_size=50/seed=1/method=lacerda/metrics.csv, results/synth/regime=easy/d=10/num_cycles=4/density=0.5/samp_size=1000/seed=2/method=lacerda/metrics.csv, results/synth/regime=easy/d=10/num_cycles=3/density=0.5/samp_size=50/seed=2/method=lacerda_prune/metrics.csv, results/synth/regime=easy/d=10/num_cycles=3/density=0.5/samp_size=1000/seed=0/method=lacerda_repare/metrics.csv, results/synth/regime=easy/d=10/num_cycles=4/density=0.5/samp_size=1000/seed=2/method=lacerda_repare/metrics.csv, results/synth/regime=easy/d=10/num_cycles=3/density=0.5/samp_size=500/seed=0/method=lacerda_repare/metrics.csv, results/synth/regime=easy/d=10/num_cycles=5/density=0.5/samp_size=100/seed=0/method=lacerda/metrics.csv, results/synth/regime=easy/d=10/num_cycles=4/density=0.5/samp_size=50/seed=0/method=lacerda/metrics.csv, results/synth/regime=easy/d=10/num_cycles=4/density=0.5/samp_size=1000/seed=1/method=lacerda_prune/metrics.csv, results/synth/regime=easy/d=10/num_cycles=4/density=0.5/samp_size=500/seed=0/method=lacerda_prune/metrics.csv, results/synth/regime=easy/d=10/num_cycles=5/density=0.5/samp_size=1000/seed=1/method=lacerda/metrics.csv, results/synth/regime=easy/d=10/num_cycles=5/density=0.5/samp_size=500/seed=0/method=lacerda_repare/metrics.csv, results/synth/regime=easy/d=10/num_cycles=3/density=0.5/samp_size=1000/seed=2/method=lacerda_prune/metrics.csv, results/synth/regime=easy/d=10/num_cycles=5/density=0.5/samp_size=500/seed=1/method=lacerda/metrics.csv, results/synth/regime=easy/d=10/num_cycles=4/density=0.5/samp_size=500/seed=2/method=lacerda/metrics.csv, results/synth/regime=easy/d=10/num_cycles=3/density=0.5/samp_size=50/seed=1/method=lacerda_repare/metrics.csv, results/synth/regime=easy/d=10/num_cycles=5/density=0.5/samp_size=500/seed=1/method=lacerda_repare/metrics.csv, results/synth/regime=easy/d=10/num_cycles=3/density=0.5/samp_size=100/seed=1/method=lacerda_prune/metrics.csv, results/synth/regime=easy/d=10/num_cycles=3/density=0.5/samp_size=50/seed=1/method=lacerda_prune/metrics.csv, results/synth/regime=easy/d=10/num_cycles=4/density=0.5/samp_size=1000/seed=1/method=lacerda_repare/metrics.csv, results/synth/regime=easy/d=10/num_cycles=4/density=0.5/samp_size=1000/seed=2/method=lacerda_prune/metrics.csv, results/synth/regime=easy/d=10/num_cycles=4/density=0.5/samp_size=50/seed=2/method=lacerda_prune/metrics.csv, results/synth/regime=easy/d=10/num_cycles=5/density=0.5/samp_size=500/seed=1/method=lacerda_prune/metrics.csv, results/synth/regime=easy/d=10/num_cycles=5/density=0.5/samp_size=1000/seed=1/method=lacerda_repare/metrics.csv, results/synth/regime=easy/d=10/num_cycles=3/density=0.5/samp_size=500/seed=0/method=lacerda/metrics.csv, results/synth/regime=easy/d=10/num_cycles=3/density=0.5/samp_size=1000/seed=0/method=lacerda_prune/metrics.csv, results/synth/regime=easy/d=10/num_cycles=5/density=0.5/samp_size=500/seed=2/method=lacerda_prune/metrics.csv, results/synth/regime=easy/d=10/num_cycles=5/density=0.5/samp_size=1000/seed=0/method=lacerda_repare/metrics.csv, results/synth/regime=easy/d=10/num_cycles=4/density=0.5/samp_size=100/seed=0/method=lacerda_prune/metrics.csv, results/synth/regime=easy/d=10/num_cycles=3/density=0.5/samp_size=50/seed=2/method=lacerda_repare/metrics.csv, results/synth/regime=easy/d=10/num_cycles=4/density=0.5/samp_size=500/seed=1/method=lacerda/metrics.csv, results/synth/regime=easy/d=10/num_cycles=4/density=0.5/samp_size=100/seed=0/method=lacerda/metrics.csv, results/synth/regime=easy/d=10/num_cycles=4/density=0.5/samp_size=500/seed=2/method=lacerda_repare/metrics.csv, results/synth/regime=easy/d=10/num_cycles=3/density=0.5/samp_size=50/seed=0/method=lacerda_repare/metrics.csv, results/synth/regime=easy/d=10/num_cycles=4/density=0.5/samp_size=500/seed=1/method=lacerda_prune/metrics.csv, results/synth/regime=easy/d=10/num_cycles=5/density=0.5/samp_size=100/seed=1/method=lacerda_repare/metrics.csv, results/synth/regime=easy/d=10/num_cycles=5/density=0.5/samp_size=500/seed=0/method=lacerda_prune/metrics.csv, results/synth/regime=easy/d=10/num_cycles=3/density=0.5/samp_size=100/seed=2/method=lacerda_prune/metrics.csv, results/synth/regime=easy/d=10/num_cycles=5/density=0.5/samp_size=1000/seed=2/method=lacerda_repare/metrics.csv, results/synth/regime=easy/d=10/num_cycles=4/density=0.5/samp_size=1000/seed=0/method=lacerda_prune/metrics.csv, results/synth/regime=easy/d=10/num_cycles=5/density=0.5/samp_size=1000/seed=0/method=lacerda/metrics.csv, results/synth/regime=easy/d=10/num_cycles=4/density=0.5/samp_size=50/seed=0/method=lacerda_repare/metrics.csv, results/synth/regime=easy/d=10/num_cycles=4/density=0.5/samp_size=500/seed=0/method=lacerda_repare/metrics.csv, results/synth/regime=easy/d=10/num_cycles=3/density=0.5/samp_size=100/seed=1/method=lacerda/metrics.csv, results/synth/regime=easy/d=10/num_cycles=3/density=0.5/samp_size=50/seed=0/method=lacerda/metrics.csv, results/synth/regime=easy/d=10/num_cycles=4/density=0.5/samp_size=1000/seed=0/method=lacerda/metrics.csv, results/synth/regime=easy/d=10/num_cycles=3/density=0.5/samp_size=500/seed=1/method=lacerda/metrics.csv, results/synth/regime=easy/d=10/num_cycles=4/density=0.5/samp_size=100/seed=1/method=lacerda_prune/metrics.csv, results/synth/regime=easy/d=10/num_cycles=4/density=0.5/samp_size=100/seed=2/method=lacerda_prune/metrics.csv, results/synth/regime=easy/d=10/num_cycles=4/density=0.5/samp_size=100/seed=0/method=lacerda_repare/metrics.csv, results/synth/regime=easy/d=10/num_cycles=4/density=0.5/samp_size=500/seed=0/method=lacerda/metrics.csv, results/synth/regime=easy/d=10/num_cycles=4/density=0.5/samp_size=50/seed=2/method=lacerda_repare/metrics.csv, results/synth/regime=easy/d=10/num_cycles=5/density=0.5/samp_size=50/seed=0/method=lacerda_repare/metrics.csv, results/synth/regime=easy/d=10/num_cycles=5/density=0.5/samp_size=50/seed=2/method=lacerda_repare/metrics.csv, results/synth/regime=easy/d=10/num_cycles=3/density=0.5/samp_size=50/seed=0/method=lacerda_prune/metrics.csv, results/synth/regime=easy/d=10/num_cycles=3/density=0.5/samp_size=100/seed=0/method=lacerda_prune/metrics.csv, results/synth/regime=easy/d=10/num_cycles=5/density=0.5/samp_size=100/seed=0/method=lacerda_repare/metrics.csv, results/synth/regime=easy/d=10/num_cycles=4/density=0.5/samp_size=1000/seed=1/method=lacerda/metrics.csv, results/synth/regime=easy/d=10/num_cycles=3/density=0.5/samp_size=500/seed=2/method=lacerda_prune/metrics.csv, results/synth/regime=easy/d=10/num_cycles=5/density=0.5/samp_size=50/seed=1/method=lacerda_repare/metrics.csv, results/synth/regime=easy/d=10/num_cycles=3/density=0.5/samp_size=1000/seed=1/method=lacerda/metrics.csv, results/synth/regime=easy/d=10/num_cycles=4/density=0.5/samp_size=500/seed=1/method=lacerda_repare/metrics.csv, results/synth/regime=easy/d=10/num_cycles=5/density=0.5/samp_size=50/seed=0/method=lacerda/metrics.csv, results/synth/regime=easy/d=10/num_cycles=4/density=0.5/samp_size=50/seed=1/method=lacerda_repare/metrics.csv, results/synth/regime=easy/d=10/num_cycles=5/density=0.5/samp_size=1000/seed=2/method=lacerda/metrics.csv, results/synth/regime=easy/d=10/num_cycles=5/density=0.5/samp_size=100/seed=2/method=lacerda_prune/metrics.csv, results/synth/regime=easy/d=10/num_cycles=5/density=0.5/samp_size=1000/seed=1/method=lacerda_prune/metrics.csv, results/synth/regime=easy/d=10/num_cycles=3/density=0.5/samp_size=100/seed=1/method=lacerda_repare/metrics.csv, results/synth/regime=easy/d=10/num_cycles=5/density=0.5/samp_size=100/seed=2/method=lacerda/metrics.csv
    wildcards: regime=easy, density=0.5
    resources: tmpdir=/tmp
[Wed Apr 29 11:30:27 2026]
Finished jobid: 438 (Rule: synth_evaluate)
645 of 651 steps (99%) done
[Wed Apr 29 11:30:27 2026]
Finished jobid: 437 (Rule: synth_fit)
646 of 651 steps (99%) done
Select jobs to execute...
Execute 1 jobs...
[Wed Apr 29 11:30:27 2026]
localrule synth_evaluate:
    input: results/synth/regime=easy/d=10/num_cycles=3/density=0.3/samp_size=50/seed=1/dataset.npz, results/synth/regime=easy/d=10/num_cycles=3/density=0.3/samp_size=50/seed=1/method=lacerda_repare/model.pkl
    output: results/synth/regime=easy/d=10/num_cycles=3/density=0.3/samp_size=50/seed=1/method=lacerda_repare/metrics.csv
    jobid: 436
    reason: Missing output files: results/synth/regime=easy/d=10/num_cycles=3/density=0.3/samp_size=50/seed=1/method=lacerda_repare/metrics.csv; Input files updated by another job: results/synth/regime=easy/d=10/num_cycles=3/density=0.3/samp_size=50/seed=1/method=lacerda_repare/model.pkl
    wildcards: regime=easy, d=10, num_cycles=3, density=0.3, samp_size=50, seed=1, method=lacerda_repare
    resources: tmpdir=/tmp
[Wed Apr 29 11:30:28 2026]
Finished jobid: 4 (Rule: synth_evaluate)
647 of 651 steps (99%) done
Select jobs to execute...
Execute 1 jobs...
[Wed Apr 29 11:30:28 2026]
localrule synth_plot:
    input: results/synth/regime=easy/d=10/num_cycles=3/density=0.8/samp_size=50/seed=0/method=lacerda/metrics.csv, results/synth/regime=easy/d=10/num_cycles=3/density=0.8/samp_size=50/seed=1/method=lacerda/metrics.csv, results/synth/regime=easy/d=10/num_cycles=3/density=0.8/samp_size=50/seed=2/method=lacerda/metrics.csv, results/synth/regime=easy/d=10/num_cycles=3/density=0.8/samp_size=100/seed=0/method=lacerda/metrics.csv, results/synth/regime=easy/d=10/num_cycles=3/density=0.8/samp_size=100/seed=1/method=lacerda/metrics.csv, results/synth/regime=easy/d=10/num_cycles=3/density=0.8/samp_size=100/seed=2/method=lacerda/metrics.csv, results/synth/regime=easy/d=10/num_cycles=3/density=0.8/samp_size=500/seed=0/method=lacerda/metrics.csv, results/synth/regime=easy/d=10/num_cycles=3/density=0.8/samp_size=500/seed=1/method=lacerda/metrics.csv, results/synth/regime=easy/d=10/num_cycles=3/density=0.8/samp_size=500/seed=2/method=lacerda/metrics.csv, results/synth/regime=easy/d=10/num_cycles=3/density=0.8/samp_size=1000/seed=0/method=lacerda/metrics.csv, results/synth/regime=easy/d=10/num_cycles=3/density=0.8/samp_size=1000/seed=1/method=lacerda/metrics.csv, results/synth/regime=easy/d=10/num_cycles=3/density=0.8/samp_size=1000/seed=2/method=lacerda/metrics.csv, results/synth/regime=easy/d=10/num_cycles=4/density=0.8/samp_size=50/seed=0/method=lacerda/metrics.csv, results/synth/regime=easy/d=10/num_cycles=4/density=0.8/samp_size=50/seed=1/method=lacerda/metrics.csv, results/synth/regime=easy/d=10/num_cycles=4/density=0.8/samp_size=50/seed=2/method=lacerda/metrics.csv, results/synth/regime=easy/d=10/num_cycles=4/density=0.8/samp_size=100/seed=0/method=lacerda/metrics.csv, results/synth/regime=easy/d=10/num_cycles=4/density=0.8/samp_size=100/seed=1/method=lacerda/metrics.csv, results/synth/regime=easy/d=10/num_cycles=4/density=0.8/samp_size=100/seed=2/method=lacerda/metrics.csv, results/synth/regime=easy/d=10/num_cycles=4/density=0.8/samp_size=500/seed=0/method=lacerda/metrics.csv, results/synth/regime=easy/d=10/num_cycles=4/density=0.8/samp_size=500/seed=1/method=lacerda/metrics.csv, results/synth/regime=easy/d=10/num_cycles=4/density=0.8/samp_size=500/seed=2/method=lacerda/metrics.csv, results/synth/regime=easy/d=10/num_cycles=4/density=0.8/samp_size=1000/seed=0/method=lacerda/metrics.csv, results/synth/regime=easy/d=10/num_cycles=4/density=0.8/samp_size=1000/seed=1/method=lacerda/metrics.csv, results/synth/regime=easy/d=10/num_cycles=4/density=0.8/samp_size=1000/seed=2/method=lacerda/metrics.csv, results/synth/regime=easy/d=10/num_cycles=5/density=0.8/samp_size=50/seed=0/method=lacerda/metrics.csv, results/synth/regime=easy/d=10/num_cycles=5/density=0.8/samp_size=50/seed=1/method=lacerda/metrics.csv, results/synth/regime=easy/d=10/num_cycles=5/density=0.8/samp_size=50/seed=2/method=lacerda/metrics.csv, results/synth/regime=easy/d=10/num_cycles=5/density=0.8/samp_size=100/seed=0/method=lacerda/metrics.csv, results/synth/regime=easy/d=10/num_cycles=5/density=0.8/samp_size=100/seed=1/method=lacerda/metrics.csv, results/synth/regime=easy/d=10/num_cycles=5/density=0.8/samp_size=100/seed=2/method=lacerda/metrics.csv, results/synth/regime=easy/d=10/num_cycles=5/density=0.8/samp_size=500/seed=0/method=lacerda/metrics.csv, results/synth/regime=easy/d=10/num_cycles=5/density=0.8/samp_size=500/seed=1/method=lacerda/metrics.csv, results/synth/regime=easy/d=10/num_cycles=5/density=0.8/samp_size=500/seed=2/method=lacerda/metrics.csv, results/synth/regime=easy/d=10/num_cycles=5/density=0.8/samp_size=1000/seed=0/method=lacerda/metrics.csv, results/synth/regime=easy/d=10/num_cycles=5/density=0.8/samp_size=1000/seed=1/method=lacerda/metrics.csv, results/synth/regime=easy/d=10/num_cycles=5/density=0.8/samp_size=1000/seed=2/method=lacerda/metrics.csv, results/synth/regime=easy/d=10/num_cycles=3/density=0.8/samp_size=50/seed=0/method=lacerda_prune/metrics.csv, results/synth/regime=easy/d=10/num_cycles=3/density=0.8/samp_size=50/seed=1/method=lacerda_prune/metrics.csv, results/synth/regime=easy/d=10/num_cycles=3/density=0.8/samp_size=50/seed=2/method=lacerda_prune/metrics.csv, results/synth/regime=easy/d=10/num_cycles=3/density=0.8/samp_size=100/seed=0/method=lacerda_prune/metrics.csv, results/synth/regime=easy/d=10/num_cycles=3/density=0.8/samp_size=100/seed=1/method=lacerda_prune/metrics.csv, results/synth/regime=easy/d=10/num_cycles=3/density=0.8/samp_size=100/seed=2/method=lacerda_prune/metrics.csv, results/synth/regime=easy/d=10/num_cycles=3/density=0.8/samp_size=500/seed=0/method=lacerda_prune/metrics.csv, results/synth/regime=easy/d=10/num_cycles=3/density=0.8/samp_size=500/seed=1/method=lacerda_prune/metrics.csv, results/synth/regime=easy/d=10/num_cycles=3/density=0.8/samp_size=500/seed=2/method=lacerda_prune/metrics.csv, results/synth/regime=easy/d=10/num_cycles=3/density=0.8/samp_size=1000/seed=0/method=lacerda_prune/metrics.csv, results/synth/regime=easy/d=10/num_cycles=3/density=0.8/samp_size=1000/seed=1/method=lacerda_prune/metrics.csv, results/synth/regime=easy/d=10/num_cycles=3/density=0.8/samp_size=1000/seed=2/method=lacerda_prune/metrics.csv, results/synth/regime=easy/d=10/num_cycles=4/density=0.8/samp_size=50/seed=0/method=lacerda_prune/metrics.csv, results/synth/regime=easy/d=10/num_cycles=4/density=0.8/samp_size=50/seed=1/method=lacerda_prune/metrics.csv, results/synth/regime=easy/d=10/num_cycles=4/density=0.8/samp_size=50/seed=2/method=lacerda_prune/metrics.csv, results/synth/regime=easy/d=10/num_cycles=4/density=0.8/samp_size=100/seed=0/method=lacerda_prune/metrics.csv, results/synth/regime=easy/d=10/num_cycles=4/density=0.8/samp_size=100/seed=1/method=lacerda_prune/metrics.csv, results/synth/regime=easy/d=10/num_cycles=4/density=0.8/samp_size=100/seed=2/method=lacerda_prune/metrics.csv, results/synth/regime=easy/d=10/num_cycles=4/density=0.8/samp_size=500/seed=0/method=lacerda_prune/metrics.csv, results/synth/regime=easy/d=10/num_cycles=4/density=0.8/samp_size=500/seed=1/method=lacerda_prune/metrics.csv, results/synth/regime=easy/d=10/num_cycles=4/density=0.8/samp_size=500/seed=2/method=lacerda_prune/metrics.csv, results/synth/regime=easy/d=10/num_cycles=4/density=0.8/samp_size=1000/seed=0/method=lacerda_prune/metrics.csv, results/synth/regime=easy/d=10/num_cycles=4/density=0.8/samp_size=1000/seed=1/method=lacerda_prune/metrics.csv, results/synth/regime=easy/d=10/num_cycles=4/density=0.8/samp_size=1000/seed=2/method=lacerda_prune/metrics.csv, results/synth/regime=easy/d=10/num_cycles=5/density=0.8/samp_size=50/seed=0/method=lacerda_prune/metrics.csv, results/synth/regime=easy/d=10/num_cycles=5/density=0.8/samp_size=50/seed=1/method=lacerda_prune/metrics.csv, results/synth/regime=easy/d=10/num_cycles=5/density=0.8/samp_size=50/seed=2/method=lacerda_prune/metrics.csv, results/synth/regime=easy/d=10/num_cycles=5/density=0.8/samp_size=100/seed=0/method=lacerda_prune/metrics.csv, results/synth/regime=easy/d=10/num_cycles=5/density=0.8/samp_size=100/seed=1/method=lacerda_prune/metrics.csv, results/synth/regime=easy/d=10/num_cycles=5/density=0.8/samp_size=100/seed=2/method=lacerda_prune/metrics.csv, results/synth/regime=easy/d=10/num_cycles=5/density=0.8/samp_size=500/seed=0/method=lacerda_prune/metrics.csv, results/synth/regime=easy/d=10/num_cycles=5/density=0.8/samp_size=500/seed=1/method=lacerda_prune/metrics.csv, results/synth/regime=easy/d=10/num_cycles=5/density=0.8/samp_size=500/seed=2/method=lacerda_prune/metrics.csv, results/synth/regime=easy/d=10/num_cycles=5/density=0.8/samp_size=1000/seed=0/method=lacerda_prune/metrics.csv, results/synth/regime=easy/d=10/num_cycles=5/density=0.8/samp_size=1000/seed=1/method=lacerda_prune/metrics.csv, results/synth/regime=easy/d=10/num_cycles=5/density=0.8/samp_size=1000/seed=2/method=lacerda_prune/metrics.csv, results/synth/regime=easy/d=10/num_cycles=3/density=0.8/samp_size=50/seed=0/method=lacerda_repare/metrics.csv, results/synth/regime=easy/d=10/num_cycles=3/density=0.8/samp_size=50/seed=1/method=lacerda_repare/metrics.csv, results/synth/regime=easy/d=10/num_cycles=3/density=0.8/samp_size=50/seed=2/method=lacerda_repare/metrics.csv, results/synth/regime=easy/d=10/num_cycles=3/density=0.8/samp_size=100/seed=0/method=lacerda_repare/metrics.csv, results/synth/regime=easy/d=10/num_cycles=3/density=0.8/samp_size=100/seed=1/method=lacerda_repare/metrics.csv, results/synth/regime=easy/d=10/num_cycles=3/density=0.8/samp_size=100/seed=2/method=lacerda_repare/metrics.csv, results/synth/regime=easy/d=10/num_cycles=3/density=0.8/samp_size=500/seed=0/method=lacerda_repare/metrics.csv, results/synth/regime=easy/d=10/num_cycles=3/density=0.8/samp_size=500/seed=1/method=lacerda_repare/metrics.csv, results/synth/regime=easy/d=10/num_cycles=3/density=0.8/samp_size=500/seed=2/method=lacerda_repare/metrics.csv, results/synth/regime=easy/d=10/num_cycles=3/density=0.8/samp_size=1000/seed=0/method=lacerda_repare/metrics.csv, results/synth/regime=easy/d=10/num_cycles=3/density=0.8/samp_size=1000/seed=1/method=lacerda_repare/metrics.csv, results/synth/regime=easy/d=10/num_cycles=3/density=0.8/samp_size=1000/seed=2/method=lacerda_repare/metrics.csv, results/synth/regime=easy/d=10/num_cycles=4/density=0.8/samp_size=50/seed=0/method=lacerda_repare/metrics.csv, results/synth/regime=easy/d=10/num_cycles=4/density=0.8/samp_size=50/seed=1/method=lacerda_repare/metrics.csv, results/synth/regime=easy/d=10/num_cycles=4/density=0.8/samp_size=50/seed=2/method=lacerda_repare/metrics.csv, results/synth/regime=easy/d=10/num_cycles=4/density=0.8/samp_size=100/seed=0/method=lacerda_repare/metrics.csv, results/synth/regime=easy/d=10/num_cycles=4/density=0.8/samp_size=100/seed=1/method=lacerda_repare/metrics.csv, results/synth/regime=easy/d=10/num_cycles=4/density=0.8/samp_size=100/seed=2/method=lacerda_repare/metrics.csv, results/synth/regime=easy/d=10/num_cycles=4/density=0.8/samp_size=500/seed=0/method=lacerda_repare/metrics.csv, results/synth/regime=easy/d=10/num_cycles=4/density=0.8/samp_size=500/seed=1/method=lacerda_repare/metrics.csv, results/synth/regime=easy/d=10/num_cycles=4/density=0.8/samp_size=500/seed=2/method=lacerda_repare/metrics.csv, results/synth/regime=easy/d=10/num_cycles=4/density=0.8/samp_size=1000/seed=0/method=lacerda_repare/metrics.csv, results/synth/regime=easy/d=10/num_cycles=4/density=0.8/samp_size=1000/seed=1/method=lacerda_repare/metrics.csv, results/synth/regime=easy/d=10/num_cycles=4/density=0.8/samp_size=1000/seed=2/method=lacerda_repare/metrics.csv, results/synth/regime=easy/d=10/num_cycles=5/density=0.8/samp_size=50/seed=0/method=lacerda_repare/metrics.csv, results/synth/regime=easy/d=10/num_cycles=5/density=0.8/samp_size=50/seed=1/method=lacerda_repare/metrics.csv, results/synth/regime=easy/d=10/num_cycles=5/density=0.8/samp_size=50/seed=2/method=lacerda_repare/metrics.csv, results/synth/regime=easy/d=10/num_cycles=5/density=0.8/samp_size=100/seed=0/method=lacerda_repare/metrics.csv, results/synth/regime=easy/d=10/num_cycles=5/density=0.8/samp_size=100/seed=1/method=lacerda_repare/metrics.csv, results/synth/regime=easy/d=10/num_cycles=5/density=0.8/samp_size=100/seed=2/method=lacerda_repare/metrics.csv, results/synth/regime=easy/d=10/num_cycles=5/density=0.8/samp_size=500/seed=0/method=lacerda_repare/metrics.csv, results/synth/regime=easy/d=10/num_cycles=5/density=0.8/samp_size=500/seed=1/method=lacerda_repare/metrics.csv, results/synth/regime=easy/d=10/num_cycles=5/density=0.8/samp_size=500/seed=2/method=lacerda_repare/metrics.csv, results/synth/regime=easy/d=10/num_cycles=5/density=0.8/samp_size=1000/seed=0/method=lacerda_repare/metrics.csv, results/synth/regime=easy/d=10/num_cycles=5/density=0.8/samp_size=1000/seed=1/method=lacerda_repare/metrics.csv, results/synth/regime=easy/d=10/num_cycles=5/density=0.8/samp_size=1000/seed=2/method=lacerda_repare/metrics.csv
    output: results/synth_main_regime=easy_density=0.8.pdf
    jobid: 0
    reason: Input files updated by another job: results/synth/regime=easy/d=10/num_cycles=4/density=0.8/samp_size=50/seed=2/method=lacerda_prune/metrics.csv, results/synth/regime=easy/d=10/num_cycles=5/density=0.8/samp_size=500/seed=2/method=lacerda_repare/metrics.csv, results/synth/regime=easy/d=10/num_cycles=5/density=0.8/samp_size=100/seed=1/method=lacerda/metrics.csv, results/synth/regime=easy/d=10/num_cycles=4/density=0.8/samp_size=100/seed=0/method=lacerda_prune/metrics.csv, results/synth/regime=easy/d=10/num_cycles=4/density=0.8/samp_size=100/seed=2/method=lacerda_prune/metrics.csv, results/synth/regime=easy/d=10/num_cycles=5/density=0.8/samp_size=1000/seed=1/method=lacerda/metrics.csv, results/synth/regime=easy/d=10/num_cycles=5/density=0.8/samp_size=100/seed=0/method=lacerda/metrics.csv, results/synth/regime=easy/d=10/num_cycles=3/density=0.8/samp_size=50/seed=0/method=lacerda_repare/metrics.csv, results/synth/regime=easy/d=10/num_cycles=4/density=0.8/samp_size=1000/seed=0/method=lacerda_prune/metrics.csv, results/synth/regime=easy/d=10/num_cycles=5/density=0.8/samp_size=100/seed=2/method=lacerda_repare/metrics.csv, results/synth/regime=easy/d=10/num_cycles=5/density=0.8/samp_size=500/seed=1/method=lacerda_repare/metrics.csv, results/synth/regime=easy/d=10/num_cycles=3/density=0.8/samp_size=500/seed=0/method=lacerda_repare/metrics.csv, results/synth/regime=easy/d=10/num_cycles=5/density=0.8/samp_size=1000/seed=0/method=lacerda_repare/metrics.csv, results/synth/regime=easy/d=10/num_cycles=5/density=0.8/samp_size=500/seed=1/method=lacerda_prune/metrics.csv, results/synth/regime=easy/d=10/num_cycles=4/density=0.8/samp_size=1000/seed=2/method=lacerda_prune/metrics.csv, results/synth/regime=easy/d=10/num_cycles=5/density=0.8/samp_size=100/seed=0/method=lacerda_repare/metrics.csv, results/synth/regime=easy/d=10/num_cycles=4/density=0.8/samp_size=50/seed=0/method=lacerda_prune/metrics.csv, results/synth/regime=easy/d=10/num_cycles=5/density=0.8/samp_size=1000/seed=1/method=lacerda_prune/metrics.csv, results/synth/regime=easy/d=10/num_cycles=5/density=0.8/samp_size=100/seed=2/method=lacerda_prune/metrics.csv, results/synth/regime=easy/d=10/num_cycles=5/density=0.8/samp_size=100/seed=1/method=lacerda_prune/metrics.csv, results/synth/regime=easy/d=10/num_cycles=5/density=0.8/samp_size=50/seed=0/method=lacerda_repare/metrics.csv, results/synth/regime=easy/d=10/num_cycles=3/density=0.8/samp_size=1000/seed=2/method=lacerda_prune/metrics.csv, results/synth/regime=easy/d=10/num_cycles=3/density=0.8/samp_size=100/seed=1/method=lacerda_prune/metrics.csv, results/synth/regime=easy/d=10/num_cycles=5/density=0.8/samp_size=50/seed=2/method=lacerda_repare/metrics.csv, results/synth/regime=easy/d=10/num_cycles=4/density=0.8/samp_size=1000/seed=0/method=lacerda/metrics.csv, results/synth/regime=easy/d=10/num_cycles=5/density=0.8/samp_size=500/seed=2/method=lacerda/metrics.csv, results/synth/regime=easy/d=10/num_cycles=3/density=0.8/samp_size=500/seed=1/method=lacerda_prune/metrics.csv, results/synth/regime=easy/d=10/num_cycles=3/density=0.8/samp_size=500/seed=2/method=lacerda/metrics.csv, results/synth/regime=easy/d=10/num_cycles=5/density=0.8/samp_size=50/seed=0/method=lacerda/metrics.csv, results/synth/regime=easy/d=10/num_cycles=3/density=0.8/samp_size=100/seed=0/method=lacerda_prune/metrics.csv, results/synth/regime=easy/d=10/num_cycles=5/density=0.8/samp_size=500/seed=0/method=lacerda/metrics.csv, results/synth/regime=easy/d=10/num_cycles=4/density=0.8/samp_size=100/seed=0/method=lacerda_repare/metrics.csv, results/synth/regime=easy/d=10/num_cycles=4/density=0.8/samp_size=1000/seed=1/method=lacerda_prune/metrics.csv, results/synth/regime=easy/d=10/num_cycles=5/density=0.8/samp_size=1000/seed=2/method=lacerda_repare/metrics.csv, results/synth/regime=easy/d=10/num_cycles=3/density=0.8/samp_size=500/seed=1/method=lacerda_repare/metrics.csv, results/synth/regime=easy/d=10/num_cycles=3/density=0.8/samp_size=1000/seed=2/method=lacerda/metrics.csv, results/synth/regime=easy/d=10/num_cycles=4/density=0.8/samp_size=100/seed=1/method=lacerda_prune/metrics.csv, results/synth/regime=easy/d=10/num_cycles=3/density=0.8/samp_size=1000/seed=0/method=lacerda_repare/metrics.csv, results/synth/regime=easy/d=10/num_cycles=5/density=0.8/samp_size=100/seed=2/method=lacerda/metrics.csv, results/synth/regime=easy/d=10/num_cycles=4/density=0.8/samp_size=500/seed=2/method=lacerda/metrics.csv, results/synth/regime=easy/d=10/num_cycles=3/density=0.8/samp_size=500/seed=0/method=lacerda_prune/metrics.csv, results/synth/regime=easy/d=10/num_cycles=3/density=0.8/samp_size=50/seed=2/method=lacerda_repare/metrics.csv, results/synth/regime=easy/d=10/num_cycles=4/density=0.8/samp_size=100/seed=1/method=lacerda_repare/metrics.csv, results/synth/regime=easy/d=10/num_cycles=4/density=0.8/samp_size=50/seed=0/method=lacerda/metrics.csv, results/synth/regime=easy/d=10/num_cycles=4/density=0.8/samp_size=50/seed=2/method=lacerda_repare/metrics.csv, results/synth/regime=easy/d=10/num_cycles=4/density=0.8/samp_size=50/seed=1/method=lacerda/metrics.csv, results/synth/regime=easy/d=10/num_cycles=3/density=0.8/samp_size=1000/seed=1/method=lacerda_repare/metrics.csv, results/synth/regime=easy/d=10/num_cycles=4/density=0.8/samp_size=1000/seed=1/method=lacerda_repare/metrics.csv, results/synth/regime=easy/d=10/num_cycles=4/density=0.8/samp_size=100/seed=0/method=lacerda/metrics.csv, results/synth/regime=easy/d=10/num_cycles=5/density=0.8/samp_size=500/seed=1/method=lacerda/metrics.csv, results/synth/regime=easy/d=10/num_cycles=4/density=0.8/samp_size=500/seed=2/method=lacerda_prune/metrics.csv, results/synth/regime=easy/d=10/num_cycles=3/density=0.8/samp_size=500/seed=2/method=lacerda_repare/metrics.csv, results/synth/regime=easy/d=10/num_cycles=3/density=0.8/samp_size=1000/seed=0/method=lacerda/metrics.csv, results/synth/regime=easy/d=10/num_cycles=4/density=0.8/samp_size=500/seed=0/method=lacerda_prune/metrics.csv, results/synth/regime=easy/d=10/num_cycles=4/density=0.8/samp_size=50/seed=0/method=lacerda_repare/metrics.csv, results/synth/regime=easy/d=10/num_cycles=5/density=0.8/samp_size=1000/seed=0/method=lacerda/metrics.csv, results/synth/regime=easy/d=10/num_cycles=3/density=0.8/samp_size=50/seed=1/method=lacerda_prune/metrics.csv, results/synth/regime=easy/d=10/num_cycles=4/density=0.8/samp_size=1000/seed=0/method=lacerda_repare/metrics.csv, results/synth/regime=easy/d=10/num_cycles=3/density=0.8/samp_size=50/seed=1/method=lacerda_repare/metrics.csv, results/synth/regime=easy/d=10/num_cycles=5/density=0.8/samp_size=50/seed=1/method=lacerda/metrics.csv, results/synth/regime=easy/d=10/num_cycles=4/density=0.8/samp_size=100/seed=1/method=lacerda/metrics.csv, results/synth/regime=easy/d=10/num_cycles=3/density=0.8/samp_size=1000/seed=1/method=lacerda_prune/metrics.csv, results/synth/regime=easy/d=10/num_cycles=3/density=0.8/samp_size=500/seed=2/method=lacerda_prune/metrics.csv, results/synth/regime=easy/d=10/num_cycles=5/density=0.8/samp_size=50/seed=0/method=lacerda_prune/metrics.csv, results/synth/regime=easy/d=10/num_cycles=5/density=0.8/samp_size=50/seed=2/method=lacerda_prune/metrics.csv, results/synth/regime=easy/d=10/num_cycles=4/density=0.8/samp_size=500/seed=2/method=lacerda_repare/metrics.csv, results/synth/regime=easy/d=10/num_cycles=3/density=0.8/samp_size=100/seed=0/method=lacerda_repare/metrics.csv, results/synth/regime=easy/d=10/num_cycles=3/density=0.8/samp_size=500/seed=1/method=lacerda/metrics.csv, results/synth/regime=easy/d=10/num_cycles=4/density=0.8/samp_size=50/seed=2/method=lacerda/metrics.csv, results/synth/regime=easy/d=10/num_cycles=4/density=0.8/samp_size=100/seed=2/method=lacerda/metrics.csv, results/synth/regime=easy/d=10/num_cycles=5/density=0.8/samp_size=50/seed=2/method=lacerda/metrics.csv, results/synth/regime=easy/d=10/num_cycles=5/density=0.8/samp_size=1000/seed=0/method=lacerda_prune/metrics.csv, results/synth/regime=easy/d=10/num_cycles=4/density=0.8/samp_size=500/seed=1/method=lacerda_repare/metrics.csv, results/synth/regime=easy/d=10/num_cycles=4/density=0.8/samp_size=50/seed=1/method=lacerda_prune/metrics.csv, results/synth/regime=easy/d=10/num_cycles=4/density=0.8/samp_size=1000/seed=1/method=lacerda/metrics.csv, results/synth/regime=easy/d=10/num_cycles=5/density=0.8/samp_size=100/seed=0/method=lacerda_prune/metrics.csv, results/synth/regime=easy/d=10/num_cycles=4/density=0.8/samp_size=1000/seed=2/method=lacerda_repare/metrics.csv, results/synth/regime=easy/d=10/num_cycles=4/density=0.8/samp_size=500/seed=1/method=lacerda_prune/metrics.csv, results/synth/regime=easy/d=10/num_cycles=3/density=0.8/samp_size=100/seed=1/method=lacerda_repare/metrics.csv, results/synth/regime=easy/d=10/num_cycles=4/density=0.8/samp_size=500/seed=0/method=lacerda/metrics.csv, results/synth/regime=easy/d=10/num_cycles=5/density=0.8/samp_size=1000/seed=2/method=lacerda/metrics.csv, results/synth/regime=easy/d=10/num_cycles=3/density=0.8/samp_size=100/seed=1/method=lacerda/metrics.csv, results/synth/regime=easy/d=10/num_cycles=3/density=0.8/samp_size=500/seed=0/method=lacerda/metrics.csv, results/synth/regime=easy/d=10/num_cycles=5/density=0.8/samp_size=50/seed=1/method=lacerda_repare/metrics.csv, results/synth/regime=easy/d=10/num_cycles=3/density=0.8/samp_size=100/seed=2/method=lacerda_repare/metrics.csv, results/synth/regime=easy/d=10/num_cycles=5/density=0.8/samp_size=50/seed=1/method=lacerda_prune/metrics.csv, results/synth/regime=easy/d=10/num_cycles=5/density=0.8/samp_size=100/seed=1/method=lacerda_repare/metrics.csv, results/synth/regime=easy/d=10/num_cycles=3/density=0.8/samp_size=50/seed=2/method=lacerda/metrics.csv, results/synth/regime=easy/d=10/num_cycles=5/density=0.8/samp_size=1000/seed=1/method=lacerda_repare/metrics.csv, results/synth/regime=easy/d=10/num_cycles=4/density=0.8/samp_size=500/seed=1/method=lacerda/metrics.csv, results/synth/regime=easy/d=10/num_cycles=3/density=0.8/samp_size=50/seed=0/method=lacerda_prune/metrics.csv, results/synth/regime=easy/d=10/num_cycles=5/density=0.8/samp_size=500/seed=2/method=lacerda_prune/metrics.csv, results/synth/regime=easy/d=10/num_cycles=4/density=0.8/samp_size=500/seed=0/method=lacerda_repare/metrics.csv, results/synth/regime=easy/d=10/num_cycles=3/density=0.8/samp_size=1000/seed=2/method=lacerda_repare/metrics.csv, results/synth/regime=easy/d=10/num_cycles=4/density=0.8/samp_size=50/seed=1/method=lacerda_repare/metrics.csv, results/synth/regime=easy/d=10/num_cycles=3/density=0.8/samp_size=100/seed=2/method=lacerda_prune/metrics.csv, results/synth/regime=easy/d=10/num_cycles=5/density=0.8/samp_size=1000/seed=2/method=lacerda_prune/metrics.csv, results/synth/regime=easy/d=10/num_cycles=3/density=0.8/samp_size=100/seed=2/method=lacerda/metrics.csv, results/synth/regime=easy/d=10/num_cycles=5/density=0.8/samp_size=500/seed=0/method=lacerda_repare/metrics.csv, results/synth/regime=easy/d=10/num_cycles=4/density=0.8/samp_size=1000/seed=2/method=lacerda/metrics.csv, results/synth/regime=easy/d=10/num_cycles=3/density=0.8/samp_size=50/seed=0/method=lacerda/metrics.csv, results/synth/regime=easy/d=10/num_cycles=3/density=0.8/samp_size=100/seed=0/method=lacerda/metrics.csv, results/synth/regime=easy/d=10/num_cycles=3/density=0.8/samp_size=50/seed=1/method=lacerda/metrics.csv, results/synth/regime=easy/d=10/num_cycles=5/density=0.8/samp_size=500/seed=0/method=lacerda_prune/metrics.csv, results/synth/regime=easy/d=10/num_cycles=4/density=0.8/samp_size=100/seed=2/method=lacerda_repare/metrics.csv, results/synth/regime=easy/d=10/num_cycles=3/density=0.8/samp_size=50/seed=2/method=lacerda_prune/metrics.csv, results/synth/regime=easy/d=10/num_cycles=3/density=0.8/samp_size=1000/seed=1/method=lacerda/metrics.csv, results/synth/regime=easy/d=10/num_cycles=3/density=0.8/samp_size=1000/seed=0/method=lacerda_prune/metrics.csv
    wildcards: regime=easy, density=0.8
    resources: tmpdir=/tmp
[Wed Apr 29 11:30:28 2026]
Finished jobid: 436 (Rule: synth_evaluate)
648 of 651 steps (99.5%) done
Select jobs to execute...
Execute 1 jobs...
[Wed Apr 29 11:30:28 2026]
localrule synth_plot:
    input: results/synth/regime=easy/d=10/num_cycles=3/density=0.3/samp_size=50/seed=0/method=lacerda/metrics.csv, results/synth/regime=easy/d=10/num_cycles=3/density=0.3/samp_size=50/seed=1/method=lacerda/metrics.csv, results/synth/regime=easy/d=10/num_cycles=3/density=0.3/samp_size=50/seed=2/method=lacerda/metrics.csv, results/synth/regime=easy/d=10/num_cycles=3/density=0.3/samp_size=100/seed=0/method=lacerda/metrics.csv, results/synth/regime=easy/d=10/num_cycles=3/density=0.3/samp_size=100/seed=1/method=lacerda/metrics.csv, results/synth/regime=easy/d=10/num_cycles=3/density=0.3/samp_size=100/seed=2/method=lacerda/metrics.csv, results/synth/regime=easy/d=10/num_cycles=3/density=0.3/samp_size=500/seed=0/method=lacerda/metrics.csv, results/synth/regime=easy/d=10/num_cycles=3/density=0.3/samp_size=500/seed=1/method=lacerda/metrics.csv, results/synth/regime=easy/d=10/num_cycles=3/density=0.3/samp_size=500/seed=2/method=lacerda/metrics.csv, results/synth/regime=easy/d=10/num_cycles=3/density=0.3/samp_size=1000/seed=0/method=lacerda/metrics.csv, results/synth/regime=easy/d=10/num_cycles=3/density=0.3/samp_size=1000/seed=1/method=lacerda/metrics.csv, results/synth/regime=easy/d=10/num_cycles=3/density=0.3/samp_size=1000/seed=2/method=lacerda/metrics.csv, results/synth/regime=easy/d=10/num_cycles=4/density=0.3/samp_size=50/seed=0/method=lacerda/metrics.csv, results/synth/regime=easy/d=10/num_cycles=4/density=0.3/samp_size=50/seed=1/method=lacerda/metrics.csv, results/synth/regime=easy/d=10/num_cycles=4/density=0.3/samp_size=50/seed=2/method=lacerda/metrics.csv, results/synth/regime=easy/d=10/num_cycles=4/density=0.3/samp_size=100/seed=0/method=lacerda/metrics.csv, results/synth/regime=easy/d=10/num_cycles=4/density=0.3/samp_size=100/seed=1/method=lacerda/metrics.csv, results/synth/regime=easy/d=10/num_cycles=4/density=0.3/samp_size=100/seed=2/method=lacerda/metrics.csv, results/synth/regime=easy/d=10/num_cycles=4/density=0.3/samp_size=500/seed=0/method=lacerda/metrics.csv, results/synth/regime=easy/d=10/num_cycles=4/density=0.3/samp_size=500/seed=1/method=lacerda/metrics.csv, results/synth/regime=easy/d=10/num_cycles=4/density=0.3/samp_size=500/seed=2/method=lacerda/metrics.csv, results/synth/regime=easy/d=10/num_cycles=4/density=0.3/samp_size=1000/seed=0/method=lacerda/metrics.csv, results/synth/regime=easy/d=10/num_cycles=4/density=0.3/samp_size=1000/seed=1/method=lacerda/metrics.csv, results/synth/regime=easy/d=10/num_cycles=4/density=0.3/samp_size=1000/seed=2/method=lacerda/metrics.csv, results/synth/regime=easy/d=10/num_cycles=5/density=0.3/samp_size=50/seed=0/method=lacerda/metrics.csv, results/synth/regime=easy/d=10/num_cycles=5/density=0.3/samp_size=50/seed=1/method=lacerda/metrics.csv, results/synth/regime=easy/d=10/num_cycles=5/density=0.3/samp_size=50/seed=2/method=lacerda/metrics.csv, results/synth/regime=easy/d=10/num_cycles=5/density=0.3/samp_size=100/seed=0/method=lacerda/metrics.csv, results/synth/regime=easy/d=10/num_cycles=5/density=0.3/samp_size=100/seed=1/method=lacerda/metrics.csv, results/synth/regime=easy/d=10/num_cycles=5/density=0.3/samp_size=100/seed=2/method=lacerda/metrics.csv, results/synth/regime=easy/d=10/num_cycles=5/density=0.3/samp_size=500/seed=0/method=lacerda/metrics.csv, results/synth/regime=easy/d=10/num_cycles=5/density=0.3/samp_size=500/seed=1/method=lacerda/metrics.csv, results/synth/regime=easy/d=10/num_cycles=5/density=0.3/samp_size=500/seed=2/method=lacerda/metrics.csv, results/synth/regime=easy/d=10/num_cycles=5/density=0.3/samp_size=1000/seed=0/method=lacerda/metrics.csv, results/synth/regime=easy/d=10/num_cycles=5/density=0.3/samp_size=1000/seed=1/method=lacerda/metrics.csv, results/synth/regime=easy/d=10/num_cycles=5/density=0.3/samp_size=1000/seed=2/method=lacerda/metrics.csv, results/synth/regime=easy/d=10/num_cycles=3/density=0.3/samp_size=50/seed=0/method=lacerda_prune/metrics.csv, results/synth/regime=easy/d=10/num_cycles=3/density=0.3/samp_size=50/seed=1/method=lacerda_prune/metrics.csv, results/synth/regime=easy/d=10/num_cycles=3/density=0.3/samp_size=50/seed=2/method=lacerda_prune/metrics.csv, results/synth/regime=easy/d=10/num_cycles=3/density=0.3/samp_size=100/seed=0/method=lacerda_prune/metrics.csv, results/synth/regime=easy/d=10/num_cycles=3/density=0.3/samp_size=100/seed=1/method=lacerda_prune/metrics.csv, results/synth/regime=easy/d=10/num_cycles=3/density=0.3/samp_size=100/seed=2/method=lacerda_prune/metrics.csv, results/synth/regime=easy/d=10/num_cycles=3/density=0.3/samp_size=500/seed=0/method=lacerda_prune/metrics.csv, results/synth/regime=easy/d=10/num_cycles=3/density=0.3/samp_size=500/seed=1/method=lacerda_prune/metrics.csv, results/synth/regime=easy/d=10/num_cycles=3/density=0.3/samp_size=500/seed=2/method=lacerda_prune/metrics.csv, results/synth/regime=easy/d=10/num_cycles=3/density=0.3/samp_size=1000/seed=0/method=lacerda_prune/metrics.csv, results/synth/regime=easy/d=10/num_cycles=3/density=0.3/samp_size=1000/seed=1/method=lacerda_prune/metrics.csv, results/synth/regime=easy/d=10/num_cycles=3/density=0.3/samp_size=1000/seed=2/method=lacerda_prune/metrics.csv, results/synth/regime=easy/d=10/num_cycles=4/density=0.3/samp_size=50/seed=0/method=lacerda_prune/metrics.csv, results/synth/regime=easy/d=10/num_cycles=4/density=0.3/samp_size=50/seed=1/method=lacerda_prune/metrics.csv, results/synth/regime=easy/d=10/num_cycles=4/density=0.3/samp_size=50/seed=2/method=lacerda_prune/metrics.csv, results/synth/regime=easy/d=10/num_cycles=4/density=0.3/samp_size=100/seed=0/method=lacerda_prune/metrics.csv, results/synth/regime=easy/d=10/num_cycles=4/density=0.3/samp_size=100/seed=1/method=lacerda_prune/metrics.csv, results/synth/regime=easy/d=10/num_cycles=4/density=0.3/samp_size=100/seed=2/method=lacerda_prune/metrics.csv, results/synth/regime=easy/d=10/num_cycles=4/density=0.3/samp_size=500/seed=0/method=lacerda_prune/metrics.csv, results/synth/regime=easy/d=10/num_cycles=4/density=0.3/samp_size=500/seed=1/method=lacerda_prune/metrics.csv, results/synth/regime=easy/d=10/num_cycles=4/density=0.3/samp_size=500/seed=2/method=lacerda_prune/metrics.csv, results/synth/regime=easy/d=10/num_cycles=4/density=0.3/samp_size=1000/seed=0/method=lacerda_prune/metrics.csv, results/synth/regime=easy/d=10/num_cycles=4/density=0.3/samp_size=1000/seed=1/method=lacerda_prune/metrics.csv, results/synth/regime=easy/d=10/num_cycles=4/density=0.3/samp_size=1000/seed=2/method=lacerda_prune/metrics.csv, results/synth/regime=easy/d=10/num_cycles=5/density=0.3/samp_size=50/seed=0/method=lacerda_prune/metrics.csv, results/synth/regime=easy/d=10/num_cycles=5/density=0.3/samp_size=50/seed=1/method=lacerda_prune/metrics.csv, results/synth/regime=easy/d=10/num_cycles=5/density=0.3/samp_size=50/seed=2/method=lacerda_prune/metrics.csv, results/synth/regime=easy/d=10/num_cycles=5/density=0.3/samp_size=100/seed=0/method=lacerda_prune/metrics.csv, results/synth/regime=easy/d=10/num_cycles=5/density=0.3/samp_size=100/seed=1/method=lacerda_prune/metrics.csv, results/synth/regime=easy/d=10/num_cycles=5/density=0.3/samp_size=100/seed=2/method=lacerda_prune/metrics.csv, results/synth/regime=easy/d=10/num_cycles=5/density=0.3/samp_size=500/seed=0/method=lacerda_prune/metrics.csv, results/synth/regime=easy/d=10/num_cycles=5/density=0.3/samp_size=500/seed=1/method=lacerda_prune/metrics.csv, results/synth/regime=easy/d=10/num_cycles=5/density=0.3/samp_size=500/seed=2/method=lacerda_prune/metrics.csv, results/synth/regime=easy/d=10/num_cycles=5/density=0.3/samp_size=1000/seed=0/method=lacerda_prune/metrics.csv, results/synth/regime=easy/d=10/num_cycles=5/density=0.3/samp_size=1000/seed=1/method=lacerda_prune/metrics.csv, results/synth/regime=easy/d=10/num_cycles=5/density=0.3/samp_size=1000/seed=2/method=lacerda_prune/metrics.csv, results/synth/regime=easy/d=10/num_cycles=3/density=0.3/samp_size=50/seed=0/method=lacerda_repare/metrics.csv, results/synth/regime=easy/d=10/num_cycles=3/density=0.3/samp_size=50/seed=1/method=lacerda_repare/metrics.csv, results/synth/regime=easy/d=10/num_cycles=3/density=0.3/samp_size=50/seed=2/method=lacerda_repare/metrics.csv, results/synth/regime=easy/d=10/num_cycles=3/density=0.3/samp_size=100/seed=0/method=lacerda_repare/metrics.csv, results/synth/regime=easy/d=10/num_cycles=3/density=0.3/samp_size=100/seed=1/method=lacerda_repare/metrics.csv, results/synth/regime=easy/d=10/num_cycles=3/density=0.3/samp_size=100/seed=2/method=lacerda_repare/metrics.csv, results/synth/regime=easy/d=10/num_cycles=3/density=0.3/samp_size=500/seed=0/method=lacerda_repare/metrics.csv, results/synth/regime=easy/d=10/num_cycles=3/density=0.3/samp_size=500/seed=1/method=lacerda_repare/metrics.csv, results/synth/regime=easy/d=10/num_cycles=3/density=0.3/samp_size=500/seed=2/method=lacerda_repare/metrics.csv, results/synth/regime=easy/d=10/num_cycles=3/density=0.3/samp_size=1000/seed=0/method=lacerda_repare/metrics.csv, results/synth/regime=easy/d=10/num_cycles=3/density=0.3/samp_size=1000/seed=1/method=lacerda_repare/metrics.csv, results/synth/regime=easy/d=10/num_cycles=3/density=0.3/samp_size=1000/seed=2/method=lacerda_repare/metrics.csv, results/synth/regime=easy/d=10/num_cycles=4/density=0.3/samp_size=50/seed=0/method=lacerda_repare/metrics.csv, results/synth/regime=easy/d=10/num_cycles=4/density=0.3/samp_size=50/seed=1/method=lacerda_repare/metrics.csv, results/synth/regime=easy/d=10/num_cycles=4/density=0.3/samp_size=50/seed=2/method=lacerda_repare/metrics.csv, results/synth/regime=easy/d=10/num_cycles=4/density=0.3/samp_size=100/seed=0/method=lacerda_repare/metrics.csv, results/synth/regime=easy/d=10/num_cycles=4/density=0.3/samp_size=100/seed=1/method=lacerda_repare/metrics.csv, results/synth/regime=easy/d=10/num_cycles=4/density=0.3/samp_size=100/seed=2/method=lacerda_repare/metrics.csv, results/synth/regime=easy/d=10/num_cycles=4/density=0.3/samp_size=500/seed=0/method=lacerda_repare/metrics.csv, results/synth/regime=easy/d=10/num_cycles=4/density=0.3/samp_size=500/seed=1/method=lacerda_repare/metrics.csv, results/synth/regime=easy/d=10/num_cycles=4/density=0.3/samp_size=500/seed=2/method=lacerda_repare/metrics.csv, results/synth/regime=easy/d=10/num_cycles=4/density=0.3/samp_size=1000/seed=0/method=lacerda_repare/metrics.csv, results/synth/regime=easy/d=10/num_cycles=4/density=0.3/samp_size=1000/seed=1/method=lacerda_repare/metrics.csv, results/synth/regime=easy/d=10/num_cycles=4/density=0.3/samp_size=1000/seed=2/method=lacerda_repare/metrics.csv, results/synth/regime=easy/d=10/num_cycles=5/density=0.3/samp_size=50/seed=0/method=lacerda_repare/metrics.csv, results/synth/regime=easy/d=10/num_cycles=5/density=0.3/samp_size=50/seed=1/method=lacerda_repare/metrics.csv, results/synth/regime=easy/d=10/num_cycles=5/density=0.3/samp_size=50/seed=2/method=lacerda_repare/metrics.csv, results/synth/regime=easy/d=10/num_cycles=5/density=0.3/samp_size=100/seed=0/method=lacerda_repare/metrics.csv, results/synth/regime=easy/d=10/num_cycles=5/density=0.3/samp_size=100/seed=1/method=lacerda_repare/metrics.csv, results/synth/regime=easy/d=10/num_cycles=5/density=0.3/samp_size=100/seed=2/method=lacerda_repare/metrics.csv, results/synth/regime=easy/d=10/num_cycles=5/density=0.3/samp_size=500/seed=0/method=lacerda_repare/metrics.csv, results/synth/regime=easy/d=10/num_cycles=5/density=0.3/samp_size=500/seed=1/method=lacerda_repare/metrics.csv, results/synth/regime=easy/d=10/num_cycles=5/density=0.3/samp_size=500/seed=2/method=lacerda_repare/metrics.csv, results/synth/regime=easy/d=10/num_cycles=5/density=0.3/samp_size=1000/seed=0/method=lacerda_repare/metrics.csv, results/synth/regime=easy/d=10/num_cycles=5/density=0.3/samp_size=1000/seed=1/method=lacerda_repare/metrics.csv, results/synth/regime=easy/d=10/num_cycles=5/density=0.3/samp_size=1000/seed=2/method=lacerda_repare/metrics.csv
    output: results/synth_main_regime=easy_density=0.3.pdf
    jobid: 253
    reason: Input files updated by another job: results/synth/regime=easy/d=10/num_cycles=5/density=0.3/samp_size=50/seed=0/method=lacerda/metrics.csv, results/synth/regime=easy/d=10/num_cycles=4/density=0.3/samp_size=50/seed=0/method=lacerda/metrics.csv, results/synth/regime=easy/d=10/num_cycles=3/density=0.3/samp_size=50/seed=1/method=lacerda/metrics.csv, results/synth/regime=easy/d=10/num_cycles=4/density=0.3/samp_size=100/seed=0/method=lacerda_prune/metrics.csv, results/synth/regime=easy/d=10/num_cycles=4/density=0.3/samp_size=100/seed=0/method=lacerda_repare/metrics.csv, results/synth/regime=easy/d=10/num_cycles=4/density=0.3/samp_size=500/seed=0/method=lacerda_repare/metrics.csv, results/synth/regime=easy/d=10/num_cycles=3/density=0.3/samp_size=100/seed=0/method=lacerda/metrics.csv, results/synth/regime=easy/d=10/num_cycles=5/density=0.3/samp_size=500/seed=0/method=lacerda_prune/metrics.csv, results/synth/regime=easy/d=10/num_cycles=5/density=0.3/samp_size=100/seed=1/method=lacerda_repare/metrics.csv, results/synth/regime=easy/d=10/num_cycles=4/density=0.3/samp_size=50/seed=0/method=lacerda_repare/metrics.csv, results/synth/regime=easy/d=10/num_cycles=3/density=0.3/samp_size=100/seed=1/method=lacerda_repare/metrics.csv, results/synth/regime=easy/d=10/num_cycles=3/density=0.3/samp_size=500/seed=2/method=lacerda/metrics.csv, results/synth/regime=easy/d=10/num_cycles=5/density=0.3/samp_size=100/seed=0/method=lacerda/metrics.csv, results/synth/regime=easy/d=10/num_cycles=4/density=0.3/samp_size=100/seed=1/method=lacerda/metrics.csv, results/synth/regime=easy/d=10/num_cycles=5/density=0.3/samp_size=100/seed=1/method=lacerda_prune/metrics.csv, results/synth/regime=easy/d=10/num_cycles=5/density=0.3/samp_size=500/seed=1/method=lacerda/metrics.csv, results/synth/regime=easy/d=10/num_cycles=3/density=0.3/samp_size=50/seed=2/method=lacerda/metrics.csv, results/synth/regime=easy/d=10/num_cycles=4/density=0.3/samp_size=50/seed=1/method=lacerda_repare/metrics.csv, results/synth/regime=easy/d=10/num_cycles=5/density=0.3/samp_size=50/seed=0/method=lacerda_prune/metrics.csv, results/synth/regime=easy/d=10/num_cycles=4/density=0.3/samp_size=50/seed=0/method=lacerda_prune/metrics.csv, results/synth/regime=easy/d=10/num_cycles=4/density=0.3/samp_size=500/seed=1/method=lacerda_prune/metrics.csv, results/synth/regime=easy/d=10/num_cycles=3/density=0.3/samp_size=100/seed=2/method=lacerda_prune/metrics.csv, results/synth/regime=easy/d=10/num_cycles=5/density=0.3/samp_size=500/seed=0/method=lacerda_repare/metrics.csv, results/synth/regime=easy/d=10/num_cycles=4/density=0.3/samp_size=500/seed=1/method=lacerda_repare/metrics.csv, results/synth/regime=easy/d=10/num_cycles=4/density=0.3/samp_size=50/seed=2/method=lacerda_repare/metrics.csv, results/synth/regime=easy/d=10/num_cycles=3/density=0.3/samp_size=1000/seed=2/method=lacerda_repare/metrics.csv, results/synth/regime=easy/d=10/num_cycles=4/density=0.3/samp_size=500/seed=0/method=lacerda/metrics.csv, results/synth/regime=easy/d=10/num_cycles=5/density=0.3/samp_size=1000/seed=1/method=lacerda/metrics.csv, results/synth/regime=easy/d=10/num_cycles=3/density=0.3/samp_size=500/seed=0/method=lacerda_prune/metrics.csv, results/synth/regime=easy/d=10/num_cycles=5/density=0.3/samp_size=100/seed=0/method=lacerda_prune/metrics.csv, results/synth/regime=easy/d=10/num_cycles=3/density=0.3/samp_size=100/seed=2/method=lacerda/metrics.csv, results/synth/regime=easy/d=10/num_cycles=4/density=0.3/samp_size=500/seed=1/method=lacerda/metrics.csv, results/synth/regime=easy/d=10/num_cycles=5/density=0.3/samp_size=500/seed=2/method=lacerda_prune/metrics.csv, results/synth/regime=easy/d=10/num_cycles=4/density=0.3/samp_size=1000/seed=2/method=lacerda_repare/metrics.csv, results/synth/regime=easy/d=10/num_cycles=4/density=0.3/samp_size=1000/seed=2/method=lacerda_prune/metrics.csv, results/synth/regime=easy/d=10/num_cycles=5/density=0.3/samp_size=100/seed=1/method=lacerda/metrics.csv, results/synth/regime=easy/d=10/num_cycles=4/density=0.3/samp_size=500/seed=2/method=lacerda/metrics.csv, results/synth/regime=easy/d=10/num_cycles=5/density=0.3/samp_size=100/seed=0/method=lacerda_repare/metrics.csv, results/synth/regime=easy/d=10/num_cycles=4/density=0.3/samp_size=50/seed=2/method=lacerda/metrics.csv, results/synth/regime=easy/d=10/num_cycles=3/density=0.3/samp_size=50/seed=1/method=lacerda_prune/metrics.csv, results/synth/regime=easy/d=10/num_cycles=3/density=0.3/samp_size=1000/seed=1/method=lacerda/metrics.csv, results/synth/regime=easy/d=10/num_cycles=5/density=0.3/samp_size=100/seed=2/method=lacerda_prune/metrics.csv, results/synth/regime=easy/d=10/num_cycles=3/density=0.3/samp_size=1000/seed=0/method=lacerda_prune/metrics.csv, results/synth/regime=easy/d=10/num_cycles=4/density=0.3/samp_size=500/seed=2/method=lacerda_repare/metrics.csv, results/synth/regime=easy/d=10/num_cycles=4/density=0.3/samp_size=1000/seed=1/method=lacerda_prune/metrics.csv, results/synth/regime=easy/d=10/num_cycles=5/density=0.3/samp_size=1000/seed=1/method=lacerda_repare/metrics.csv, results/synth/regime=easy/d=10/num_cycles=3/density=0.3/samp_size=1000/seed=2/method=lacerda_prune/metrics.csv, results/synth/regime=easy/d=10/num_cycles=3/density=0.3/samp_size=100/seed=2/method=lacerda_repare/metrics.csv, results/synth/regime=easy/d=10/num_cycles=4/density=0.3/samp_size=50/seed=1/method=lacerda/metrics.csv, results/synth/regime=easy/d=10/num_cycles=5/density=0.3/samp_size=50/seed=1/method=lacerda_repare/metrics.csv, results/synth/regime=easy/d=10/num_cycles=4/density=0.3/samp_size=1000/seed=2/method=lacerda/metrics.csv, results/synth/regime=easy/d=10/num_cycles=3/density=0.3/samp_size=50/seed=0/method=lacerda_repare/metrics.csv, results/synth/regime=easy/d=10/num_cycles=4/density=0.3/samp_size=100/seed=2/method=lacerda/metrics.csv, results/synth/regime=easy/d=10/num_cycles=3/density=0.3/samp_size=1000/seed=1/method=lacerda_repare/metrics.csv, results/synth/regime=easy/d=10/num_cycles=5/density=0.3/samp_size=50/seed=0/method=lacerda_repare/metrics.csv, results/synth/regime=easy/d=10/num_cycles=4/density=0.3/samp_size=500/seed=0/method=lacerda_prune/metrics.csv, results/synth/regime=easy/d=10/num_cycles=3/density=0.3/samp_size=500/seed=0/method=lacerda_repare/metrics.csv, results/synth/regime=easy/d=10/num_cycles=3/density=0.3/samp_size=500/seed=2/method=lacerda_prune/metrics.csv, results/synth/regime=easy/d=10/num_cycles=4/density=0.3/samp_size=500/seed=2/method=lacerda_prune/metrics.csv, results/synth/regime=easy/d=10/num_cycles=3/density=0.3/samp_size=100/seed=1/method=lacerda_prune/metrics.csv, results/synth/regime=easy/d=10/num_cycles=5/density=0.3/samp_size=1000/seed=0/method=lacerda_prune/metrics.csv, results/synth/regime=easy/d=10/num_cycles=5/density=0.3/samp_size=1000/seed=2/method=lacerda_repare/metrics.csv, results/synth/regime=easy/d=10/num_cycles=5/density=0.3/samp_size=1000/seed=0/method=lacerda_repare/metrics.csv, results/synth/regime=easy/d=10/num_cycles=3/density=0.3/samp_size=500/seed=0/method=lacerda/metrics.csv, results/synth/regime=easy/d=10/num_cycles=5/density=0.3/samp_size=100/seed=2/method=lacerda_repare/metrics.csv, results/synth/regime=easy/d=10/num_cycles=3/density=0.3/samp_size=50/seed=0/method=lacerda_prune/metrics.csv, results/synth/regime=easy/d=10/num_cycles=5/density=0.3/samp_size=50/seed=2/method=lacerda_repare/metrics.csv, results/synth/regime=easy/d=10/num_cycles=3/density=0.3/samp_size=100/seed=0/method=lacerda_prune/metrics.csv, results/synth/regime=easy/d=10/num_cycles=5/density=0.3/samp_size=50/seed=1/method=lacerda_prune/metrics.csv, results/synth/regime=easy/d=10/num_cycles=5/density=0.3/samp_size=50/seed=2/method=lacerda/metrics.csv, results/synth/regime=easy/d=10/num_cycles=3/density=0.3/samp_size=50/seed=2/method=lacerda_repare/metrics.csv, results/synth/regime=easy/d=10/num_cycles=4/density=0.3/samp_size=100/seed=2/method=lacerda_repare/metrics.csv, results/synth/regime=easy/d=10/num_cycles=4/density=0.3/samp_size=100/seed=0/method=lacerda/metrics.csv, results/synth/regime=easy/d=10/num_cycles=4/density=0.3/samp_size=1000/seed=0/method=lacerda_repare/metrics.csv, results/synth/regime=easy/d=10/num_cycles=5/density=0.3/samp_size=50/seed=1/method=lacerda/metrics.csv, results/synth/regime=easy/d=10/num_cycles=5/density=0.3/samp_size=1000/seed=2/method=lacerda/metrics.csv, results/synth/regime=easy/d=10/num_cycles=5/density=0.3/samp_size=100/seed=2/method=lacerda/metrics.csv, results/synth/regime=easy/d=10/num_cycles=3/density=0.3/samp_size=1000/seed=0/method=lacerda_repare/metrics.csv, results/synth/regime=easy/d=10/num_cycles=5/density=0.3/samp_size=500/seed=0/method=lacerda/metrics.csv, results/synth/regime=easy/d=10/num_cycles=3/density=0.3/samp_size=100/seed=1/method=lacerda/metrics.csv, results/synth/regime=easy/d=10/num_cycles=3/density=0.3/samp_size=500/seed=2/method=lacerda_repare/metrics.csv, results/synth/regime=easy/d=10/num_cycles=3/density=0.3/samp_size=500/seed=1/method=lacerda/metrics.csv, results/synth/regime=easy/d=10/num_cycles=3/density=0.3/samp_size=1000/seed=1/method=lacerda_prune/metrics.csv, results/synth/regime=easy/d=10/num_cycles=4/density=0.3/samp_size=1000/seed=0/method=lacerda/metrics.csv, results/synth/regime=easy/d=10/num_cycles=5/density=0.3/samp_size=500/seed=1/method=lacerda_prune/metrics.csv, results/synth/regime=easy/d=10/num_cycles=3/density=0.3/samp_size=1000/seed=2/method=lacerda/metrics.csv, results/synth/regime=easy/d=10/num_cycles=4/density=0.3/samp_size=1000/seed=0/method=lacerda_prune/metrics.csv, results/synth/regime=easy/d=10/num_cycles=3/density=0.3/samp_size=500/seed=1/method=lacerda_repare/metrics.csv, results/synth/regime=easy/d=10/num_cycles=3/density=0.3/samp_size=100/seed=0/method=lacerda_repare/metrics.csv, results/synth/regime=easy/d=10/num_cycles=3/density=0.3/samp_size=50/seed=0/method=lacerda/metrics.csv, results/synth/regime=easy/d=10/num_cycles=4/density=0.3/samp_size=100/seed=1/method=lacerda_repare/metrics.csv, results/synth/regime=easy/d=10/num_cycles=5/density=0.3/samp_size=500/seed=2/method=lacerda_repare/metrics.csv, results/synth/regime=easy/d=10/num_cycles=3/density=0.3/samp_size=1000/seed=0/method=lacerda/metrics.csv, results/synth/regime=easy/d=10/num_cycles=5/density=0.3/samp_size=50/seed=2/method=lacerda_prune/metrics.csv, results/synth/regime=easy/d=10/num_cycles=5/density=0.3/samp_size=1000/seed=1/method=lacerda_prune/metrics.csv, results/synth/regime=easy/d=10/num_cycles=5/density=0.3/samp_size=500/seed=1/method=lacerda_repare/metrics.csv, results/synth/regime=easy/d=10/num_cycles=4/density=0.3/samp_size=1000/seed=1/method=lacerda_repare/metrics.csv, results/synth/regime=easy/d=10/num_cycles=4/density=0.3/samp_size=100/seed=1/method=lacerda_prune/metrics.csv, results/synth/regime=easy/d=10/num_cycles=4/density=0.3/samp_size=1000/seed=1/method=lacerda/metrics.csv, results/synth/regime=easy/d=10/num_cycles=3/density=0.3/samp_size=50/seed=2/method=lacerda_prune/metrics.csv, results/synth/regime=easy/d=10/num_cycles=4/density=0.3/samp_size=50/seed=1/method=lacerda_prune/metrics.csv, results/synth/regime=easy/d=10/num_cycles=4/density=0.3/samp_size=100/seed=2/method=lacerda_prune/metrics.csv, results/synth/regime=easy/d=10/num_cycles=3/density=0.3/samp_size=500/seed=1/method=lacerda_prune/metrics.csv, results/synth/regime=easy/d=10/num_cycles=5/density=0.3/samp_size=1000/seed=2/method=lacerda_prune/metrics.csv, results/synth/regime=easy/d=10/num_cycles=5/density=0.3/samp_size=500/seed=2/method=lacerda/metrics.csv, results/synth/regime=easy/d=10/num_cycles=5/density=0.3/samp_size=1000/seed=0/method=lacerda/metrics.csv, results/synth/regime=easy/d=10/num_cycles=4/density=0.3/samp_size=50/seed=2/method=lacerda_prune/metrics.csv, results/synth/regime=easy/d=10/num_cycles=3/density=0.3/samp_size=50/seed=1/method=lacerda_repare/metrics.csv
    wildcards: regime=easy, density=0.3
    resources: tmpdir=/tmp
[Wed Apr 29 11:30:29 2026]
Finished jobid: 506 (Rule: synth_plot)
649 of 651 steps (99.7%) done
[Wed Apr 29 11:30:30 2026]
Finished jobid: 0 (Rule: synth_plot)
650 of 651 steps (99.8%) done
[Wed Apr 29 11:30:30 2026]
Finished jobid: 253 (Rule: synth_plot)
651 of 651 steps (100%) done
Complete log(s): /home/fmfsa/Repositories/repare_cycle/src/expt/workflow/.snakemake/log/2026-04-29T112902.186617.snakemake.log
