Assuming unrestricted shared filesystem usage.
host: AICheetah
Building DAG of jobs...
Using shell: /usr/bin/bash
Provided cores: 32
Rules claiming more threads will be scaled down.
Job stats:
job               count
--------------  -------
synth_fit            72
synth_evaluate       72
synth_plot            2
all                   1
total               147

Select jobs to execute...
Execute 32 jobs...
[Wed Apr 29 22:32:26 2026]
localrule synth_fit:
    input: results/synth/regime=easy/d=10/num_cycles=3/density=0.5/samp_size=500/seed=0/dataset.npz
    output: results/synth/regime=easy/d=10/num_cycles=3/density=0.5/samp_size=500/seed=0/method=lacerda/model.pkl
    jobid: 131
    reason: Code has changed since last execution; Params have changed since last execution: Union of exclusive params before and now across all output: before: 0.01,[0.01, 0.05, 0.1],[0.05, 0.1, 0.15, 0.2],'hsic' now: <nothing exclusive> 
    wildcards: regime=easy, d=10, num_cycles=3, density=0.5, samp_size=500, seed=0, method=lacerda
    resources: tmpdir=/tmp
[Wed Apr 29 22:32:26 2026]
localrule synth_fit:
    input: results/synth/regime=easy/d=10/num_cycles=4/density=0.5/samp_size=1000/seed=0/dataset.npz
    output: results/synth/regime=easy/d=10/num_cycles=4/density=0.5/samp_size=1000/seed=0/method=lacerda/model.pkl
    jobid: 176
    reason: Code has changed since last execution; Params have changed since last execution: Union of exclusive params before and now across all output: before: 0.01,[0.01, 0.05, 0.1],[0.05, 0.1, 0.15, 0.2],'hsic' now: <nothing exclusive> 
    wildcards: regime=easy, d=10, num_cycles=4, density=0.5, samp_size=1000, seed=0, method=lacerda
    resources: tmpdir=/tmp
[Wed Apr 29 22:32:26 2026]
localrule synth_fit:
    input: results/synth/regime=easy/d=10/num_cycles=5/density=0.8/samp_size=100/seed=0/dataset.npz
    output: results/synth/regime=easy/d=10/num_cycles=5/density=0.8/samp_size=100/seed=0/method=lacerda/model.pkl
    jobid: 303
    reason: Code has changed since last execution; Params have changed since last execution: Union of exclusive params before and now across all output: before: 0.01,[0.01, 0.05, 0.1],[0.05, 0.1, 0.15, 0.2],'hsic' now: <nothing exclusive> 
    wildcards: regime=easy, d=10, num_cycles=5, density=0.8, samp_size=100, seed=0, method=lacerda
    resources: tmpdir=/tmp
[Wed Apr 29 22:32:26 2026]
localrule synth_fit:
    input: results/synth/regime=easy/d=10/num_cycles=5/density=0.8/samp_size=500/seed=1/dataset.npz
    output: results/synth/regime=easy/d=10/num_cycles=5/density=0.8/samp_size=500/seed=1/method=lacerda/model.pkl
    jobid: 315
    reason: Code has changed since last execution; Params have changed since last execution: Union of exclusive params before and now across all output: before: 0.01,[0.01, 0.05, 0.1],[0.05, 0.1, 0.15, 0.2],'hsic' now: <nothing exclusive> 
    wildcards: regime=easy, d=10, num_cycles=5, density=0.8, samp_size=500, seed=1, method=lacerda
    resources: tmpdir=/tmp
[Wed Apr 29 22:32:26 2026]
localrule synth_fit:
    input: results/synth/regime=easy/d=10/num_cycles=5/density=0.8/samp_size=50/seed=1/dataset.npz
    output: results/synth/regime=easy/d=10/num_cycles=5/density=0.8/samp_size=50/seed=1/method=lacerda/model.pkl
    jobid: 297
    reason: Code has changed since last execution; Params have changed since last execution: Union of exclusive params before and now across all output: before: 0.01,[0.01, 0.05, 0.1],[0.05, 0.1, 0.15, 0.2],'hsic' now: <nothing exclusive> 
    wildcards: regime=easy, d=10, num_cycles=5, density=0.8, samp_size=50, seed=1, method=lacerda
    resources: tmpdir=/tmp
[Wed Apr 29 22:32:26 2026]
localrule synth_fit:
    input: results/synth/regime=easy/d=10/num_cycles=3/density=0.8/samp_size=1000/seed=1/dataset.npz
    output: results/synth/regime=easy/d=10/num_cycles=3/density=0.8/samp_size=1000/seed=1/method=lacerda/model.pkl
    jobid: 252
    reason: Code has changed since last execution; Params have changed since last execution: Union of exclusive params before and now across all output: before: 0.01,[0.01, 0.05, 0.1],[0.05, 0.1, 0.15, 0.2],'hsic' now: <nothing exclusive> 
    wildcards: regime=easy, d=10, num_cycles=3, density=0.8, samp_size=1000, seed=1, method=lacerda
    resources: tmpdir=/tmp
[Wed Apr 29 22:32:26 2026]
localrule synth_fit:
    input: results/synth/regime=easy/d=10/num_cycles=3/density=0.5/samp_size=500/seed=2/dataset.npz
    output: results/synth/regime=easy/d=10/num_cycles=3/density=0.5/samp_size=500/seed=2/method=lacerda/model.pkl
    jobid: 137
    reason: Code has changed since last execution; Params have changed since last execution: Union of exclusive params before and now across all output: before: 0.01,[0.01, 0.05, 0.1],[0.05, 0.1, 0.15, 0.2],'hsic' now: <nothing exclusive> 
    wildcards: regime=easy, d=10, num_cycles=3, density=0.5, samp_size=500, seed=2, method=lacerda
    resources: tmpdir=/tmp
[Wed Apr 29 22:32:26 2026]
localrule synth_fit:
    input: results/synth/regime=easy/d=10/num_cycles=4/density=0.8/samp_size=50/seed=2/dataset.npz
    output: results/synth/regime=easy/d=10/num_cycles=4/density=0.8/samp_size=50/seed=2/method=lacerda/model.pkl
    jobid: 264
    reason: Code has changed since last execution; Params have changed since last execution: Union of exclusive params before and now across all output: before: 0.01,[0.01, 0.05, 0.1],[0.05, 0.1, 0.15, 0.2],'hsic' now: <nothing exclusive> 
    wildcards: regime=easy, d=10, num_cycles=4, density=0.8, samp_size=50, seed=2, method=lacerda
    resources: tmpdir=/tmp
[Wed Apr 29 22:32:26 2026]
localrule synth_fit:
    input: results/synth/regime=easy/d=10/num_cycles=4/density=0.5/samp_size=1000/seed=2/dataset.npz
    output: results/synth/regime=easy/d=10/num_cycles=4/density=0.5/samp_size=1000/seed=2/method=lacerda/model.pkl
    jobid: 182
    reason: Code has changed since last execution; Params have changed since last execution: Union of exclusive params before and now across all output: before: 0.01,[0.01, 0.05, 0.1],[0.05, 0.1, 0.15, 0.2],'hsic' now: <nothing exclusive> 
    wildcards: regime=easy, d=10, num_cycles=4, density=0.5, samp_size=1000, seed=2, method=lacerda
    resources: tmpdir=/tmp
[Wed Apr 29 22:32:26 2026]
localrule synth_fit:
    input: results/synth/regime=easy/d=10/num_cycles=5/density=0.8/samp_size=100/seed=2/dataset.npz
    output: results/synth/regime=easy/d=10/num_cycles=5/density=0.8/samp_size=100/seed=2/method=lacerda/model.pkl
    jobid: 309
    reason: Code has changed since last execution; Params have changed since last execution: Union of exclusive params before and now across all output: before: 0.01,[0.01, 0.05, 0.1],[0.05, 0.1, 0.15, 0.2],'hsic' now: <nothing exclusive> 
    wildcards: regime=easy, d=10, num_cycles=5, density=0.8, samp_size=100, seed=2, method=lacerda
    resources: tmpdir=/tmp
[Wed Apr 29 22:32:26 2026]
localrule synth_fit:
    input: results/synth/regime=easy/d=10/num_cycles=3/density=0.8/samp_size=100/seed=1/dataset.npz
    output: results/synth/regime=easy/d=10/num_cycles=3/density=0.8/samp_size=100/seed=1/method=lacerda/model.pkl
    jobid: 234
    reason: Code has changed since last execution; Params have changed since last execution: Union of exclusive params before and now across all output: before: 0.01,[0.01, 0.05, 0.1],[0.05, 0.1, 0.15, 0.2],'hsic' now: <nothing exclusive> 
    wildcards: regime=easy, d=10, num_cycles=3, density=0.8, samp_size=100, seed=1, method=lacerda
    resources: tmpdir=/tmp
[Wed Apr 29 22:32:26 2026]
localrule synth_fit:
    input: results/synth/regime=easy/d=10/num_cycles=5/density=0.5/samp_size=100/seed=0/dataset.npz
    output: results/synth/regime=easy/d=10/num_cycles=5/density=0.5/samp_size=100/seed=0/method=lacerda/model.pkl
    jobid: 194
    reason: Code has changed since last execution; Params have changed since last execution: Union of exclusive params before and now across all output: before: 0.01,[0.01, 0.05, 0.1],[0.05, 0.1, 0.15, 0.2],'hsic' now: <nothing exclusive> 
    wildcards: regime=easy, d=10, num_cycles=5, density=0.5, samp_size=100, seed=0, method=lacerda
    resources: tmpdir=/tmp
[Wed Apr 29 22:32:26 2026]
localrule synth_fit:
    input: results/synth/regime=easy/d=10/num_cycles=5/density=0.8/samp_size=1000/seed=0/dataset.npz
    output: results/synth/regime=easy/d=10/num_cycles=5/density=0.8/samp_size=1000/seed=0/method=lacerda/model.pkl
    jobid: 321
    reason: Code has changed since last execution; Params have changed since last execution: Union of exclusive params before and now across all output: before: 0.01,[0.01, 0.05, 0.1],[0.05, 0.1, 0.15, 0.2],'hsic' now: <nothing exclusive> 
    wildcards: regime=easy, d=10, num_cycles=5, density=0.8, samp_size=1000, seed=0, method=lacerda
    resources: tmpdir=/tmp
[Wed Apr 29 22:32:26 2026]
localrule synth_fit:
    input: results/synth/regime=easy/d=10/num_cycles=4/density=0.5/samp_size=50/seed=0/dataset.npz
    output: results/synth/regime=easy/d=10/num_cycles=4/density=0.5/samp_size=50/seed=0/method=lacerda/model.pkl
    jobid: 149
    reason: Code has changed since last execution; Params have changed since last execution: Union of exclusive params before and now across all output: before: 0.01,[0.01, 0.05, 0.1],[0.05, 0.1, 0.15, 0.2],'hsic' now: <nothing exclusive> 
    wildcards: regime=easy, d=10, num_cycles=4, density=0.5, samp_size=50, seed=0, method=lacerda
    resources: tmpdir=/tmp
[Wed Apr 29 22:32:26 2026]
localrule synth_fit:
    input: results/synth/regime=easy/d=10/num_cycles=4/density=0.8/samp_size=500/seed=0/dataset.npz
    output: results/synth/regime=easy/d=10/num_cycles=4/density=0.8/samp_size=500/seed=0/method=lacerda/model.pkl
    jobid: 276
    reason: Code has changed since last execution; Params have changed since last execution: Union of exclusive params before and now across all output: before: 0.01,[0.01, 0.05, 0.1],[0.05, 0.1, 0.15, 0.2],'hsic' now: <nothing exclusive> 
    wildcards: regime=easy, d=10, num_cycles=4, density=0.8, samp_size=500, seed=0, method=lacerda
    resources: tmpdir=/tmp
[Wed Apr 29 22:32:26 2026]
localrule synth_fit:
    input: results/synth/regime=easy/d=10/num_cycles=3/density=0.8/samp_size=100/seed=0/dataset.npz
    output: results/synth/regime=easy/d=10/num_cycles=3/density=0.8/samp_size=100/seed=0/method=lacerda/model.pkl
    jobid: 231
    reason: Code has changed since last execution; Params have changed since last execution: Union of exclusive params before and now across all output: before: 0.01,[0.01, 0.05, 0.1],[0.05, 0.1, 0.15, 0.2],'hsic' now: <nothing exclusive> 
    wildcards: regime=easy, d=10, num_cycles=3, density=0.8, samp_size=100, seed=0, method=lacerda
    resources: tmpdir=/tmp
[Wed Apr 29 22:32:26 2026]
localrule synth_fit:
    input: results/synth/regime=easy/d=10/num_cycles=3/density=0.5/samp_size=50/seed=1/dataset.npz
    output: results/synth/regime=easy/d=10/num_cycles=3/density=0.5/samp_size=50/seed=1/method=lacerda/model.pkl
    jobid: 116
    reason: Code has changed since last execution; Params have changed since last execution: Union of exclusive params before and now across all output: before: 0.01,[0.01, 0.05, 0.1],[0.05, 0.1, 0.15, 0.2],'hsic' now: <nothing exclusive> 
    wildcards: regime=easy, d=10, num_cycles=3, density=0.5, samp_size=50, seed=1, method=lacerda
    resources: tmpdir=/tmp
[Wed Apr 29 22:32:26 2026]
localrule synth_fit:
    input: results/synth/regime=easy/d=10/num_cycles=5/density=0.5/samp_size=500/seed=1/dataset.npz
    output: results/synth/regime=easy/d=10/num_cycles=5/density=0.5/samp_size=500/seed=1/method=lacerda/model.pkl
    jobid: 206
    reason: Code has changed since last execution; Params have changed since last execution: Union of exclusive params before and now across all output: before: 0.01,[0.01, 0.05, 0.1],[0.05, 0.1, 0.15, 0.2],'hsic' now: <nothing exclusive> 
    wildcards: regime=easy, d=10, num_cycles=5, density=0.5, samp_size=500, seed=1, method=lacerda
    resources: tmpdir=/tmp
[Wed Apr 29 22:32:26 2026]
localrule synth_fit:
    input: results/synth/regime=easy/d=10/num_cycles=4/density=0.5/samp_size=100/seed=1/dataset.npz
    output: results/synth/regime=easy/d=10/num_cycles=4/density=0.5/samp_size=100/seed=1/method=lacerda/model.pkl
    jobid: 161
    reason: Code has changed since last execution; Params have changed since last execution: Union of exclusive params before and now across all output: before: 0.01,[0.01, 0.05, 0.1],[0.05, 0.1, 0.15, 0.2],'hsic' now: <nothing exclusive> 
    wildcards: regime=easy, d=10, num_cycles=4, density=0.5, samp_size=100, seed=1, method=lacerda
    resources: tmpdir=/tmp
[Wed Apr 29 22:32:26 2026]
localrule synth_fit:
    input: results/synth/regime=easy/d=10/num_cycles=4/density=0.8/samp_size=1000/seed=1/dataset.npz
    output: results/synth/regime=easy/d=10/num_cycles=4/density=0.8/samp_size=1000/seed=1/method=lacerda/model.pkl
    jobid: 288
    reason: Code has changed since last execution; Params have changed since last execution: Union of exclusive params before and now across all output: before: 0.01,[0.01, 0.05, 0.1],[0.05, 0.1, 0.15, 0.2],'hsic' now: <nothing exclusive> 
    wildcards: regime=easy, d=10, num_cycles=4, density=0.8, samp_size=1000, seed=1, method=lacerda
    resources: tmpdir=/tmp
[Wed Apr 29 22:32:26 2026]
localrule synth_fit:
    input: results/synth/regime=easy/d=10/num_cycles=3/density=0.8/samp_size=500/seed=1/dataset.npz
    output: results/synth/regime=easy/d=10/num_cycles=3/density=0.8/samp_size=500/seed=1/method=lacerda/model.pkl
    jobid: 243
    reason: Code has changed since last execution; Params have changed since last execution: Union of exclusive params before and now across all output: before: 0.01,[0.01, 0.05, 0.1],[0.05, 0.1, 0.15, 0.2],'hsic' now: <nothing exclusive> 
    wildcards: regime=easy, d=10, num_cycles=3, density=0.8, samp_size=500, seed=1, method=lacerda
    resources: tmpdir=/tmp
[Wed Apr 29 22:32:26 2026]
localrule synth_fit:
    input: results/synth/regime=easy/d=10/num_cycles=3/density=0.5/samp_size=100/seed=2/dataset.npz
    output: results/synth/regime=easy/d=10/num_cycles=3/density=0.5/samp_size=100/seed=2/method=lacerda/model.pkl
    jobid: 128
    reason: Code has changed since last execution; Params have changed since last execution: Union of exclusive params before and now across all output: before: 0.01,[0.01, 0.05, 0.1],[0.05, 0.1, 0.15, 0.2],'hsic' now: <nothing exclusive> 
    wildcards: regime=easy, d=10, num_cycles=3, density=0.5, samp_size=100, seed=2, method=lacerda
    resources: tmpdir=/tmp
[Wed Apr 29 22:32:26 2026]
localrule synth_fit:
    input: results/synth/regime=easy/d=10/num_cycles=3/density=0.8/samp_size=1000/seed=2/dataset.npz
    output: results/synth/regime=easy/d=10/num_cycles=3/density=0.8/samp_size=1000/seed=2/method=lacerda/model.pkl
    jobid: 255
    reason: Code has changed since last execution; Params have changed since last execution: Union of exclusive params before and now across all output: before: 0.01,[0.01, 0.05, 0.1],[0.05, 0.1, 0.15, 0.2],'hsic' now: <nothing exclusive> 
    wildcards: regime=easy, d=10, num_cycles=3, density=0.8, samp_size=1000, seed=2, method=lacerda
    resources: tmpdir=/tmp
[Wed Apr 29 22:32:26 2026]
localrule synth_fit:
    input: results/synth/regime=easy/d=10/num_cycles=3/density=0.5/samp_size=1000/seed=0/dataset.npz
    output: results/synth/regime=easy/d=10/num_cycles=3/density=0.5/samp_size=1000/seed=0/method=lacerda/model.pkl
    jobid: 140
    reason: Code has changed since last execution; Params have changed since last execution: Union of exclusive params before and now across all output: before: 0.01,[0.01, 0.05, 0.1],[0.05, 0.1, 0.15, 0.2],'hsic' now: <nothing exclusive> 
    wildcards: regime=easy, d=10, num_cycles=3, density=0.5, samp_size=1000, seed=0, method=lacerda
    resources: tmpdir=/tmp
[Wed Apr 29 22:32:26 2026]
localrule synth_fit:
    input: results/synth/regime=easy/d=10/num_cycles=4/density=0.8/samp_size=100/seed=0/dataset.npz
    output: results/synth/regime=easy/d=10/num_cycles=4/density=0.8/samp_size=100/seed=0/method=lacerda/model.pkl
    jobid: 267
    reason: Code has changed since last execution; Params have changed since last execution: Union of exclusive params before and now across all output: before: 0.01,[0.01, 0.05, 0.1],[0.05, 0.1, 0.15, 0.2],'hsic' now: <nothing exclusive> 
    wildcards: regime=easy, d=10, num_cycles=4, density=0.8, samp_size=100, seed=0, method=lacerda
    resources: tmpdir=/tmp
[Wed Apr 29 22:32:26 2026]
localrule synth_fit:
    input: results/synth/regime=easy/d=10/num_cycles=5/density=0.5/samp_size=50/seed=0/dataset.npz
    output: results/synth/regime=easy/d=10/num_cycles=5/density=0.5/samp_size=50/seed=0/method=lacerda/model.pkl
    jobid: 185
    reason: Code has changed since last execution; Params have changed since last execution: Union of exclusive params before and now across all output: before: 0.01,[0.01, 0.05, 0.1],[0.05, 0.1, 0.15, 0.2],'hsic' now: <nothing exclusive> 
    wildcards: regime=easy, d=10, num_cycles=5, density=0.5, samp_size=50, seed=0, method=lacerda
    resources: tmpdir=/tmp
[Wed Apr 29 22:32:26 2026]
localrule synth_fit:
    input: results/synth/regime=easy/d=10/num_cycles=5/density=0.8/samp_size=500/seed=0/dataset.npz
    output: results/synth/regime=easy/d=10/num_cycles=5/density=0.8/samp_size=500/seed=0/method=lacerda/model.pkl
    jobid: 312
    reason: Code has changed since last execution; Params have changed since last execution: Union of exclusive params before and now across all output: before: 0.01,[0.01, 0.05, 0.1],[0.05, 0.1, 0.15, 0.2],'hsic' now: <nothing exclusive> 
    wildcards: regime=easy, d=10, num_cycles=5, density=0.8, samp_size=500, seed=0, method=lacerda
    resources: tmpdir=/tmp
[Wed Apr 29 22:32:26 2026]
localrule synth_fit:
    input: results/synth/regime=easy/d=10/num_cycles=3/density=0.8/samp_size=50/seed=0/dataset.npz
    output: results/synth/regime=easy/d=10/num_cycles=3/density=0.8/samp_size=50/seed=0/method=lacerda/model.pkl
    jobid: 222
    reason: Code has changed since last execution; Params have changed since last execution: Union of exclusive params before and now across all output: before: 0.01,[0.01, 0.05, 0.1],[0.05, 0.1, 0.15, 0.2],'hsic' now: <nothing exclusive> 
    wildcards: regime=easy, d=10, num_cycles=3, density=0.8, samp_size=50, seed=0, method=lacerda
    resources: tmpdir=/tmp
[Wed Apr 29 22:32:26 2026]
localrule synth_fit:
    input: results/synth/regime=easy/d=10/num_cycles=4/density=0.5/samp_size=50/seed=1/dataset.npz
    output: results/synth/regime=easy/d=10/num_cycles=4/density=0.5/samp_size=50/seed=1/method=lacerda/model.pkl
    jobid: 152
    reason: Code has changed since last execution; Params have changed since last execution: Union of exclusive params before and now across all output: before: 0.01,[0.01, 0.05, 0.1],[0.05, 0.1, 0.15, 0.2],'hsic' now: <nothing exclusive> 
    wildcards: regime=easy, d=10, num_cycles=4, density=0.5, samp_size=50, seed=1, method=lacerda
    resources: tmpdir=/tmp
[Wed Apr 29 22:32:26 2026]
localrule synth_fit:
    input: results/synth/regime=easy/d=10/num_cycles=5/density=0.5/samp_size=100/seed=1/dataset.npz
    output: results/synth/regime=easy/d=10/num_cycles=5/density=0.5/samp_size=100/seed=1/method=lacerda/model.pkl
    jobid: 197
    reason: Code has changed since last execution; Params have changed since last execution: Union of exclusive params before and now across all output: before: 0.01,[0.01, 0.05, 0.1],[0.05, 0.1, 0.15, 0.2],'hsic' now: <nothing exclusive> 
    wildcards: regime=easy, d=10, num_cycles=5, density=0.5, samp_size=100, seed=1, method=lacerda
    resources: tmpdir=/tmp
[Wed Apr 29 22:32:26 2026]
localrule synth_fit:
    input: results/synth/regime=easy/d=10/num_cycles=5/density=0.8/samp_size=1000/seed=1/dataset.npz
    output: results/synth/regime=easy/d=10/num_cycles=5/density=0.8/samp_size=1000/seed=1/method=lacerda/model.pkl
    jobid: 324
    reason: Code has changed since last execution; Params have changed since last execution: Union of exclusive params before and now across all output: before: 0.01,[0.01, 0.05, 0.1],[0.05, 0.1, 0.15, 0.2],'hsic' now: <nothing exclusive> 
    wildcards: regime=easy, d=10, num_cycles=5, density=0.8, samp_size=1000, seed=1, method=lacerda
    resources: tmpdir=/tmp
[Wed Apr 29 22:32:26 2026]
localrule synth_fit:
    input: results/synth/regime=easy/d=10/num_cycles=4/density=0.8/samp_size=500/seed=1/dataset.npz
    output: results/synth/regime=easy/d=10/num_cycles=4/density=0.8/samp_size=500/seed=1/method=lacerda/model.pkl
    jobid: 279
    reason: Code has changed since last execution; Params have changed since last execution: Union of exclusive params before and now across all output: before: 0.01,[0.01, 0.05, 0.1],[0.05, 0.1, 0.15, 0.2],'hsic' now: <nothing exclusive> 
    wildcards: regime=easy, d=10, num_cycles=4, density=0.8, samp_size=500, seed=1, method=lacerda
    resources: tmpdir=/tmp
Select jobs to execute...
[Wed Apr 29 22:32:27 2026]
Finished jobid: 176 (Rule: synth_fit)
1 of 147 steps (1%) done
Execute 1 jobs...
[Wed Apr 29 22:32:27 2026]
localrule synth_fit:
    input: results/synth/regime=easy/d=10/num_cycles=4/density=0.8/samp_size=100/seed=2/dataset.npz
    output: results/synth/regime=easy/d=10/num_cycles=4/density=0.8/samp_size=100/seed=2/method=lacerda/model.pkl
    jobid: 273
    reason: Code has changed since last execution; Params have changed since last execution: Union of exclusive params before and now across all output: before: 0.01,[0.01, 0.05, 0.1],[0.05, 0.1, 0.15, 0.2],'hsic' now: <nothing exclusive> 
    wildcards: regime=easy, d=10, num_cycles=4, density=0.8, samp_size=100, seed=2, method=lacerda
    resources: tmpdir=/tmp
[Wed Apr 29 22:32:27 2026]
Finished jobid: 131 (Rule: synth_fit)
2 of 147 steps (1%) done
[Wed Apr 29 22:32:27 2026]
Finished jobid: 315 (Rule: synth_fit)
3 of 147 steps (2%) done
Select jobs to execute...
Execute 2 jobs...
[Wed Apr 29 22:32:27 2026]
localrule synth_fit:
    input: results/synth/regime=easy/d=10/num_cycles=3/density=0.5/samp_size=1000/seed=2/dataset.npz
    output: results/synth/regime=easy/d=10/num_cycles=3/density=0.5/samp_size=1000/seed=2/method=lacerda/model.pkl
    jobid: 146
    reason: Code has changed since last execution; Params have changed since last execution: Union of exclusive params before and now across all output: before: 0.01,[0.01, 0.05, 0.1],[0.05, 0.1, 0.15, 0.2],'hsic' now: <nothing exclusive> 
    wildcards: regime=easy, d=10, num_cycles=3, density=0.5, samp_size=1000, seed=2, method=lacerda
    resources: tmpdir=/tmp
[Wed Apr 29 22:32:27 2026]
localrule synth_fit:
    input: results/synth/regime=easy/d=10/num_cycles=4/density=0.5/samp_size=500/seed=1/dataset.npz
    output: results/synth/regime=easy/d=10/num_cycles=4/density=0.5/samp_size=500/seed=1/method=lacerda/model.pkl
    jobid: 170
    reason: Code has changed since last execution; Params have changed since last execution: Union of exclusive params before and now across all output: before: 0.01,[0.01, 0.05, 0.1],[0.05, 0.1, 0.15, 0.2],'hsic' now: <nothing exclusive> 
    wildcards: regime=easy, d=10, num_cycles=4, density=0.5, samp_size=500, seed=1, method=lacerda
    resources: tmpdir=/tmp
[Wed Apr 29 22:32:27 2026]
Finished jobid: 264 (Rule: synth_fit)
4 of 147 steps (3%) done
Select jobs to execute...
Execute 1 jobs...
[Wed Apr 29 22:32:27 2026]
localrule synth_fit:
    input: results/synth/regime=easy/d=10/num_cycles=5/density=0.5/samp_size=50/seed=2/dataset.npz
    output: results/synth/regime=easy/d=10/num_cycles=5/density=0.5/samp_size=50/seed=2/method=lacerda/model.pkl
    jobid: 191
    reason: Code has changed since last execution; Params have changed since last execution: Union of exclusive params before and now across all output: before: 0.01,[0.01, 0.05, 0.1],[0.05, 0.1, 0.15, 0.2],'hsic' now: <nothing exclusive> 
    wildcards: regime=easy, d=10, num_cycles=5, density=0.5, samp_size=50, seed=2, method=lacerda
    resources: tmpdir=/tmp
Select jobs to execute...
[Wed Apr 29 22:32:27 2026]
Finished jobid: 140 (Rule: synth_fit)
5 of 147 steps (3%) done
Execute 1 jobs...
[Wed Apr 29 22:32:27 2026]
localrule synth_fit:
    input: results/synth/regime=easy/d=10/num_cycles=5/density=0.8/samp_size=500/seed=2/dataset.npz
    output: results/synth/regime=easy/d=10/num_cycles=5/density=0.8/samp_size=500/seed=2/method=lacerda/model.pkl
    jobid: 318
    reason: Code has changed since last execution; Params have changed since last execution: Union of exclusive params before and now across all output: before: 0.01,[0.01, 0.05, 0.1],[0.05, 0.1, 0.15, 0.2],'hsic' now: <nothing exclusive> 
    wildcards: regime=easy, d=10, num_cycles=5, density=0.8, samp_size=500, seed=2, method=lacerda
    resources: tmpdir=/tmp
[Wed Apr 29 22:32:27 2026]
Finished jobid: 276 (Rule: synth_fit)
6 of 147 steps (4%) done
[Wed Apr 29 22:32:27 2026]
Finished jobid: 267 (Rule: synth_fit)
7 of 147 steps (5%) done
[Wed Apr 29 22:32:27 2026]
Finished jobid: 297 (Rule: synth_fit)
8 of 147 steps (5%) done
Select jobs to execute...
Execute 3 jobs...
[Wed Apr 29 22:32:27 2026]
localrule synth_fit:
    input: results/synth/regime=easy/d=10/num_cycles=4/density=0.5/samp_size=100/seed=2/dataset.npz
    output: results/synth/regime=easy/d=10/num_cycles=4/density=0.5/samp_size=100/seed=2/method=lacerda/model.pkl
    jobid: 164
    reason: Code has changed since last execution; Params have changed since last execution: Union of exclusive params before and now across all output: before: 0.01,[0.01, 0.05, 0.1],[0.05, 0.1, 0.15, 0.2],'hsic' now: <nothing exclusive> 
    wildcards: regime=easy, d=10, num_cycles=4, density=0.5, samp_size=100, seed=2, method=lacerda
    resources: tmpdir=/tmp
[Wed Apr 29 22:32:27 2026]
localrule synth_fit:
    input: results/synth/regime=easy/d=10/num_cycles=3/density=0.8/samp_size=50/seed=2/dataset.npz
    output: results/synth/regime=easy/d=10/num_cycles=3/density=0.8/samp_size=50/seed=2/method=lacerda/model.pkl
    jobid: 228
    reason: Code has changed since last execution; Params have changed since last execution: Union of exclusive params before and now across all output: before: 0.01,[0.01, 0.05, 0.1],[0.05, 0.1, 0.15, 0.2],'hsic' now: <nothing exclusive> 
    wildcards: regime=easy, d=10, num_cycles=3, density=0.8, samp_size=50, seed=2, method=lacerda
    resources: tmpdir=/tmp
[Wed Apr 29 22:32:27 2026]
localrule synth_fit:
    input: results/synth/regime=easy/d=10/num_cycles=5/density=0.5/samp_size=1000/seed=2/dataset.npz
    output: results/synth/regime=easy/d=10/num_cycles=5/density=0.5/samp_size=1000/seed=2/method=lacerda/model.pkl
    jobid: 218
    reason: Code has changed since last execution; Params have changed since last execution: Union of exclusive params before and now across all output: before: 0.01,[0.01, 0.05, 0.1],[0.05, 0.1, 0.15, 0.2],'hsic' now: <nothing exclusive> 
    wildcards: regime=easy, d=10, num_cycles=5, density=0.5, samp_size=1000, seed=2, method=lacerda
    resources: tmpdir=/tmp
[Wed Apr 29 22:32:27 2026]
Finished jobid: 116 (Rule: synth_fit)
9 of 147 steps (6%) done
[Wed Apr 29 22:32:27 2026]
Finished jobid: 231 (Rule: synth_fit)
10 of 147 steps (7%) done
[Wed Apr 29 22:32:27 2026]
Finished jobid: 321 (Rule: synth_fit)
11 of 147 steps (7%) done
[Wed Apr 29 22:32:27 2026]
Finished jobid: 194 (Rule: synth_fit)
12 of 147 steps (8%) done
[Wed Apr 29 22:32:27 2026]
Finished jobid: 182 (Rule: synth_fit)
13 of 147 steps (9%) done
[Wed Apr 29 22:32:27 2026]
Finished jobid: 252 (Rule: synth_fit)
14 of 147 steps (10%) done
[Wed Apr 29 22:32:27 2026]
Finished jobid: 312 (Rule: synth_fit)
15 of 147 steps (10%) done
Select jobs to execute...
Execute 7 jobs...
[Wed Apr 29 22:32:27 2026]
localrule synth_evaluate:
    input: results/synth/regime=easy/d=10/num_cycles=3/density=0.8/samp_size=100/seed=0/dataset.npz, results/synth/regime=easy/d=10/num_cycles=3/density=0.8/samp_size=100/seed=0/method=lacerda/model.pkl
    output: results/synth/regime=easy/d=10/num_cycles=3/density=0.8/samp_size=100/seed=0/method=lacerda/metrics.csv
    jobid: 229
    reason: Input files updated by another job: results/synth/regime=easy/d=10/num_cycles=3/density=0.8/samp_size=100/seed=0/method=lacerda/model.pkl
    wildcards: regime=easy, d=10, num_cycles=3, density=0.8, samp_size=100, seed=0, method=lacerda
    resources: tmpdir=/tmp
[Wed Apr 29 22:32:27 2026]
localrule synth_evaluate:
    input: results/synth/regime=easy/d=10/num_cycles=5/density=0.8/samp_size=1000/seed=0/dataset.npz, results/synth/regime=easy/d=10/num_cycles=5/density=0.8/samp_size=1000/seed=0/method=lacerda/model.pkl
    output: results/synth/regime=easy/d=10/num_cycles=5/density=0.8/samp_size=1000/seed=0/method=lacerda/metrics.csv
    jobid: 319
    reason: Input files updated by another job: results/synth/regime=easy/d=10/num_cycles=5/density=0.8/samp_size=1000/seed=0/method=lacerda/model.pkl
    wildcards: regime=easy, d=10, num_cycles=5, density=0.8, samp_size=1000, seed=0, method=lacerda
    resources: tmpdir=/tmp
[Wed Apr 29 22:32:27 2026]
localrule synth_fit:
    input: results/synth/regime=easy/d=10/num_cycles=3/density=0.5/samp_size=50/seed=0/dataset.npz
    output: results/synth/regime=easy/d=10/num_cycles=3/density=0.5/samp_size=50/seed=0/method=lacerda/model.pkl
    jobid: 113
    reason: Code has changed since last execution; Params have changed since last execution: Union of exclusive params before and now across all output: before: 0.01,[0.01, 0.05, 0.1],[0.05, 0.1, 0.15, 0.2],'hsic' now: <nothing exclusive> 
    wildcards: regime=easy, d=10, num_cycles=3, density=0.5, samp_size=50, seed=0, method=lacerda
    resources: tmpdir=/tmp
[Wed Apr 29 22:32:27 2026]
localrule synth_fit:
    input: results/synth/regime=easy/d=10/num_cycles=5/density=0.5/samp_size=500/seed=0/dataset.npz
    output: results/synth/regime=easy/d=10/num_cycles=5/density=0.5/samp_size=500/seed=0/method=lacerda/model.pkl
    jobid: 203
    reason: Code has changed since last execution; Params have changed since last execution: Union of exclusive params before and now across all output: before: 0.01,[0.01, 0.05, 0.1],[0.05, 0.1, 0.15, 0.2],'hsic' now: <nothing exclusive> 
    wildcards: regime=easy, d=10, num_cycles=5, density=0.5, samp_size=500, seed=0, method=lacerda
    resources: tmpdir=/tmp
[Wed Apr 29 22:32:27 2026]
localrule synth_fit:
    input: results/synth/regime=easy/d=10/num_cycles=4/density=0.5/samp_size=100/seed=0/dataset.npz
    output: results/synth/regime=easy/d=10/num_cycles=4/density=0.5/samp_size=100/seed=0/method=lacerda/model.pkl
    jobid: 158
    reason: Code has changed since last execution; Params have changed since last execution: Union of exclusive params before and now across all output: before: 0.01,[0.01, 0.05, 0.1],[0.05, 0.1, 0.15, 0.2],'hsic' now: <nothing exclusive> 
    wildcards: regime=easy, d=10, num_cycles=4, density=0.5, samp_size=100, seed=0, method=lacerda
    resources: tmpdir=/tmp
[Wed Apr 29 22:32:27 2026]
localrule synth_fit:
    input: results/synth/regime=easy/d=10/num_cycles=4/density=0.8/samp_size=1000/seed=0/dataset.npz
    output: results/synth/regime=easy/d=10/num_cycles=4/density=0.8/samp_size=1000/seed=0/method=lacerda/model.pkl
    jobid: 285
    reason: Code has changed since last execution; Params have changed since last execution: Union of exclusive params before and now across all output: before: 0.01,[0.01, 0.05, 0.1],[0.05, 0.1, 0.15, 0.2],'hsic' now: <nothing exclusive> 
    wildcards: regime=easy, d=10, num_cycles=4, density=0.8, samp_size=1000, seed=0, method=lacerda
    resources: tmpdir=/tmp
[Wed Apr 29 22:32:27 2026]
localrule synth_evaluate:
    input: results/synth/regime=easy/d=10/num_cycles=3/density=0.5/samp_size=50/seed=1/dataset.npz, results/synth/regime=easy/d=10/num_cycles=3/density=0.5/samp_size=50/seed=1/method=lacerda/model.pkl
    output: results/synth/regime=easy/d=10/num_cycles=3/density=0.5/samp_size=50/seed=1/method=lacerda/metrics.csv
    jobid: 114
    reason: Input files updated by another job: results/synth/regime=easy/d=10/num_cycles=3/density=0.5/samp_size=50/seed=1/method=lacerda/model.pkl
    wildcards: regime=easy, d=10, num_cycles=3, density=0.5, samp_size=50, seed=1, method=lacerda
    resources: tmpdir=/tmp
[Wed Apr 29 22:32:27 2026]
Finished jobid: 303 (Rule: synth_fit)
16 of 147 steps (11%) done
[Wed Apr 29 22:32:27 2026]
Finished jobid: 288 (Rule: synth_fit)
17 of 147 steps (12%) done
[Wed Apr 29 22:32:27 2026]
Finished jobid: 206 (Rule: synth_fit)
18 of 147 steps (12%) done
[Wed Apr 29 22:32:27 2026]
Finished jobid: 243 (Rule: synth_fit)
19 of 147 steps (13%) done
[Wed Apr 29 22:32:27 2026]
Finished jobid: 137 (Rule: synth_fit)
20 of 147 steps (14%) done
[Wed Apr 29 22:32:27 2026]
Finished jobid: 324 (Rule: synth_fit)
21 of 147 steps (14%) done
[Wed Apr 29 22:32:27 2026]
Finished jobid: 149 (Rule: synth_fit)
22 of 147 steps (15%) done
[Wed Apr 29 22:32:27 2026]
Finished jobid: 152 (Rule: synth_fit)
23 of 147 steps (16%) done
Select jobs to execute...
Execute 8 jobs...
[Wed Apr 29 22:32:27 2026]
localrule synth_evaluate:
    input: results/synth/regime=easy/d=10/num_cycles=4/density=0.8/samp_size=500/seed=0/dataset.npz, results/synth/regime=easy/d=10/num_cycles=4/density=0.8/samp_size=500/seed=0/method=lacerda/model.pkl
    output: results/synth/regime=easy/d=10/num_cycles=4/density=0.8/samp_size=500/seed=0/method=lacerda/metrics.csv
    jobid: 274
    reason: Input files updated by another job: results/synth/regime=easy/d=10/num_cycles=4/density=0.8/samp_size=500/seed=0/method=lacerda/model.pkl
    wildcards: regime=easy, d=10, num_cycles=4, density=0.8, samp_size=500, seed=0, method=lacerda
    resources: tmpdir=/tmp
[Wed Apr 29 22:32:27 2026]
localrule synth_fit:
    input: results/synth/regime=easy/d=10/num_cycles=3/density=0.8/samp_size=500/seed=0/dataset.npz
    output: results/synth/regime=easy/d=10/num_cycles=3/density=0.8/samp_size=500/seed=0/method=lacerda/model.pkl
    jobid: 240
    reason: Code has changed since last execution; Params have changed since last execution: Union of exclusive params before and now across all output: before: 0.01,[0.01, 0.05, 0.1],[0.05, 0.1, 0.15, 0.2],'hsic' now: <nothing exclusive> 
    wildcards: regime=easy, d=10, num_cycles=3, density=0.8, samp_size=500, seed=0, method=lacerda
    resources: tmpdir=/tmp
[Wed Apr 29 22:32:27 2026]
localrule synth_evaluate:
    input: results/synth/regime=easy/d=10/num_cycles=5/density=0.8/samp_size=1000/seed=1/dataset.npz, results/synth/regime=easy/d=10/num_cycles=5/density=0.8/samp_size=1000/seed=1/method=lacerda/model.pkl
    output: results/synth/regime=easy/d=10/num_cycles=5/density=0.8/samp_size=1000/seed=1/method=lacerda/metrics.csv
    jobid: 322
    reason: Input files updated by another job: results/synth/regime=easy/d=10/num_cycles=5/density=0.8/samp_size=1000/seed=1/method=lacerda/model.pkl
    wildcards: regime=easy, d=10, num_cycles=5, density=0.8, samp_size=1000, seed=1, method=lacerda
    resources: tmpdir=/tmp
[Wed Apr 29 22:32:27 2026]
localrule synth_fit:
    input: results/synth/regime=easy/d=10/num_cycles=3/density=0.5/samp_size=100/seed=1/dataset.npz
    output: results/synth/regime=easy/d=10/num_cycles=3/density=0.5/samp_size=100/seed=1/method=lacerda/model.pkl
    jobid: 125
    reason: Code has changed since last execution; Params have changed since last execution: Union of exclusive params before and now across all output: before: 0.01,[0.01, 0.05, 0.1],[0.05, 0.1, 0.15, 0.2],'hsic' now: <nothing exclusive> 
    wildcards: regime=easy, d=10, num_cycles=3, density=0.5, samp_size=100, seed=1, method=lacerda
    resources: tmpdir=/tmp
[Wed Apr 29 22:32:27 2026]
localrule synth_fit:
    input: results/synth/regime=easy/d=10/num_cycles=5/density=0.5/samp_size=1000/seed=1/dataset.npz
    output: results/synth/regime=easy/d=10/num_cycles=5/density=0.5/samp_size=1000/seed=1/method=lacerda/model.pkl
    jobid: 215
    reason: Code has changed since last execution; Params have changed since last execution: Union of exclusive params before and now across all output: before: 0.01,[0.01, 0.05, 0.1],[0.05, 0.1, 0.15, 0.2],'hsic' now: <nothing exclusive> 
    wildcards: regime=easy, d=10, num_cycles=5, density=0.5, samp_size=1000, seed=1, method=lacerda
    resources: tmpdir=/tmp
[Wed Apr 29 22:32:27 2026]
localrule synth_evaluate:
    input: results/synth/regime=easy/d=10/num_cycles=5/density=0.8/samp_size=100/seed=0/dataset.npz, results/synth/regime=easy/d=10/num_cycles=5/density=0.8/samp_size=100/seed=0/method=lacerda/model.pkl
    output: results/synth/regime=easy/d=10/num_cycles=5/density=0.8/samp_size=100/seed=0/method=lacerda/metrics.csv
    jobid: 301
    reason: Input files updated by another job: results/synth/regime=easy/d=10/num_cycles=5/density=0.8/samp_size=100/seed=0/method=lacerda/model.pkl
    wildcards: regime=easy, d=10, num_cycles=5, density=0.8, samp_size=100, seed=0, method=lacerda
    resources: tmpdir=/tmp
[Wed Apr 29 22:32:27 2026]
localrule synth_evaluate:
    input: results/synth/regime=easy/d=10/num_cycles=4/density=0.5/samp_size=1000/seed=2/dataset.npz, results/synth/regime=easy/d=10/num_cycles=4/density=0.5/samp_size=1000/seed=2/method=lacerda/model.pkl
    output: results/synth/regime=easy/d=10/num_cycles=4/density=0.5/samp_size=1000/seed=2/method=lacerda/metrics.csv
    jobid: 180
    reason: Input files updated by another job: results/synth/regime=easy/d=10/num_cycles=4/density=0.5/samp_size=1000/seed=2/method=lacerda/model.pkl
    wildcards: regime=easy, d=10, num_cycles=4, density=0.5, samp_size=1000, seed=2, method=lacerda
    resources: tmpdir=/tmp
[Wed Apr 29 22:32:27 2026]
localrule synth_fit:
    input: results/synth/regime=easy/d=10/num_cycles=4/density=0.5/samp_size=500/seed=2/dataset.npz
    output: results/synth/regime=easy/d=10/num_cycles=4/density=0.5/samp_size=500/seed=2/method=lacerda/model.pkl
    jobid: 173
    reason: Code has changed since last execution; Params have changed since last execution: Union of exclusive params before and now across all output: before: 0.01,[0.01, 0.05, 0.1],[0.05, 0.1, 0.15, 0.2],'hsic' now: <nothing exclusive> 
    wildcards: regime=easy, d=10, num_cycles=4, density=0.5, samp_size=500, seed=2, method=lacerda
    resources: tmpdir=/tmp
[Wed Apr 29 22:32:27 2026]
Finished jobid: 255 (Rule: synth_fit)
24 of 147 steps (16%) done
[Wed Apr 29 22:32:27 2026]
Finished jobid: 279 (Rule: synth_fit)
25 of 147 steps (17%) done
Select jobs to execute...
Execute 2 jobs...
[Wed Apr 29 22:32:27 2026]
localrule synth_evaluate:
    input: results/synth/regime=easy/d=10/num_cycles=4/density=0.5/samp_size=1000/seed=0/dataset.npz, results/synth/regime=easy/d=10/num_cycles=4/density=0.5/samp_size=1000/seed=0/method=lacerda/model.pkl
    output: results/synth/regime=easy/d=10/num_cycles=4/density=0.5/samp_size=1000/seed=0/method=lacerda/metrics.csv
    jobid: 174
    reason: Input files updated by another job: results/synth/regime=easy/d=10/num_cycles=4/density=0.5/samp_size=1000/seed=0/method=lacerda/model.pkl
    wildcards: regime=easy, d=10, num_cycles=4, density=0.5, samp_size=1000, seed=0, method=lacerda
    resources: tmpdir=/tmp
[Wed Apr 29 22:32:27 2026]
localrule synth_evaluate:
    input: results/synth/regime=easy/d=10/num_cycles=3/density=0.8/samp_size=500/seed=1/dataset.npz, results/synth/regime=easy/d=10/num_cycles=3/density=0.8/samp_size=500/seed=1/method=lacerda/model.pkl
    output: results/synth/regime=easy/d=10/num_cycles=3/density=0.8/samp_size=500/seed=1/method=lacerda/metrics.csv
    jobid: 241
    reason: Input files updated by another job: results/synth/regime=easy/d=10/num_cycles=3/density=0.8/samp_size=500/seed=1/method=lacerda/model.pkl
    wildcards: regime=easy, d=10, num_cycles=3, density=0.8, samp_size=500, seed=1, method=lacerda
    resources: tmpdir=/tmp
Select jobs to execute...
[Wed Apr 29 22:32:28 2026]
Finished jobid: 128 (Rule: synth_fit)
26 of 147 steps (18%) done
Execute 1 jobs...
[Wed Apr 29 22:32:28 2026]
localrule synth_fit:
    input: results/synth/regime=easy/d=10/num_cycles=4/density=0.8/samp_size=50/seed=1/dataset.npz
    output: results/synth/regime=easy/d=10/num_cycles=4/density=0.8/samp_size=50/seed=1/method=lacerda/model.pkl
    jobid: 261
    reason: Code has changed since last execution; Params have changed since last execution: Union of exclusive params before and now across all output: before: 0.01,[0.01, 0.05, 0.1],[0.05, 0.1, 0.15, 0.2],'hsic' now: <nothing exclusive> 
    wildcards: regime=easy, d=10, num_cycles=4, density=0.8, samp_size=50, seed=1, method=lacerda
    resources: tmpdir=/tmp
[Wed Apr 29 22:32:28 2026]
Finished jobid: 222 (Rule: synth_fit)
27 of 147 steps (18%) done
Select jobs to execute...
Execute 1 jobs...
[Wed Apr 29 22:32:28 2026]
localrule synth_fit:
    input: results/synth/regime=easy/d=10/num_cycles=4/density=0.5/samp_size=1000/seed=1/dataset.npz
    output: results/synth/regime=easy/d=10/num_cycles=4/density=0.5/samp_size=1000/seed=1/method=lacerda/model.pkl
    jobid: 179
    reason: Code has changed since last execution; Params have changed since last execution: Union of exclusive params before and now across all output: before: 0.01,[0.01, 0.05, 0.1],[0.05, 0.1, 0.15, 0.2],'hsic' now: <nothing exclusive> 
    wildcards: regime=easy, d=10, num_cycles=4, density=0.5, samp_size=1000, seed=1, method=lacerda
    resources: tmpdir=/tmp
[Wed Apr 29 22:32:28 2026]
Finished jobid: 185 (Rule: synth_fit)
28 of 147 steps (19%) done
Select jobs to execute...
Execute 1 jobs...
[Wed Apr 29 22:32:28 2026]
localrule synth_fit:
    input: results/synth/regime=easy/d=10/num_cycles=5/density=0.8/samp_size=100/seed=1/dataset.npz
    output: results/synth/regime=easy/d=10/num_cycles=5/density=0.8/samp_size=100/seed=1/method=lacerda/model.pkl
    jobid: 306
    reason: Code has changed since last execution; Params have changed since last execution: Union of exclusive params before and now across all output: before: 0.01,[0.01, 0.05, 0.1],[0.05, 0.1, 0.15, 0.2],'hsic' now: <nothing exclusive> 
    wildcards: regime=easy, d=10, num_cycles=5, density=0.8, samp_size=100, seed=1, method=lacerda
    resources: tmpdir=/tmp
[Wed Apr 29 22:32:28 2026]
Finished jobid: 161 (Rule: synth_fit)
29 of 147 steps (20%) done
Select jobs to execute...
Execute 1 jobs...
[Wed Apr 29 22:32:28 2026]
localrule synth_evaluate:
    input: results/synth/regime=easy/d=10/num_cycles=3/density=0.5/samp_size=500/seed=0/dataset.npz, results/synth/regime=easy/d=10/num_cycles=3/density=0.5/samp_size=500/seed=0/method=lacerda/model.pkl
    output: results/synth/regime=easy/d=10/num_cycles=3/density=0.5/samp_size=500/seed=0/method=lacerda/metrics.csv
    jobid: 129
    reason: Input files updated by another job: results/synth/regime=easy/d=10/num_cycles=3/density=0.5/samp_size=500/seed=0/method=lacerda/model.pkl
    wildcards: regime=easy, d=10, num_cycles=3, density=0.5, samp_size=500, seed=0, method=lacerda
    resources: tmpdir=/tmp
[Wed Apr 29 22:32:28 2026]
Finished jobid: 234 (Rule: synth_fit)
30 of 147 steps (20%) done
Select jobs to execute...
Execute 1 jobs...
[Wed Apr 29 22:32:28 2026]
localrule synth_evaluate:
    input: results/synth/regime=easy/d=10/num_cycles=3/density=0.8/samp_size=1000/seed=2/dataset.npz, results/synth/regime=easy/d=10/num_cycles=3/density=0.8/samp_size=1000/seed=2/method=lacerda/model.pkl
    output: results/synth/regime=easy/d=10/num_cycles=3/density=0.8/samp_size=1000/seed=2/method=lacerda/metrics.csv
    jobid: 253
    reason: Input files updated by another job: results/synth/regime=easy/d=10/num_cycles=3/density=0.8/samp_size=1000/seed=2/method=lacerda/model.pkl
    wildcards: regime=easy, d=10, num_cycles=3, density=0.8, samp_size=1000, seed=2, method=lacerda
    resources: tmpdir=/tmp
Select jobs to execute...
[Wed Apr 29 22:32:28 2026]
Finished jobid: 309 (Rule: synth_fit)
31 of 147 steps (21%) done
Execute 1 jobs...
[Wed Apr 29 22:32:28 2026]
localrule synth_evaluate:
    input: results/synth/regime=easy/d=10/num_cycles=3/density=0.8/samp_size=100/seed=1/dataset.npz, results/synth/regime=easy/d=10/num_cycles=3/density=0.8/samp_size=100/seed=1/method=lacerda/model.pkl
    output: results/synth/regime=easy/d=10/num_cycles=3/density=0.8/samp_size=100/seed=1/method=lacerda/metrics.csv
    jobid: 232
    reason: Input files updated by another job: results/synth/regime=easy/d=10/num_cycles=3/density=0.8/samp_size=100/seed=1/method=lacerda/model.pkl
    wildcards: regime=easy, d=10, num_cycles=3, density=0.8, samp_size=100, seed=1, method=lacerda
    resources: tmpdir=/tmp
[Wed Apr 29 22:32:28 2026]
Finished jobid: 197 (Rule: synth_fit)
32 of 147 steps (22%) done
Select jobs to execute...
Execute 1 jobs...
[Wed Apr 29 22:32:28 2026]
localrule synth_fit:
    input: results/synth/regime=easy/d=10/num_cycles=3/density=0.5/samp_size=500/seed=1/dataset.npz
    output: results/synth/regime=easy/d=10/num_cycles=3/density=0.5/samp_size=500/seed=1/method=lacerda/model.pkl
    jobid: 134
    reason: Code has changed since last execution; Params have changed since last execution: Union of exclusive params before and now across all output: before: 0.01,[0.01, 0.05, 0.1],[0.05, 0.1, 0.15, 0.2],'hsic' now: <nothing exclusive> 
    wildcards: regime=easy, d=10, num_cycles=3, density=0.5, samp_size=500, seed=1, method=lacerda
    resources: tmpdir=/tmp
Select jobs to execute...
[Wed Apr 29 22:32:28 2026]
Finished jobid: 170 (Rule: synth_fit)
33 of 147 steps (22%) done
Execute 1 jobs...
[Wed Apr 29 22:32:28 2026]
localrule synth_evaluate:
    input: results/synth/regime=easy/d=10/num_cycles=5/density=0.5/samp_size=100/seed=1/dataset.npz, results/synth/regime=easy/d=10/num_cycles=5/density=0.5/samp_size=100/seed=1/method=lacerda/model.pkl
    output: results/synth/regime=easy/d=10/num_cycles=5/density=0.5/samp_size=100/seed=1/method=lacerda/metrics.csv
    jobid: 195
    reason: Input files updated by another job: results/synth/regime=easy/d=10/num_cycles=5/density=0.5/samp_size=100/seed=1/method=lacerda/model.pkl
    wildcards: regime=easy, d=10, num_cycles=5, density=0.5, samp_size=100, seed=1, method=lacerda
    resources: tmpdir=/tmp
[Wed Apr 29 22:32:28 2026]
Finished jobid: 191 (Rule: synth_fit)
34 of 147 steps (23%) done
Select jobs to execute...
Execute 1 jobs...
[Wed Apr 29 22:32:28 2026]
localrule synth_evaluate:
    input: results/synth/regime=easy/d=10/num_cycles=4/density=0.5/samp_size=50/seed=1/dataset.npz, results/synth/regime=easy/d=10/num_cycles=4/density=0.5/samp_size=50/seed=1/method=lacerda/model.pkl
    output: results/synth/regime=easy/d=10/num_cycles=4/density=0.5/samp_size=50/seed=1/method=lacerda/metrics.csv
    jobid: 150
    reason: Input files updated by another job: results/synth/regime=easy/d=10/num_cycles=4/density=0.5/samp_size=50/seed=1/method=lacerda/model.pkl
    wildcards: regime=easy, d=10, num_cycles=4, density=0.5, samp_size=50, seed=1, method=lacerda
    resources: tmpdir=/tmp
[Wed Apr 29 22:32:28 2026]
Finished jobid: 319 (Rule: synth_evaluate)
35 of 147 steps (24%) done
[Wed Apr 29 22:32:28 2026]
Finished jobid: 229 (Rule: synth_evaluate)
36 of 147 steps (24%) done
Select jobs to execute...
Execute 2 jobs...
[Wed Apr 29 22:32:28 2026]
localrule synth_evaluate:
    input: results/synth/regime=easy/d=10/num_cycles=3/density=0.5/samp_size=500/seed=2/dataset.npz, results/synth/regime=easy/d=10/num_cycles=3/density=0.5/samp_size=500/seed=2/method=lacerda/model.pkl
    output: results/synth/regime=easy/d=10/num_cycles=3/density=0.5/samp_size=500/seed=2/method=lacerda/metrics.csv
    jobid: 135
    reason: Input files updated by another job: results/synth/regime=easy/d=10/num_cycles=3/density=0.5/samp_size=500/seed=2/method=lacerda/model.pkl
    wildcards: regime=easy, d=10, num_cycles=3, density=0.5, samp_size=500, seed=2, method=lacerda
    resources: tmpdir=/tmp
[Wed Apr 29 22:32:28 2026]
localrule synth_evaluate:
    input: results/synth/regime=easy/d=10/num_cycles=4/density=0.8/samp_size=1000/seed=1/dataset.npz, results/synth/regime=easy/d=10/num_cycles=4/density=0.8/samp_size=1000/seed=1/method=lacerda/model.pkl
    output: results/synth/regime=easy/d=10/num_cycles=4/density=0.8/samp_size=1000/seed=1/method=lacerda/metrics.csv
    jobid: 286
    reason: Input files updated by another job: results/synth/regime=easy/d=10/num_cycles=4/density=0.8/samp_size=1000/seed=1/method=lacerda/model.pkl
    wildcards: regime=easy, d=10, num_cycles=4, density=0.8, samp_size=1000, seed=1, method=lacerda
    resources: tmpdir=/tmp
Select jobs to execute...
[Wed Apr 29 22:32:29 2026]
Finished jobid: 318 (Rule: synth_fit)
37 of 147 steps (25%) done
Execute 1 jobs...
[Wed Apr 29 22:32:29 2026]
localrule synth_evaluate:
    input: results/synth/regime=easy/d=10/num_cycles=5/density=0.8/samp_size=50/seed=1/dataset.npz, results/synth/regime=easy/d=10/num_cycles=5/density=0.8/samp_size=50/seed=1/method=lacerda/model.pkl
    output: results/synth/regime=easy/d=10/num_cycles=5/density=0.8/samp_size=50/seed=1/method=lacerda/metrics.csv
    jobid: 295
    reason: Input files updated by another job: results/synth/regime=easy/d=10/num_cycles=5/density=0.8/samp_size=50/seed=1/method=lacerda/model.pkl
    wildcards: regime=easy, d=10, num_cycles=5, density=0.8, samp_size=50, seed=1, method=lacerda
    resources: tmpdir=/tmp
[Wed Apr 29 22:32:29 2026]
Finished jobid: 228 (Rule: synth_fit)
38 of 147 steps (26%) done
[Wed Apr 29 22:32:29 2026]
Finished jobid: 218 (Rule: synth_fit)
39 of 147 steps (27%) done
Select jobs to execute...
Execute 2 jobs...
[Wed Apr 29 22:32:29 2026]
localrule synth_evaluate:
    input: results/synth/regime=easy/d=10/num_cycles=3/density=0.8/samp_size=1000/seed=1/dataset.npz, results/synth/regime=easy/d=10/num_cycles=3/density=0.8/samp_size=1000/seed=1/method=lacerda/model.pkl
    output: results/synth/regime=easy/d=10/num_cycles=3/density=0.8/samp_size=1000/seed=1/method=lacerda/metrics.csv
    jobid: 250
    reason: Input files updated by another job: results/synth/regime=easy/d=10/num_cycles=3/density=0.8/samp_size=1000/seed=1/method=lacerda/model.pkl
    wildcards: regime=easy, d=10, num_cycles=3, density=0.8, samp_size=1000, seed=1, method=lacerda
    resources: tmpdir=/tmp
[Wed Apr 29 22:32:29 2026]
localrule synth_evaluate:
    input: results/synth/regime=easy/d=10/num_cycles=4/density=0.8/samp_size=50/seed=2/dataset.npz, results/synth/regime=easy/d=10/num_cycles=4/density=0.8/samp_size=50/seed=2/method=lacerda/model.pkl
    output: results/synth/regime=easy/d=10/num_cycles=4/density=0.8/samp_size=50/seed=2/method=lacerda/metrics.csv
    jobid: 262
    reason: Input files updated by another job: results/synth/regime=easy/d=10/num_cycles=4/density=0.8/samp_size=50/seed=2/method=lacerda/model.pkl
    wildcards: regime=easy, d=10, num_cycles=4, density=0.8, samp_size=50, seed=2, method=lacerda
    resources: tmpdir=/tmp
Select jobs to execute...
[Wed Apr 29 22:32:29 2026]
Finished jobid: 301 (Rule: synth_evaluate)
40 of 147 steps (27%) done
Execute 1 jobs...
[Wed Apr 29 22:32:29 2026]
localrule synth_fit:
    input: results/synth/regime=easy/d=10/num_cycles=4/density=0.5/samp_size=500/seed=0/dataset.npz
    output: results/synth/regime=easy/d=10/num_cycles=4/density=0.5/samp_size=500/seed=0/method=lacerda/model.pkl
    jobid: 167
    reason: Code has changed since last execution; Params have changed since last execution: Union of exclusive params before and now across all output: before: 0.01,[0.01, 0.05, 0.1],[0.05, 0.1, 0.15, 0.2],'hsic' now: <nothing exclusive> 
    wildcards: regime=easy, d=10, num_cycles=4, density=0.5, samp_size=500, seed=0, method=lacerda
    resources: tmpdir=/tmp
[Wed Apr 29 22:32:29 2026]
Finished jobid: 114 (Rule: synth_evaluate)
41 of 147 steps (28%) done
[Wed Apr 29 22:32:29 2026]
Finished jobid: 203 (Rule: synth_fit)
42 of 147 steps (29%) done
[Wed Apr 29 22:32:29 2026]
Finished jobid: 146 (Rule: synth_fit)
43 of 147 steps (29%) done
Select jobs to execute...
Execute 3 jobs...
[Wed Apr 29 22:32:29 2026]
localrule synth_fit:
    input: results/synth/regime=easy/d=10/num_cycles=3/density=0.8/samp_size=1000/seed=0/dataset.npz
    output: results/synth/regime=easy/d=10/num_cycles=3/density=0.8/samp_size=1000/seed=0/method=lacerda/model.pkl
    jobid: 249
    reason: Code has changed since last execution; Params have changed since last execution: Union of exclusive params before and now across all output: before: 0.01,[0.01, 0.05, 0.1],[0.05, 0.1, 0.15, 0.2],'hsic' now: <nothing exclusive> 
    wildcards: regime=easy, d=10, num_cycles=3, density=0.8, samp_size=1000, seed=0, method=lacerda
    resources: tmpdir=/tmp
[Wed Apr 29 22:32:29 2026]
localrule synth_evaluate:
    input: results/synth/regime=easy/d=10/num_cycles=4/density=0.8/samp_size=500/seed=1/dataset.npz, results/synth/regime=easy/d=10/num_cycles=4/density=0.8/samp_size=500/seed=1/method=lacerda/model.pkl
    output: results/synth/regime=easy/d=10/num_cycles=4/density=0.8/samp_size=500/seed=1/method=lacerda/metrics.csv
    jobid: 277
    reason: Input files updated by another job: results/synth/regime=easy/d=10/num_cycles=4/density=0.8/samp_size=500/seed=1/method=lacerda/model.pkl
    wildcards: regime=easy, d=10, num_cycles=4, density=0.8, samp_size=500, seed=1, method=lacerda
    resources: tmpdir=/tmp
[Wed Apr 29 22:32:29 2026]
localrule synth_fit:
    input: results/synth/regime=easy/d=10/num_cycles=5/density=0.8/samp_size=50/seed=2/dataset.npz
    output: results/synth/regime=easy/d=10/num_cycles=5/density=0.8/samp_size=50/seed=2/method=lacerda/model.pkl
    jobid: 300
    reason: Code has changed since last execution; Params have changed since last execution: Union of exclusive params before and now across all output: before: 0.01,[0.01, 0.05, 0.1],[0.05, 0.1, 0.15, 0.2],'hsic' now: <nothing exclusive> 
    wildcards: regime=easy, d=10, num_cycles=5, density=0.8, samp_size=50, seed=2, method=lacerda
    resources: tmpdir=/tmp
[Wed Apr 29 22:32:29 2026]
Finished jobid: 241 (Rule: synth_evaluate)
44 of 147 steps (30%) done
[Wed Apr 29 22:32:29 2026]
Finished jobid: 180 (Rule: synth_evaluate)
45 of 147 steps (31%) done
[Wed Apr 29 22:32:29 2026]
Finished jobid: 322 (Rule: synth_evaluate)
46 of 147 steps (31%) done
Select jobs to execute...
Execute 3 jobs...
[Wed Apr 29 22:32:29 2026]
localrule synth_fit:
    input: results/synth/regime=easy/d=10/num_cycles=5/density=0.8/samp_size=50/seed=0/dataset.npz
    output: results/synth/regime=easy/d=10/num_cycles=5/density=0.8/samp_size=50/seed=0/method=lacerda/model.pkl
    jobid: 294
    reason: Code has changed since last execution; Params have changed since last execution: Union of exclusive params before and now across all output: before: 0.01,[0.01, 0.05, 0.1],[0.05, 0.1, 0.15, 0.2],'hsic' now: <nothing exclusive> 
    wildcards: regime=easy, d=10, num_cycles=5, density=0.8, samp_size=50, seed=0, method=lacerda
    resources: tmpdir=/tmp
[Wed Apr 29 22:32:29 2026]
localrule synth_evaluate:
    input: results/synth/regime=easy/d=10/num_cycles=5/density=0.5/samp_size=500/seed=0/dataset.npz, results/synth/regime=easy/d=10/num_cycles=5/density=0.5/samp_size=500/seed=0/method=lacerda/model.pkl
    output: results/synth/regime=easy/d=10/num_cycles=5/density=0.5/samp_size=500/seed=0/method=lacerda/metrics.csv
    jobid: 201
    reason: Input files updated by another job: results/synth/regime=easy/d=10/num_cycles=5/density=0.5/samp_size=500/seed=0/method=lacerda/model.pkl
    wildcards: regime=easy, d=10, num_cycles=5, density=0.5, samp_size=500, seed=0, method=lacerda
    resources: tmpdir=/tmp
[Wed Apr 29 22:32:29 2026]
localrule synth_evaluate:
    input: results/synth/regime=easy/d=10/num_cycles=3/density=0.8/samp_size=50/seed=0/dataset.npz, results/synth/regime=easy/d=10/num_cycles=3/density=0.8/samp_size=50/seed=0/method=lacerda/model.pkl
    output: results/synth/regime=easy/d=10/num_cycles=3/density=0.8/samp_size=50/seed=0/method=lacerda/metrics.csv
    jobid: 220
    reason: Input files updated by another job: results/synth/regime=easy/d=10/num_cycles=3/density=0.8/samp_size=50/seed=0/method=lacerda/model.pkl
    wildcards: regime=easy, d=10, num_cycles=3, density=0.8, samp_size=50, seed=0, method=lacerda
    resources: tmpdir=/tmp
[Wed Apr 29 22:32:29 2026]
Finished jobid: 274 (Rule: synth_evaluate)
47 of 147 steps (32%) done
Select jobs to execute...
Execute 1 jobs...
[Wed Apr 29 22:32:29 2026]
localrule synth_evaluate:
    input: results/synth/regime=easy/d=10/num_cycles=5/density=0.5/samp_size=1000/seed=2/dataset.npz, results/synth/regime=easy/d=10/num_cycles=5/density=0.5/samp_size=1000/seed=2/method=lacerda/model.pkl
    output: results/synth/regime=easy/d=10/num_cycles=5/density=0.5/samp_size=1000/seed=2/method=lacerda/metrics.csv
    jobid: 216
    reason: Input files updated by another job: results/synth/regime=easy/d=10/num_cycles=5/density=0.5/samp_size=1000/seed=2/method=lacerda/model.pkl
    wildcards: regime=easy, d=10, num_cycles=5, density=0.5, samp_size=1000, seed=2, method=lacerda
    resources: tmpdir=/tmp
[Wed Apr 29 22:32:29 2026]
Finished jobid: 285 (Rule: synth_fit)
48 of 147 steps (33%) done
[Wed Apr 29 22:32:29 2026]
Finished jobid: 215 (Rule: synth_fit)
49 of 147 steps (33%) done
[Wed Apr 29 22:32:29 2026]
Finished jobid: 174 (Rule: synth_evaluate)
50 of 147 steps (34%) done
Select jobs to execute...
Execute 3 jobs...
[Wed Apr 29 22:32:29 2026]
localrule synth_fit:
    input: results/synth/regime=easy/d=10/num_cycles=5/density=0.5/samp_size=1000/seed=0/dataset.npz
    output: results/synth/regime=easy/d=10/num_cycles=5/density=0.5/samp_size=1000/seed=0/method=lacerda/model.pkl
    jobid: 212
    reason: Code has changed since last execution; Params have changed since last execution: Union of exclusive params before and now across all output: before: 0.01,[0.01, 0.05, 0.1],[0.05, 0.1, 0.15, 0.2],'hsic' now: <nothing exclusive> 
    wildcards: regime=easy, d=10, num_cycles=5, density=0.5, samp_size=1000, seed=0, method=lacerda
    resources: tmpdir=/tmp
[Wed Apr 29 22:32:29 2026]
localrule synth_evaluate:
    input: results/synth/regime=easy/d=10/num_cycles=5/density=0.5/samp_size=500/seed=1/dataset.npz, results/synth/regime=easy/d=10/num_cycles=5/density=0.5/samp_size=500/seed=1/method=lacerda/model.pkl
    output: results/synth/regime=easy/d=10/num_cycles=5/density=0.5/samp_size=500/seed=1/method=lacerda/metrics.csv
    jobid: 204
    reason: Input files updated by another job: results/synth/regime=easy/d=10/num_cycles=5/density=0.5/samp_size=500/seed=1/method=lacerda/model.pkl
    wildcards: regime=easy, d=10, num_cycles=5, density=0.5, samp_size=500, seed=1, method=lacerda
    resources: tmpdir=/tmp
[Wed Apr 29 22:32:29 2026]
localrule synth_evaluate:
    input: results/synth/regime=easy/d=10/num_cycles=5/density=0.8/samp_size=500/seed=0/dataset.npz, results/synth/regime=easy/d=10/num_cycles=5/density=0.8/samp_size=500/seed=0/method=lacerda/model.pkl
    output: results/synth/regime=easy/d=10/num_cycles=5/density=0.8/samp_size=500/seed=0/method=lacerda/metrics.csv
    jobid: 310
    reason: Input files updated by another job: results/synth/regime=easy/d=10/num_cycles=5/density=0.8/samp_size=500/seed=0/method=lacerda/model.pkl
    wildcards: regime=easy, d=10, num_cycles=5, density=0.8, samp_size=500, seed=0, method=lacerda
    resources: tmpdir=/tmp
[Wed Apr 29 22:32:29 2026]
Finished jobid: 240 (Rule: synth_fit)
51 of 147 steps (35%) done
Select jobs to execute...
Execute 1 jobs...
[Wed Apr 29 22:32:29 2026]
localrule synth_evaluate:
    input: results/synth/regime=easy/d=10/num_cycles=5/density=0.5/samp_size=50/seed=2/dataset.npz, results/synth/regime=easy/d=10/num_cycles=5/density=0.5/samp_size=50/seed=2/method=lacerda/model.pkl
    output: results/synth/regime=easy/d=10/num_cycles=5/density=0.5/samp_size=50/seed=2/method=lacerda/metrics.csv
    jobid: 189
    reason: Input files updated by another job: results/synth/regime=easy/d=10/num_cycles=5/density=0.5/samp_size=50/seed=2/method=lacerda/model.pkl
    wildcards: regime=easy, d=10, num_cycles=5, density=0.5, samp_size=50, seed=2, method=lacerda
    resources: tmpdir=/tmp
[Wed Apr 29 22:32:29 2026]
Finished jobid: 173 (Rule: synth_fit)
52 of 147 steps (35%) done
Select jobs to execute...
Execute 1 jobs...
[Wed Apr 29 22:32:29 2026]
localrule synth_fit:
    input: results/synth/regime=easy/d=10/num_cycles=3/density=0.5/samp_size=50/seed=2/dataset.npz
    output: results/synth/regime=easy/d=10/num_cycles=3/density=0.5/samp_size=50/seed=2/method=lacerda/model.pkl
    jobid: 119
    reason: Code has changed since last execution; Params have changed since last execution: Union of exclusive params before and now across all output: before: 0.01,[0.01, 0.05, 0.1],[0.05, 0.1, 0.15, 0.2],'hsic' now: <nothing exclusive> 
    wildcards: regime=easy, d=10, num_cycles=3, density=0.5, samp_size=50, seed=2, method=lacerda
    resources: tmpdir=/tmp
Select jobs to execute...
[Wed Apr 29 22:32:29 2026]
Finished jobid: 158 (Rule: synth_fit)
53 of 147 steps (36%) done
Execute 1 jobs...
[Wed Apr 29 22:32:29 2026]
localrule synth_fit:
    input: results/synth/regime=easy/d=10/num_cycles=3/density=0.8/samp_size=500/seed=2/dataset.npz
    output: results/synth/regime=easy/d=10/num_cycles=3/density=0.8/samp_size=500/seed=2/method=lacerda/model.pkl
    jobid: 246
    reason: Code has changed since last execution; Params have changed since last execution: Union of exclusive params before and now across all output: before: 0.01,[0.01, 0.05, 0.1],[0.05, 0.1, 0.15, 0.2],'hsic' now: <nothing exclusive> 
    wildcards: regime=easy, d=10, num_cycles=3, density=0.8, samp_size=500, seed=2, method=lacerda
    resources: tmpdir=/tmp
[Wed Apr 29 22:32:29 2026]
Finished jobid: 113 (Rule: synth_fit)
54 of 147 steps (37%) done
Select jobs to execute...
Execute 1 jobs...
[Wed Apr 29 22:32:29 2026]
localrule synth_fit:
    input: results/synth/regime=easy/d=10/num_cycles=4/density=0.8/samp_size=1000/seed=2/dataset.npz
    output: results/synth/regime=easy/d=10/num_cycles=4/density=0.8/samp_size=1000/seed=2/method=lacerda/model.pkl
    jobid: 291
    reason: Code has changed since last execution; Params have changed since last execution: Union of exclusive params before and now across all output: before: 0.01,[0.01, 0.05, 0.1],[0.05, 0.1, 0.15, 0.2],'hsic' now: <nothing exclusive> 
    wildcards: regime=easy, d=10, num_cycles=4, density=0.8, samp_size=1000, seed=2, method=lacerda
    resources: tmpdir=/tmp
Select jobs to execute...
[Wed Apr 29 22:32:29 2026]
Finished jobid: 273 (Rule: synth_fit)
55 of 147 steps (37%) done
Execute 1 jobs...
[Wed Apr 29 22:32:29 2026]
localrule synth_evaluate:
    input: results/synth/regime=easy/d=10/num_cycles=3/density=0.5/samp_size=1000/seed=2/dataset.npz, results/synth/regime=easy/d=10/num_cycles=3/density=0.5/samp_size=1000/seed=2/method=lacerda/model.pkl
    output: results/synth/regime=easy/d=10/num_cycles=3/density=0.5/samp_size=1000/seed=2/method=lacerda/metrics.csv
    jobid: 144
    reason: Input files updated by another job: results/synth/regime=easy/d=10/num_cycles=3/density=0.5/samp_size=1000/seed=2/method=lacerda/model.pkl
    wildcards: regime=easy, d=10, num_cycles=3, density=0.5, samp_size=1000, seed=2, method=lacerda
    resources: tmpdir=/tmp
Select jobs to execute...
[Wed Apr 29 22:32:29 2026]
Finished jobid: 261 (Rule: synth_fit)
56 of 147 steps (38%) done
Execute 1 jobs...
[Wed Apr 29 22:32:29 2026]
localrule synth_fit:
    input: results/synth/regime=easy/d=10/num_cycles=4/density=0.8/samp_size=50/seed=0/dataset.npz
    output: results/synth/regime=easy/d=10/num_cycles=4/density=0.8/samp_size=50/seed=0/method=lacerda/model.pkl
    jobid: 258
    reason: Code has changed since last execution; Params have changed since last execution: Union of exclusive params before and now across all output: before: 0.01,[0.01, 0.05, 0.1],[0.05, 0.1, 0.15, 0.2],'hsic' now: <nothing exclusive> 
    wildcards: regime=easy, d=10, num_cycles=4, density=0.8, samp_size=50, seed=0, method=lacerda
    resources: tmpdir=/tmp
Select jobs to execute...
[Wed Apr 29 22:32:29 2026]
Finished jobid: 179 (Rule: synth_fit)
57 of 147 steps (39%) done
Execute 1 jobs...
[Wed Apr 29 22:32:29 2026]
localrule synth_evaluate:
    input: results/synth/regime=easy/d=10/num_cycles=5/density=0.5/samp_size=1000/seed=1/dataset.npz, results/synth/regime=easy/d=10/num_cycles=5/density=0.5/samp_size=1000/seed=1/method=lacerda/model.pkl
    output: results/synth/regime=easy/d=10/num_cycles=5/density=0.5/samp_size=1000/seed=1/method=lacerda/metrics.csv
    jobid: 213
    reason: Input files updated by another job: results/synth/regime=easy/d=10/num_cycles=5/density=0.5/samp_size=1000/seed=1/method=lacerda/model.pkl
    wildcards: regime=easy, d=10, num_cycles=5, density=0.5, samp_size=1000, seed=1, method=lacerda
    resources: tmpdir=/tmp
Select jobs to execute...
[Wed Apr 29 22:32:29 2026]
Finished jobid: 164 (Rule: synth_fit)
58 of 147 steps (39%) done
Execute 1 jobs...
[Wed Apr 29 22:32:29 2026]
localrule synth_evaluate:
    input: results/synth/regime=easy/d=10/num_cycles=5/density=0.8/samp_size=500/seed=1/dataset.npz, results/synth/regime=easy/d=10/num_cycles=5/density=0.8/samp_size=500/seed=1/method=lacerda/model.pkl
    output: results/synth/regime=easy/d=10/num_cycles=5/density=0.8/samp_size=500/seed=1/method=lacerda/metrics.csv
    jobid: 313
    reason: Input files updated by another job: results/synth/regime=easy/d=10/num_cycles=5/density=0.8/samp_size=500/seed=1/method=lacerda/model.pkl
    wildcards: regime=easy, d=10, num_cycles=5, density=0.8, samp_size=500, seed=1, method=lacerda
    resources: tmpdir=/tmp
[Wed Apr 29 22:32:29 2026]
Finished jobid: 129 (Rule: synth_evaluate)
59 of 147 steps (40%) done
[Wed Apr 29 22:32:29 2026]
Finished jobid: 232 (Rule: synth_evaluate)
60 of 147 steps (41%) done
Select jobs to execute...
Execute 2 jobs...
[Wed Apr 29 22:32:29 2026]
localrule synth_fit:
    input: results/synth/regime=easy/d=10/num_cycles=5/density=0.5/samp_size=100/seed=2/dataset.npz
    output: results/synth/regime=easy/d=10/num_cycles=5/density=0.5/samp_size=100/seed=2/method=lacerda/model.pkl
    jobid: 200
    reason: Code has changed since last execution; Params have changed since last execution: Union of exclusive params before and now across all output: before: 0.01,[0.01, 0.05, 0.1],[0.05, 0.1, 0.15, 0.2],'hsic' now: <nothing exclusive> 
    wildcards: regime=easy, d=10, num_cycles=5, density=0.5, samp_size=100, seed=2, method=lacerda
    resources: tmpdir=/tmp
[Wed Apr 29 22:32:29 2026]
localrule synth_evaluate:
    input: results/synth/regime=easy/d=10/num_cycles=4/density=0.5/samp_size=100/seed=1/dataset.npz, results/synth/regime=easy/d=10/num_cycles=4/density=0.5/samp_size=100/seed=1/method=lacerda/model.pkl
    output: results/synth/regime=easy/d=10/num_cycles=4/density=0.5/samp_size=100/seed=1/method=lacerda/metrics.csv
    jobid: 159
    reason: Input files updated by another job: results/synth/regime=easy/d=10/num_cycles=4/density=0.5/samp_size=100/seed=1/method=lacerda/model.pkl
    wildcards: regime=easy, d=10, num_cycles=4, density=0.5, samp_size=100, seed=1, method=lacerda
    resources: tmpdir=/tmp
Select jobs to execute...
[Wed Apr 29 22:32:29 2026]
Finished jobid: 253 (Rule: synth_evaluate)
61 of 147 steps (41%) done
Execute 1 jobs...
[Wed Apr 29 22:32:29 2026]
localrule synth_evaluate:
    input: results/synth/regime=easy/d=10/num_cycles=4/density=0.5/samp_size=500/seed=1/dataset.npz, results/synth/regime=easy/d=10/num_cycles=4/density=0.5/samp_size=500/seed=1/method=lacerda/model.pkl
    output: results/synth/regime=easy/d=10/num_cycles=4/density=0.5/samp_size=500/seed=1/method=lacerda/metrics.csv
    jobid: 168
    reason: Input files updated by another job: results/synth/regime=easy/d=10/num_cycles=4/density=0.5/samp_size=500/seed=1/method=lacerda/model.pkl
    wildcards: regime=easy, d=10, num_cycles=4, density=0.5, samp_size=500, seed=1, method=lacerda
    resources: tmpdir=/tmp
Select jobs to execute...
[Wed Apr 29 22:32:29 2026]
Finished jobid: 134 (Rule: synth_fit)
62 of 147 steps (42%) done
Execute 1 jobs...
[Wed Apr 29 22:32:29 2026]
localrule synth_fit:
    input: results/synth/regime=easy/d=10/num_cycles=3/density=0.8/samp_size=50/seed=1/dataset.npz
    output: results/synth/regime=easy/d=10/num_cycles=3/density=0.8/samp_size=50/seed=1/method=lacerda/model.pkl
    jobid: 225
    reason: Code has changed since last execution; Params have changed since last execution: Union of exclusive params before and now across all output: before: 0.01,[0.01, 0.05, 0.1],[0.05, 0.1, 0.15, 0.2],'hsic' now: <nothing exclusive> 
    wildcards: regime=easy, d=10, num_cycles=3, density=0.8, samp_size=50, seed=1, method=lacerda
    resources: tmpdir=/tmp
Select jobs to execute...
[Wed Apr 29 22:32:30 2026]
Finished jobid: 125 (Rule: synth_fit)
63 of 147 steps (43%) done
Execute 1 jobs...
[Wed Apr 29 22:32:30 2026]
localrule synth_evaluate:
    input: results/synth/regime=easy/d=10/num_cycles=3/density=0.5/samp_size=100/seed=1/dataset.npz, results/synth/regime=easy/d=10/num_cycles=3/density=0.5/samp_size=100/seed=1/method=lacerda/model.pkl
    output: results/synth/regime=easy/d=10/num_cycles=3/density=0.5/samp_size=100/seed=1/method=lacerda/metrics.csv
    jobid: 123
    reason: Input files updated by another job: results/synth/regime=easy/d=10/num_cycles=3/density=0.5/samp_size=100/seed=1/method=lacerda/model.pkl
    wildcards: regime=easy, d=10, num_cycles=3, density=0.5, samp_size=100, seed=1, method=lacerda
    resources: tmpdir=/tmp
[Wed Apr 29 22:32:30 2026]
Finished jobid: 195 (Rule: synth_evaluate)
64 of 147 steps (44%) done
Select jobs to execute...
Execute 1 jobs...
[Wed Apr 29 22:32:30 2026]
localrule synth_fit:
    input: results/synth/regime=easy/d=10/num_cycles=5/density=0.5/samp_size=50/seed=1/dataset.npz
    output: results/synth/regime=easy/d=10/num_cycles=5/density=0.5/samp_size=50/seed=1/method=lacerda/model.pkl
    jobid: 188
    reason: Code has changed since last execution; Params have changed since last execution: Union of exclusive params before and now across all output: before: 0.01,[0.01, 0.05, 0.1],[0.05, 0.1, 0.15, 0.2],'hsic' now: <nothing exclusive> 
    wildcards: regime=easy, d=10, num_cycles=5, density=0.5, samp_size=50, seed=1, method=lacerda
    resources: tmpdir=/tmp
Select jobs to execute...
[Wed Apr 29 22:32:30 2026]
Finished jobid: 150 (Rule: synth_evaluate)
65 of 147 steps (44%) done
Execute 1 jobs...
[Wed Apr 29 22:32:30 2026]
localrule synth_evaluate:
    input: results/synth/regime=easy/d=10/num_cycles=5/density=0.5/samp_size=100/seed=0/dataset.npz, results/synth/regime=easy/d=10/num_cycles=5/density=0.5/samp_size=100/seed=0/method=lacerda/model.pkl
    output: results/synth/regime=easy/d=10/num_cycles=5/density=0.5/samp_size=100/seed=0/method=lacerda/metrics.csv
    jobid: 192
    reason: Input files updated by another job: results/synth/regime=easy/d=10/num_cycles=5/density=0.5/samp_size=100/seed=0/method=lacerda/model.pkl
    wildcards: regime=easy, d=10, num_cycles=5, density=0.5, samp_size=100, seed=0, method=lacerda
    resources: tmpdir=/tmp
Select jobs to execute...
[Wed Apr 29 22:32:30 2026]
Finished jobid: 262 (Rule: synth_evaluate)
66 of 147 steps (45%) done
[Wed Apr 29 22:32:30 2026]
Finished jobid: 295 (Rule: synth_evaluate)
67 of 147 steps (46%) done
Execute 2 jobs...
[Wed Apr 29 22:32:30 2026]
localrule synth_evaluate:
    input: results/synth/regime=easy/d=10/num_cycles=3/density=0.5/samp_size=100/seed=2/dataset.npz, results/synth/regime=easy/d=10/num_cycles=3/density=0.5/samp_size=100/seed=2/method=lacerda/model.pkl
    output: results/synth/regime=easy/d=10/num_cycles=3/density=0.5/samp_size=100/seed=2/method=lacerda/metrics.csv
    jobid: 126
    reason: Input files updated by another job: results/synth/regime=easy/d=10/num_cycles=3/density=0.5/samp_size=100/seed=2/method=lacerda/model.pkl
    wildcards: regime=easy, d=10, num_cycles=3, density=0.5, samp_size=100, seed=2, method=lacerda
    resources: tmpdir=/tmp
[Wed Apr 29 22:32:30 2026]
localrule synth_evaluate:
    input: results/synth/regime=easy/d=10/num_cycles=5/density=0.5/samp_size=50/seed=0/dataset.npz, results/synth/regime=easy/d=10/num_cycles=5/density=0.5/samp_size=50/seed=0/method=lacerda/model.pkl
    output: results/synth/regime=easy/d=10/num_cycles=5/density=0.5/samp_size=50/seed=0/method=lacerda/metrics.csv
    jobid: 183
    reason: Input files updated by another job: results/synth/regime=easy/d=10/num_cycles=5/density=0.5/samp_size=50/seed=0/method=lacerda/model.pkl
    wildcards: regime=easy, d=10, num_cycles=5, density=0.5, samp_size=50, seed=0, method=lacerda
    resources: tmpdir=/tmp
[Wed Apr 29 22:32:30 2026]
Finished jobid: 286 (Rule: synth_evaluate)
68 of 147 steps (46%) done
Select jobs to execute...
Execute 1 jobs...
[Wed Apr 29 22:32:30 2026]
localrule synth_evaluate:
    input: results/synth/regime=easy/d=10/num_cycles=4/density=0.5/samp_size=50/seed=0/dataset.npz, results/synth/regime=easy/d=10/num_cycles=4/density=0.5/samp_size=50/seed=0/method=lacerda/model.pkl
    output: results/synth/regime=easy/d=10/num_cycles=4/density=0.5/samp_size=50/seed=0/method=lacerda/metrics.csv
    jobid: 147
    reason: Input files updated by another job: results/synth/regime=easy/d=10/num_cycles=4/density=0.5/samp_size=50/seed=0/method=lacerda/model.pkl
    wildcards: regime=easy, d=10, num_cycles=4, density=0.5, samp_size=50, seed=0, method=lacerda
    resources: tmpdir=/tmp
Select jobs to execute...
[Wed Apr 29 22:32:30 2026]
Finished jobid: 250 (Rule: synth_evaluate)
69 of 147 steps (47%) done
Execute 1 jobs...
[Wed Apr 29 22:32:30 2026]
localrule synth_fit:
    input: results/synth/regime=easy/d=10/num_cycles=4/density=0.8/samp_size=100/seed=1/dataset.npz
    output: results/synth/regime=easy/d=10/num_cycles=4/density=0.8/samp_size=100/seed=1/method=lacerda/model.pkl
    jobid: 270
    reason: Code has changed since last execution; Params have changed since last execution: Union of exclusive params before and now across all output: before: 0.01,[0.01, 0.05, 0.1],[0.05, 0.1, 0.15, 0.2],'hsic' now: <nothing exclusive> 
    wildcards: regime=easy, d=10, num_cycles=4, density=0.8, samp_size=100, seed=1, method=lacerda
    resources: tmpdir=/tmp
Select jobs to execute...
[Wed Apr 29 22:32:30 2026]
Finished jobid: 201 (Rule: synth_evaluate)
70 of 147 steps (48%) done
Execute 1 jobs...
[Wed Apr 29 22:32:30 2026]
localrule synth_fit:
    input: results/synth/regime=easy/d=10/num_cycles=3/density=0.5/samp_size=1000/seed=1/dataset.npz
    output: results/synth/regime=easy/d=10/num_cycles=3/density=0.5/samp_size=1000/seed=1/method=lacerda/model.pkl
    jobid: 143
    reason: Code has changed since last execution; Params have changed since last execution: Union of exclusive params before and now across all output: before: 0.01,[0.01, 0.05, 0.1],[0.05, 0.1, 0.15, 0.2],'hsic' now: <nothing exclusive> 
    wildcards: regime=easy, d=10, num_cycles=3, density=0.5, samp_size=1000, seed=1, method=lacerda
    resources: tmpdir=/tmp
[Wed Apr 29 22:32:30 2026]
Finished jobid: 277 (Rule: synth_evaluate)
71 of 147 steps (48%) done
Select jobs to execute...
Execute 1 jobs...
[Wed Apr 29 22:32:30 2026]
localrule synth_evaluate:
    input: results/synth/regime=easy/d=10/num_cycles=3/density=0.8/samp_size=50/seed=2/dataset.npz, results/synth/regime=easy/d=10/num_cycles=3/density=0.8/samp_size=50/seed=2/method=lacerda/model.pkl
    output: results/synth/regime=easy/d=10/num_cycles=3/density=0.8/samp_size=50/seed=2/method=lacerda/metrics.csv
    jobid: 226
    reason: Input files updated by another job: results/synth/regime=easy/d=10/num_cycles=3/density=0.8/samp_size=50/seed=2/method=lacerda/model.pkl
    wildcards: regime=easy, d=10, num_cycles=3, density=0.8, samp_size=50, seed=2, method=lacerda
    resources: tmpdir=/tmp
[Wed Apr 29 22:32:30 2026]
Finished jobid: 135 (Rule: synth_evaluate)
72 of 147 steps (49%) done
[Wed Apr 29 22:32:30 2026]
Finished jobid: 216 (Rule: synth_evaluate)
73 of 147 steps (50%) done
Select jobs to execute...
Execute 2 jobs...
[Wed Apr 29 22:32:30 2026]
localrule synth_evaluate:
    input: results/synth/regime=easy/d=10/num_cycles=4/density=0.5/samp_size=1000/seed=1/dataset.npz, results/synth/regime=easy/d=10/num_cycles=4/density=0.5/samp_size=1000/seed=1/method=lacerda/model.pkl
    output: results/synth/regime=easy/d=10/num_cycles=4/density=0.5/samp_size=1000/seed=1/method=lacerda/metrics.csv
    jobid: 177
    reason: Input files updated by another job: results/synth/regime=easy/d=10/num_cycles=4/density=0.5/samp_size=1000/seed=1/method=lacerda/model.pkl
    wildcards: regime=easy, d=10, num_cycles=4, density=0.5, samp_size=1000, seed=1, method=lacerda
    resources: tmpdir=/tmp
[Wed Apr 29 22:32:30 2026]
localrule synth_evaluate:
    input: results/synth/regime=easy/d=10/num_cycles=4/density=0.5/samp_size=100/seed=2/dataset.npz, results/synth/regime=easy/d=10/num_cycles=4/density=0.5/samp_size=100/seed=2/method=lacerda/model.pkl
    output: results/synth/regime=easy/d=10/num_cycles=4/density=0.5/samp_size=100/seed=2/method=lacerda/metrics.csv
    jobid: 162
    reason: Input files updated by another job: results/synth/regime=easy/d=10/num_cycles=4/density=0.5/samp_size=100/seed=2/method=lacerda/model.pkl
    wildcards: regime=easy, d=10, num_cycles=4, density=0.5, samp_size=100, seed=2, method=lacerda
    resources: tmpdir=/tmp
[Wed Apr 29 22:32:30 2026]
Finished jobid: 167 (Rule: synth_fit)
74 of 147 steps (50%) done
Select jobs to execute...
Execute 1 jobs...
[Wed Apr 29 22:32:30 2026]
localrule synth_fit:
    input: results/synth/regime=easy/d=10/num_cycles=5/density=0.8/samp_size=1000/seed=2/dataset.npz
    output: results/synth/regime=easy/d=10/num_cycles=5/density=0.8/samp_size=1000/seed=2/method=lacerda/model.pkl
    jobid: 327
    reason: Code has changed since last execution; Params have changed since last execution: Union of exclusive params before and now across all output: before: 0.01,[0.01, 0.05, 0.1],[0.05, 0.1, 0.15, 0.2],'hsic' now: <nothing exclusive> 
    wildcards: regime=easy, d=10, num_cycles=5, density=0.8, samp_size=1000, seed=2, method=lacerda
    resources: tmpdir=/tmp
[Wed Apr 29 22:32:30 2026]
Finished jobid: 220 (Rule: synth_evaluate)
75 of 147 steps (51%) done
Select jobs to execute...
Execute 1 jobs...
[Wed Apr 29 22:32:30 2026]
localrule synth_fit:
    input: results/synth/regime=easy/d=10/num_cycles=3/density=0.8/samp_size=100/seed=2/dataset.npz
    output: results/synth/regime=easy/d=10/num_cycles=3/density=0.8/samp_size=100/seed=2/method=lacerda/model.pkl
    jobid: 237
    reason: Code has changed since last execution; Params have changed since last execution: Union of exclusive params before and now across all output: before: 0.01,[0.01, 0.05, 0.1],[0.05, 0.1, 0.15, 0.2],'hsic' now: <nothing exclusive> 
    wildcards: regime=easy, d=10, num_cycles=3, density=0.8, samp_size=100, seed=2, method=lacerda
    resources: tmpdir=/tmp
[Wed Apr 29 22:32:30 2026]
Finished jobid: 189 (Rule: synth_evaluate)
76 of 147 steps (52%) done
[Wed Apr 29 22:32:30 2026]
Finished jobid: 300 (Rule: synth_fit)
77 of 147 steps (52%) done
Select jobs to execute...
Execute 2 jobs...
[Wed Apr 29 22:32:30 2026]
localrule synth_evaluate:
    input: results/synth/regime=easy/d=10/num_cycles=5/density=0.8/samp_size=100/seed=2/dataset.npz, results/synth/regime=easy/d=10/num_cycles=5/density=0.8/samp_size=100/seed=2/method=lacerda/model.pkl
    output: results/synth/regime=easy/d=10/num_cycles=5/density=0.8/samp_size=100/seed=2/method=lacerda/metrics.csv
    jobid: 307
    reason: Input files updated by another job: results/synth/regime=easy/d=10/num_cycles=5/density=0.8/samp_size=100/seed=2/method=lacerda/model.pkl
    wildcards: regime=easy, d=10, num_cycles=5, density=0.8, samp_size=100, seed=2, method=lacerda
    resources: tmpdir=/tmp
[Wed Apr 29 22:32:30 2026]
localrule synth_evaluate:
    input: results/synth/regime=easy/d=10/num_cycles=3/density=0.8/samp_size=500/seed=0/dataset.npz, results/synth/regime=easy/d=10/num_cycles=3/density=0.8/samp_size=500/seed=0/method=lacerda/model.pkl
    output: results/synth/regime=easy/d=10/num_cycles=3/density=0.8/samp_size=500/seed=0/method=lacerda/metrics.csv
    jobid: 238
    reason: Input files updated by another job: results/synth/regime=easy/d=10/num_cycles=3/density=0.8/samp_size=500/seed=0/method=lacerda/model.pkl
    wildcards: regime=easy, d=10, num_cycles=3, density=0.8, samp_size=500, seed=0, method=lacerda
    resources: tmpdir=/tmp
[Wed Apr 29 22:32:30 2026]
Finished jobid: 204 (Rule: synth_evaluate)
78 of 147 steps (53%) done
Select jobs to execute...
Execute 1 jobs...
[Wed Apr 29 22:32:30 2026]
localrule synth_fit:
    input: results/synth/regime=easy/d=10/num_cycles=5/density=0.5/samp_size=500/seed=2/dataset.npz
    output: results/synth/regime=easy/d=10/num_cycles=5/density=0.5/samp_size=500/seed=2/method=lacerda/model.pkl
    jobid: 209
    reason: Code has changed since last execution; Params have changed since last execution: Union of exclusive params before and now across all output: before: 0.01,[0.01, 0.05, 0.1],[0.05, 0.1, 0.15, 0.2],'hsic' now: <nothing exclusive> 
    wildcards: regime=easy, d=10, num_cycles=5, density=0.5, samp_size=500, seed=2, method=lacerda
    resources: tmpdir=/tmp
[Wed Apr 29 22:32:30 2026]
Finished jobid: 310 (Rule: synth_evaluate)
79 of 147 steps (54%) done
Select jobs to execute...
Execute 1 jobs...
[Wed Apr 29 22:32:30 2026]
localrule synth_evaluate:
    input: results/synth/regime=easy/d=10/num_cycles=5/density=0.8/samp_size=50/seed=2/dataset.npz, results/synth/regime=easy/d=10/num_cycles=5/density=0.8/samp_size=50/seed=2/method=lacerda/model.pkl
    output: results/synth/regime=easy/d=10/num_cycles=5/density=0.8/samp_size=50/seed=2/method=lacerda/metrics.csv
    jobid: 298
    reason: Input files updated by another job: results/synth/regime=easy/d=10/num_cycles=5/density=0.8/samp_size=50/seed=2/method=lacerda/model.pkl
    wildcards: regime=easy, d=10, num_cycles=5, density=0.8, samp_size=50, seed=2, method=lacerda
    resources: tmpdir=/tmp
[Wed Apr 29 22:32:30 2026]
Finished jobid: 249 (Rule: synth_fit)
80 of 147 steps (54%) done
[Wed Apr 29 22:32:30 2026]
Finished jobid: 294 (Rule: synth_fit)
81 of 147 steps (55%) done
Select jobs to execute...
Execute 2 jobs...
[Wed Apr 29 22:32:30 2026]
localrule synth_evaluate:
    input: results/synth/regime=easy/d=10/num_cycles=3/density=0.5/samp_size=500/seed=1/dataset.npz, results/synth/regime=easy/d=10/num_cycles=3/density=0.5/samp_size=500/seed=1/method=lacerda/model.pkl
    output: results/synth/regime=easy/d=10/num_cycles=3/density=0.5/samp_size=500/seed=1/method=lacerda/metrics.csv
    jobid: 132
    reason: Input files updated by another job: results/synth/regime=easy/d=10/num_cycles=3/density=0.5/samp_size=500/seed=1/method=lacerda/model.pkl
    wildcards: regime=easy, d=10, num_cycles=3, density=0.5, samp_size=500, seed=1, method=lacerda
    resources: tmpdir=/tmp
[Wed Apr 29 22:32:30 2026]
localrule synth_evaluate:
    input: results/synth/regime=easy/d=10/num_cycles=3/density=0.5/samp_size=1000/seed=0/dataset.npz, results/synth/regime=easy/d=10/num_cycles=3/density=0.5/samp_size=1000/seed=0/method=lacerda/model.pkl
    output: results/synth/regime=easy/d=10/num_cycles=3/density=0.5/samp_size=1000/seed=0/method=lacerda/metrics.csv
    jobid: 138
    reason: Input files updated by another job: results/synth/regime=easy/d=10/num_cycles=3/density=0.5/samp_size=1000/seed=0/method=lacerda/model.pkl
    wildcards: regime=easy, d=10, num_cycles=3, density=0.5, samp_size=1000, seed=0, method=lacerda
    resources: tmpdir=/tmp
Select jobs to execute...
[Wed Apr 29 22:32:30 2026]
Finished jobid: 212 (Rule: synth_fit)
82 of 147 steps (56%) done
Execute 1 jobs...
[Wed Apr 29 22:32:30 2026]
localrule synth_evaluate:
    input: results/synth/regime=easy/d=10/num_cycles=5/density=0.5/samp_size=1000/seed=0/dataset.npz, results/synth/regime=easy/d=10/num_cycles=5/density=0.5/samp_size=1000/seed=0/method=lacerda/model.pkl
    output: results/synth/regime=easy/d=10/num_cycles=5/density=0.5/samp_size=1000/seed=0/method=lacerda/metrics.csv
    jobid: 210
    reason: Input files updated by another job: results/synth/regime=easy/d=10/num_cycles=5/density=0.5/samp_size=1000/seed=0/method=lacerda/model.pkl
    wildcards: regime=easy, d=10, num_cycles=5, density=0.5, samp_size=1000, seed=0, method=lacerda
    resources: tmpdir=/tmp
[Wed Apr 29 22:32:30 2026]
Finished jobid: 119 (Rule: synth_fit)
83 of 147 steps (56%) done
Select jobs to execute...
Execute 1 jobs...
[Wed Apr 29 22:32:30 2026]
localrule synth_evaluate:
    input: results/synth/regime=easy/d=10/num_cycles=3/density=0.8/samp_size=1000/seed=0/dataset.npz, results/synth/regime=easy/d=10/num_cycles=3/density=0.8/samp_size=1000/seed=0/method=lacerda/model.pkl
    output: results/synth/regime=easy/d=10/num_cycles=3/density=0.8/samp_size=1000/seed=0/method=lacerda/metrics.csv
    jobid: 247
    reason: Input files updated by another job: results/synth/regime=easy/d=10/num_cycles=3/density=0.8/samp_size=1000/seed=0/method=lacerda/model.pkl
    wildcards: regime=easy, d=10, num_cycles=3, density=0.8, samp_size=1000, seed=0, method=lacerda
    resources: tmpdir=/tmp
[Wed Apr 29 22:32:30 2026]
Finished jobid: 246 (Rule: synth_fit)
84 of 147 steps (57%) done
Select jobs to execute...
Execute 1 jobs...
[Wed Apr 29 22:32:30 2026]
localrule synth_evaluate:
    input: results/synth/regime=easy/d=10/num_cycles=5/density=0.8/samp_size=50/seed=0/dataset.npz, results/synth/regime=easy/d=10/num_cycles=5/density=0.8/samp_size=50/seed=0/method=lacerda/model.pkl
    output: results/synth/regime=easy/d=10/num_cycles=5/density=0.8/samp_size=50/seed=0/method=lacerda/metrics.csv
    jobid: 292
    reason: Input files updated by another job: results/synth/regime=easy/d=10/num_cycles=5/density=0.8/samp_size=50/seed=0/method=lacerda/model.pkl
    wildcards: regime=easy, d=10, num_cycles=5, density=0.8, samp_size=50, seed=0, method=lacerda
    resources: tmpdir=/tmp
Select jobs to execute...
[Wed Apr 29 22:32:30 2026]
Finished jobid: 291 (Rule: synth_fit)
85 of 147 steps (58%) done
Execute 1 jobs...
[Wed Apr 29 22:32:30 2026]
localrule synth_evaluate:
    input: results/synth/regime=easy/d=10/num_cycles=4/density=0.5/samp_size=500/seed=0/dataset.npz, results/synth/regime=easy/d=10/num_cycles=4/density=0.5/samp_size=500/seed=0/method=lacerda/model.pkl
    output: results/synth/regime=easy/d=10/num_cycles=4/density=0.5/samp_size=500/seed=0/method=lacerda/metrics.csv
    jobid: 165
    reason: Input files updated by another job: results/synth/regime=easy/d=10/num_cycles=4/density=0.5/samp_size=500/seed=0/method=lacerda/model.pkl
    wildcards: regime=easy, d=10, num_cycles=4, density=0.5, samp_size=500, seed=0, method=lacerda
    resources: tmpdir=/tmp
Select jobs to execute...
[Wed Apr 29 22:32:30 2026]
Finished jobid: 144 (Rule: synth_evaluate)
86 of 147 steps (59%) done
Execute 1 jobs...
[Wed Apr 29 22:32:30 2026]
localrule synth_evaluate:
    input: results/synth/regime=easy/d=10/num_cycles=4/density=0.8/samp_size=50/seed=1/dataset.npz, results/synth/regime=easy/d=10/num_cycles=4/density=0.8/samp_size=50/seed=1/method=lacerda/model.pkl
    output: results/synth/regime=easy/d=10/num_cycles=4/density=0.8/samp_size=50/seed=1/method=lacerda/metrics.csv
    jobid: 259
    reason: Input files updated by another job: results/synth/regime=easy/d=10/num_cycles=4/density=0.8/samp_size=50/seed=1/method=lacerda/model.pkl
    wildcards: regime=easy, d=10, num_cycles=4, density=0.8, samp_size=50, seed=1, method=lacerda
    resources: tmpdir=/tmp
Select jobs to execute...
[Wed Apr 29 22:32:30 2026]
Finished jobid: 306 (Rule: synth_fit)
87 of 147 steps (59%) done
Execute 1 jobs...
[Wed Apr 29 22:32:30 2026]
localrule synth_evaluate:
    input: results/synth/regime=easy/d=10/num_cycles=5/density=0.8/samp_size=100/seed=1/dataset.npz, results/synth/regime=easy/d=10/num_cycles=5/density=0.8/samp_size=100/seed=1/method=lacerda/model.pkl
    output: results/synth/regime=easy/d=10/num_cycles=5/density=0.8/samp_size=100/seed=1/method=lacerda/metrics.csv
    jobid: 304
    reason: Input files updated by another job: results/synth/regime=easy/d=10/num_cycles=5/density=0.8/samp_size=100/seed=1/method=lacerda/model.pkl
    wildcards: regime=easy, d=10, num_cycles=5, density=0.8, samp_size=100, seed=1, method=lacerda
    resources: tmpdir=/tmp
Select jobs to execute...
[Wed Apr 29 22:32:30 2026]
Finished jobid: 213 (Rule: synth_evaluate)
88 of 147 steps (60%) done
Execute 1 jobs...
[Wed Apr 29 22:32:30 2026]
localrule synth_fit:
    input: results/synth/regime=easy/d=10/num_cycles=4/density=0.8/samp_size=500/seed=2/dataset.npz
    output: results/synth/regime=easy/d=10/num_cycles=4/density=0.8/samp_size=500/seed=2/method=lacerda/model.pkl
    jobid: 282
    reason: Code has changed since last execution; Params have changed since last execution: Union of exclusive params before and now across all output: before: 0.01,[0.01, 0.05, 0.1],[0.05, 0.1, 0.15, 0.2],'hsic' now: <nothing exclusive> 
    wildcards: regime=easy, d=10, num_cycles=4, density=0.8, samp_size=500, seed=2, method=lacerda
    resources: tmpdir=/tmp
Select jobs to execute...
[Wed Apr 29 22:32:30 2026]
Finished jobid: 313 (Rule: synth_evaluate)
89 of 147 steps (61%) done
Execute 1 jobs...
[Wed Apr 29 22:32:30 2026]
localrule synth_evaluate:
    input: results/synth/regime=easy/d=10/num_cycles=4/density=0.8/samp_size=100/seed=0/dataset.npz, results/synth/regime=easy/d=10/num_cycles=4/density=0.8/samp_size=100/seed=0/method=lacerda/model.pkl
    output: results/synth/regime=easy/d=10/num_cycles=4/density=0.8/samp_size=100/seed=0/method=lacerda/metrics.csv
    jobid: 265
    reason: Input files updated by another job: results/synth/regime=easy/d=10/num_cycles=4/density=0.8/samp_size=100/seed=0/method=lacerda/model.pkl
    wildcards: regime=easy, d=10, num_cycles=4, density=0.8, samp_size=100, seed=0, method=lacerda
    resources: tmpdir=/tmp
[Wed Apr 29 22:32:30 2026]
Finished jobid: 258 (Rule: synth_fit)
90 of 147 steps (61%) done
Select jobs to execute...
Execute 1 jobs...
[Wed Apr 29 22:32:30 2026]
localrule synth_evaluate:
    input: results/synth/regime=easy/d=10/num_cycles=4/density=0.8/samp_size=100/seed=2/dataset.npz, results/synth/regime=easy/d=10/num_cycles=4/density=0.8/samp_size=100/seed=2/method=lacerda/model.pkl
    output: results/synth/regime=easy/d=10/num_cycles=4/density=0.8/samp_size=100/seed=2/method=lacerda/metrics.csv
    jobid: 271
    reason: Input files updated by another job: results/synth/regime=easy/d=10/num_cycles=4/density=0.8/samp_size=100/seed=2/method=lacerda/model.pkl
    wildcards: regime=easy, d=10, num_cycles=4, density=0.8, samp_size=100, seed=2, method=lacerda
    resources: tmpdir=/tmp
[Wed Apr 29 22:32:30 2026]
Finished jobid: 159 (Rule: synth_evaluate)
91 of 147 steps (62%) done
Select jobs to execute...
Execute 1 jobs...
[Wed Apr 29 22:32:30 2026]
localrule synth_evaluate:
    input: results/synth/regime=easy/d=10/num_cycles=5/density=0.8/samp_size=500/seed=2/dataset.npz, results/synth/regime=easy/d=10/num_cycles=5/density=0.8/samp_size=500/seed=2/method=lacerda/model.pkl
    output: results/synth/regime=easy/d=10/num_cycles=5/density=0.8/samp_size=500/seed=2/method=lacerda/metrics.csv
    jobid: 316
    reason: Input files updated by another job: results/synth/regime=easy/d=10/num_cycles=5/density=0.8/samp_size=500/seed=2/method=lacerda/model.pkl
    wildcards: regime=easy, d=10, num_cycles=5, density=0.8, samp_size=500, seed=2, method=lacerda
    resources: tmpdir=/tmp
Select jobs to execute...
[Wed Apr 29 22:32:31 2026]
Finished jobid: 168 (Rule: synth_evaluate)
92 of 147 steps (63%) done
Execute 1 jobs...
[Wed Apr 29 22:32:31 2026]
localrule synth_fit:
    input: results/synth/regime=easy/d=10/num_cycles=4/density=0.5/samp_size=50/seed=2/dataset.npz
    output: results/synth/regime=easy/d=10/num_cycles=4/density=0.5/samp_size=50/seed=2/method=lacerda/model.pkl
    jobid: 155
    reason: Code has changed since last execution; Params have changed since last execution: Union of exclusive params before and now across all output: before: 0.01,[0.01, 0.05, 0.1],[0.05, 0.1, 0.15, 0.2],'hsic' now: <nothing exclusive> 
    wildcards: regime=easy, d=10, num_cycles=4, density=0.5, samp_size=50, seed=2, method=lacerda
    resources: tmpdir=/tmp
Select jobs to execute...
[Wed Apr 29 22:32:31 2026]
Finished jobid: 225 (Rule: synth_fit)
93 of 147 steps (63%) done
Execute 1 jobs...
[Wed Apr 29 22:32:31 2026]
localrule synth_evaluate:
    input: results/synth/regime=easy/d=10/num_cycles=4/density=0.5/samp_size=500/seed=2/dataset.npz, results/synth/regime=easy/d=10/num_cycles=4/density=0.5/samp_size=500/seed=2/method=lacerda/model.pkl
    output: results/synth/regime=easy/d=10/num_cycles=4/density=0.5/samp_size=500/seed=2/method=lacerda/metrics.csv
    jobid: 171
    reason: Input files updated by another job: results/synth/regime=easy/d=10/num_cycles=4/density=0.5/samp_size=500/seed=2/method=lacerda/model.pkl
    wildcards: regime=easy, d=10, num_cycles=4, density=0.5, samp_size=500, seed=2, method=lacerda
    resources: tmpdir=/tmp
Select jobs to execute...
[Wed Apr 29 22:32:31 2026]
Finished jobid: 123 (Rule: synth_evaluate)
94 of 147 steps (64%) done
Execute 1 jobs...
[Wed Apr 29 22:32:31 2026]
localrule synth_evaluate:
    input: results/synth/regime=easy/d=10/num_cycles=3/density=0.5/samp_size=50/seed=2/dataset.npz, results/synth/regime=easy/d=10/num_cycles=3/density=0.5/samp_size=50/seed=2/method=lacerda/model.pkl
    output: results/synth/regime=easy/d=10/num_cycles=3/density=0.5/samp_size=50/seed=2/method=lacerda/metrics.csv
    jobid: 117
    reason: Input files updated by another job: results/synth/regime=easy/d=10/num_cycles=3/density=0.5/samp_size=50/seed=2/method=lacerda/model.pkl
    wildcards: regime=easy, d=10, num_cycles=3, density=0.5, samp_size=50, seed=2, method=lacerda
    resources: tmpdir=/tmp
Select jobs to execute...
[Wed Apr 29 22:32:31 2026]
Finished jobid: 188 (Rule: synth_fit)
95 of 147 steps (65%) done
Execute 1 jobs...
[Wed Apr 29 22:32:31 2026]
localrule synth_evaluate:
    input: results/synth/regime=easy/d=10/num_cycles=5/density=0.5/samp_size=50/seed=1/dataset.npz, results/synth/regime=easy/d=10/num_cycles=5/density=0.5/samp_size=50/seed=1/method=lacerda/model.pkl
    output: results/synth/regime=easy/d=10/num_cycles=5/density=0.5/samp_size=50/seed=1/method=lacerda/metrics.csv
    jobid: 186
    reason: Input files updated by another job: results/synth/regime=easy/d=10/num_cycles=5/density=0.5/samp_size=50/seed=1/method=lacerda/model.pkl
    wildcards: regime=easy, d=10, num_cycles=5, density=0.5, samp_size=50, seed=1, method=lacerda
    resources: tmpdir=/tmp
[Wed Apr 29 22:32:31 2026]
Finished jobid: 192 (Rule: synth_evaluate)
96 of 147 steps (65%) done
Select jobs to execute...
Execute 1 jobs...
[Wed Apr 29 22:32:31 2026]
localrule synth_evaluate:
    input: results/synth/regime=easy/d=10/num_cycles=3/density=0.8/samp_size=50/seed=1/dataset.npz, results/synth/regime=easy/d=10/num_cycles=3/density=0.8/samp_size=50/seed=1/method=lacerda/model.pkl
    output: results/synth/regime=easy/d=10/num_cycles=3/density=0.8/samp_size=50/seed=1/method=lacerda/metrics.csv
    jobid: 223
    reason: Input files updated by another job: results/synth/regime=easy/d=10/num_cycles=3/density=0.8/samp_size=50/seed=1/method=lacerda/model.pkl
    wildcards: regime=easy, d=10, num_cycles=3, density=0.8, samp_size=50, seed=1, method=lacerda
    resources: tmpdir=/tmp
Select jobs to execute...
[Wed Apr 29 22:32:31 2026]
Finished jobid: 183 (Rule: synth_evaluate)
97 of 147 steps (66%) done
Execute 1 jobs...
[Wed Apr 29 22:32:31 2026]
localrule synth_evaluate:
    input: results/synth/regime=easy/d=10/num_cycles=4/density=0.8/samp_size=50/seed=0/dataset.npz, results/synth/regime=easy/d=10/num_cycles=4/density=0.8/samp_size=50/seed=0/method=lacerda/model.pkl
    output: results/synth/regime=easy/d=10/num_cycles=4/density=0.8/samp_size=50/seed=0/method=lacerda/metrics.csv
    jobid: 256
    reason: Input files updated by another job: results/synth/regime=easy/d=10/num_cycles=4/density=0.8/samp_size=50/seed=0/method=lacerda/model.pkl
    wildcards: regime=easy, d=10, num_cycles=4, density=0.8, samp_size=50, seed=0, method=lacerda
    resources: tmpdir=/tmp
[Wed Apr 29 22:32:31 2026]
Finished jobid: 126 (Rule: synth_evaluate)
98 of 147 steps (67%) done
Select jobs to execute...
Execute 1 jobs...
[Wed Apr 29 22:32:31 2026]
localrule synth_evaluate:
    input: results/synth/regime=easy/d=10/num_cycles=3/density=0.5/samp_size=50/seed=0/dataset.npz, results/synth/regime=easy/d=10/num_cycles=3/density=0.5/samp_size=50/seed=0/method=lacerda/model.pkl
    output: results/synth/regime=easy/d=10/num_cycles=3/density=0.5/samp_size=50/seed=0/method=lacerda/metrics.csv
    jobid: 111
    reason: Input files updated by another job: results/synth/regime=easy/d=10/num_cycles=3/density=0.5/samp_size=50/seed=0/method=lacerda/model.pkl
    wildcards: regime=easy, d=10, num_cycles=3, density=0.5, samp_size=50, seed=0, method=lacerda
    resources: tmpdir=/tmp
Select jobs to execute...
[Wed Apr 29 22:32:31 2026]
Finished jobid: 177 (Rule: synth_evaluate)
99 of 147 steps (67%) done
Execute 1 jobs...
[Wed Apr 29 22:32:31 2026]
localrule synth_evaluate:
    input: results/synth/regime=easy/d=10/num_cycles=4/density=0.5/samp_size=100/seed=0/dataset.npz, results/synth/regime=easy/d=10/num_cycles=4/density=0.5/samp_size=100/seed=0/method=lacerda/model.pkl
    output: results/synth/regime=easy/d=10/num_cycles=4/density=0.5/samp_size=100/seed=0/method=lacerda/metrics.csv
    jobid: 156
    reason: Input files updated by another job: results/synth/regime=easy/d=10/num_cycles=4/density=0.5/samp_size=100/seed=0/method=lacerda/model.pkl
    wildcards: regime=easy, d=10, num_cycles=4, density=0.5, samp_size=100, seed=0, method=lacerda
    resources: tmpdir=/tmp
[Wed Apr 29 22:32:31 2026]
Finished jobid: 226 (Rule: synth_evaluate)
100 of 147 steps (68%) done
[Wed Apr 29 22:32:31 2026]
Finished jobid: 147 (Rule: synth_evaluate)
101 of 147 steps (69%) done
Select jobs to execute...
Execute 2 jobs...
[Wed Apr 29 22:32:31 2026]
localrule synth_evaluate:
    input: results/synth/regime=easy/d=10/num_cycles=4/density=0.8/samp_size=1000/seed=0/dataset.npz, results/synth/regime=easy/d=10/num_cycles=4/density=0.8/samp_size=1000/seed=0/method=lacerda/model.pkl
    output: results/synth/regime=easy/d=10/num_cycles=4/density=0.8/samp_size=1000/seed=0/method=lacerda/metrics.csv
    jobid: 283
    reason: Input files updated by another job: results/synth/regime=easy/d=10/num_cycles=4/density=0.8/samp_size=1000/seed=0/method=lacerda/model.pkl
    wildcards: regime=easy, d=10, num_cycles=4, density=0.8, samp_size=1000, seed=0, method=lacerda
    resources: tmpdir=/tmp
[Wed Apr 29 22:32:31 2026]
localrule synth_evaluate:
    input: results/synth/regime=easy/d=10/num_cycles=4/density=0.8/samp_size=1000/seed=2/dataset.npz, results/synth/regime=easy/d=10/num_cycles=4/density=0.8/samp_size=1000/seed=2/method=lacerda/model.pkl
    output: results/synth/regime=easy/d=10/num_cycles=4/density=0.8/samp_size=1000/seed=2/method=lacerda/metrics.csv
    jobid: 289
    reason: Input files updated by another job: results/synth/regime=easy/d=10/num_cycles=4/density=0.8/samp_size=1000/seed=2/method=lacerda/model.pkl
    wildcards: regime=easy, d=10, num_cycles=4, density=0.8, samp_size=1000, seed=2, method=lacerda
    resources: tmpdir=/tmp
[Wed Apr 29 22:32:31 2026]
Finished jobid: 162 (Rule: synth_evaluate)
102 of 147 steps (69%) done
Select jobs to execute...
Execute 1 jobs...
[Wed Apr 29 22:32:31 2026]
localrule synth_fit:
    input: results/synth/regime=easy/d=10/num_cycles=3/density=0.5/samp_size=100/seed=0/dataset.npz
    output: results/synth/regime=easy/d=10/num_cycles=3/density=0.5/samp_size=100/seed=0/method=lacerda/model.pkl
    jobid: 122
    reason: Code has changed since last execution; Params have changed since last execution: Union of exclusive params before and now across all output: before: 0.01,[0.01, 0.05, 0.1],[0.05, 0.1, 0.15, 0.2],'hsic' now: <nothing exclusive> 
    wildcards: regime=easy, d=10, num_cycles=3, density=0.5, samp_size=100, seed=0, method=lacerda
    resources: tmpdir=/tmp
[Wed Apr 29 22:32:31 2026]
Finished jobid: 143 (Rule: synth_fit)
103 of 147 steps (70%) done
Select jobs to execute...
Execute 1 jobs...
[Wed Apr 29 22:32:31 2026]
localrule synth_evaluate:
    input: results/synth/regime=easy/d=10/num_cycles=3/density=0.5/samp_size=1000/seed=1/dataset.npz, results/synth/regime=easy/d=10/num_cycles=3/density=0.5/samp_size=1000/seed=1/method=lacerda/model.pkl
    output: results/synth/regime=easy/d=10/num_cycles=3/density=0.5/samp_size=1000/seed=1/method=lacerda/metrics.csv
    jobid: 141
    reason: Input files updated by another job: results/synth/regime=easy/d=10/num_cycles=3/density=0.5/samp_size=1000/seed=1/method=lacerda/model.pkl
    wildcards: regime=easy, d=10, num_cycles=3, density=0.5, samp_size=1000, seed=1, method=lacerda
    resources: tmpdir=/tmp
Select jobs to execute...
[Wed Apr 29 22:32:31 2026]
Finished jobid: 327 (Rule: synth_fit)
104 of 147 steps (71%) done
Execute 1 jobs...
[Wed Apr 29 22:32:31 2026]
localrule synth_evaluate:
    input: results/synth/regime=easy/d=10/num_cycles=5/density=0.8/samp_size=1000/seed=2/dataset.npz, results/synth/regime=easy/d=10/num_cycles=5/density=0.8/samp_size=1000/seed=2/method=lacerda/model.pkl
    output: results/synth/regime=easy/d=10/num_cycles=5/density=0.8/samp_size=1000/seed=2/method=lacerda/metrics.csv
    jobid: 325
    reason: Input files updated by another job: results/synth/regime=easy/d=10/num_cycles=5/density=0.8/samp_size=1000/seed=2/method=lacerda/model.pkl
    wildcards: regime=easy, d=10, num_cycles=5, density=0.8, samp_size=1000, seed=2, method=lacerda
    resources: tmpdir=/tmp
[Wed Apr 29 22:32:31 2026]
Finished jobid: 307 (Rule: synth_evaluate)
105 of 147 steps (71%) done
Select jobs to execute...
Execute 1 jobs...
[Wed Apr 29 22:32:31 2026]
localrule synth_evaluate:
    input: results/synth/regime=easy/d=10/num_cycles=3/density=0.8/samp_size=500/seed=2/dataset.npz, results/synth/regime=easy/d=10/num_cycles=3/density=0.8/samp_size=500/seed=2/method=lacerda/model.pkl
    output: results/synth/regime=easy/d=10/num_cycles=3/density=0.8/samp_size=500/seed=2/method=lacerda/metrics.csv
    jobid: 244
    reason: Input files updated by another job: results/synth/regime=easy/d=10/num_cycles=3/density=0.8/samp_size=500/seed=2/method=lacerda/model.pkl
    wildcards: regime=easy, d=10, num_cycles=3, density=0.8, samp_size=500, seed=2, method=lacerda
    resources: tmpdir=/tmp
[Wed Apr 29 22:32:31 2026]
Finished jobid: 138 (Rule: synth_evaluate)
106 of 147 steps (72%) done
[Wed Apr 29 22:32:31 2026]
Finished jobid: 298 (Rule: synth_evaluate)
107 of 147 steps (73%) done
[Wed Apr 29 22:32:31 2026]
Finished jobid: 238 (Rule: synth_evaluate)
108 of 147 steps (73%) done
[Wed Apr 29 22:32:31 2026]
Finished jobid: 209 (Rule: synth_fit)
109 of 147 steps (74%) done
Select jobs to execute...
Execute 1 jobs...
[Wed Apr 29 22:32:31 2026]
localrule synth_evaluate:
    input: results/synth/regime=easy/d=10/num_cycles=5/density=0.5/samp_size=500/seed=2/dataset.npz, results/synth/regime=easy/d=10/num_cycles=5/density=0.5/samp_size=500/seed=2/method=lacerda/model.pkl
    output: results/synth/regime=easy/d=10/num_cycles=5/density=0.5/samp_size=500/seed=2/method=lacerda/metrics.csv
    jobid: 207
    reason: Input files updated by another job: results/synth/regime=easy/d=10/num_cycles=5/density=0.5/samp_size=500/seed=2/method=lacerda/model.pkl
    wildcards: regime=easy, d=10, num_cycles=5, density=0.5, samp_size=500, seed=2, method=lacerda
    resources: tmpdir=/tmp
[Wed Apr 29 22:32:31 2026]
Finished jobid: 210 (Rule: synth_evaluate)
110 of 147 steps (75%) done
[Wed Apr 29 22:32:31 2026]
Finished jobid: 132 (Rule: synth_evaluate)
111 of 147 steps (76%) done
[Wed Apr 29 22:32:31 2026]
Finished jobid: 247 (Rule: synth_evaluate)
112 of 147 steps (76%) done
[Wed Apr 29 22:32:31 2026]
Finished jobid: 292 (Rule: synth_evaluate)
113 of 147 steps (77%) done
[Wed Apr 29 22:32:31 2026]
Finished jobid: 165 (Rule: synth_evaluate)
114 of 147 steps (78%) done
[Wed Apr 29 22:32:31 2026]
Finished jobid: 259 (Rule: synth_evaluate)
115 of 147 steps (78%) done
[Wed Apr 29 22:32:31 2026]
Finished jobid: 304 (Rule: synth_evaluate)
116 of 147 steps (79%) done
[Wed Apr 29 22:32:31 2026]
Finished jobid: 200 (Rule: synth_fit)
117 of 147 steps (80%) done
Select jobs to execute...
Execute 1 jobs...
[Wed Apr 29 22:32:31 2026]
localrule synth_evaluate:
    input: results/synth/regime=easy/d=10/num_cycles=5/density=0.5/samp_size=100/seed=2/dataset.npz, results/synth/regime=easy/d=10/num_cycles=5/density=0.5/samp_size=100/seed=2/method=lacerda/model.pkl
    output: results/synth/regime=easy/d=10/num_cycles=5/density=0.5/samp_size=100/seed=2/method=lacerda/metrics.csv
    jobid: 198
    reason: Input files updated by another job: results/synth/regime=easy/d=10/num_cycles=5/density=0.5/samp_size=100/seed=2/method=lacerda/model.pkl
    wildcards: regime=easy, d=10, num_cycles=5, density=0.5, samp_size=100, seed=2, method=lacerda
    resources: tmpdir=/tmp
[Wed Apr 29 22:32:31 2026]
Finished jobid: 282 (Rule: synth_fit)
118 of 147 steps (80%) done
Select jobs to execute...
Execute 1 jobs...
[Wed Apr 29 22:32:31 2026]
localrule synth_evaluate:
    input: results/synth/regime=easy/d=10/num_cycles=4/density=0.8/samp_size=500/seed=2/dataset.npz, results/synth/regime=easy/d=10/num_cycles=4/density=0.8/samp_size=500/seed=2/method=lacerda/model.pkl
    output: results/synth/regime=easy/d=10/num_cycles=4/density=0.8/samp_size=500/seed=2/method=lacerda/metrics.csv
    jobid: 280
    reason: Input files updated by another job: results/synth/regime=easy/d=10/num_cycles=4/density=0.8/samp_size=500/seed=2/method=lacerda/model.pkl
    wildcards: regime=easy, d=10, num_cycles=4, density=0.8, samp_size=500, seed=2, method=lacerda
    resources: tmpdir=/tmp
[Wed Apr 29 22:32:31 2026]
Finished jobid: 155 (Rule: synth_fit)
119 of 147 steps (81%) done
Select jobs to execute...
Execute 1 jobs...
[Wed Apr 29 22:32:31 2026]
localrule synth_evaluate:
    input: results/synth/regime=easy/d=10/num_cycles=4/density=0.5/samp_size=50/seed=2/dataset.npz, results/synth/regime=easy/d=10/num_cycles=4/density=0.5/samp_size=50/seed=2/method=lacerda/model.pkl
    output: results/synth/regime=easy/d=10/num_cycles=4/density=0.5/samp_size=50/seed=2/method=lacerda/metrics.csv
    jobid: 153
    reason: Input files updated by another job: results/synth/regime=easy/d=10/num_cycles=4/density=0.5/samp_size=50/seed=2/method=lacerda/model.pkl
    wildcards: regime=easy, d=10, num_cycles=4, density=0.5, samp_size=50, seed=2, method=lacerda
    resources: tmpdir=/tmp
[Wed Apr 29 22:32:31 2026]
Finished jobid: 265 (Rule: synth_evaluate)
120 of 147 steps (82%) done
[Wed Apr 29 22:32:32 2026]
Finished jobid: 271 (Rule: synth_evaluate)
121 of 147 steps (82%) done
[Wed Apr 29 22:32:32 2026]
Finished jobid: 316 (Rule: synth_evaluate)
122 of 147 steps (83%) done
[Wed Apr 29 22:32:32 2026]
Finished jobid: 171 (Rule: synth_evaluate)
123 of 147 steps (84%) done
[Wed Apr 29 22:32:32 2026]
Finished jobid: 270 (Rule: synth_fit)
124 of 147 steps (84%) done
Select jobs to execute...
Execute 1 jobs...
[Wed Apr 29 22:32:32 2026]
localrule synth_evaluate:
    input: results/synth/regime=easy/d=10/num_cycles=4/density=0.8/samp_size=100/seed=1/dataset.npz, results/synth/regime=easy/d=10/num_cycles=4/density=0.8/samp_size=100/seed=1/method=lacerda/model.pkl
    output: results/synth/regime=easy/d=10/num_cycles=4/density=0.8/samp_size=100/seed=1/method=lacerda/metrics.csv
    jobid: 268
    reason: Input files updated by another job: results/synth/regime=easy/d=10/num_cycles=4/density=0.8/samp_size=100/seed=1/method=lacerda/model.pkl
    wildcards: regime=easy, d=10, num_cycles=4, density=0.8, samp_size=100, seed=1, method=lacerda
    resources: tmpdir=/tmp
[Wed Apr 29 22:32:32 2026]
Finished jobid: 117 (Rule: synth_evaluate)
125 of 147 steps (85%) done
[Wed Apr 29 22:32:32 2026]
Finished jobid: 111 (Rule: synth_evaluate)
126 of 147 steps (86%) done
[Wed Apr 29 22:32:32 2026]
Finished jobid: 223 (Rule: synth_evaluate)
127 of 147 steps (86%) done
[Wed Apr 29 22:32:32 2026]
Finished jobid: 186 (Rule: synth_evaluate)
128 of 147 steps (87%) done
[Wed Apr 29 22:32:32 2026]
Finished jobid: 237 (Rule: synth_fit)
129 of 147 steps (88%) done
Select jobs to execute...
Execute 1 jobs...
[Wed Apr 29 22:32:32 2026]
localrule synth_evaluate:
    input: results/synth/regime=easy/d=10/num_cycles=3/density=0.8/samp_size=100/seed=2/dataset.npz, results/synth/regime=easy/d=10/num_cycles=3/density=0.8/samp_size=100/seed=2/method=lacerda/model.pkl
    output: results/synth/regime=easy/d=10/num_cycles=3/density=0.8/samp_size=100/seed=2/method=lacerda/metrics.csv
    jobid: 235
    reason: Input files updated by another job: results/synth/regime=easy/d=10/num_cycles=3/density=0.8/samp_size=100/seed=2/method=lacerda/model.pkl
    wildcards: regime=easy, d=10, num_cycles=3, density=0.8, samp_size=100, seed=2, method=lacerda
    resources: tmpdir=/tmp
[Wed Apr 29 22:32:32 2026]
Finished jobid: 256 (Rule: synth_evaluate)
130 of 147 steps (88%) done
[Wed Apr 29 22:32:32 2026]
Finished jobid: 141 (Rule: synth_evaluate)
131 of 147 steps (89%) done
[Wed Apr 29 22:32:32 2026]
Finished jobid: 156 (Rule: synth_evaluate)
132 of 147 steps (90%) done
[Wed Apr 29 22:32:32 2026]
Finished jobid: 244 (Rule: synth_evaluate)
133 of 147 steps (90%) done
[Wed Apr 29 22:32:32 2026]
Finished jobid: 289 (Rule: synth_evaluate)
134 of 147 steps (91%) done
[Wed Apr 29 22:32:32 2026]
Finished jobid: 283 (Rule: synth_evaluate)
135 of 147 steps (92%) done
[Wed Apr 29 22:32:32 2026]
Finished jobid: 325 (Rule: synth_evaluate)
136 of 147 steps (93%) done
[Wed Apr 29 22:32:32 2026]
Finished jobid: 207 (Rule: synth_evaluate)
137 of 147 steps (93%) done
[Wed Apr 29 22:32:32 2026]
Finished jobid: 122 (Rule: synth_fit)
138 of 147 steps (94%) done
Select jobs to execute...
Execute 1 jobs...
[Wed Apr 29 22:32:32 2026]
localrule synth_evaluate:
    input: results/synth/regime=easy/d=10/num_cycles=3/density=0.5/samp_size=100/seed=0/dataset.npz, results/synth/regime=easy/d=10/num_cycles=3/density=0.5/samp_size=100/seed=0/method=lacerda/model.pkl
    output: results/synth/regime=easy/d=10/num_cycles=3/density=0.5/samp_size=100/seed=0/method=lacerda/metrics.csv
    jobid: 120
    reason: Input files updated by another job: results/synth/regime=easy/d=10/num_cycles=3/density=0.5/samp_size=100/seed=0/method=lacerda/model.pkl
    wildcards: regime=easy, d=10, num_cycles=3, density=0.5, samp_size=100, seed=0, method=lacerda
    resources: tmpdir=/tmp
[Wed Apr 29 22:32:32 2026]
Finished jobid: 198 (Rule: synth_evaluate)
139 of 147 steps (95%) done
[Wed Apr 29 22:32:32 2026]
Finished jobid: 280 (Rule: synth_evaluate)
140 of 147 steps (95%) done
[Wed Apr 29 22:32:32 2026]
Finished jobid: 153 (Rule: synth_evaluate)
141 of 147 steps (96%) done
[Wed Apr 29 22:32:32 2026]
Finished jobid: 268 (Rule: synth_evaluate)
142 of 147 steps (97%) done
[Wed Apr 29 22:32:32 2026]
Finished jobid: 235 (Rule: synth_evaluate)
143 of 147 steps (97%) done
Select jobs to execute...
Execute 1 jobs...
[Wed Apr 29 22:32:32 2026]
localrule synth_plot:
    input: results/synth/regime=easy/d=10/num_cycles=3/density=0.8/samp_size=50/seed=0/method=lacerda/metrics.csv, results/synth/regime=easy/d=10/num_cycles=3/density=0.8/samp_size=50/seed=1/method=lacerda/metrics.csv, results/synth/regime=easy/d=10/num_cycles=3/density=0.8/samp_size=50/seed=2/method=lacerda/metrics.csv, results/synth/regime=easy/d=10/num_cycles=3/density=0.8/samp_size=100/seed=0/method=lacerda/metrics.csv, results/synth/regime=easy/d=10/num_cycles=3/density=0.8/samp_size=100/seed=1/method=lacerda/metrics.csv, results/synth/regime=easy/d=10/num_cycles=3/density=0.8/samp_size=100/seed=2/method=lacerda/metrics.csv, results/synth/regime=easy/d=10/num_cycles=3/density=0.8/samp_size=500/seed=0/method=lacerda/metrics.csv, results/synth/regime=easy/d=10/num_cycles=3/density=0.8/samp_size=500/seed=1/method=lacerda/metrics.csv, results/synth/regime=easy/d=10/num_cycles=3/density=0.8/samp_size=500/seed=2/method=lacerda/metrics.csv, results/synth/regime=easy/d=10/num_cycles=3/density=0.8/samp_size=1000/seed=0/method=lacerda/metrics.csv, results/synth/regime=easy/d=10/num_cycles=3/density=0.8/samp_size=1000/seed=1/method=lacerda/metrics.csv, results/synth/regime=easy/d=10/num_cycles=3/density=0.8/samp_size=1000/seed=2/method=lacerda/metrics.csv, results/synth/regime=easy/d=10/num_cycles=4/density=0.8/samp_size=50/seed=0/method=lacerda/metrics.csv, results/synth/regime=easy/d=10/num_cycles=4/density=0.8/samp_size=50/seed=1/method=lacerda/metrics.csv, results/synth/regime=easy/d=10/num_cycles=4/density=0.8/samp_size=50/seed=2/method=lacerda/metrics.csv, results/synth/regime=easy/d=10/num_cycles=4/density=0.8/samp_size=100/seed=0/method=lacerda/metrics.csv, results/synth/regime=easy/d=10/num_cycles=4/density=0.8/samp_size=100/seed=1/method=lacerda/metrics.csv, results/synth/regime=easy/d=10/num_cycles=4/density=0.8/samp_size=100/seed=2/method=lacerda/metrics.csv, results/synth/regime=easy/d=10/num_cycles=4/density=0.8/samp_size=500/seed=0/method=lacerda/metrics.csv, results/synth/regime=easy/d=10/num_cycles=4/density=0.8/samp_size=500/seed=1/method=lacerda/metrics.csv, results/synth/regime=easy/d=10/num_cycles=4/density=0.8/samp_size=500/seed=2/method=lacerda/metrics.csv, results/synth/regime=easy/d=10/num_cycles=4/density=0.8/samp_size=1000/seed=0/method=lacerda/metrics.csv, results/synth/regime=easy/d=10/num_cycles=4/density=0.8/samp_size=1000/seed=1/method=lacerda/metrics.csv, results/synth/regime=easy/d=10/num_cycles=4/density=0.8/samp_size=1000/seed=2/method=lacerda/metrics.csv, results/synth/regime=easy/d=10/num_cycles=5/density=0.8/samp_size=50/seed=0/method=lacerda/metrics.csv, results/synth/regime=easy/d=10/num_cycles=5/density=0.8/samp_size=50/seed=1/method=lacerda/metrics.csv, results/synth/regime=easy/d=10/num_cycles=5/density=0.8/samp_size=50/seed=2/method=lacerda/metrics.csv, results/synth/regime=easy/d=10/num_cycles=5/density=0.8/samp_size=100/seed=0/method=lacerda/metrics.csv, results/synth/regime=easy/d=10/num_cycles=5/density=0.8/samp_size=100/seed=1/method=lacerda/metrics.csv, results/synth/regime=easy/d=10/num_cycles=5/density=0.8/samp_size=100/seed=2/method=lacerda/metrics.csv, results/synth/regime=easy/d=10/num_cycles=5/density=0.8/samp_size=500/seed=0/method=lacerda/metrics.csv, results/synth/regime=easy/d=10/num_cycles=5/density=0.8/samp_size=500/seed=1/method=lacerda/metrics.csv, results/synth/regime=easy/d=10/num_cycles=5/density=0.8/samp_size=500/seed=2/method=lacerda/metrics.csv, results/synth/regime=easy/d=10/num_cycles=5/density=0.8/samp_size=1000/seed=0/method=lacerda/metrics.csv, results/synth/regime=easy/d=10/num_cycles=5/density=0.8/samp_size=1000/seed=1/method=lacerda/metrics.csv, results/synth/regime=easy/d=10/num_cycles=5/density=0.8/samp_size=1000/seed=2/method=lacerda/metrics.csv
    output: results/synth_main_regime=easy_density=0.8.pdf
    jobid: 219
    reason: Input files updated by another job: results/synth/regime=easy/d=10/num_cycles=3/density=0.8/samp_size=100/seed=0/method=lacerda/metrics.csv, results/synth/regime=easy/d=10/num_cycles=5/density=0.8/samp_size=500/seed=2/method=lacerda/metrics.csv, results/synth/regime=easy/d=10/num_cycles=3/density=0.8/samp_size=50/seed=2/method=lacerda/metrics.csv, results/synth/regime=easy/d=10/num_cycles=3/density=0.8/samp_size=100/seed=1/method=lacerda/metrics.csv, results/synth/regime=easy/d=10/num_cycles=4/density=0.8/samp_size=1000/seed=1/method=lacerda/metrics.csv, results/synth/regime=easy/d=10/num_cycles=4/density=0.8/samp_size=50/seed=1/method=lacerda/metrics.csv, results/synth/regime=easy/d=10/num_cycles=3/density=0.8/samp_size=500/seed=0/method=lacerda/metrics.csv, results/synth/regime=easy/d=10/num_cycles=4/density=0.8/samp_size=100/seed=2/method=lacerda/metrics.csv, results/synth/regime=easy/d=10/num_cycles=3/density=0.8/samp_size=100/seed=2/method=lacerda/metrics.csv, results/synth/regime=easy/d=10/num_cycles=4/density=0.8/samp_size=50/seed=0/method=lacerda/metrics.csv, results/synth/regime=easy/d=10/num_cycles=5/density=0.8/samp_size=50/seed=0/method=lacerda/metrics.csv, results/synth/regime=easy/d=10/num_cycles=5/density=0.8/samp_size=1000/seed=2/method=lacerda/metrics.csv, results/synth/regime=easy/d=10/num_cycles=5/density=0.8/samp_size=100/seed=2/method=lacerda/metrics.csv, results/synth/regime=easy/d=10/num_cycles=5/density=0.8/samp_size=500/seed=0/method=lacerda/metrics.csv, results/synth/regime=easy/d=10/num_cycles=3/density=0.8/samp_size=50/seed=1/method=lacerda/metrics.csv, results/synth/regime=easy/d=10/num_cycles=4/density=0.8/samp_size=500/seed=2/method=lacerda/metrics.csv, results/synth/regime=easy/d=10/num_cycles=4/density=0.8/samp_size=100/seed=1/method=lacerda/metrics.csv, results/synth/regime=easy/d=10/num_cycles=3/density=0.8/samp_size=500/seed=2/method=lacerda/metrics.csv, results/synth/regime=easy/d=10/num_cycles=3/density=0.8/samp_size=1000/seed=0/method=lacerda/metrics.csv, results/synth/regime=easy/d=10/num_cycles=5/density=0.8/samp_size=1000/seed=0/method=lacerda/metrics.csv, results/synth/regime=easy/d=10/num_cycles=4/density=0.8/samp_size=1000/seed=0/method=lacerda/metrics.csv, results/synth/regime=easy/d=10/num_cycles=4/density=0.8/samp_size=50/seed=2/method=lacerda/metrics.csv, results/synth/regime=easy/d=10/num_cycles=5/density=0.8/samp_size=100/seed=0/method=lacerda/metrics.csv, results/synth/regime=easy/d=10/num_cycles=3/density=0.8/samp_size=1000/seed=2/method=lacerda/metrics.csv, results/synth/regime=easy/d=10/num_cycles=4/density=0.8/samp_size=500/seed=1/method=lacerda/metrics.csv, results/synth/regime=easy/d=10/num_cycles=4/density=0.8/samp_size=500/seed=0/method=lacerda/metrics.csv, results/synth/regime=easy/d=10/num_cycles=5/density=0.8/samp_size=100/seed=1/method=lacerda/metrics.csv, results/synth/regime=easy/d=10/num_cycles=5/density=0.8/samp_size=500/seed=1/method=lacerda/metrics.csv, results/synth/regime=easy/d=10/num_cycles=5/density=0.8/samp_size=50/seed=2/method=lacerda/metrics.csv, results/synth/regime=easy/d=10/num_cycles=3/density=0.8/samp_size=50/seed=0/method=lacerda/metrics.csv, results/synth/regime=easy/d=10/num_cycles=3/density=0.8/samp_size=1000/seed=1/method=lacerda/metrics.csv, results/synth/regime=easy/d=10/num_cycles=4/density=0.8/samp_size=100/seed=0/method=lacerda/metrics.csv, results/synth/regime=easy/d=10/num_cycles=3/density=0.8/samp_size=500/seed=1/method=lacerda/metrics.csv, results/synth/regime=easy/d=10/num_cycles=4/density=0.8/samp_size=1000/seed=2/method=lacerda/metrics.csv, results/synth/regime=easy/d=10/num_cycles=5/density=0.8/samp_size=1000/seed=1/method=lacerda/metrics.csv, results/synth/regime=easy/d=10/num_cycles=5/density=0.8/samp_size=50/seed=1/method=lacerda/metrics.csv
    wildcards: regime=easy, density=0.8
    resources: tmpdir=/tmp
[Wed Apr 29 22:32:32 2026]
Finished jobid: 120 (Rule: synth_evaluate)
144 of 147 steps (98%) done
Select jobs to execute...
Execute 1 jobs...
[Wed Apr 29 22:32:32 2026]
localrule synth_plot:
    input: results/synth/regime=easy/d=10/num_cycles=3/density=0.5/samp_size=50/seed=0/method=lacerda/metrics.csv, results/synth/regime=easy/d=10/num_cycles=3/density=0.5/samp_size=50/seed=1/method=lacerda/metrics.csv, results/synth/regime=easy/d=10/num_cycles=3/density=0.5/samp_size=50/seed=2/method=lacerda/metrics.csv, results/synth/regime=easy/d=10/num_cycles=3/density=0.5/samp_size=100/seed=0/method=lacerda/metrics.csv, results/synth/regime=easy/d=10/num_cycles=3/density=0.5/samp_size=100/seed=1/method=lacerda/metrics.csv, results/synth/regime=easy/d=10/num_cycles=3/density=0.5/samp_size=100/seed=2/method=lacerda/metrics.csv, results/synth/regime=easy/d=10/num_cycles=3/density=0.5/samp_size=500/seed=0/method=lacerda/metrics.csv, results/synth/regime=easy/d=10/num_cycles=3/density=0.5/samp_size=500/seed=1/method=lacerda/metrics.csv, results/synth/regime=easy/d=10/num_cycles=3/density=0.5/samp_size=500/seed=2/method=lacerda/metrics.csv, results/synth/regime=easy/d=10/num_cycles=3/density=0.5/samp_size=1000/seed=0/method=lacerda/metrics.csv, results/synth/regime=easy/d=10/num_cycles=3/density=0.5/samp_size=1000/seed=1/method=lacerda/metrics.csv, results/synth/regime=easy/d=10/num_cycles=3/density=0.5/samp_size=1000/seed=2/method=lacerda/metrics.csv, results/synth/regime=easy/d=10/num_cycles=4/density=0.5/samp_size=50/seed=0/method=lacerda/metrics.csv, results/synth/regime=easy/d=10/num_cycles=4/density=0.5/samp_size=50/seed=1/method=lacerda/metrics.csv, results/synth/regime=easy/d=10/num_cycles=4/density=0.5/samp_size=50/seed=2/method=lacerda/metrics.csv, results/synth/regime=easy/d=10/num_cycles=4/density=0.5/samp_size=100/seed=0/method=lacerda/metrics.csv, results/synth/regime=easy/d=10/num_cycles=4/density=0.5/samp_size=100/seed=1/method=lacerda/metrics.csv, results/synth/regime=easy/d=10/num_cycles=4/density=0.5/samp_size=100/seed=2/method=lacerda/metrics.csv, results/synth/regime=easy/d=10/num_cycles=4/density=0.5/samp_size=500/seed=0/method=lacerda/metrics.csv, results/synth/regime=easy/d=10/num_cycles=4/density=0.5/samp_size=500/seed=1/method=lacerda/metrics.csv, results/synth/regime=easy/d=10/num_cycles=4/density=0.5/samp_size=500/seed=2/method=lacerda/metrics.csv, results/synth/regime=easy/d=10/num_cycles=4/density=0.5/samp_size=1000/seed=0/method=lacerda/metrics.csv, results/synth/regime=easy/d=10/num_cycles=4/density=0.5/samp_size=1000/seed=1/method=lacerda/metrics.csv, results/synth/regime=easy/d=10/num_cycles=4/density=0.5/samp_size=1000/seed=2/method=lacerda/metrics.csv, results/synth/regime=easy/d=10/num_cycles=5/density=0.5/samp_size=50/seed=0/method=lacerda/metrics.csv, results/synth/regime=easy/d=10/num_cycles=5/density=0.5/samp_size=50/seed=1/method=lacerda/metrics.csv, results/synth/regime=easy/d=10/num_cycles=5/density=0.5/samp_size=50/seed=2/method=lacerda/metrics.csv, results/synth/regime=easy/d=10/num_cycles=5/density=0.5/samp_size=100/seed=0/method=lacerda/metrics.csv, results/synth/regime=easy/d=10/num_cycles=5/density=0.5/samp_size=100/seed=1/method=lacerda/metrics.csv, results/synth/regime=easy/d=10/num_cycles=5/density=0.5/samp_size=100/seed=2/method=lacerda/metrics.csv, results/synth/regime=easy/d=10/num_cycles=5/density=0.5/samp_size=500/seed=0/method=lacerda/metrics.csv, results/synth/regime=easy/d=10/num_cycles=5/density=0.5/samp_size=500/seed=1/method=lacerda/metrics.csv, results/synth/regime=easy/d=10/num_cycles=5/density=0.5/samp_size=500/seed=2/method=lacerda/metrics.csv, results/synth/regime=easy/d=10/num_cycles=5/density=0.5/samp_size=1000/seed=0/method=lacerda/metrics.csv, results/synth/regime=easy/d=10/num_cycles=5/density=0.5/samp_size=1000/seed=1/method=lacerda/metrics.csv, results/synth/regime=easy/d=10/num_cycles=5/density=0.5/samp_size=1000/seed=2/method=lacerda/metrics.csv
    output: results/synth_main_regime=easy_density=0.5.pdf
    jobid: 110
    reason: Input files updated by another job: results/synth/regime=easy/d=10/num_cycles=4/density=0.5/samp_size=100/seed=2/method=lacerda/metrics.csv, results/synth/regime=easy/d=10/num_cycles=5/density=0.5/samp_size=1000/seed=1/method=lacerda/metrics.csv, results/synth/regime=easy/d=10/num_cycles=5/density=0.5/samp_size=1000/seed=2/method=lacerda/metrics.csv, results/synth/regime=easy/d=10/num_cycles=3/density=0.5/samp_size=100/seed=0/method=lacerda/metrics.csv, results/synth/regime=easy/d=10/num_cycles=5/density=0.5/samp_size=1000/seed=0/method=lacerda/metrics.csv, results/synth/regime=easy/d=10/num_cycles=3/density=0.5/samp_size=1000/seed=0/method=lacerda/metrics.csv, results/synth/regime=easy/d=10/num_cycles=3/density=0.5/samp_size=50/seed=0/method=lacerda/metrics.csv, results/synth/regime=easy/d=10/num_cycles=3/density=0.5/samp_size=500/seed=2/method=lacerda/metrics.csv, results/synth/regime=easy/d=10/num_cycles=3/density=0.5/samp_size=500/seed=1/method=lacerda/metrics.csv, results/synth/regime=easy/d=10/num_cycles=3/density=0.5/samp_size=1000/seed=1/method=lacerda/metrics.csv, results/synth/regime=easy/d=10/num_cycles=4/density=0.5/samp_size=50/seed=2/method=lacerda/metrics.csv, results/synth/regime=easy/d=10/num_cycles=4/density=0.5/samp_size=100/seed=0/method=lacerda/metrics.csv, results/synth/regime=easy/d=10/num_cycles=4/density=0.5/samp_size=500/seed=1/method=lacerda/metrics.csv, results/synth/regime=easy/d=10/num_cycles=3/density=0.5/samp_size=1000/seed=2/method=lacerda/metrics.csv, results/synth/regime=easy/d=10/num_cycles=3/density=0.5/samp_size=100/seed=1/method=lacerda/metrics.csv, results/synth/regime=easy/d=10/num_cycles=4/density=0.5/samp_size=1000/seed=1/method=lacerda/metrics.csv, results/synth/regime=easy/d=10/num_cycles=4/density=0.5/samp_size=500/seed=0/method=lacerda/metrics.csv, results/synth/regime=easy/d=10/num_cycles=3/density=0.5/samp_size=500/seed=0/method=lacerda/metrics.csv, results/synth/regime=easy/d=10/num_cycles=4/density=0.5/samp_size=50/seed=1/method=lacerda/metrics.csv, results/synth/regime=easy/d=10/num_cycles=5/density=0.5/samp_size=100/seed=2/method=lacerda/metrics.csv, results/synth/regime=easy/d=10/num_cycles=5/density=0.5/samp_size=100/seed=1/method=lacerda/metrics.csv, results/synth/regime=easy/d=10/num_cycles=5/density=0.5/samp_size=500/seed=0/method=lacerda/metrics.csv, results/synth/regime=easy/d=10/num_cycles=4/density=0.5/samp_size=500/seed=2/method=lacerda/metrics.csv, results/synth/regime=easy/d=10/num_cycles=5/density=0.5/samp_size=50/seed=2/method=lacerda/metrics.csv, results/synth/regime=easy/d=10/num_cycles=4/density=0.5/samp_size=1000/seed=2/method=lacerda/metrics.csv, results/synth/regime=easy/d=10/num_cycles=3/density=0.5/samp_size=50/seed=2/method=lacerda/metrics.csv, results/synth/regime=easy/d=10/num_cycles=5/density=0.5/samp_size=50/seed=1/method=lacerda/metrics.csv, results/synth/regime=easy/d=10/num_cycles=3/density=0.5/samp_size=50/seed=1/method=lacerda/metrics.csv, results/synth/regime=easy/d=10/num_cycles=4/density=0.5/samp_size=1000/seed=0/method=lacerda/metrics.csv, results/synth/regime=easy/d=10/num_cycles=5/density=0.5/samp_size=50/seed=0/method=lacerda/metrics.csv, results/synth/regime=easy/d=10/num_cycles=5/density=0.5/samp_size=500/seed=2/method=lacerda/metrics.csv, results/synth/regime=easy/d=10/num_cycles=5/density=0.5/samp_size=100/seed=0/method=lacerda/metrics.csv, results/synth/regime=easy/d=10/num_cycles=4/density=0.5/samp_size=100/seed=1/method=lacerda/metrics.csv, results/synth/regime=easy/d=10/num_cycles=3/density=0.5/samp_size=100/seed=2/method=lacerda/metrics.csv, results/synth/regime=easy/d=10/num_cycles=4/density=0.5/samp_size=50/seed=0/method=lacerda/metrics.csv, results/synth/regime=easy/d=10/num_cycles=5/density=0.5/samp_size=500/seed=1/method=lacerda/metrics.csv
    wildcards: regime=easy, density=0.5
    resources: tmpdir=/tmp
[Wed Apr 29 22:32:34 2026]
Finished jobid: 219 (Rule: synth_plot)
145 of 147 steps (99%) done
[Wed Apr 29 22:32:34 2026]
Finished jobid: 110 (Rule: synth_plot)
146 of 147 steps (99%) done
Select jobs to execute...
Execute 1 jobs...
[Wed Apr 29 22:32:34 2026]
localrule all:
    input: results/synth_main_regime=easy_density=0.3.pdf, results/synth_main_regime=easy_density=0.5.pdf, results/synth_main_regime=easy_density=0.8.pdf
    jobid: 0
    reason: Input files updated by another job: results/synth_main_regime=easy_density=0.8.pdf, results/synth_main_regime=easy_density=0.5.pdf
    resources: tmpdir=/tmp
[Wed Apr 29 22:32:34 2026]
Finished jobid: 0 (Rule: all)
147 of 147 steps (100%) done
Complete log(s): /home/fmfsa/Repositories/repare_cycle/src/expt/workflow/.snakemake/log/2026-04-29T223226.408375.snakemake.log
