Assuming unrestricted shared filesystem usage.
host: AICheetah
Building DAG of jobs...
Using shell: /usr/bin/bash
Provided cores: 8
Rules claiming more threads will be scaled down.
Job stats:
job               count
--------------  -------
synth_generate      162
synth_fit           648
synth_evaluate      648
synth_plot            3
total              1461

Select jobs to execute...
Execute 8 jobs...
[Tue Apr 28 12:26:53 2026]
localrule synth_generate:
    output: results/synth/regime=easy/d=10/num_cycles=4/density=0.8/samp_size=50/seed=1/dataset.npz
    jobid: 59
    reason: Missing output files: results/synth/regime=easy/d=10/num_cycles=4/density=0.8/samp_size=50/seed=1/dataset.npz
    wildcards: regime=easy, d=10, num_cycles=4, density=0.8, samp_size=50, seed=1
    resources: tmpdir=/tmp
[Tue Apr 28 12:26:53 2026]
localrule synth_generate:
    output: results/synth/regime=easy/d=10/num_cycles=5/density=0.3/samp_size=1000/seed=1/dataset.npz
    jobid: 1114
    reason: Missing output files: results/synth/regime=easy/d=10/num_cycles=5/density=0.3/samp_size=1000/seed=1/dataset.npz
    wildcards: regime=easy, d=10, num_cycles=5, density=0.3, samp_size=1000, seed=1
    resources: tmpdir=/tmp
[Tue Apr 28 12:26:53 2026]
localrule synth_generate:
    output: results/synth/regime=easy/d=10/num_cycles=5/density=0.8/samp_size=10000/seed=2/dataset.npz
    jobid: 161
    reason: Missing output files: results/synth/regime=easy/d=10/num_cycles=5/density=0.8/samp_size=10000/seed=2/dataset.npz
    wildcards: regime=easy, d=10, num_cycles=5, density=0.8, samp_size=10000, seed=2
    resources: tmpdir=/tmp
[Tue Apr 28 12:26:53 2026]
localrule synth_generate:
    output: results/synth/regime=easy/d=10/num_cycles=4/density=0.3/samp_size=5000/seed=1/dataset.npz
    jobid: 1069
    reason: Missing output files: results/synth/regime=easy/d=10/num_cycles=4/density=0.3/samp_size=5000/seed=1/dataset.npz
    wildcards: regime=easy, d=10, num_cycles=4, density=0.3, samp_size=5000, seed=1
    resources: tmpdir=/tmp
[Tue Apr 28 12:26:53 2026]
localrule synth_generate:
    output: results/synth/regime=easy/d=10/num_cycles=5/density=0.8/samp_size=50/seed=2/dataset.npz
    jobid: 116
    reason: Missing output files: results/synth/regime=easy/d=10/num_cycles=5/density=0.8/samp_size=50/seed=2/dataset.npz
    wildcards: regime=easy, d=10, num_cycles=5, density=0.8, samp_size=50, seed=2
    resources: tmpdir=/tmp
[Tue Apr 28 12:26:53 2026]
localrule synth_generate:
    output: results/synth/regime=easy/d=10/num_cycles=3/density=0.8/samp_size=500/seed=2/dataset.npz
    jobid: 26
    reason: Missing output files: results/synth/regime=easy/d=10/num_cycles=3/density=0.8/samp_size=500/seed=2/dataset.npz
    wildcards: regime=easy, d=10, num_cycles=3, density=0.8, samp_size=500, seed=2
    resources: tmpdir=/tmp
[Tue Apr 28 12:26:53 2026]
localrule synth_generate:
    output: results/synth/regime=easy/d=10/num_cycles=4/density=0.8/samp_size=100/seed=2/dataset.npz
    jobid: 71
    reason: Missing output files: results/synth/regime=easy/d=10/num_cycles=4/density=0.8/samp_size=100/seed=2/dataset.npz
    wildcards: regime=easy, d=10, num_cycles=4, density=0.8, samp_size=100, seed=2
    resources: tmpdir=/tmp
[Tue Apr 28 12:26:53 2026]
localrule synth_generate:
    output: results/synth/regime=easy/d=10/num_cycles=5/density=0.5/samp_size=5000/seed=2/dataset.npz
    jobid: 639
    reason: Missing output files: results/synth/regime=easy/d=10/num_cycles=5/density=0.5/samp_size=5000/seed=2/dataset.npz
    wildcards: regime=easy, d=10, num_cycles=5, density=0.5, samp_size=5000, seed=2
    resources: tmpdir=/tmp
[Tue Apr 28 12:26:54 2026]
Finished jobid: 1114 (Rule: synth_generate)
1 of 1461 steps (0.1%) done
Select jobs to execute...
Execute 1 jobs...
[Tue Apr 28 12:26:54 2026]
localrule synth_generate:
    output: results/synth/regime=easy/d=10/num_cycles=4/density=0.8/samp_size=50/seed=0/dataset.npz
    jobid: 56
    reason: Missing output files: results/synth/regime=easy/d=10/num_cycles=4/density=0.8/samp_size=50/seed=0/dataset.npz
    wildcards: regime=easy, d=10, num_cycles=4, density=0.8, samp_size=50, seed=0
    resources: tmpdir=/tmp
[Tue Apr 28 12:26:54 2026]
Finished jobid: 26 (Rule: synth_generate)
2 of 1461 steps (0.1%) done
Select jobs to execute...
Execute 1 jobs...
[Tue Apr 28 12:26:54 2026]
localrule synth_generate:
    output: results/synth/regime=easy/d=10/num_cycles=5/density=0.3/samp_size=100/seed=2/dataset.npz
    jobid: 1099
    reason: Missing output files: results/synth/regime=easy/d=10/num_cycles=5/density=0.3/samp_size=100/seed=2/dataset.npz
    wildcards: regime=easy, d=10, num_cycles=5, density=0.3, samp_size=100, seed=2
    resources: tmpdir=/tmp
[Tue Apr 28 12:26:54 2026]
Finished jobid: 639 (Rule: synth_generate)
3 of 1461 steps (0.2%) done
[Tue Apr 28 12:26:54 2026]
Finished jobid: 116 (Rule: synth_generate)
4 of 1461 steps (0.3%) done
[Tue Apr 28 12:26:54 2026]
Finished jobid: 161 (Rule: synth_generate)
5 of 1461 steps (0.3%) done
[Tue Apr 28 12:26:54 2026]
Finished jobid: 1069 (Rule: synth_generate)
6 of 1461 steps (0.4%) done
[Tue Apr 28 12:26:54 2026]
Finished jobid: 71 (Rule: synth_generate)
7 of 1461 steps (0.5%) done
[Tue Apr 28 12:26:54 2026]
Finished jobid: 59 (Rule: synth_generate)
8 of 1461 steps (1%) done
Select jobs to execute...
Execute 6 jobs...
[Tue Apr 28 12:26:54 2026]
localrule synth_generate:
    output: results/synth/regime=easy/d=10/num_cycles=4/density=0.8/samp_size=10000/seed=1/dataset.npz
    jobid: 104
    reason: Missing output files: results/synth/regime=easy/d=10/num_cycles=4/density=0.8/samp_size=10000/seed=1/dataset.npz
    wildcards: regime=easy, d=10, num_cycles=4, density=0.8, samp_size=10000, seed=1
    resources: tmpdir=/tmp
[Tue Apr 28 12:26:54 2026]
localrule synth_generate:
    output: results/synth/regime=easy/d=10/num_cycles=5/density=0.8/samp_size=10000/seed=1/dataset.npz
    jobid: 158
    reason: Missing output files: results/synth/regime=easy/d=10/num_cycles=5/density=0.8/samp_size=10000/seed=1/dataset.npz
    wildcards: regime=easy, d=10, num_cycles=5, density=0.8, samp_size=10000, seed=1
    resources: tmpdir=/tmp
[Tue Apr 28 12:26:54 2026]
localrule synth_generate:
    output: results/synth/regime=easy/d=10/num_cycles=4/density=0.3/samp_size=5000/seed=0/dataset.npz
    jobid: 1066
    reason: Missing output files: results/synth/regime=easy/d=10/num_cycles=4/density=0.3/samp_size=5000/seed=0/dataset.npz
    wildcards: regime=easy, d=10, num_cycles=4, density=0.3, samp_size=5000, seed=0
    resources: tmpdir=/tmp
[Tue Apr 28 12:26:54 2026]
localrule synth_generate:
    output: results/synth/regime=easy/d=10/num_cycles=5/density=0.8/samp_size=50/seed=1/dataset.npz
    jobid: 113
    reason: Missing output files: results/synth/regime=easy/d=10/num_cycles=5/density=0.8/samp_size=50/seed=1/dataset.npz
    wildcards: regime=easy, d=10, num_cycles=5, density=0.8, samp_size=50, seed=1
    resources: tmpdir=/tmp
[Tue Apr 28 12:26:54 2026]
localrule synth_generate:
    output: results/synth/regime=easy/d=10/num_cycles=3/density=0.8/samp_size=500/seed=1/dataset.npz
    jobid: 23
    reason: Missing output files: results/synth/regime=easy/d=10/num_cycles=3/density=0.8/samp_size=500/seed=1/dataset.npz
    wildcards: regime=easy, d=10, num_cycles=3, density=0.8, samp_size=500, seed=1
    resources: tmpdir=/tmp
[Tue Apr 28 12:26:54 2026]
localrule synth_fit:
    input: results/synth/regime=easy/d=10/num_cycles=5/density=0.5/samp_size=5000/seed=2/dataset.npz
    output: results/synth/regime=easy/d=10/num_cycles=5/density=0.5/samp_size=5000/seed=2/method=oica_no_repare/model.pkl
    jobid: 751
    reason: Missing output files: results/synth/regime=easy/d=10/num_cycles=5/density=0.5/samp_size=5000/seed=2/method=oica_no_repare/model.pkl; Input files updated by another job: results/synth/regime=easy/d=10/num_cycles=5/density=0.5/samp_size=5000/seed=2/dataset.npz
    wildcards: regime=easy, d=10, num_cycles=5, density=0.5, samp_size=5000, seed=2, method=oica_no_repare
    resources: tmpdir=/tmp
Select jobs to execute...
[Tue Apr 28 12:26:54 2026]
Finished jobid: 56 (Rule: synth_generate)
9 of 1461 steps (1%) done
Execute 1 jobs...
[Tue Apr 28 12:26:54 2026]
localrule synth_generate:
    output: results/synth/regime=easy/d=10/num_cycles=5/density=0.3/samp_size=100/seed=1/dataset.npz
    jobid: 1096
    reason: Missing output files: results/synth/regime=easy/d=10/num_cycles=5/density=0.3/samp_size=100/seed=1/dataset.npz
    wildcards: regime=easy, d=10, num_cycles=5, density=0.3, samp_size=100, seed=1
    resources: tmpdir=/tmp
Select jobs to execute...
[Tue Apr 28 12:26:54 2026]
Finished jobid: 1099 (Rule: synth_generate)
10 of 1461 steps (1%) done
Execute 1 jobs...
[Tue Apr 28 12:26:54 2026]
localrule synth_generate:
    output: results/synth/regime=easy/d=10/num_cycles=4/density=0.3/samp_size=500/seed=1/dataset.npz
    jobid: 1051
    reason: Missing output files: results/synth/regime=easy/d=10/num_cycles=4/density=0.3/samp_size=500/seed=1/dataset.npz
    wildcards: regime=easy, d=10, num_cycles=4, density=0.3, samp_size=500, seed=1
    resources: tmpdir=/tmp
[Tue Apr 28 12:26:54 2026]
Finished jobid: 158 (Rule: synth_generate)
11 of 1461 steps (1%) done
[Tue Apr 28 12:26:54 2026]
Finished jobid: 104 (Rule: synth_generate)
12 of 1461 steps (1%) done
Select jobs to execute...
Execute 2 jobs...
[Tue Apr 28 12:26:54 2026]
localrule synth_generate:
    output: results/synth/regime=easy/d=10/num_cycles=4/density=0.5/samp_size=50/seed=0/dataset.npz
    jobid: 543
    reason: Missing output files: results/synth/regime=easy/d=10/num_cycles=4/density=0.5/samp_size=50/seed=0/dataset.npz
    wildcards: regime=easy, d=10, num_cycles=4, density=0.5, samp_size=50, seed=0
    resources: tmpdir=/tmp
[Tue Apr 28 12:26:54 2026]
localrule synth_fit:
    input: results/synth/regime=easy/d=10/num_cycles=5/density=0.8/samp_size=50/seed=2/dataset.npz
    output: results/synth/regime=easy/d=10/num_cycles=5/density=0.8/samp_size=50/seed=2/method=lacerda/model.pkl
    jobid: 456
    reason: Missing output files: results/synth/regime=easy/d=10/num_cycles=5/density=0.8/samp_size=50/seed=2/method=lacerda/model.pkl; Input files updated by another job: results/synth/regime=easy/d=10/num_cycles=5/density=0.8/samp_size=50/seed=2/dataset.npz
    wildcards: regime=easy, d=10, num_cycles=5, density=0.8, samp_size=50, seed=2, method=lacerda
    resources: tmpdir=/tmp
[Tue Apr 28 12:26:54 2026]
Finished jobid: 113 (Rule: synth_generate)
13 of 1461 steps (1%) done
[Tue Apr 28 12:26:54 2026]
Finished jobid: 23 (Rule: synth_generate)
14 of 1461 steps (1%) done
[Tue Apr 28 12:26:54 2026]
Finished jobid: 1066 (Rule: synth_generate)
15 of 1461 steps (1%) done
Select jobs to execute...
Execute 3 jobs...
[Tue Apr 28 12:26:54 2026]
localrule synth_generate:
    output: results/synth/regime=easy/d=10/num_cycles=3/density=0.8/samp_size=500/seed=0/dataset.npz
    jobid: 20
    reason: Missing output files: results/synth/regime=easy/d=10/num_cycles=3/density=0.8/samp_size=500/seed=0/dataset.npz
    wildcards: regime=easy, d=10, num_cycles=3, density=0.8, samp_size=500, seed=0
    resources: tmpdir=/tmp
[Tue Apr 28 12:26:54 2026]
localrule synth_generate:
    output: results/synth/regime=easy/d=10/num_cycles=4/density=0.8/samp_size=100/seed=0/dataset.npz
    jobid: 65
    reason: Missing output files: results/synth/regime=easy/d=10/num_cycles=4/density=0.8/samp_size=100/seed=0/dataset.npz
    wildcards: regime=easy, d=10, num_cycles=4, density=0.8, samp_size=100, seed=0
    resources: tmpdir=/tmp
[Tue Apr 28 12:26:54 2026]
localrule synth_generate:
    output: results/synth/regime=easy/d=10/num_cycles=4/density=0.8/samp_size=100/seed=1/dataset.npz
    jobid: 68
    reason: Missing output files: results/synth/regime=easy/d=10/num_cycles=4/density=0.8/samp_size=100/seed=1/dataset.npz
    wildcards: regime=easy, d=10, num_cycles=4, density=0.8, samp_size=100, seed=1
    resources: tmpdir=/tmp
Select jobs to execute...
[Tue Apr 28 12:26:54 2026]
Finished jobid: 751 (Rule: synth_fit)
16 of 1461 steps (1%) done
Execute 1 jobs...
[Tue Apr 28 12:26:54 2026]
localrule synth_generate:
    output: results/synth/regime=easy/d=10/num_cycles=5/density=0.8/samp_size=1000/seed=1/dataset.npz
    jobid: 140
    reason: Missing output files: results/synth/regime=easy/d=10/num_cycles=5/density=0.8/samp_size=1000/seed=1/dataset.npz
    wildcards: regime=easy, d=10, num_cycles=5, density=0.8, samp_size=1000, seed=1
    resources: tmpdir=/tmp
Select jobs to execute...
[Tue Apr 28 12:26:55 2026]
Finished jobid: 1096 (Rule: synth_generate)
17 of 1461 steps (1%) done
Execute 1 jobs...
[Tue Apr 28 12:26:55 2026]
localrule synth_generate:
    output: results/synth/regime=easy/d=10/num_cycles=3/density=0.8/samp_size=10000/seed=1/dataset.npz
    jobid: 50
    reason: Missing output files: results/synth/regime=easy/d=10/num_cycles=3/density=0.8/samp_size=10000/seed=1/dataset.npz
    wildcards: regime=easy, d=10, num_cycles=3, density=0.8, samp_size=10000, seed=1
    resources: tmpdir=/tmp
Select jobs to execute...
[Tue Apr 28 12:26:55 2026]
Finished jobid: 1051 (Rule: synth_generate)
18 of 1461 steps (1%) done
Execute 1 jobs...
[Tue Apr 28 12:26:55 2026]
localrule synth_generate:
    output: results/synth/regime=easy/d=10/num_cycles=4/density=0.3/samp_size=500/seed=0/dataset.npz
    jobid: 1048
    reason: Missing output files: results/synth/regime=easy/d=10/num_cycles=4/density=0.3/samp_size=500/seed=0/dataset.npz
    wildcards: regime=easy, d=10, num_cycles=4, density=0.3, samp_size=500, seed=0
    resources: tmpdir=/tmp
[Tue Apr 28 12:26:55 2026]
Finished jobid: 543 (Rule: synth_generate)
19 of 1461 steps (1%) done
Select jobs to execute...
Execute 1 jobs...
[Tue Apr 28 12:26:55 2026]
localrule synth_generate:
    output: results/synth/regime=easy/d=10/num_cycles=4/density=0.8/samp_size=5000/seed=1/dataset.npz
    jobid: 95
    reason: Missing output files: results/synth/regime=easy/d=10/num_cycles=4/density=0.8/samp_size=5000/seed=1/dataset.npz
    wildcards: regime=easy, d=10, num_cycles=4, density=0.8, samp_size=5000, seed=1
    resources: tmpdir=/tmp
[Tue Apr 28 12:26:55 2026]
Finished jobid: 65 (Rule: synth_generate)
20 of 1461 steps (1%) done
[Tue Apr 28 12:26:55 2026]
Finished jobid: 20 (Rule: synth_generate)
21 of 1461 steps (1%) done
[Tue Apr 28 12:26:55 2026]
Finished jobid: 68 (Rule: synth_generate)
22 of 1461 steps (2%) done
Select jobs to execute...
Execute 3 jobs...
[Tue Apr 28 12:26:55 2026]
localrule synth_generate:
    output: results/synth/regime=easy/d=10/num_cycles=3/density=0.5/samp_size=50/seed=2/dataset.npz
    jobid: 495
    reason: Missing output files: results/synth/regime=easy/d=10/num_cycles=3/density=0.5/samp_size=50/seed=2/dataset.npz
    wildcards: regime=easy, d=10, num_cycles=3, density=0.5, samp_size=50, seed=2
    resources: tmpdir=/tmp
[Tue Apr 28 12:26:55 2026]
localrule synth_generate:
    output: results/synth/regime=easy/d=10/num_cycles=4/density=0.5/samp_size=5000/seed=2/dataset.npz
    jobid: 585
    reason: Missing output files: results/synth/regime=easy/d=10/num_cycles=4/density=0.5/samp_size=5000/seed=2/dataset.npz
    wildcards: regime=easy, d=10, num_cycles=4, density=0.5, samp_size=5000, seed=2
    resources: tmpdir=/tmp
[Tue Apr 28 12:26:55 2026]
localrule synth_fit:
    input: results/synth/regime=easy/d=10/num_cycles=3/density=0.8/samp_size=500/seed=1/dataset.npz
    output: results/synth/regime=easy/d=10/num_cycles=3/density=0.8/samp_size=500/seed=1/method=lacerda/model.pkl
    jobid: 394
    reason: Missing output files: results/synth/regime=easy/d=10/num_cycles=3/density=0.8/samp_size=500/seed=1/method=lacerda/model.pkl; Input files updated by another job: results/synth/regime=easy/d=10/num_cycles=3/density=0.8/samp_size=500/seed=1/dataset.npz
    wildcards: regime=easy, d=10, num_cycles=3, density=0.8, samp_size=500, seed=1, method=lacerda
    resources: tmpdir=/tmp
Select jobs to execute...
[Tue Apr 28 12:26:55 2026]
Finished jobid: 140 (Rule: synth_generate)
23 of 1461 steps (2%) done
Execute 1 jobs...
[Tue Apr 28 12:26:55 2026]
localrule synth_fit:
    input: results/synth/regime=easy/d=10/num_cycles=4/density=0.8/samp_size=50/seed=1/dataset.npz
    output: results/synth/regime=easy/d=10/num_cycles=4/density=0.8/samp_size=50/seed=1/method=lacerda_repare/model.pkl
    jobid: 310
    reason: Missing output files: results/synth/regime=easy/d=10/num_cycles=4/density=0.8/samp_size=50/seed=1/method=lacerda_repare/model.pkl; Input files updated by another job: results/synth/regime=easy/d=10/num_cycles=4/density=0.8/samp_size=50/seed=1/dataset.npz
    wildcards: regime=easy, d=10, num_cycles=4, density=0.8, samp_size=50, seed=1, method=lacerda_repare
    resources: tmpdir=/tmp
[Tue Apr 28 12:26:55 2026]
Finished jobid: 456 (Rule: synth_fit)
24 of 1461 steps (2%) done
Select jobs to execute...
Execute 1 jobs...
[Tue Apr 28 12:26:55 2026]
localrule synth_generate:
    output: results/synth/regime=easy/d=10/num_cycles=4/density=0.5/samp_size=1000/seed=0/dataset.npz
    jobid: 570
    reason: Missing output files: results/synth/regime=easy/d=10/num_cycles=4/density=0.5/samp_size=1000/seed=0/dataset.npz
    wildcards: regime=easy, d=10, num_cycles=4, density=0.5, samp_size=1000, seed=0
    resources: tmpdir=/tmp
Select jobs to execute...
[Tue Apr 28 12:26:55 2026]
Finished jobid: 50 (Rule: synth_generate)
25 of 1461 steps (2%) done
Execute 1 jobs...
[Tue Apr 28 12:26:55 2026]
localrule synth_fit:
    input: results/synth/regime=easy/d=10/num_cycles=5/density=0.3/samp_size=100/seed=1/dataset.npz
    output: results/synth/regime=easy/d=10/num_cycles=5/density=0.3/samp_size=100/seed=1/method=lacerda/model.pkl
    jobid: 1434
    reason: Missing output files: results/synth/regime=easy/d=10/num_cycles=5/density=0.3/samp_size=100/seed=1/method=lacerda/model.pkl; Input files updated by another job: results/synth/regime=easy/d=10/num_cycles=5/density=0.3/samp_size=100/seed=1/dataset.npz
    wildcards: regime=easy, d=10, num_cycles=5, density=0.3, samp_size=100, seed=1, method=lacerda
    resources: tmpdir=/tmp
Select jobs to execute...
[Tue Apr 28 12:26:55 2026]
Finished jobid: 1048 (Rule: synth_generate)
26 of 1461 steps (2%) done
Execute 1 jobs...
[Tue Apr 28 12:26:55 2026]
localrule synth_generate:
    output: results/synth/regime=easy/d=10/num_cycles=3/density=0.8/samp_size=50/seed=0/dataset.npz
    jobid: 2
    reason: Missing output files: results/synth/regime=easy/d=10/num_cycles=3/density=0.8/samp_size=50/seed=0/dataset.npz
    wildcards: regime=easy, d=10, num_cycles=3, density=0.8, samp_size=50, seed=0
    resources: tmpdir=/tmp
[Tue Apr 28 12:26:55 2026]
Finished jobid: 95 (Rule: synth_generate)
27 of 1461 steps (2%) done
Select jobs to execute...
Execute 1 jobs...
[Tue Apr 28 12:26:55 2026]
localrule synth_generate:
    output: results/synth/regime=easy/d=10/num_cycles=4/density=0.3/samp_size=100/seed=2/dataset.npz
    jobid: 1045
    reason: Missing output files: results/synth/regime=easy/d=10/num_cycles=4/density=0.3/samp_size=100/seed=2/dataset.npz
    wildcards: regime=easy, d=10, num_cycles=4, density=0.3, samp_size=100, seed=2
    resources: tmpdir=/tmp
[Tue Apr 28 12:26:55 2026]
Finished jobid: 495 (Rule: synth_generate)
28 of 1461 steps (2%) done
Select jobs to execute...
Execute 1 jobs...
[Tue Apr 28 12:26:55 2026]
localrule synth_generate:
    output: results/synth/regime=easy/d=10/num_cycles=5/density=0.8/samp_size=1000/seed=0/dataset.npz
    jobid: 137
    reason: Missing output files: results/synth/regime=easy/d=10/num_cycles=5/density=0.8/samp_size=1000/seed=0/dataset.npz
    wildcards: regime=easy, d=10, num_cycles=5, density=0.8, samp_size=1000, seed=0
    resources: tmpdir=/tmp
[Tue Apr 28 12:26:55 2026]
Finished jobid: 585 (Rule: synth_generate)
29 of 1461 steps (2%) done
Select jobs to execute...
Execute 1 jobs...
[Tue Apr 28 12:26:55 2026]
localrule synth_generate:
    output: results/synth/regime=easy/d=10/num_cycles=5/density=0.3/samp_size=10000/seed=2/dataset.npz
    jobid: 1135
    reason: Missing output files: results/synth/regime=easy/d=10/num_cycles=5/density=0.3/samp_size=10000/seed=2/dataset.npz
    wildcards: regime=easy, d=10, num_cycles=5, density=0.3, samp_size=10000, seed=2
    resources: tmpdir=/tmp
[Tue Apr 28 12:26:55 2026]
Finished jobid: 570 (Rule: synth_generate)
30 of 1461 steps (2%) done
Select jobs to execute...
Execute 1 jobs...
[Tue Apr 28 12:26:55 2026]
localrule synth_fit:
    input: results/synth/regime=easy/d=10/num_cycles=5/density=0.8/samp_size=10000/seed=2/dataset.npz
    output: results/synth/regime=easy/d=10/num_cycles=5/density=0.8/samp_size=10000/seed=2/method=lacerda/model.pkl
    jobid: 486
    reason: Missing output files: results/synth/regime=easy/d=10/num_cycles=5/density=0.8/samp_size=10000/seed=2/method=lacerda/model.pkl; Input files updated by another job: results/synth/regime=easy/d=10/num_cycles=5/density=0.8/samp_size=10000/seed=2/dataset.npz
    wildcards: regime=easy, d=10, num_cycles=5, density=0.8, samp_size=10000, seed=2, method=lacerda
    resources: tmpdir=/tmp
[Tue Apr 28 12:26:55 2026]
Finished jobid: 394 (Rule: synth_fit)
31 of 1461 steps (2%) done
Select jobs to execute...
Execute 1 jobs...
[Tue Apr 28 12:26:56 2026]
localrule synth_generate:
    output: results/synth/regime=easy/d=10/num_cycles=5/density=0.5/samp_size=100/seed=2/dataset.npz
    jobid: 612
    reason: Missing output files: results/synth/regime=easy/d=10/num_cycles=5/density=0.5/samp_size=100/seed=2/dataset.npz
    wildcards: regime=easy, d=10, num_cycles=5, density=0.5, samp_size=100, seed=2
    resources: tmpdir=/tmp
[Tue Apr 28 12:26:56 2026]
Finished jobid: 310 (Rule: synth_fit)
32 of 1461 steps (2%) done
Select jobs to execute...
Execute 1 jobs...
[Tue Apr 28 12:26:56 2026]
localrule synth_generate:
    output: results/synth/regime=easy/d=10/num_cycles=4/density=0.8/samp_size=5000/seed=0/dataset.npz
    jobid: 92
    reason: Missing output files: results/synth/regime=easy/d=10/num_cycles=4/density=0.8/samp_size=5000/seed=0/dataset.npz
    wildcards: regime=easy, d=10, num_cycles=4, density=0.8, samp_size=5000, seed=0
    resources: tmpdir=/tmp
Select jobs to execute...
[Tue Apr 28 12:26:56 2026]
Finished jobid: 2 (Rule: synth_generate)
33 of 1461 steps (2%) done
Execute 1 jobs...
[Tue Apr 28 12:26:56 2026]
localrule synth_generate:
    output: results/synth/regime=easy/d=10/num_cycles=4/density=0.8/samp_size=50/seed=2/dataset.npz
    jobid: 62
    reason: Missing output files: results/synth/regime=easy/d=10/num_cycles=4/density=0.8/samp_size=50/seed=2/dataset.npz
    wildcards: regime=easy, d=10, num_cycles=4, density=0.8, samp_size=50, seed=2
    resources: tmpdir=/tmp
Select jobs to execute...
[Tue Apr 28 12:26:56 2026]
Finished jobid: 1045 (Rule: synth_generate)
34 of 1461 steps (2%) done
Execute 1 jobs...
[Tue Apr 28 12:26:56 2026]
localrule synth_fit:
    input: results/synth/regime=easy/d=10/num_cycles=4/density=0.8/samp_size=100/seed=2/dataset.npz
    output: results/synth/regime=easy/d=10/num_cycles=4/density=0.8/samp_size=100/seed=2/method=lacerda/model.pkl
    jobid: 426
    reason: Missing output files: results/synth/regime=easy/d=10/num_cycles=4/density=0.8/samp_size=100/seed=2/method=lacerda/model.pkl; Input files updated by another job: results/synth/regime=easy/d=10/num_cycles=4/density=0.8/samp_size=100/seed=2/dataset.npz
    wildcards: regime=easy, d=10, num_cycles=4, density=0.8, samp_size=100, seed=2, method=lacerda
    resources: tmpdir=/tmp
[Tue Apr 28 12:26:56 2026]
Finished jobid: 1135 (Rule: synth_generate)
35 of 1461 steps (2%) done
Select jobs to execute...
Execute 1 jobs...
[Tue Apr 28 12:26:56 2026]
localrule synth_fit:
    input: results/synth/regime=easy/d=10/num_cycles=5/density=0.8/samp_size=1000/seed=1/dataset.npz
    output: results/synth/regime=easy/d=10/num_cycles=5/density=0.8/samp_size=1000/seed=1/method=lacerda_repare/model.pkl
    jobid: 364
    reason: Missing output files: results/synth/regime=easy/d=10/num_cycles=5/density=0.8/samp_size=1000/seed=1/method=lacerda_repare/model.pkl; Input files updated by another job: results/synth/regime=easy/d=10/num_cycles=5/density=0.8/samp_size=1000/seed=1/dataset.npz
    wildcards: regime=easy, d=10, num_cycles=5, density=0.8, samp_size=1000, seed=1, method=lacerda_repare
    resources: tmpdir=/tmp
[Tue Apr 28 12:26:56 2026]
Finished jobid: 137 (Rule: synth_generate)
36 of 1461 steps (2%) done
Select jobs to execute...
Execute 1 jobs...
[Tue Apr 28 12:26:56 2026]
localrule synth_fit:
    input: results/synth/regime=easy/d=10/num_cycles=4/density=0.8/samp_size=100/seed=1/dataset.npz
    output: results/synth/regime=easy/d=10/num_cycles=4/density=0.8/samp_size=100/seed=1/method=lacerda/model.pkl
    jobid: 424
    reason: Missing output files: results/synth/regime=easy/d=10/num_cycles=4/density=0.8/samp_size=100/seed=1/method=lacerda/model.pkl; Input files updated by another job: results/synth/regime=easy/d=10/num_cycles=4/density=0.8/samp_size=100/seed=1/dataset.npz
    wildcards: regime=easy, d=10, num_cycles=4, density=0.8, samp_size=100, seed=1, method=lacerda
    resources: tmpdir=/tmp
[Tue Apr 28 12:26:56 2026]
Finished jobid: 92 (Rule: synth_generate)
37 of 1461 steps (3%) done
Select jobs to execute...
Execute 1 jobs...
[Tue Apr 28 12:26:56 2026]
localrule synth_fit:
    input: results/synth/regime=easy/d=10/num_cycles=5/density=0.8/samp_size=10000/seed=1/dataset.npz
    output: results/synth/regime=easy/d=10/num_cycles=5/density=0.8/samp_size=10000/seed=1/method=lacerda/model.pkl
    jobid: 484
    reason: Missing output files: results/synth/regime=easy/d=10/num_cycles=5/density=0.8/samp_size=10000/seed=1/method=lacerda/model.pkl; Input files updated by another job: results/synth/regime=easy/d=10/num_cycles=5/density=0.8/samp_size=10000/seed=1/dataset.npz
    wildcards: regime=easy, d=10, num_cycles=5, density=0.8, samp_size=10000, seed=1, method=lacerda
    resources: tmpdir=/tmp
[Tue Apr 28 12:26:56 2026]
Finished jobid: 612 (Rule: synth_generate)
38 of 1461 steps (3%) done
Select jobs to execute...
Execute 1 jobs...
[Tue Apr 28 12:26:56 2026]
localrule synth_generate:
    output: results/synth/regime=easy/d=10/num_cycles=3/density=0.5/samp_size=1000/seed=2/dataset.npz
    jobid: 522
    reason: Missing output files: results/synth/regime=easy/d=10/num_cycles=3/density=0.5/samp_size=1000/seed=2/dataset.npz
    wildcards: regime=easy, d=10, num_cycles=3, density=0.5, samp_size=1000, seed=2
    resources: tmpdir=/tmp
[Tue Apr 28 12:26:56 2026]
Finished jobid: 486 (Rule: synth_fit)
39 of 1461 steps (3%) done
Select jobs to execute...
Execute 1 jobs...
[Tue Apr 28 12:26:56 2026]
localrule synth_evaluate:
    input: results/synth/regime=easy/d=10/num_cycles=5/density=0.8/samp_size=10000/seed=2/dataset.npz, results/synth/regime=easy/d=10/num_cycles=5/density=0.8/samp_size=10000/seed=2/method=lacerda/model.pkl
    output: results/synth/regime=easy/d=10/num_cycles=5/density=0.8/samp_size=10000/seed=2/method=lacerda/metrics.csv
    jobid: 485
    reason: Missing output files: results/synth/regime=easy/d=10/num_cycles=5/density=0.8/samp_size=10000/seed=2/method=lacerda/metrics.csv; Input files updated by another job: results/synth/regime=easy/d=10/num_cycles=5/density=0.8/samp_size=10000/seed=2/method=lacerda/model.pkl, results/synth/regime=easy/d=10/num_cycles=5/density=0.8/samp_size=10000/seed=2/dataset.npz
    wildcards: regime=easy, d=10, num_cycles=5, density=0.8, samp_size=10000, seed=2, method=lacerda
    resources: tmpdir=/tmp
Select jobs to execute...
[Tue Apr 28 12:26:56 2026]
Finished jobid: 1434 (Rule: synth_fit)
40 of 1461 steps (3%) done
Execute 1 jobs...
[Tue Apr 28 12:26:56 2026]
localrule synth_evaluate:
    input: results/synth/regime=easy/d=10/num_cycles=5/density=0.3/samp_size=100/seed=1/dataset.npz, results/synth/regime=easy/d=10/num_cycles=5/density=0.3/samp_size=100/seed=1/method=lacerda/model.pkl
    output: results/synth/regime=easy/d=10/num_cycles=5/density=0.3/samp_size=100/seed=1/method=lacerda/metrics.csv
    jobid: 1433
    reason: Missing output files: results/synth/regime=easy/d=10/num_cycles=5/density=0.3/samp_size=100/seed=1/method=lacerda/metrics.csv; Input files updated by another job: results/synth/regime=easy/d=10/num_cycles=5/density=0.3/samp_size=100/seed=1/dataset.npz, results/synth/regime=easy/d=10/num_cycles=5/density=0.3/samp_size=100/seed=1/method=lacerda/model.pkl
    wildcards: regime=easy, d=10, num_cycles=5, density=0.3, samp_size=100, seed=1, method=lacerda
    resources: tmpdir=/tmp
Select jobs to execute...
[Tue Apr 28 12:26:56 2026]
Finished jobid: 62 (Rule: synth_generate)
41 of 1461 steps (3%) done
Execute 1 jobs...
[Tue Apr 28 12:26:56 2026]
localrule synth_generate:
    output: results/synth/regime=easy/d=10/num_cycles=3/density=0.3/samp_size=500/seed=1/dataset.npz
    jobid: 997
    reason: Missing output files: results/synth/regime=easy/d=10/num_cycles=3/density=0.3/samp_size=500/seed=1/dataset.npz
    wildcards: regime=easy, d=10, num_cycles=3, density=0.3, samp_size=500, seed=1
    resources: tmpdir=/tmp
Select jobs to execute...
[Tue Apr 28 12:26:57 2026]
Finished jobid: 522 (Rule: synth_generate)
42 of 1461 steps (3%) done
Execute 1 jobs...
[Tue Apr 28 12:26:57 2026]
localrule synth_generate:
    output: results/synth/regime=easy/d=10/num_cycles=4/density=0.5/samp_size=500/seed=2/dataset.npz
    jobid: 567
    reason: Missing output files: results/synth/regime=easy/d=10/num_cycles=4/density=0.5/samp_size=500/seed=2/dataset.npz
    wildcards: regime=easy, d=10, num_cycles=4, density=0.5, samp_size=500, seed=2
    resources: tmpdir=/tmp
[Tue Apr 28 12:26:57 2026]
Finished jobid: 364 (Rule: synth_fit)
43 of 1461 steps (3%) done
Select jobs to execute...
Execute 1 jobs...
[Tue Apr 28 12:26:57 2026]
localrule synth_evaluate:
    input: results/synth/regime=easy/d=10/num_cycles=5/density=0.8/samp_size=1000/seed=1/dataset.npz, results/synth/regime=easy/d=10/num_cycles=5/density=0.8/samp_size=1000/seed=1/method=lacerda_repare/model.pkl
    output: results/synth/regime=easy/d=10/num_cycles=5/density=0.8/samp_size=1000/seed=1/method=lacerda_repare/metrics.csv
    jobid: 363
    reason: Missing output files: results/synth/regime=easy/d=10/num_cycles=5/density=0.8/samp_size=1000/seed=1/method=lacerda_repare/metrics.csv; Input files updated by another job: results/synth/regime=easy/d=10/num_cycles=5/density=0.8/samp_size=1000/seed=1/dataset.npz, results/synth/regime=easy/d=10/num_cycles=5/density=0.8/samp_size=1000/seed=1/method=lacerda_repare/model.pkl
    wildcards: regime=easy, d=10, num_cycles=5, density=0.8, samp_size=1000, seed=1, method=lacerda_repare
    resources: tmpdir=/tmp
[Tue Apr 28 12:26:57 2026]
Finished jobid: 484 (Rule: synth_fit)
44 of 1461 steps (3%) done
Select jobs to execute...
Execute 1 jobs...
[Tue Apr 28 12:26:57 2026]
localrule synth_evaluate:
    input: results/synth/regime=easy/d=10/num_cycles=5/density=0.8/samp_size=10000/seed=1/dataset.npz, results/synth/regime=easy/d=10/num_cycles=5/density=0.8/samp_size=10000/seed=1/method=lacerda/model.pkl
    output: results/synth/regime=easy/d=10/num_cycles=5/density=0.8/samp_size=10000/seed=1/method=lacerda/metrics.csv
    jobid: 483
    reason: Missing output files: results/synth/regime=easy/d=10/num_cycles=5/density=0.8/samp_size=10000/seed=1/method=lacerda/metrics.csv; Input files updated by another job: results/synth/regime=easy/d=10/num_cycles=5/density=0.8/samp_size=10000/seed=1/method=lacerda/model.pkl, results/synth/regime=easy/d=10/num_cycles=5/density=0.8/samp_size=10000/seed=1/dataset.npz
    wildcards: regime=easy, d=10, num_cycles=5, density=0.8, samp_size=10000, seed=1, method=lacerda
    resources: tmpdir=/tmp
[Tue Apr 28 12:26:57 2026]
Finished jobid: 485 (Rule: synth_evaluate)
45 of 1461 steps (3%) done
Select jobs to execute...
Execute 1 jobs...
[Tue Apr 28 12:26:57 2026]
localrule synth_generate:
    output: results/synth/regime=easy/d=10/num_cycles=4/density=0.3/samp_size=100/seed=1/dataset.npz
    jobid: 1042
    reason: Missing output files: results/synth/regime=easy/d=10/num_cycles=4/density=0.3/samp_size=100/seed=1/dataset.npz
    wildcards: regime=easy, d=10, num_cycles=4, density=0.3, samp_size=100, seed=1
    resources: tmpdir=/tmp
Select jobs to execute...
[Tue Apr 28 12:26:57 2026]
Finished jobid: 1433 (Rule: synth_evaluate)
46 of 1461 steps (3%) done
Execute 1 jobs...
[Tue Apr 28 12:26:57 2026]
localrule synth_fit:
    input: results/synth/regime=easy/d=10/num_cycles=3/density=0.5/samp_size=1000/seed=2/dataset.npz
    output: results/synth/regime=easy/d=10/num_cycles=3/density=0.5/samp_size=1000/seed=2/method=lacerda_repare/model.pkl
    jobid: 781
    reason: Missing output files: results/synth/regime=easy/d=10/num_cycles=3/density=0.5/samp_size=1000/seed=2/method=lacerda_repare/model.pkl; Input files updated by another job: results/synth/regime=easy/d=10/num_cycles=3/density=0.5/samp_size=1000/seed=2/dataset.npz; Params have changed since last execution: Union of exclusive params before and now across all output: before: <nothing exclusive> now: [0.01, 0.05, 0.1],[0.05, 0.1, 0.15, 0.2] 
    wildcards: regime=easy, d=10, num_cycles=3, density=0.5, samp_size=1000, seed=2, method=lacerda_repare
    resources: tmpdir=/tmp
Select jobs to execute...
[Tue Apr 28 12:26:57 2026]
Finished jobid: 997 (Rule: synth_generate)
47 of 1461 steps (3%) done
Execute 1 jobs...
[Tue Apr 28 12:26:57 2026]
localrule synth_generate:
    output: results/synth/regime=easy/d=10/num_cycles=5/density=0.8/samp_size=500/seed=2/dataset.npz
    jobid: 134
    reason: Missing output files: results/synth/regime=easy/d=10/num_cycles=5/density=0.8/samp_size=500/seed=2/dataset.npz
    wildcards: regime=easy, d=10, num_cycles=5, density=0.8, samp_size=500, seed=2
    resources: tmpdir=/tmp
Select jobs to execute...
[Tue Apr 28 12:26:57 2026]
Finished jobid: 424 (Rule: synth_fit)
48 of 1461 steps (3%) done
Execute 1 jobs...
[Tue Apr 28 12:26:57 2026]
localrule synth_evaluate:
    input: results/synth/regime=easy/d=10/num_cycles=4/density=0.8/samp_size=100/seed=1/dataset.npz, results/synth/regime=easy/d=10/num_cycles=4/density=0.8/samp_size=100/seed=1/method=lacerda/model.pkl
    output: results/synth/regime=easy/d=10/num_cycles=4/density=0.8/samp_size=100/seed=1/method=lacerda/metrics.csv
    jobid: 423
    reason: Missing output files: results/synth/regime=easy/d=10/num_cycles=4/density=0.8/samp_size=100/seed=1/method=lacerda/metrics.csv; Input files updated by another job: results/synth/regime=easy/d=10/num_cycles=4/density=0.8/samp_size=100/seed=1/dataset.npz, results/synth/regime=easy/d=10/num_cycles=4/density=0.8/samp_size=100/seed=1/method=lacerda/model.pkl
    wildcards: regime=easy, d=10, num_cycles=4, density=0.8, samp_size=100, seed=1, method=lacerda
    resources: tmpdir=/tmp
[Tue Apr 28 12:26:57 2026]
Finished jobid: 426 (Rule: synth_fit)
49 of 1461 steps (3%) done
Select jobs to execute...
Execute 1 jobs...
[Tue Apr 28 12:26:57 2026]
localrule synth_evaluate:
    input: results/synth/regime=easy/d=10/num_cycles=4/density=0.8/samp_size=100/seed=2/dataset.npz, results/synth/regime=easy/d=10/num_cycles=4/density=0.8/samp_size=100/seed=2/method=lacerda/model.pkl
    output: results/synth/regime=easy/d=10/num_cycles=4/density=0.8/samp_size=100/seed=2/method=lacerda/metrics.csv
    jobid: 425
    reason: Missing output files: results/synth/regime=easy/d=10/num_cycles=4/density=0.8/samp_size=100/seed=2/method=lacerda/metrics.csv; Input files updated by another job: results/synth/regime=easy/d=10/num_cycles=4/density=0.8/samp_size=100/seed=2/dataset.npz, results/synth/regime=easy/d=10/num_cycles=4/density=0.8/samp_size=100/seed=2/method=lacerda/model.pkl
    wildcards: regime=easy, d=10, num_cycles=4, density=0.8, samp_size=100, seed=2, method=lacerda
    resources: tmpdir=/tmp
Select jobs to execute...
[Tue Apr 28 12:26:57 2026]
Finished jobid: 567 (Rule: synth_generate)
50 of 1461 steps (3%) done
Execute 1 jobs...
[Tue Apr 28 12:26:57 2026]
localrule synth_generate:
    output: results/synth/regime=easy/d=10/num_cycles=3/density=0.8/samp_size=5000/seed=2/dataset.npz
    jobid: 44
    reason: Missing output files: results/synth/regime=easy/d=10/num_cycles=3/density=0.8/samp_size=5000/seed=2/dataset.npz
    wildcards: regime=easy, d=10, num_cycles=3, density=0.8, samp_size=5000, seed=2
    resources: tmpdir=/tmp
[Tue Apr 28 12:26:57 2026]
Finished jobid: 363 (Rule: synth_evaluate)
51 of 1461 steps (3%) done
Select jobs to execute...
Execute 1 jobs...
[Tue Apr 28 12:26:57 2026]
localrule synth_fit:
    input: results/synth/regime=easy/d=10/num_cycles=3/density=0.3/samp_size=500/seed=1/dataset.npz
    output: results/synth/regime=easy/d=10/num_cycles=3/density=0.3/samp_size=500/seed=1/method=oica_scc_repare/model.pkl
    jobid: 998
    reason: Missing output files: results/synth/regime=easy/d=10/num_cycles=3/density=0.3/samp_size=500/seed=1/method=oica_scc_repare/model.pkl; Input files updated by another job: results/synth/regime=easy/d=10/num_cycles=3/density=0.3/samp_size=500/seed=1/dataset.npz
    wildcards: regime=easy, d=10, num_cycles=3, density=0.3, samp_size=500, seed=1, method=oica_scc_repare
    resources: tmpdir=/tmp
[Tue Apr 28 12:26:57 2026]
Finished jobid: 1042 (Rule: synth_generate)
52 of 1461 steps (4%) done
Select jobs to execute...
Execute 1 jobs...
[Tue Apr 28 12:26:57 2026]
localrule synth_generate:
    output: results/synth/regime=easy/d=10/num_cycles=4/density=0.8/samp_size=1000/seed=2/dataset.npz
    jobid: 89
    reason: Missing output files: results/synth/regime=easy/d=10/num_cycles=4/density=0.8/samp_size=1000/seed=2/dataset.npz
    wildcards: regime=easy, d=10, num_cycles=4, density=0.8, samp_size=1000, seed=2
    resources: tmpdir=/tmp
Select jobs to execute...
[Tue Apr 28 12:26:57 2026]
Finished jobid: 483 (Rule: synth_evaluate)
53 of 1461 steps (4%) done
Execute 1 jobs...
[Tue Apr 28 12:26:57 2026]
localrule synth_generate:
    output: results/synth/regime=easy/d=10/num_cycles=5/density=0.3/samp_size=10000/seed=1/dataset.npz
    jobid: 1132
    reason: Missing output files: results/synth/regime=easy/d=10/num_cycles=5/density=0.3/samp_size=10000/seed=1/dataset.npz
    wildcards: regime=easy, d=10, num_cycles=5, density=0.3, samp_size=10000, seed=1
    resources: tmpdir=/tmp
Select jobs to execute...
[Tue Apr 28 12:26:57 2026]
Finished jobid: 134 (Rule: synth_generate)
54 of 1461 steps (4%) done
Execute 1 jobs...
[Tue Apr 28 12:26:57 2026]
localrule synth_fit:
    input: results/synth/regime=easy/d=10/num_cycles=4/density=0.3/samp_size=5000/seed=0/dataset.npz
    output: results/synth/regime=easy/d=10/num_cycles=4/density=0.3/samp_size=5000/seed=0/method=lacerda_repare/model.pkl
    jobid: 1306
    reason: Missing output files: results/synth/regime=easy/d=10/num_cycles=4/density=0.3/samp_size=5000/seed=0/method=lacerda_repare/model.pkl; Input files updated by another job: results/synth/regime=easy/d=10/num_cycles=4/density=0.3/samp_size=5000/seed=0/dataset.npz
    wildcards: regime=easy, d=10, num_cycles=4, density=0.3, samp_size=5000, seed=0, method=lacerda_repare
    resources: tmpdir=/tmp
Select jobs to execute...
[Tue Apr 28 12:26:58 2026]
Finished jobid: 44 (Rule: synth_generate)
55 of 1461 steps (4%) done
Execute 1 jobs...
[Tue Apr 28 12:26:58 2026]
localrule synth_fit:
    input: results/synth/regime=easy/d=10/num_cycles=3/density=0.5/samp_size=1000/seed=2/dataset.npz
    output: results/synth/regime=easy/d=10/num_cycles=3/density=0.5/samp_size=1000/seed=2/method=lacerda/model.pkl
    jobid: 889
    reason: Missing output files: results/synth/regime=easy/d=10/num_cycles=3/density=0.5/samp_size=1000/seed=2/method=lacerda/model.pkl; Input files updated by another job: results/synth/regime=easy/d=10/num_cycles=3/density=0.5/samp_size=1000/seed=2/dataset.npz; Params have changed since last execution: Union of exclusive params before and now across all output: before: <nothing exclusive> now: [0.01, 0.05, 0.1],[0.05, 0.1, 0.15, 0.2] 
    wildcards: regime=easy, d=10, num_cycles=3, density=0.5, samp_size=1000, seed=2, method=lacerda
    resources: tmpdir=/tmp
[Tue Apr 28 12:26:58 2026]
Finished jobid: 423 (Rule: synth_evaluate)
56 of 1461 steps (4%) done
Select jobs to execute...
Execute 1 jobs...
[Tue Apr 28 12:26:58 2026]
localrule synth_generate:
    output: results/synth/regime=easy/d=10/num_cycles=4/density=0.5/samp_size=500/seed=1/dataset.npz
    jobid: 564
    reason: Missing output files: results/synth/regime=easy/d=10/num_cycles=4/density=0.5/samp_size=500/seed=1/dataset.npz
    wildcards: regime=easy, d=10, num_cycles=4, density=0.5, samp_size=500, seed=1
    resources: tmpdir=/tmp
[Tue Apr 28 12:26:58 2026]
Finished jobid: 425 (Rule: synth_evaluate)
57 of 1461 steps (4%) done
Select jobs to execute...
Execute 1 jobs...
[Tue Apr 28 12:26:58 2026]
localrule synth_fit:
    input: results/synth/regime=easy/d=10/num_cycles=4/density=0.3/samp_size=500/seed=0/dataset.npz
    output: results/synth/regime=easy/d=10/num_cycles=4/density=0.3/samp_size=500/seed=0/method=oica_no_repare/model.pkl
    jobid: 1186
    reason: Missing output files: results/synth/regime=easy/d=10/num_cycles=4/density=0.3/samp_size=500/seed=0/method=oica_no_repare/model.pkl; Input files updated by another job: results/synth/regime=easy/d=10/num_cycles=4/density=0.3/samp_size=500/seed=0/dataset.npz
    wildcards: regime=easy, d=10, num_cycles=4, density=0.3, samp_size=500, seed=0, method=oica_no_repare
    resources: tmpdir=/tmp
Select jobs to execute...
[Tue Apr 28 12:26:58 2026]
Finished jobid: 89 (Rule: synth_generate)
58 of 1461 steps (4%) done
Execute 1 jobs...
[Tue Apr 28 12:26:58 2026]
localrule synth_fit:
    input: results/synth/regime=easy/d=10/num_cycles=5/density=0.8/samp_size=50/seed=2/dataset.npz
    output: results/synth/regime=easy/d=10/num_cycles=5/density=0.8/samp_size=50/seed=2/method=oica_no_repare/model.pkl
    jobid: 240
    reason: Missing output files: results/synth/regime=easy/d=10/num_cycles=5/density=0.8/samp_size=50/seed=2/method=oica_no_repare/model.pkl; Input files updated by another job: results/synth/regime=easy/d=10/num_cycles=5/density=0.8/samp_size=50/seed=2/dataset.npz
    wildcards: regime=easy, d=10, num_cycles=5, density=0.8, samp_size=50, seed=2, method=oica_no_repare
    resources: tmpdir=/tmp
Select jobs to execute...
[Tue Apr 28 12:26:58 2026]
Finished jobid: 1132 (Rule: synth_generate)
59 of 1461 steps (4%) done
Execute 1 jobs...
[Tue Apr 28 12:26:58 2026]
localrule synth_fit:
    input: results/synth/regime=easy/d=10/num_cycles=4/density=0.8/samp_size=100/seed=0/dataset.npz
    output: results/synth/regime=easy/d=10/num_cycles=4/density=0.8/samp_size=100/seed=0/method=lacerda/model.pkl
    jobid: 422
    reason: Missing output files: results/synth/regime=easy/d=10/num_cycles=4/density=0.8/samp_size=100/seed=0/method=lacerda/model.pkl; Input files updated by another job: results/synth/regime=easy/d=10/num_cycles=4/density=0.8/samp_size=100/seed=0/dataset.npz
    wildcards: regime=easy, d=10, num_cycles=4, density=0.8, samp_size=100, seed=0, method=lacerda
    resources: tmpdir=/tmp
Select jobs to execute...
[Tue Apr 28 12:26:58 2026]
Finished jobid: 564 (Rule: synth_generate)
60 of 1461 steps (4%) done
Execute 1 jobs...
[Tue Apr 28 12:26:58 2026]
localrule synth_generate:
    output: results/synth/regime=easy/d=10/num_cycles=5/density=0.8/samp_size=5000/seed=2/dataset.npz
    jobid: 152
    reason: Missing output files: results/synth/regime=easy/d=10/num_cycles=5/density=0.8/samp_size=5000/seed=2/dataset.npz
    wildcards: regime=easy, d=10, num_cycles=5, density=0.8, samp_size=5000, seed=2
    resources: tmpdir=/tmp
Select jobs to execute...
[Tue Apr 28 12:26:58 2026]
Finished jobid: 889 (Rule: synth_fit)
61 of 1461 steps (4%) done
Execute 1 jobs...
[Tue Apr 28 12:26:59 2026]
localrule synth_generate:
    output: results/synth/regime=easy/d=10/num_cycles=3/density=0.3/samp_size=5000/seed=1/dataset.npz
    jobid: 1015
    reason: Missing output files: results/synth/regime=easy/d=10/num_cycles=3/density=0.3/samp_size=5000/seed=1/dataset.npz
    wildcards: regime=easy, d=10, num_cycles=3, density=0.3, samp_size=5000, seed=1
    resources: tmpdir=/tmp
Select jobs to execute...
[Tue Apr 28 12:26:59 2026]
Finished jobid: 1186 (Rule: synth_fit)
62 of 1461 steps (4%) done
Execute 1 jobs...
[Tue Apr 28 12:26:59 2026]
localrule synth_generate:
    output: results/synth/regime=easy/d=10/num_cycles=5/density=0.3/samp_size=500/seed=1/dataset.npz
    jobid: 1105
    reason: Missing output files: results/synth/regime=easy/d=10/num_cycles=5/density=0.3/samp_size=500/seed=1/dataset.npz
    wildcards: regime=easy, d=10, num_cycles=5, density=0.3, samp_size=500, seed=1
    resources: tmpdir=/tmp
Select jobs to execute...
[Tue Apr 28 12:26:59 2026]
Finished jobid: 240 (Rule: synth_fit)
63 of 1461 steps (4%) done
Execute 1 jobs...
[Tue Apr 28 12:26:59 2026]
localrule synth_fit:
    input: results/synth/regime=easy/d=10/num_cycles=5/density=0.8/samp_size=10000/seed=1/dataset.npz
    output: results/synth/regime=easy/d=10/num_cycles=5/density=0.8/samp_size=10000/seed=1/method=oica_no_repare/model.pkl
    jobid: 268
    reason: Missing output files: results/synth/regime=easy/d=10/num_cycles=5/density=0.8/samp_size=10000/seed=1/method=oica_no_repare/model.pkl; Input files updated by another job: results/synth/regime=easy/d=10/num_cycles=5/density=0.8/samp_size=10000/seed=1/dataset.npz
    wildcards: regime=easy, d=10, num_cycles=5, density=0.8, samp_size=10000, seed=1, method=oica_no_repare
    resources: tmpdir=/tmp
Select jobs to execute...
[Tue Apr 28 12:26:59 2026]
Finished jobid: 422 (Rule: synth_fit)
64 of 1461 steps (4%) done
Execute 1 jobs...
[Tue Apr 28 12:26:59 2026]
localrule synth_generate:
    output: results/synth/regime=easy/d=10/num_cycles=4/density=0.3/samp_size=1000/seed=1/dataset.npz
    jobid: 1060
    reason: Missing output files: results/synth/regime=easy/d=10/num_cycles=4/density=0.3/samp_size=1000/seed=1/dataset.npz
    wildcards: regime=easy, d=10, num_cycles=4, density=0.3, samp_size=1000, seed=1
    resources: tmpdir=/tmp
Select jobs to execute...
[Tue Apr 28 12:26:59 2026]
Finished jobid: 998 (Rule: synth_fit)
65 of 1461 steps (4%) done
Execute 1 jobs...
[Tue Apr 28 12:26:59 2026]
localrule synth_generate:
    output: results/synth/regime=easy/d=10/num_cycles=4/density=0.8/samp_size=10000/seed=2/dataset.npz
    jobid: 107
    reason: Missing output files: results/synth/regime=easy/d=10/num_cycles=4/density=0.8/samp_size=10000/seed=2/dataset.npz
    wildcards: regime=easy, d=10, num_cycles=4, density=0.8, samp_size=10000, seed=2
    resources: tmpdir=/tmp
[Tue Apr 28 12:26:59 2026]
Finished jobid: 152 (Rule: synth_generate)
66 of 1461 steps (5%) done
Select jobs to execute...
Execute 1 jobs...
[Tue Apr 28 12:26:59 2026]
localrule synth_fit:
    input: results/synth/regime=easy/d=10/num_cycles=4/density=0.8/samp_size=50/seed=1/dataset.npz
    output: results/synth/regime=easy/d=10/num_cycles=4/density=0.8/samp_size=50/seed=1/method=oica_scc_repare/model.pkl
    jobid: 60
    reason: Missing output files: results/synth/regime=easy/d=10/num_cycles=4/density=0.8/samp_size=50/seed=1/method=oica_scc_repare/model.pkl; Input files updated by another job: results/synth/regime=easy/d=10/num_cycles=4/density=0.8/samp_size=50/seed=1/dataset.npz
    wildcards: regime=easy, d=10, num_cycles=4, density=0.8, samp_size=50, seed=1, method=oica_scc_repare
    resources: tmpdir=/tmp
Select jobs to execute...
[Tue Apr 28 12:27:00 2026]
Finished jobid: 1015 (Rule: synth_generate)
67 of 1461 steps (5%) done
Execute 1 jobs...
[Tue Apr 28 12:27:00 2026]
localrule synth_generate:
    output: results/synth/regime=easy/d=10/num_cycles=5/density=0.3/samp_size=50/seed=0/dataset.npz
    jobid: 1084
    reason: Missing output files: results/synth/regime=easy/d=10/num_cycles=5/density=0.3/samp_size=50/seed=0/dataset.npz
    wildcards: regime=easy, d=10, num_cycles=5, density=0.3, samp_size=50, seed=0
    resources: tmpdir=/tmp
[Tue Apr 28 12:27:00 2026]
Finished jobid: 1105 (Rule: synth_generate)
68 of 1461 steps (5%) done
Select jobs to execute...
Execute 1 jobs...
[Tue Apr 28 12:27:00 2026]
localrule synth_generate:
    output: results/synth/regime=easy/d=10/num_cycles=5/density=0.8/samp_size=500/seed=1/dataset.npz
    jobid: 131
    reason: Missing output files: results/synth/regime=easy/d=10/num_cycles=5/density=0.8/samp_size=500/seed=1/dataset.npz
    wildcards: regime=easy, d=10, num_cycles=5, density=0.8, samp_size=500, seed=1
    resources: tmpdir=/tmp
Select jobs to execute...
[Tue Apr 28 12:27:00 2026]
Finished jobid: 1060 (Rule: synth_generate)
69 of 1461 steps (5%) done
Execute 1 jobs...
[Tue Apr 28 12:27:00 2026]
localrule synth_fit:
    input: results/synth/regime=easy/d=10/num_cycles=3/density=0.8/samp_size=5000/seed=2/dataset.npz
    output: results/synth/regime=easy/d=10/num_cycles=3/density=0.8/samp_size=5000/seed=2/method=lacerda_repare/model.pkl
    jobid: 300
    reason: Missing output files: results/synth/regime=easy/d=10/num_cycles=3/density=0.8/samp_size=5000/seed=2/method=lacerda_repare/model.pkl; Input files updated by another job: results/synth/regime=easy/d=10/num_cycles=3/density=0.8/samp_size=5000/seed=2/dataset.npz
    wildcards: regime=easy, d=10, num_cycles=3, density=0.8, samp_size=5000, seed=2, method=lacerda_repare
    resources: tmpdir=/tmp
Select jobs to execute...
[Tue Apr 28 12:27:00 2026]
Finished jobid: 268 (Rule: synth_fit)
70 of 1461 steps (5%) done
Execute 1 jobs...
[Tue Apr 28 12:27:00 2026]
localrule synth_evaluate:
    input: results/synth/regime=easy/d=10/num_cycles=4/density=0.3/samp_size=500/seed=0/dataset.npz, results/synth/regime=easy/d=10/num_cycles=4/density=0.3/samp_size=500/seed=0/method=oica_no_repare/model.pkl
    output: results/synth/regime=easy/d=10/num_cycles=4/density=0.3/samp_size=500/seed=0/method=oica_no_repare/metrics.csv
    jobid: 1185
    reason: Missing output files: results/synth/regime=easy/d=10/num_cycles=4/density=0.3/samp_size=500/seed=0/method=oica_no_repare/metrics.csv; Input files updated by another job: results/synth/regime=easy/d=10/num_cycles=4/density=0.3/samp_size=500/seed=0/method=oica_no_repare/model.pkl, results/synth/regime=easy/d=10/num_cycles=4/density=0.3/samp_size=500/seed=0/dataset.npz
    wildcards: regime=easy, d=10, num_cycles=4, density=0.3, samp_size=500, seed=0, method=oica_no_repare
    resources: tmpdir=/tmp
Select jobs to execute...
[Tue Apr 28 12:27:00 2026]
Finished jobid: 107 (Rule: synth_generate)
71 of 1461 steps (5%) done
Execute 1 jobs...
[Tue Apr 28 12:27:00 2026]
localrule synth_generate:
    output: results/synth/regime=easy/d=10/num_cycles=3/density=0.3/samp_size=500/seed=0/dataset.npz
    jobid: 994
    reason: Missing output files: results/synth/regime=easy/d=10/num_cycles=3/density=0.3/samp_size=500/seed=0/dataset.npz
    wildcards: regime=easy, d=10, num_cycles=3, density=0.3, samp_size=500, seed=0
    resources: tmpdir=/tmp
Select jobs to execute...
[Tue Apr 28 12:27:01 2026]
Finished jobid: 131 (Rule: synth_generate)
72 of 1461 steps (5%) done
Execute 1 jobs...
[Tue Apr 28 12:27:01 2026]
localrule synth_fit:
    input: results/synth/regime=easy/d=10/num_cycles=5/density=0.8/samp_size=500/seed=2/dataset.npz
    output: results/synth/regime=easy/d=10/num_cycles=5/density=0.8/samp_size=500/seed=2/method=lacerda_repare/model.pkl
    jobid: 360
    reason: Missing output files: results/synth/regime=easy/d=10/num_cycles=5/density=0.8/samp_size=500/seed=2/method=lacerda_repare/model.pkl; Input files updated by another job: results/synth/regime=easy/d=10/num_cycles=5/density=0.8/samp_size=500/seed=2/dataset.npz
    wildcards: regime=easy, d=10, num_cycles=5, density=0.8, samp_size=500, seed=2, method=lacerda_repare
    resources: tmpdir=/tmp
Select jobs to execute...
[Tue Apr 28 12:27:01 2026]
Finished jobid: 1084 (Rule: synth_generate)
73 of 1461 steps (5%) done
Execute 1 jobs...
[Tue Apr 28 12:27:01 2026]
localrule synth_fit:
    input: results/synth/regime=easy/d=10/num_cycles=5/density=0.8/samp_size=5000/seed=2/dataset.npz
    output: results/synth/regime=easy/d=10/num_cycles=5/density=0.8/samp_size=5000/seed=2/method=lacerda/model.pkl
    jobid: 480
    reason: Missing output files: results/synth/regime=easy/d=10/num_cycles=5/density=0.8/samp_size=5000/seed=2/method=lacerda/model.pkl; Input files updated by another job: results/synth/regime=easy/d=10/num_cycles=5/density=0.8/samp_size=5000/seed=2/dataset.npz
    wildcards: regime=easy, d=10, num_cycles=5, density=0.8, samp_size=5000, seed=2, method=lacerda
    resources: tmpdir=/tmp
Select jobs to execute...
[Tue Apr 28 12:27:01 2026]
Finished jobid: 60 (Rule: synth_fit)
74 of 1461 steps (5%) done
Execute 1 jobs...
[Tue Apr 28 12:27:01 2026]
localrule synth_generate:
    output: results/synth/regime=easy/d=10/num_cycles=4/density=0.3/samp_size=100/seed=0/dataset.npz
    jobid: 1039
    reason: Missing output files: results/synth/regime=easy/d=10/num_cycles=4/density=0.3/samp_size=100/seed=0/dataset.npz
    wildcards: regime=easy, d=10, num_cycles=4, density=0.3, samp_size=100, seed=0
    resources: tmpdir=/tmp
Select jobs to execute...
[Tue Apr 28 12:27:01 2026]
Finished jobid: 1185 (Rule: synth_evaluate)
75 of 1461 steps (5%) done
Execute 1 jobs...
[Tue Apr 28 12:27:01 2026]
localrule synth_evaluate:
    input: results/synth/regime=easy/d=10/num_cycles=5/density=0.8/samp_size=50/seed=2/dataset.npz, results/synth/regime=easy/d=10/num_cycles=5/density=0.8/samp_size=50/seed=2/method=oica_no_repare/model.pkl
    output: results/synth/regime=easy/d=10/num_cycles=5/density=0.8/samp_size=50/seed=2/method=oica_no_repare/metrics.csv
    jobid: 239
    reason: Missing output files: results/synth/regime=easy/d=10/num_cycles=5/density=0.8/samp_size=50/seed=2/method=oica_no_repare/metrics.csv; Input files updated by another job: results/synth/regime=easy/d=10/num_cycles=5/density=0.8/samp_size=50/seed=2/method=oica_no_repare/model.pkl, results/synth/regime=easy/d=10/num_cycles=5/density=0.8/samp_size=50/seed=2/dataset.npz
    wildcards: regime=easy, d=10, num_cycles=5, density=0.8, samp_size=50, seed=2, method=oica_no_repare
    resources: tmpdir=/tmp
Select jobs to execute...
[Tue Apr 28 12:27:02 2026]
Finished jobid: 994 (Rule: synth_generate)
76 of 1461 steps (5%) done
Execute 1 jobs...
[Tue Apr 28 12:27:02 2026]
localrule synth_fit:
    input: results/synth/regime=easy/d=10/num_cycles=5/density=0.3/samp_size=10000/seed=2/dataset.npz
    output: results/synth/regime=easy/d=10/num_cycles=5/density=0.3/samp_size=10000/seed=2/method=oica_no_repare/model.pkl
    jobid: 1244
    reason: Missing output files: results/synth/regime=easy/d=10/num_cycles=5/density=0.3/samp_size=10000/seed=2/method=oica_no_repare/model.pkl; Input files updated by another job: results/synth/regime=easy/d=10/num_cycles=5/density=0.3/samp_size=10000/seed=2/dataset.npz
    wildcards: regime=easy, d=10, num_cycles=5, density=0.3, samp_size=10000, seed=2, method=oica_no_repare
    resources: tmpdir=/tmp
Select jobs to execute...
[Tue Apr 28 12:27:02 2026]
Finished jobid: 1039 (Rule: synth_generate)
77 of 1461 steps (5%) done
Execute 1 jobs...
[Tue Apr 28 12:27:02 2026]
localrule synth_generate:
    output: results/synth/regime=easy/d=10/num_cycles=5/density=0.5/samp_size=50/seed=2/dataset.npz
    jobid: 603
    reason: Missing output files: results/synth/regime=easy/d=10/num_cycles=5/density=0.5/samp_size=50/seed=2/dataset.npz
    wildcards: regime=easy, d=10, num_cycles=5, density=0.5, samp_size=50, seed=2
    resources: tmpdir=/tmp
Select jobs to execute...
[Tue Apr 28 12:27:02 2026]
Finished jobid: 480 (Rule: synth_fit)
78 of 1461 steps (5%) done
Execute 1 jobs...
[Tue Apr 28 12:27:02 2026]
localrule synth_fit:
    input: results/synth/regime=easy/d=10/num_cycles=4/density=0.3/samp_size=100/seed=0/dataset.npz
    output: results/synth/regime=easy/d=10/num_cycles=4/density=0.3/samp_size=100/seed=0/method=oica_no_repare/model.pkl
    jobid: 1180
    reason: Missing output files: results/synth/regime=easy/d=10/num_cycles=4/density=0.3/samp_size=100/seed=0/method=oica_no_repare/model.pkl; Input files updated by another job: results/synth/regime=easy/d=10/num_cycles=4/density=0.3/samp_size=100/seed=0/dataset.npz
    wildcards: regime=easy, d=10, num_cycles=4, density=0.3, samp_size=100, seed=0, method=oica_no_repare
    resources: tmpdir=/tmp
Select jobs to execute...
[Tue Apr 28 12:27:02 2026]
Finished jobid: 781 (Rule: synth_fit)
79 of 1461 steps (5%) done
Execute 1 jobs...
[Tue Apr 28 12:27:02 2026]
localrule synth_generate:
    output: results/synth/regime=easy/d=10/num_cycles=3/density=0.8/samp_size=1000/seed=2/dataset.npz
    jobid: 35
    reason: Missing output files: results/synth/regime=easy/d=10/num_cycles=3/density=0.8/samp_size=1000/seed=2/dataset.npz
    wildcards: regime=easy, d=10, num_cycles=3, density=0.8, samp_size=1000, seed=2
    resources: tmpdir=/tmp
Select jobs to execute...
[Tue Apr 28 12:27:02 2026]
Finished jobid: 239 (Rule: synth_evaluate)
80 of 1461 steps (5%) done
Execute 1 jobs...
[Tue Apr 28 12:27:02 2026]
localrule synth_fit:
    input: results/synth/regime=easy/d=10/num_cycles=4/density=0.8/samp_size=50/seed=2/dataset.npz
    output: results/synth/regime=easy/d=10/num_cycles=4/density=0.8/samp_size=50/seed=2/method=lacerda/model.pkl
    jobid: 420
    reason: Missing output files: results/synth/regime=easy/d=10/num_cycles=4/density=0.8/samp_size=50/seed=2/method=lacerda/model.pkl; Input files updated by another job: results/synth/regime=easy/d=10/num_cycles=4/density=0.8/samp_size=50/seed=2/dataset.npz
    wildcards: regime=easy, d=10, num_cycles=4, density=0.8, samp_size=50, seed=2, method=lacerda
    resources: tmpdir=/tmp
Select jobs to execute...
[Tue Apr 28 12:27:03 2026]
Finished jobid: 1244 (Rule: synth_fit)
81 of 1461 steps (6%) done
Execute 1 jobs...
[Tue Apr 28 12:27:03 2026]
localrule synth_fit:
    input: results/synth/regime=easy/d=10/num_cycles=3/density=0.8/samp_size=500/seed=1/dataset.npz
    output: results/synth/regime=easy/d=10/num_cycles=3/density=0.8/samp_size=500/seed=1/method=oica_no_repare/model.pkl
    jobid: 178
    reason: Missing output files: results/synth/regime=easy/d=10/num_cycles=3/density=0.8/samp_size=500/seed=1/method=oica_no_repare/model.pkl; Input files updated by another job: results/synth/regime=easy/d=10/num_cycles=3/density=0.8/samp_size=500/seed=1/dataset.npz
    wildcards: regime=easy, d=10, num_cycles=3, density=0.8, samp_size=500, seed=1, method=oica_no_repare
    resources: tmpdir=/tmp
Select jobs to execute...
[Tue Apr 28 12:27:03 2026]
Finished jobid: 603 (Rule: synth_generate)
82 of 1461 steps (6%) done
Execute 1 jobs...
[Tue Apr 28 12:27:03 2026]
localrule synth_generate:
    output: results/synth/regime=easy/d=10/num_cycles=5/density=0.8/samp_size=100/seed=2/dataset.npz
    jobid: 125
    reason: Missing output files: results/synth/regime=easy/d=10/num_cycles=5/density=0.8/samp_size=100/seed=2/dataset.npz
    wildcards: regime=easy, d=10, num_cycles=5, density=0.8, samp_size=100, seed=2
    resources: tmpdir=/tmp
Select jobs to execute...
[Tue Apr 28 12:27:03 2026]
Finished jobid: 360 (Rule: synth_fit)
83 of 1461 steps (6%) done
Execute 1 jobs...
[Tue Apr 28 12:27:03 2026]
localrule synth_generate:
    output: results/synth/regime=easy/d=10/num_cycles=4/density=0.3/samp_size=10000/seed=2/dataset.npz
    jobid: 1081
    reason: Missing output files: results/synth/regime=easy/d=10/num_cycles=4/density=0.3/samp_size=10000/seed=2/dataset.npz
    wildcards: regime=easy, d=10, num_cycles=4, density=0.3, samp_size=10000, seed=2
    resources: tmpdir=/tmp
Select jobs to execute...
[Tue Apr 28 12:27:03 2026]
Finished jobid: 1180 (Rule: synth_fit)
84 of 1461 steps (6%) done
Execute 1 jobs...
[Tue Apr 28 12:27:03 2026]
localrule synth_generate:
    output: results/synth/regime=easy/d=10/num_cycles=4/density=0.3/samp_size=10000/seed=1/dataset.npz
    jobid: 1078
    reason: Missing output files: results/synth/regime=easy/d=10/num_cycles=4/density=0.3/samp_size=10000/seed=1/dataset.npz
    wildcards: regime=easy, d=10, num_cycles=4, density=0.3, samp_size=10000, seed=1
    resources: tmpdir=/tmp
Select jobs to execute...
[Tue Apr 28 12:27:03 2026]
Finished jobid: 35 (Rule: synth_generate)
85 of 1461 steps (6%) done
Execute 1 jobs...
[Tue Apr 28 12:27:03 2026]
localrule synth_fit:
    input: results/synth/regime=easy/d=10/num_cycles=5/density=0.5/samp_size=50/seed=2/dataset.npz
    output: results/synth/regime=easy/d=10/num_cycles=5/density=0.5/samp_size=50/seed=2/method=lacerda/model.pkl
    jobid: 943
    reason: Missing output files: results/synth/regime=easy/d=10/num_cycles=5/density=0.5/samp_size=50/seed=2/method=lacerda/model.pkl; Input files updated by another job: results/synth/regime=easy/d=10/num_cycles=5/density=0.5/samp_size=50/seed=2/dataset.npz
    wildcards: regime=easy, d=10, num_cycles=5, density=0.5, samp_size=50, seed=2, method=lacerda
    resources: tmpdir=/tmp
Select jobs to execute...
[Tue Apr 28 12:27:04 2026]
Finished jobid: 420 (Rule: synth_fit)
86 of 1461 steps (6%) done
Execute 1 jobs...
[Tue Apr 28 12:27:04 2026]
localrule synth_fit:
    input: results/synth/regime=easy/d=10/num_cycles=3/density=0.8/samp_size=1000/seed=2/dataset.npz
    output: results/synth/regime=easy/d=10/num_cycles=3/density=0.8/samp_size=1000/seed=2/method=oica_scc_repare/model.pkl
    jobid: 36
    reason: Missing output files: results/synth/regime=easy/d=10/num_cycles=3/density=0.8/samp_size=1000/seed=2/method=oica_scc_repare/model.pkl; Input files updated by another job: results/synth/regime=easy/d=10/num_cycles=3/density=0.8/samp_size=1000/seed=2/dataset.npz
    wildcards: regime=easy, d=10, num_cycles=3, density=0.8, samp_size=1000, seed=2, method=oica_scc_repare
    resources: tmpdir=/tmp
Select jobs to execute...
[Tue Apr 28 12:27:04 2026]
Finished jobid: 125 (Rule: synth_generate)
87 of 1461 steps (6%) done
Execute 1 jobs...
[Tue Apr 28 12:27:04 2026]
localrule synth_fit:
    input: results/synth/regime=easy/d=10/num_cycles=4/density=0.3/samp_size=5000/seed=1/dataset.npz
    output: results/synth/regime=easy/d=10/num_cycles=4/density=0.3/samp_size=5000/seed=1/method=lacerda/model.pkl
    jobid: 1416
    reason: Missing output files: results/synth/regime=easy/d=10/num_cycles=4/density=0.3/samp_size=5000/seed=1/method=lacerda/model.pkl; Input files updated by another job: results/synth/regime=easy/d=10/num_cycles=4/density=0.3/samp_size=5000/seed=1/dataset.npz
    wildcards: regime=easy, d=10, num_cycles=4, density=0.3, samp_size=5000, seed=1, method=lacerda
    resources: tmpdir=/tmp
Select jobs to execute...
[Tue Apr 28 12:27:04 2026]
Finished jobid: 178 (Rule: synth_fit)
88 of 1461 steps (6%) done
Execute 1 jobs...
[Tue Apr 28 12:27:04 2026]
localrule synth_fit:
    input: results/synth/regime=easy/d=10/num_cycles=4/density=0.3/samp_size=500/seed=1/dataset.npz
    output: results/synth/regime=easy/d=10/num_cycles=4/density=0.3/samp_size=500/seed=1/method=lacerda_repare/model.pkl
    jobid: 1296
    reason: Missing output files: results/synth/regime=easy/d=10/num_cycles=4/density=0.3/samp_size=500/seed=1/method=lacerda_repare/model.pkl; Input files updated by another job: results/synth/regime=easy/d=10/num_cycles=4/density=0.3/samp_size=500/seed=1/dataset.npz
    wildcards: regime=easy, d=10, num_cycles=4, density=0.3, samp_size=500, seed=1, method=lacerda_repare
    resources: tmpdir=/tmp
Select jobs to execute...
[Tue Apr 28 12:27:04 2026]
Finished jobid: 1081 (Rule: synth_generate)
89 of 1461 steps (6%) done
Execute 1 jobs...
[Tue Apr 28 12:27:04 2026]
localrule synth_fit:
    input: results/synth/regime=easy/d=10/num_cycles=4/density=0.5/samp_size=1000/seed=0/dataset.npz
    output: results/synth/regime=easy/d=10/num_cycles=4/density=0.5/samp_size=1000/seed=0/method=lacerda_repare/model.pkl
    jobid: 813
    reason: Missing output files: results/synth/regime=easy/d=10/num_cycles=4/density=0.5/samp_size=1000/seed=0/method=lacerda_repare/model.pkl; Input files updated by another job: results/synth/regime=easy/d=10/num_cycles=4/density=0.5/samp_size=1000/seed=0/dataset.npz
    wildcards: regime=easy, d=10, num_cycles=4, density=0.5, samp_size=1000, seed=0, method=lacerda_repare
    resources: tmpdir=/tmp
[Tue Apr 28 12:27:04 2026]
Finished jobid: 1078 (Rule: synth_generate)
90 of 1461 steps (6%) done
Select jobs to execute...
Execute 1 jobs...
[Tue Apr 28 12:27:04 2026]
localrule synth_fit:
    input: results/synth/regime=easy/d=10/num_cycles=4/density=0.3/samp_size=10000/seed=1/dataset.npz
    output: results/synth/regime=easy/d=10/num_cycles=4/density=0.3/samp_size=10000/seed=1/method=lacerda/model.pkl
    jobid: 1422
    reason: Missing output files: results/synth/regime=easy/d=10/num_cycles=4/density=0.3/samp_size=10000/seed=1/method=lacerda/model.pkl; Input files updated by another job: results/synth/regime=easy/d=10/num_cycles=4/density=0.3/samp_size=10000/seed=1/dataset.npz
    wildcards: regime=easy, d=10, num_cycles=4, density=0.3, samp_size=10000, seed=1, method=lacerda
    resources: tmpdir=/tmp
Select jobs to execute...
[Tue Apr 28 12:27:05 2026]
Finished jobid: 943 (Rule: synth_fit)
91 of 1461 steps (6%) done
Execute 1 jobs...
[Tue Apr 28 12:27:05 2026]
localrule synth_fit:
    input: results/synth/regime=easy/d=10/num_cycles=5/density=0.8/samp_size=100/seed=2/dataset.npz
    output: results/synth/regime=easy/d=10/num_cycles=5/density=0.8/samp_size=100/seed=2/method=oica_scc_repare/model.pkl
    jobid: 126
    reason: Missing output files: results/synth/regime=easy/d=10/num_cycles=5/density=0.8/samp_size=100/seed=2/method=oica_scc_repare/model.pkl; Input files updated by another job: results/synth/regime=easy/d=10/num_cycles=5/density=0.8/samp_size=100/seed=2/dataset.npz
    wildcards: regime=easy, d=10, num_cycles=5, density=0.8, samp_size=100, seed=2, method=oica_scc_repare
    resources: tmpdir=/tmp
Select jobs to execute...
[Tue Apr 28 12:27:05 2026]
Finished jobid: 1416 (Rule: synth_fit)
92 of 1461 steps (6%) done
Execute 1 jobs...
[Tue Apr 28 12:27:05 2026]
localrule synth_generate:
    output: results/synth/regime=easy/d=10/num_cycles=3/density=0.8/samp_size=5000/seed=0/dataset.npz
    jobid: 38
    reason: Missing output files: results/synth/regime=easy/d=10/num_cycles=3/density=0.8/samp_size=5000/seed=0/dataset.npz
    wildcards: regime=easy, d=10, num_cycles=3, density=0.8, samp_size=5000, seed=0
    resources: tmpdir=/tmp
Select jobs to execute...
[Tue Apr 28 12:27:06 2026]
Finished jobid: 1422 (Rule: synth_fit)
93 of 1461 steps (6%) done
Execute 1 jobs...
[Tue Apr 28 12:27:06 2026]
localrule synth_generate:
    output: results/synth/regime=easy/d=10/num_cycles=5/density=0.8/samp_size=500/seed=0/dataset.npz
    jobid: 128
    reason: Missing output files: results/synth/regime=easy/d=10/num_cycles=5/density=0.8/samp_size=500/seed=0/dataset.npz
    wildcards: regime=easy, d=10, num_cycles=5, density=0.8, samp_size=500, seed=0
    resources: tmpdir=/tmp
Select jobs to execute...
[Tue Apr 28 12:27:07 2026]
Finished jobid: 126 (Rule: synth_fit)
94 of 1461 steps (6%) done
Execute 1 jobs...
[Tue Apr 28 12:27:07 2026]
localrule synth_fit:
    input: results/synth/regime=easy/d=10/num_cycles=4/density=0.3/samp_size=10000/seed=1/dataset.npz
    output: results/synth/regime=easy/d=10/num_cycles=4/density=0.3/samp_size=10000/seed=1/method=oica_scc_repare/model.pkl
    jobid: 1079
    reason: Missing output files: results/synth/regime=easy/d=10/num_cycles=4/density=0.3/samp_size=10000/seed=1/method=oica_scc_repare/model.pkl; Input files updated by another job: results/synth/regime=easy/d=10/num_cycles=4/density=0.3/samp_size=10000/seed=1/dataset.npz
    wildcards: regime=easy, d=10, num_cycles=4, density=0.3, samp_size=10000, seed=1, method=oica_scc_repare
    resources: tmpdir=/tmp
[Tue Apr 28 12:27:07 2026]
Finished jobid: 38 (Rule: synth_generate)
95 of 1461 steps (7%) done
Select jobs to execute...
Execute 1 jobs...
[Tue Apr 28 12:27:07 2026]
localrule synth_fit:
    input: results/synth/regime=easy/d=10/num_cycles=4/density=0.3/samp_size=500/seed=0/dataset.npz
    output: results/synth/regime=easy/d=10/num_cycles=4/density=0.3/samp_size=500/seed=0/method=lacerda_repare/model.pkl
    jobid: 1294
    reason: Missing output files: results/synth/regime=easy/d=10/num_cycles=4/density=0.3/samp_size=500/seed=0/method=lacerda_repare/model.pkl; Input files updated by another job: results/synth/regime=easy/d=10/num_cycles=4/density=0.3/samp_size=500/seed=0/dataset.npz
    wildcards: regime=easy, d=10, num_cycles=4, density=0.3, samp_size=500, seed=0, method=lacerda_repare
    resources: tmpdir=/tmp
Select jobs to execute...
[Tue Apr 28 12:27:07 2026]
Finished jobid: 128 (Rule: synth_generate)
96 of 1461 steps (7%) done
Execute 1 jobs...
[Tue Apr 28 12:27:07 2026]
localrule synth_fit:
    input: results/synth/regime=easy/d=10/num_cycles=4/density=0.3/samp_size=5000/seed=0/dataset.npz
    output: results/synth/regime=easy/d=10/num_cycles=4/density=0.3/samp_size=5000/seed=0/method=lacerda/model.pkl
    jobid: 1414
    reason: Missing output files: results/synth/regime=easy/d=10/num_cycles=4/density=0.3/samp_size=5000/seed=0/method=lacerda/model.pkl; Input files updated by another job: results/synth/regime=easy/d=10/num_cycles=4/density=0.3/samp_size=5000/seed=0/dataset.npz
    wildcards: regime=easy, d=10, num_cycles=4, density=0.3, samp_size=5000, seed=0, method=lacerda
    resources: tmpdir=/tmp
Select jobs to execute...
[Tue Apr 28 12:27:08 2026]
Finished jobid: 813 (Rule: synth_fit)
97 of 1461 steps (7%) done
Execute 1 jobs...
[Tue Apr 28 12:27:08 2026]
localrule synth_generate:
    output: results/synth/regime=easy/d=10/num_cycles=3/density=0.8/samp_size=1000/seed=1/dataset.npz
    jobid: 32
    reason: Missing output files: results/synth/regime=easy/d=10/num_cycles=3/density=0.8/samp_size=1000/seed=1/dataset.npz
    wildcards: regime=easy, d=10, num_cycles=3, density=0.8, samp_size=1000, seed=1
    resources: tmpdir=/tmp
Select jobs to execute...
[Tue Apr 28 12:27:08 2026]
Finished jobid: 1414 (Rule: synth_fit)
98 of 1461 steps (7%) done
Execute 1 jobs...
[Tue Apr 28 12:27:08 2026]
localrule synth_generate:
    output: results/synth/regime=easy/d=10/num_cycles=5/density=0.5/samp_size=50/seed=1/dataset.npz
    jobid: 600
    reason: Missing output files: results/synth/regime=easy/d=10/num_cycles=5/density=0.5/samp_size=50/seed=1/dataset.npz
    wildcards: regime=easy, d=10, num_cycles=5, density=0.5, samp_size=50, seed=1
    resources: tmpdir=/tmp
Select jobs to execute...
[Tue Apr 28 12:27:09 2026]
Finished jobid: 1296 (Rule: synth_fit)
99 of 1461 steps (7%) done
Execute 1 jobs...
[Tue Apr 28 12:27:09 2026]
localrule synth_fit:
    input: results/synth/regime=easy/d=10/num_cycles=5/density=0.5/samp_size=100/seed=2/dataset.npz
    output: results/synth/regime=easy/d=10/num_cycles=5/density=0.5/samp_size=100/seed=2/method=lacerda/model.pkl
    jobid: 949
    reason: Missing output files: results/synth/regime=easy/d=10/num_cycles=5/density=0.5/samp_size=100/seed=2/method=lacerda/model.pkl; Input files updated by another job: results/synth/regime=easy/d=10/num_cycles=5/density=0.5/samp_size=100/seed=2/dataset.npz
    wildcards: regime=easy, d=10, num_cycles=5, density=0.5, samp_size=100, seed=2, method=lacerda
    resources: tmpdir=/tmp
Select jobs to execute...
[Tue Apr 28 12:27:09 2026]
Finished jobid: 32 (Rule: synth_generate)
100 of 1461 steps (7%) done
Execute 1 jobs...
[Tue Apr 28 12:27:09 2026]
localrule synth_generate:
    output: results/synth/regime=easy/d=10/num_cycles=5/density=0.8/samp_size=100/seed=1/dataset.npz
    jobid: 122
    reason: Missing output files: results/synth/regime=easy/d=10/num_cycles=5/density=0.8/samp_size=100/seed=1/dataset.npz
    wildcards: regime=easy, d=10, num_cycles=5, density=0.8, samp_size=100, seed=1
    resources: tmpdir=/tmp
Select jobs to execute...
[Tue Apr 28 12:27:09 2026]
Finished jobid: 600 (Rule: synth_generate)
101 of 1461 steps (7%) done
Execute 1 jobs...
[Tue Apr 28 12:27:09 2026]
localrule synth_generate:
    output: results/synth/regime=easy/d=10/num_cycles=4/density=0.3/samp_size=10000/seed=0/dataset.npz
    jobid: 1075
    reason: Missing output files: results/synth/regime=easy/d=10/num_cycles=4/density=0.3/samp_size=10000/seed=0/dataset.npz
    wildcards: regime=easy, d=10, num_cycles=4, density=0.3, samp_size=10000, seed=0
    resources: tmpdir=/tmp
Select jobs to execute...
[Tue Apr 28 12:27:10 2026]
Finished jobid: 122 (Rule: synth_generate)
102 of 1461 steps (7%) done
Execute 1 jobs...
[Tue Apr 28 12:27:10 2026]
localrule synth_fit:
    input: results/synth/regime=easy/d=10/num_cycles=4/density=0.3/samp_size=1000/seed=1/dataset.npz
    output: results/synth/regime=easy/d=10/num_cycles=4/density=0.3/samp_size=1000/seed=1/method=lacerda/model.pkl
    jobid: 1410
    reason: Missing output files: results/synth/regime=easy/d=10/num_cycles=4/density=0.3/samp_size=1000/seed=1/method=lacerda/model.pkl; Input files updated by another job: results/synth/regime=easy/d=10/num_cycles=4/density=0.3/samp_size=1000/seed=1/dataset.npz
    wildcards: regime=easy, d=10, num_cycles=4, density=0.3, samp_size=1000, seed=1, method=lacerda
    resources: tmpdir=/tmp
Select jobs to execute...
[Tue Apr 28 12:27:10 2026]
Finished jobid: 1294 (Rule: synth_fit)
103 of 1461 steps (7%) done
Execute 1 jobs...
[Tue Apr 28 12:27:10 2026]
localrule synth_generate:
    output: results/synth/regime=easy/d=10/num_cycles=5/density=0.5/samp_size=50/seed=0/dataset.npz
    jobid: 597
    reason: Missing output files: results/synth/regime=easy/d=10/num_cycles=5/density=0.5/samp_size=50/seed=0/dataset.npz
    wildcards: regime=easy, d=10, num_cycles=5, density=0.5, samp_size=50, seed=0
    resources: tmpdir=/tmp
Select jobs to execute...
[Tue Apr 28 12:27:10 2026]
Finished jobid: 949 (Rule: synth_fit)
104 of 1461 steps (7%) done
Execute 1 jobs...
[Tue Apr 28 12:27:10 2026]
localrule synth_fit:
    input: results/synth/regime=easy/d=10/num_cycles=4/density=0.3/samp_size=100/seed=1/dataset.npz
    output: results/synth/regime=easy/d=10/num_cycles=4/density=0.3/samp_size=100/seed=1/method=lacerda_repare/model.pkl
    jobid: 1290
    reason: Missing output files: results/synth/regime=easy/d=10/num_cycles=4/density=0.3/samp_size=100/seed=1/method=lacerda_repare/model.pkl; Input files updated by another job: results/synth/regime=easy/d=10/num_cycles=4/density=0.3/samp_size=100/seed=1/dataset.npz
    wildcards: regime=easy, d=10, num_cycles=4, density=0.3, samp_size=100, seed=1, method=lacerda_repare
    resources: tmpdir=/tmp
Select jobs to execute...
[Tue Apr 28 12:27:11 2026]
Finished jobid: 1075 (Rule: synth_generate)
105 of 1461 steps (7%) done
Execute 1 jobs...
[Tue Apr 28 12:27:11 2026]
localrule synth_fit:
    input: results/synth/regime=easy/d=10/num_cycles=5/density=0.5/samp_size=50/seed=1/dataset.npz
    output: results/synth/regime=easy/d=10/num_cycles=5/density=0.5/samp_size=50/seed=1/method=lacerda/model.pkl
    jobid: 941
    reason: Missing output files: results/synth/regime=easy/d=10/num_cycles=5/density=0.5/samp_size=50/seed=1/method=lacerda/model.pkl; Input files updated by another job: results/synth/regime=easy/d=10/num_cycles=5/density=0.5/samp_size=50/seed=1/dataset.npz
    wildcards: regime=easy, d=10, num_cycles=5, density=0.5, samp_size=50, seed=1, method=lacerda
    resources: tmpdir=/tmp
Select jobs to execute...
[Tue Apr 28 12:27:11 2026]
Finished jobid: 1410 (Rule: synth_fit)
106 of 1461 steps (7%) done
Execute 1 jobs...
[Tue Apr 28 12:27:11 2026]
localrule synth_fit:
    input: results/synth/regime=easy/d=10/num_cycles=4/density=0.3/samp_size=10000/seed=0/dataset.npz
    output: results/synth/regime=easy/d=10/num_cycles=4/density=0.3/samp_size=10000/seed=0/method=oica_scc_repare/model.pkl
    jobid: 1076
    reason: Missing output files: results/synth/regime=easy/d=10/num_cycles=4/density=0.3/samp_size=10000/seed=0/method=oica_scc_repare/model.pkl; Input files updated by another job: results/synth/regime=easy/d=10/num_cycles=4/density=0.3/samp_size=10000/seed=0/dataset.npz
    wildcards: regime=easy, d=10, num_cycles=4, density=0.3, samp_size=10000, seed=0, method=oica_scc_repare
    resources: tmpdir=/tmp
Select jobs to execute...
[Tue Apr 28 12:27:12 2026]
Finished jobid: 597 (Rule: synth_generate)
107 of 1461 steps (7%) done
Execute 1 jobs...
[Tue Apr 28 12:27:12 2026]
localrule synth_fit:
    input: results/synth/regime=easy/d=10/num_cycles=5/density=0.5/samp_size=50/seed=0/dataset.npz
    output: results/synth/regime=easy/d=10/num_cycles=5/density=0.5/samp_size=50/seed=0/method=lacerda/model.pkl
    jobid: 939
    reason: Missing output files: results/synth/regime=easy/d=10/num_cycles=5/density=0.5/samp_size=50/seed=0/method=lacerda/model.pkl; Input files updated by another job: results/synth/regime=easy/d=10/num_cycles=5/density=0.5/samp_size=50/seed=0/dataset.npz
    wildcards: regime=easy, d=10, num_cycles=5, density=0.5, samp_size=50, seed=0, method=lacerda
    resources: tmpdir=/tmp
Select jobs to execute...
[Tue Apr 28 12:27:12 2026]
Finished jobid: 36 (Rule: synth_fit)
108 of 1461 steps (7%) done
Execute 1 jobs...
[Tue Apr 28 12:27:12 2026]
localrule synth_generate:
    output: results/synth/regime=easy/d=10/num_cycles=3/density=0.8/samp_size=1000/seed=0/dataset.npz
    jobid: 29
    reason: Missing output files: results/synth/regime=easy/d=10/num_cycles=3/density=0.8/samp_size=1000/seed=0/dataset.npz
    wildcards: regime=easy, d=10, num_cycles=3, density=0.8, samp_size=1000, seed=0
    resources: tmpdir=/tmp
Select jobs to execute...
[Tue Apr 28 12:27:12 2026]
Finished jobid: 941 (Rule: synth_fit)
109 of 1461 steps (7%) done
Execute 1 jobs...
[Tue Apr 28 12:27:12 2026]
localrule synth_generate:
    output: results/synth/regime=easy/d=10/num_cycles=5/density=0.8/samp_size=100/seed=0/dataset.npz
    jobid: 119
    reason: Missing output files: results/synth/regime=easy/d=10/num_cycles=5/density=0.8/samp_size=100/seed=0/dataset.npz
    wildcards: regime=easy, d=10, num_cycles=5, density=0.8, samp_size=100, seed=0
    resources: tmpdir=/tmp
Select jobs to execute...
[Tue Apr 28 12:27:12 2026]
Finished jobid: 1290 (Rule: synth_fit)
110 of 1461 steps (8%) done
Execute 1 jobs...
[Tue Apr 28 12:27:12 2026]
localrule synth_fit:
    input: results/synth/regime=easy/d=10/num_cycles=4/density=0.3/samp_size=100/seed=2/dataset.npz
    output: results/synth/regime=easy/d=10/num_cycles=4/density=0.3/samp_size=100/seed=2/method=lacerda_repare/model.pkl
    jobid: 1292
    reason: Missing output files: results/synth/regime=easy/d=10/num_cycles=4/density=0.3/samp_size=100/seed=2/method=lacerda_repare/model.pkl; Input files updated by another job: results/synth/regime=easy/d=10/num_cycles=4/density=0.3/samp_size=100/seed=2/dataset.npz
    wildcards: regime=easy, d=10, num_cycles=4, density=0.3, samp_size=100, seed=2, method=lacerda_repare
    resources: tmpdir=/tmp
Select jobs to execute...
[Tue Apr 28 12:27:13 2026]
Finished jobid: 29 (Rule: synth_generate)
111 of 1461 steps (8%) done
Execute 1 jobs...
[Tue Apr 28 12:27:13 2026]
localrule synth_fit:
    input: results/synth/regime=easy/d=10/num_cycles=3/density=0.8/samp_size=1000/seed=0/dataset.npz
    output: results/synth/regime=easy/d=10/num_cycles=3/density=0.8/samp_size=1000/seed=0/method=oica_scc_repare/model.pkl
    jobid: 30
    reason: Missing output files: results/synth/regime=easy/d=10/num_cycles=3/density=0.8/samp_size=1000/seed=0/method=oica_scc_repare/model.pkl; Input files updated by another job: results/synth/regime=easy/d=10/num_cycles=3/density=0.8/samp_size=1000/seed=0/dataset.npz
    wildcards: regime=easy, d=10, num_cycles=3, density=0.8, samp_size=1000, seed=0, method=oica_scc_repare
    resources: tmpdir=/tmp
Select jobs to execute...
[Tue Apr 28 12:27:13 2026]
Finished jobid: 119 (Rule: synth_generate)
112 of 1461 steps (8%) done
Execute 1 jobs...
[Tue Apr 28 12:27:13 2026]
localrule synth_fit:
    input: results/synth/regime=easy/d=10/num_cycles=4/density=0.3/samp_size=5000/seed=1/dataset.npz
    output: results/synth/regime=easy/d=10/num_cycles=4/density=0.3/samp_size=5000/seed=1/method=oica_scc_repare/model.pkl
    jobid: 1070
    reason: Missing output files: results/synth/regime=easy/d=10/num_cycles=4/density=0.3/samp_size=5000/seed=1/method=oica_scc_repare/model.pkl; Input files updated by another job: results/synth/regime=easy/d=10/num_cycles=4/density=0.3/samp_size=5000/seed=1/dataset.npz
    wildcards: regime=easy, d=10, num_cycles=4, density=0.3, samp_size=5000, seed=1, method=oica_scc_repare
    resources: tmpdir=/tmp
Select jobs to execute...
[Tue Apr 28 12:27:13 2026]
Finished jobid: 939 (Rule: synth_fit)
113 of 1461 steps (8%) done
Execute 1 jobs...
[Tue Apr 28 12:27:13 2026]
localrule synth_fit:
    input: results/synth/regime=easy/d=10/num_cycles=5/density=0.8/samp_size=50/seed=2/dataset.npz
    output: results/synth/regime=easy/d=10/num_cycles=5/density=0.8/samp_size=50/seed=2/method=oica_scc_repare/model.pkl
    jobid: 117
    reason: Missing output files: results/synth/regime=easy/d=10/num_cycles=5/density=0.8/samp_size=50/seed=2/method=oica_scc_repare/model.pkl; Input files updated by another job: results/synth/regime=easy/d=10/num_cycles=5/density=0.8/samp_size=50/seed=2/dataset.npz
    wildcards: regime=easy, d=10, num_cycles=5, density=0.8, samp_size=50, seed=2, method=oica_scc_repare
    resources: tmpdir=/tmp
Select jobs to execute...
[Tue Apr 28 12:27:14 2026]
Finished jobid: 1292 (Rule: synth_fit)
114 of 1461 steps (8%) done
Execute 1 jobs...
[Tue Apr 28 12:27:14 2026]
localrule synth_fit:
    input: results/synth/regime=easy/d=10/num_cycles=4/density=0.3/samp_size=100/seed=0/dataset.npz
    output: results/synth/regime=easy/d=10/num_cycles=4/density=0.3/samp_size=100/seed=0/method=lacerda_repare/model.pkl
    jobid: 1288
    reason: Missing output files: results/synth/regime=easy/d=10/num_cycles=4/density=0.3/samp_size=100/seed=0/method=lacerda_repare/model.pkl; Input files updated by another job: results/synth/regime=easy/d=10/num_cycles=4/density=0.3/samp_size=100/seed=0/dataset.npz
    wildcards: regime=easy, d=10, num_cycles=4, density=0.3, samp_size=100, seed=0, method=lacerda_repare
    resources: tmpdir=/tmp
Select jobs to execute...
[Tue Apr 28 12:27:15 2026]
Finished jobid: 117 (Rule: synth_fit)
115 of 1461 steps (8%) done
Execute 1 jobs...
[Tue Apr 28 12:27:15 2026]
localrule synth_fit:
    input: results/synth/regime=easy/d=10/num_cycles=3/density=0.8/samp_size=500/seed=2/dataset.npz
    output: results/synth/regime=easy/d=10/num_cycles=3/density=0.8/samp_size=500/seed=2/method=oica_scc_repare/model.pkl
    jobid: 27
    reason: Missing output files: results/synth/regime=easy/d=10/num_cycles=3/density=0.8/samp_size=500/seed=2/method=oica_scc_repare/model.pkl; Input files updated by another job: results/synth/regime=easy/d=10/num_cycles=3/density=0.8/samp_size=500/seed=2/dataset.npz
    wildcards: regime=easy, d=10, num_cycles=3, density=0.8, samp_size=500, seed=2, method=oica_scc_repare
    resources: tmpdir=/tmp
Select jobs to execute...
[Tue Apr 28 12:27:16 2026]
Finished jobid: 30 (Rule: synth_fit)
116 of 1461 steps (8%) done
Execute 1 jobs...
[Tue Apr 28 12:27:16 2026]
localrule synth_generate:
    output: results/synth/regime=easy/d=10/num_cycles=4/density=0.5/samp_size=10000/seed=2/dataset.npz
    jobid: 594
    reason: Missing output files: results/synth/regime=easy/d=10/num_cycles=4/density=0.5/samp_size=10000/seed=2/dataset.npz
    wildcards: regime=easy, d=10, num_cycles=4, density=0.5, samp_size=10000, seed=2
    resources: tmpdir=/tmp
Select jobs to execute...
[Tue Apr 28 12:27:16 2026]
Finished jobid: 27 (Rule: synth_fit)
117 of 1461 steps (8%) done
Execute 1 jobs...
[Tue Apr 28 12:27:16 2026]
localrule synth_fit:
    input: results/synth/regime=easy/d=10/num_cycles=4/density=0.5/samp_size=5000/seed=2/dataset.npz
    output: results/synth/regime=easy/d=10/num_cycles=4/density=0.5/samp_size=5000/seed=2/method=lacerda/model.pkl
    jobid: 931
    reason: Missing output files: results/synth/regime=easy/d=10/num_cycles=4/density=0.5/samp_size=5000/seed=2/method=lacerda/model.pkl; Input files updated by another job: results/synth/regime=easy/d=10/num_cycles=4/density=0.5/samp_size=5000/seed=2/dataset.npz
    wildcards: regime=easy, d=10, num_cycles=4, density=0.5, samp_size=5000, seed=2, method=lacerda
    resources: tmpdir=/tmp
Select jobs to execute...
[Tue Apr 28 12:27:17 2026]
Finished jobid: 1288 (Rule: synth_fit)
118 of 1461 steps (8%) done
Execute 1 jobs...
[Tue Apr 28 12:27:17 2026]
localrule synth_generate:
    output: results/synth/regime=easy/d=10/num_cycles=4/density=0.3/samp_size=5000/seed=2/dataset.npz
    jobid: 1072
    reason: Missing output files: results/synth/regime=easy/d=10/num_cycles=4/density=0.3/samp_size=5000/seed=2/dataset.npz
    wildcards: regime=easy, d=10, num_cycles=4, density=0.3, samp_size=5000, seed=2
    resources: tmpdir=/tmp
[Tue Apr 28 12:27:17 2026]
Finished jobid: 594 (Rule: synth_generate)
119 of 1461 steps (8%) done
Select jobs to execute...
Execute 1 jobs...
[Tue Apr 28 12:27:17 2026]
localrule synth_fit:
    input: results/synth/regime=easy/d=10/num_cycles=3/density=0.3/samp_size=5000/seed=1/dataset.npz
    output: results/synth/regime=easy/d=10/num_cycles=3/density=0.3/samp_size=5000/seed=1/method=oica_no_repare/model.pkl
    jobid: 1164
    reason: Missing output files: results/synth/regime=easy/d=10/num_cycles=3/density=0.3/samp_size=5000/seed=1/method=oica_no_repare/model.pkl; Input files updated by another job: results/synth/regime=easy/d=10/num_cycles=3/density=0.3/samp_size=5000/seed=1/dataset.npz
    wildcards: regime=easy, d=10, num_cycles=3, density=0.3, samp_size=5000, seed=1, method=oica_no_repare
    resources: tmpdir=/tmp
Select jobs to execute...
[Tue Apr 28 12:27:18 2026]
Finished jobid: 931 (Rule: synth_fit)
120 of 1461 steps (8%) done
Execute 1 jobs...
[Tue Apr 28 12:27:18 2026]
localrule synth_fit:
    input: results/synth/regime=easy/d=10/num_cycles=4/density=0.3/samp_size=5000/seed=0/dataset.npz
    output: results/synth/regime=easy/d=10/num_cycles=4/density=0.3/samp_size=5000/seed=0/method=oica_scc_repare/model.pkl
    jobid: 1067
    reason: Missing output files: results/synth/regime=easy/d=10/num_cycles=4/density=0.3/samp_size=5000/seed=0/method=oica_scc_repare/model.pkl; Input files updated by another job: results/synth/regime=easy/d=10/num_cycles=4/density=0.3/samp_size=5000/seed=0/dataset.npz
    wildcards: regime=easy, d=10, num_cycles=4, density=0.3, samp_size=5000, seed=0, method=oica_scc_repare
    resources: tmpdir=/tmp
Select jobs to execute...
[Tue Apr 28 12:27:18 2026]
Finished jobid: 1072 (Rule: synth_generate)
121 of 1461 steps (8%) done
Execute 1 jobs...
[Tue Apr 28 12:27:18 2026]
localrule synth_fit:
    input: results/synth/regime=easy/d=10/num_cycles=4/density=0.8/samp_size=100/seed=0/dataset.npz
    output: results/synth/regime=easy/d=10/num_cycles=4/density=0.8/samp_size=100/seed=0/method=oica_no_repare/model.pkl
    jobid: 206
    reason: Missing output files: results/synth/regime=easy/d=10/num_cycles=4/density=0.8/samp_size=100/seed=0/method=oica_no_repare/model.pkl; Input files updated by another job: results/synth/regime=easy/d=10/num_cycles=4/density=0.8/samp_size=100/seed=0/dataset.npz
    wildcards: regime=easy, d=10, num_cycles=4, density=0.8, samp_size=100, seed=0, method=oica_no_repare
    resources: tmpdir=/tmp
Select jobs to execute...
[Tue Apr 28 12:27:18 2026]
Finished jobid: 1164 (Rule: synth_fit)
122 of 1461 steps (8%) done
Execute 1 jobs...
[Tue Apr 28 12:27:18 2026]
localrule synth_fit:
    input: results/synth/regime=easy/d=10/num_cycles=4/density=0.8/samp_size=100/seed=1/dataset.npz
    output: results/synth/regime=easy/d=10/num_cycles=4/density=0.8/samp_size=100/seed=1/method=oica_no_repare/model.pkl
    jobid: 208
    reason: Missing output files: results/synth/regime=easy/d=10/num_cycles=4/density=0.8/samp_size=100/seed=1/method=oica_no_repare/model.pkl; Input files updated by another job: results/synth/regime=easy/d=10/num_cycles=4/density=0.8/samp_size=100/seed=1/dataset.npz
    wildcards: regime=easy, d=10, num_cycles=4, density=0.8, samp_size=100, seed=1, method=oica_no_repare
    resources: tmpdir=/tmp
Select jobs to execute...
[Tue Apr 28 12:27:19 2026]
Finished jobid: 206 (Rule: synth_fit)
123 of 1461 steps (8%) done
Execute 1 jobs...
[Tue Apr 28 12:27:20 2026]
localrule synth_fit:
    input: results/synth/regime=easy/d=10/num_cycles=4/density=0.8/samp_size=10000/seed=1/dataset.npz
    output: results/synth/regime=easy/d=10/num_cycles=4/density=0.8/samp_size=10000/seed=1/method=lacerda/model.pkl
    jobid: 448
    reason: Missing output files: results/synth/regime=easy/d=10/num_cycles=4/density=0.8/samp_size=10000/seed=1/method=lacerda/model.pkl; Input files updated by another job: results/synth/regime=easy/d=10/num_cycles=4/density=0.8/samp_size=10000/seed=1/dataset.npz
    wildcards: regime=easy, d=10, num_cycles=4, density=0.8, samp_size=10000, seed=1, method=lacerda
    resources: tmpdir=/tmp
Select jobs to execute...
[Tue Apr 28 12:27:20 2026]
Finished jobid: 208 (Rule: synth_fit)
124 of 1461 steps (8%) done
Execute 1 jobs...
[Tue Apr 28 12:27:20 2026]
localrule synth_fit:
    input: results/synth/regime=easy/d=10/num_cycles=4/density=0.8/samp_size=10000/seed=2/dataset.npz
    output: results/synth/regime=easy/d=10/num_cycles=4/density=0.8/samp_size=10000/seed=2/method=lacerda/model.pkl
    jobid: 450
    reason: Missing output files: results/synth/regime=easy/d=10/num_cycles=4/density=0.8/samp_size=10000/seed=2/method=lacerda/model.pkl; Input files updated by another job: results/synth/regime=easy/d=10/num_cycles=4/density=0.8/samp_size=10000/seed=2/dataset.npz
    wildcards: regime=easy, d=10, num_cycles=4, density=0.8, samp_size=10000, seed=2, method=lacerda
    resources: tmpdir=/tmp
Select jobs to execute...
[Tue Apr 28 12:27:21 2026]
Finished jobid: 448 (Rule: synth_fit)
125 of 1461 steps (9%) done
Execute 1 jobs...
[Tue Apr 28 12:27:21 2026]
localrule synth_fit:
    input: results/synth/regime=easy/d=10/num_cycles=4/density=0.8/samp_size=100/seed=2/dataset.npz
    output: results/synth/regime=easy/d=10/num_cycles=4/density=0.8/samp_size=100/seed=2/method=oica_no_repare/model.pkl
    jobid: 210
    reason: Missing output files: results/synth/regime=easy/d=10/num_cycles=4/density=0.8/samp_size=100/seed=2/method=oica_no_repare/model.pkl; Input files updated by another job: results/synth/regime=easy/d=10/num_cycles=4/density=0.8/samp_size=100/seed=2/dataset.npz
    wildcards: regime=easy, d=10, num_cycles=4, density=0.8, samp_size=100, seed=2, method=oica_no_repare
    resources: tmpdir=/tmp
Select jobs to execute...
[Tue Apr 28 12:27:22 2026]
Finished jobid: 450 (Rule: synth_fit)
126 of 1461 steps (9%) done
Execute 1 jobs...
[Tue Apr 28 12:27:22 2026]
localrule synth_fit:
    input: results/synth/regime=easy/d=10/num_cycles=4/density=0.8/samp_size=1000/seed=2/dataset.npz
    output: results/synth/regime=easy/d=10/num_cycles=4/density=0.8/samp_size=1000/seed=2/method=lacerda_repare/model.pkl
    jobid: 330
    reason: Missing output files: results/synth/regime=easy/d=10/num_cycles=4/density=0.8/samp_size=1000/seed=2/method=lacerda_repare/model.pkl; Input files updated by another job: results/synth/regime=easy/d=10/num_cycles=4/density=0.8/samp_size=1000/seed=2/dataset.npz
    wildcards: regime=easy, d=10, num_cycles=4, density=0.8, samp_size=1000, seed=2, method=lacerda_repare
    resources: tmpdir=/tmp
Select jobs to execute...
[Tue Apr 28 12:27:23 2026]
Finished jobid: 210 (Rule: synth_fit)
127 of 1461 steps (9%) done
Execute 1 jobs...
[Tue Apr 28 12:27:23 2026]
localrule synth_fit:
    input: results/synth/regime=easy/d=10/num_cycles=4/density=0.8/samp_size=5000/seed=0/dataset.npz
    output: results/synth/regime=easy/d=10/num_cycles=4/density=0.8/samp_size=5000/seed=0/method=lacerda_repare/model.pkl
    jobid: 332
    reason: Missing output files: results/synth/regime=easy/d=10/num_cycles=4/density=0.8/samp_size=5000/seed=0/method=lacerda_repare/model.pkl; Input files updated by another job: results/synth/regime=easy/d=10/num_cycles=4/density=0.8/samp_size=5000/seed=0/dataset.npz
    wildcards: regime=easy, d=10, num_cycles=4, density=0.8, samp_size=5000, seed=0, method=lacerda_repare
    resources: tmpdir=/tmp
Select jobs to execute...
[Tue Apr 28 12:27:23 2026]
Finished jobid: 330 (Rule: synth_fit)
128 of 1461 steps (9%) done
Execute 1 jobs...
[Tue Apr 28 12:27:23 2026]
localrule synth_fit:
    input: results/synth/regime=easy/d=10/num_cycles=3/density=0.5/samp_size=50/seed=2/dataset.npz
    output: results/synth/regime=easy/d=10/num_cycles=3/density=0.5/samp_size=50/seed=2/method=oica_scc_repare/model.pkl
    jobid: 496
    reason: Missing output files: results/synth/regime=easy/d=10/num_cycles=3/density=0.5/samp_size=50/seed=2/method=oica_scc_repare/model.pkl; Input files updated by another job: results/synth/regime=easy/d=10/num_cycles=3/density=0.5/samp_size=50/seed=2/dataset.npz; Params have changed since last execution: Union of exclusive params before and now across all output: before: <nothing exclusive> now: [0.01, 0.05, 0.1],[0.05, 0.1, 0.15, 0.2] 
    wildcards: regime=easy, d=10, num_cycles=3, density=0.5, samp_size=50, seed=2, method=oica_scc_repare
    resources: tmpdir=/tmp
Select jobs to execute...
[Tue Apr 28 12:27:24 2026]
Finished jobid: 332 (Rule: synth_fit)
129 of 1461 steps (9%) done
Execute 1 jobs...
[Tue Apr 28 12:27:24 2026]
localrule synth_fit:
    input: results/synth/regime=easy/d=10/num_cycles=5/density=0.8/samp_size=50/seed=1/dataset.npz
    output: results/synth/regime=easy/d=10/num_cycles=5/density=0.8/samp_size=50/seed=1/method=lacerda/model.pkl
    jobid: 454
    reason: Missing output files: results/synth/regime=easy/d=10/num_cycles=5/density=0.8/samp_size=50/seed=1/method=lacerda/model.pkl; Input files updated by another job: results/synth/regime=easy/d=10/num_cycles=5/density=0.8/samp_size=50/seed=1/dataset.npz
    wildcards: regime=easy, d=10, num_cycles=5, density=0.8, samp_size=50, seed=1, method=lacerda
    resources: tmpdir=/tmp
Select jobs to execute...
[Tue Apr 28 12:27:25 2026]
Finished jobid: 496 (Rule: synth_fit)
130 of 1461 steps (9%) done
Execute 1 jobs...
[Tue Apr 28 12:27:25 2026]
localrule synth_generate:
    output: results/synth/regime=easy/d=10/num_cycles=3/density=0.5/samp_size=100/seed=0/dataset.npz
    jobid: 498
    reason: Missing output files: results/synth/regime=easy/d=10/num_cycles=3/density=0.5/samp_size=100/seed=0/dataset.npz
    wildcards: regime=easy, d=10, num_cycles=3, density=0.5, samp_size=100, seed=0
    resources: tmpdir=/tmp
Select jobs to execute...
[Tue Apr 28 12:27:26 2026]
Finished jobid: 454 (Rule: synth_fit)
131 of 1461 steps (9%) done
Execute 1 jobs...
[Tue Apr 28 12:27:26 2026]
localrule synth_fit:
    input: results/synth/regime=easy/d=10/num_cycles=4/density=0.8/samp_size=5000/seed=1/dataset.npz
    output: results/synth/regime=easy/d=10/num_cycles=4/density=0.8/samp_size=5000/seed=1/method=lacerda_repare/model.pkl
    jobid: 334
    reason: Missing output files: results/synth/regime=easy/d=10/num_cycles=4/density=0.8/samp_size=5000/seed=1/method=lacerda_repare/model.pkl; Input files updated by another job: results/synth/regime=easy/d=10/num_cycles=4/density=0.8/samp_size=5000/seed=1/dataset.npz
    wildcards: regime=easy, d=10, num_cycles=4, density=0.8, samp_size=5000, seed=1, method=lacerda_repare
    resources: tmpdir=/tmp
[Tue Apr 28 12:27:26 2026]
Finished jobid: 498 (Rule: synth_generate)
132 of 1461 steps (9%) done
Select jobs to execute...
Execute 1 jobs...
[Tue Apr 28 12:27:26 2026]
localrule synth_generate:
    output: results/synth/regime=easy/d=10/num_cycles=3/density=0.5/samp_size=500/seed=0/dataset.npz
    jobid: 507
    reason: Missing output files: results/synth/regime=easy/d=10/num_cycles=3/density=0.5/samp_size=500/seed=0/dataset.npz
    wildcards: regime=easy, d=10, num_cycles=3, density=0.5, samp_size=500, seed=0
    resources: tmpdir=/tmp
Select jobs to execute...
[Tue Apr 28 12:27:27 2026]
Finished jobid: 507 (Rule: synth_generate)
133 of 1461 steps (9%) done
Execute 1 jobs...
[Tue Apr 28 12:27:27 2026]
localrule synth_fit:
    input: results/synth/regime=easy/d=10/num_cycles=5/density=0.8/samp_size=100/seed=1/dataset.npz
    output: results/synth/regime=easy/d=10/num_cycles=5/density=0.8/samp_size=100/seed=1/method=oica_scc_repare/model.pkl
    jobid: 123
    reason: Missing output files: results/synth/regime=easy/d=10/num_cycles=5/density=0.8/samp_size=100/seed=1/method=oica_scc_repare/model.pkl; Input files updated by another job: results/synth/regime=easy/d=10/num_cycles=5/density=0.8/samp_size=100/seed=1/dataset.npz
    wildcards: regime=easy, d=10, num_cycles=5, density=0.8, samp_size=100, seed=1, method=oica_scc_repare
    resources: tmpdir=/tmp
Select jobs to execute...
[Tue Apr 28 12:27:29 2026]
Finished jobid: 123 (Rule: synth_fit)
134 of 1461 steps (9%) done
Execute 1 jobs...
[Tue Apr 28 12:27:29 2026]
localrule synth_fit:
    input: results/synth/regime=easy/d=10/num_cycles=5/density=0.5/samp_size=50/seed=0/dataset.npz
    output: results/synth/regime=easy/d=10/num_cycles=5/density=0.5/samp_size=50/seed=0/method=oica_scc_repare/model.pkl
    jobid: 598
    reason: Missing output files: results/synth/regime=easy/d=10/num_cycles=5/density=0.5/samp_size=50/seed=0/method=oica_scc_repare/model.pkl; Input files updated by another job: results/synth/regime=easy/d=10/num_cycles=5/density=0.5/samp_size=50/seed=0/dataset.npz
    wildcards: regime=easy, d=10, num_cycles=5, density=0.5, samp_size=50, seed=0, method=oica_scc_repare
    resources: tmpdir=/tmp
Select jobs to execute...
[Tue Apr 28 12:27:31 2026]
Finished jobid: 598 (Rule: synth_fit)
135 of 1461 steps (9%) done
Execute 1 jobs...
[Tue Apr 28 12:27:31 2026]
localrule synth_fit:
    input: results/synth/regime=easy/d=10/num_cycles=5/density=0.8/samp_size=100/seed=0/dataset.npz
    output: results/synth/regime=easy/d=10/num_cycles=5/density=0.8/samp_size=100/seed=0/method=oica_scc_repare/model.pkl
    jobid: 120
    reason: Missing output files: results/synth/regime=easy/d=10/num_cycles=5/density=0.8/samp_size=100/seed=0/method=oica_scc_repare/model.pkl; Input files updated by another job: results/synth/regime=easy/d=10/num_cycles=5/density=0.8/samp_size=100/seed=0/dataset.npz
    wildcards: regime=easy, d=10, num_cycles=5, density=0.8, samp_size=100, seed=0, method=oica_scc_repare
    resources: tmpdir=/tmp
Select jobs to execute...
[Tue Apr 28 12:27:32 2026]
Finished jobid: 120 (Rule: synth_fit)
136 of 1461 steps (9%) done
Execute 1 jobs...
[Tue Apr 28 12:27:32 2026]
localrule synth_fit:
    input: results/synth/regime=easy/d=10/num_cycles=4/density=0.3/samp_size=5000/seed=2/dataset.npz
    output: results/synth/regime=easy/d=10/num_cycles=4/density=0.3/samp_size=5000/seed=2/method=oica_scc_repare/model.pkl
    jobid: 1073
    reason: Missing output files: results/synth/regime=easy/d=10/num_cycles=4/density=0.3/samp_size=5000/seed=2/method=oica_scc_repare/model.pkl; Input files updated by another job: results/synth/regime=easy/d=10/num_cycles=4/density=0.3/samp_size=5000/seed=2/dataset.npz
    wildcards: regime=easy, d=10, num_cycles=4, density=0.3, samp_size=5000, seed=2, method=oica_scc_repare
    resources: tmpdir=/tmp
Select jobs to execute...
[Tue Apr 28 12:28:06 2026]
Finished jobid: 334 (Rule: synth_fit)
137 of 1461 steps (9%) done
Execute 1 jobs...
[Tue Apr 28 12:28:06 2026]
localrule synth_fit:
    input: results/synth/regime=easy/d=10/num_cycles=3/density=0.8/samp_size=1000/seed=1/dataset.npz
    output: results/synth/regime=easy/d=10/num_cycles=3/density=0.8/samp_size=1000/seed=1/method=oica_scc_repare/model.pkl
    jobid: 33
    reason: Missing output files: results/synth/regime=easy/d=10/num_cycles=3/density=0.8/samp_size=1000/seed=1/method=oica_scc_repare/model.pkl; Input files updated by another job: results/synth/regime=easy/d=10/num_cycles=3/density=0.8/samp_size=1000/seed=1/dataset.npz
    wildcards: regime=easy, d=10, num_cycles=3, density=0.8, samp_size=1000, seed=1, method=oica_scc_repare
    resources: tmpdir=/tmp
Select jobs to execute...
[Tue Apr 28 12:28:23 2026]
Finished jobid: 33 (Rule: synth_fit)
138 of 1461 steps (9%) done
Execute 1 jobs...
[Tue Apr 28 12:28:23 2026]
localrule synth_fit:
    input: results/synth/regime=easy/d=10/num_cycles=4/density=0.5/samp_size=10000/seed=2/dataset.npz
    output: results/synth/regime=easy/d=10/num_cycles=4/density=0.5/samp_size=10000/seed=2/method=oica_scc_repare/model.pkl
    jobid: 595
    reason: Missing output files: results/synth/regime=easy/d=10/num_cycles=4/density=0.5/samp_size=10000/seed=2/method=oica_scc_repare/model.pkl; Input files updated by another job: results/synth/regime=easy/d=10/num_cycles=4/density=0.5/samp_size=10000/seed=2/dataset.npz
    wildcards: regime=easy, d=10, num_cycles=4, density=0.5, samp_size=10000, seed=2, method=oica_scc_repare
    resources: tmpdir=/tmp
Select jobs to execute...
[Tue Apr 28 12:35:55 2026]
Finished jobid: 1073 (Rule: synth_fit)
139 of 1461 steps (10%) done
Execute 1 jobs...
[Tue Apr 28 12:35:55 2026]
localrule synth_fit:
    input: results/synth/regime=easy/d=10/num_cycles=4/density=0.5/samp_size=10000/seed=2/dataset.npz
    output: results/synth/regime=easy/d=10/num_cycles=4/density=0.5/samp_size=10000/seed=2/method=lacerda/model.pkl
    jobid: 937
    reason: Missing output files: results/synth/regime=easy/d=10/num_cycles=4/density=0.5/samp_size=10000/seed=2/method=lacerda/model.pkl; Input files updated by another job: results/synth/regime=easy/d=10/num_cycles=4/density=0.5/samp_size=10000/seed=2/dataset.npz
    wildcards: regime=easy, d=10, num_cycles=4, density=0.5, samp_size=10000, seed=2, method=lacerda
    resources: tmpdir=/tmp
Select jobs to execute...
[Tue Apr 28 12:35:57 2026]
Finished jobid: 937 (Rule: synth_fit)
140 of 1461 steps (10%) done
Execute 1 jobs...
[Tue Apr 28 12:35:57 2026]
localrule synth_fit:
    input: results/synth/regime=easy/d=10/num_cycles=3/density=0.8/samp_size=500/seed=1/dataset.npz
    output: results/synth/regime=easy/d=10/num_cycles=3/density=0.8/samp_size=500/seed=1/method=oica_scc_repare/model.pkl
    jobid: 24
    reason: Missing output files: results/synth/regime=easy/d=10/num_cycles=3/density=0.8/samp_size=500/seed=1/method=oica_scc_repare/model.pkl; Input files updated by another job: results/synth/regime=easy/d=10/num_cycles=3/density=0.8/samp_size=500/seed=1/dataset.npz
    wildcards: regime=easy, d=10, num_cycles=3, density=0.8, samp_size=500, seed=1, method=oica_scc_repare
    resources: tmpdir=/tmp
Select jobs to execute...
[Tue Apr 28 12:36:01 2026]
Finished jobid: 24 (Rule: synth_fit)
141 of 1461 steps (10%) done
Execute 1 jobs...
[Tue Apr 28 12:36:01 2026]
localrule synth_fit:
    input: results/synth/regime=easy/d=10/num_cycles=4/density=0.3/samp_size=500/seed=1/dataset.npz
    output: results/synth/regime=easy/d=10/num_cycles=4/density=0.3/samp_size=500/seed=1/method=lacerda/model.pkl
    jobid: 1404
    reason: Missing output files: results/synth/regime=easy/d=10/num_cycles=4/density=0.3/samp_size=500/seed=1/method=lacerda/model.pkl; Input files updated by another job: results/synth/regime=easy/d=10/num_cycles=4/density=0.3/samp_size=500/seed=1/dataset.npz
    wildcards: regime=easy, d=10, num_cycles=4, density=0.3, samp_size=500, seed=1, method=lacerda
    resources: tmpdir=/tmp
Select jobs to execute...
[Tue Apr 28 12:36:02 2026]
Finished jobid: 1404 (Rule: synth_fit)
142 of 1461 steps (10%) done
Execute 1 jobs...
[Tue Apr 28 12:36:02 2026]
localrule synth_fit:
    input: results/synth/regime=easy/d=10/num_cycles=4/density=0.3/samp_size=5000/seed=2/dataset.npz
    output: results/synth/regime=easy/d=10/num_cycles=4/density=0.3/samp_size=5000/seed=2/method=lacerda/model.pkl
    jobid: 1418
    reason: Missing output files: results/synth/regime=easy/d=10/num_cycles=4/density=0.3/samp_size=5000/seed=2/method=lacerda/model.pkl; Input files updated by another job: results/synth/regime=easy/d=10/num_cycles=4/density=0.3/samp_size=5000/seed=2/dataset.npz
    wildcards: regime=easy, d=10, num_cycles=4, density=0.3, samp_size=5000, seed=2, method=lacerda
    resources: tmpdir=/tmp
Select jobs to execute...
[Tue Apr 28 12:36:03 2026]
Finished jobid: 1418 (Rule: synth_fit)
143 of 1461 steps (10%) done
Execute 1 jobs...
[Tue Apr 28 12:36:04 2026]
localrule synth_fit:
    input: results/synth/regime=easy/d=10/num_cycles=5/density=0.5/samp_size=50/seed=1/dataset.npz
    output: results/synth/regime=easy/d=10/num_cycles=5/density=0.5/samp_size=50/seed=1/method=oica_scc_repare/model.pkl
    jobid: 601
    reason: Missing output files: results/synth/regime=easy/d=10/num_cycles=5/density=0.5/samp_size=50/seed=1/method=oica_scc_repare/model.pkl; Input files updated by another job: results/synth/regime=easy/d=10/num_cycles=5/density=0.5/samp_size=50/seed=1/dataset.npz
    wildcards: regime=easy, d=10, num_cycles=5, density=0.5, samp_size=50, seed=1, method=oica_scc_repare
    resources: tmpdir=/tmp
Select jobs to execute...
[Tue Apr 28 12:36:05 2026]
Finished jobid: 601 (Rule: synth_fit)
144 of 1461 steps (10%) done
Execute 1 jobs...
[Tue Apr 28 12:36:05 2026]
localrule synth_fit:
    input: results/synth/regime=easy/d=10/num_cycles=5/density=0.8/samp_size=50/seed=1/dataset.npz
    output: results/synth/regime=easy/d=10/num_cycles=5/density=0.8/samp_size=50/seed=1/method=oica_scc_repare/model.pkl
    jobid: 114
    reason: Missing output files: results/synth/regime=easy/d=10/num_cycles=5/density=0.8/samp_size=50/seed=1/method=oica_scc_repare/model.pkl; Input files updated by another job: results/synth/regime=easy/d=10/num_cycles=5/density=0.8/samp_size=50/seed=1/dataset.npz
    wildcards: regime=easy, d=10, num_cycles=5, density=0.8, samp_size=50, seed=1, method=oica_scc_repare
    resources: tmpdir=/tmp
Select jobs to execute...
[Tue Apr 28 12:36:07 2026]
Finished jobid: 114 (Rule: synth_fit)
145 of 1461 steps (10%) done
Execute 1 jobs...
[Tue Apr 28 12:36:07 2026]
localrule synth_generate:
    output: results/synth/regime=easy/d=10/num_cycles=4/density=0.5/samp_size=10000/seed=1/dataset.npz
    jobid: 591
    reason: Missing output files: results/synth/regime=easy/d=10/num_cycles=4/density=0.5/samp_size=10000/seed=1/dataset.npz
    wildcards: regime=easy, d=10, num_cycles=4, density=0.5, samp_size=10000, seed=1
    resources: tmpdir=/tmp
Select jobs to execute...
[Tue Apr 28 12:36:08 2026]
Finished jobid: 591 (Rule: synth_generate)
146 of 1461 steps (10%) done
Execute 1 jobs...
[Tue Apr 28 12:36:08 2026]
localrule synth_fit:
    input: results/synth/regime=easy/d=10/num_cycles=4/density=0.3/samp_size=500/seed=0/dataset.npz
    output: results/synth/regime=easy/d=10/num_cycles=4/density=0.3/samp_size=500/seed=0/method=lacerda/model.pkl
    jobid: 1402
    reason: Missing output files: results/synth/regime=easy/d=10/num_cycles=4/density=0.3/samp_size=500/seed=0/method=lacerda/model.pkl; Input files updated by another job: results/synth/regime=easy/d=10/num_cycles=4/density=0.3/samp_size=500/seed=0/dataset.npz
    wildcards: regime=easy, d=10, num_cycles=4, density=0.3, samp_size=500, seed=0, method=lacerda
    resources: tmpdir=/tmp
Select jobs to execute...
[Tue Apr 28 12:36:09 2026]
Finished jobid: 1402 (Rule: synth_fit)
147 of 1461 steps (10%) done
Execute 1 jobs...
[Tue Apr 28 12:36:09 2026]
localrule synth_fit:
    input: results/synth/regime=easy/d=10/num_cycles=4/density=0.5/samp_size=10000/seed=1/dataset.npz
    output: results/synth/regime=easy/d=10/num_cycles=4/density=0.5/samp_size=10000/seed=1/method=oica_scc_repare/model.pkl
    jobid: 592
    reason: Missing output files: results/synth/regime=easy/d=10/num_cycles=4/density=0.5/samp_size=10000/seed=1/method=oica_scc_repare/model.pkl; Input files updated by another job: results/synth/regime=easy/d=10/num_cycles=4/density=0.5/samp_size=10000/seed=1/dataset.npz
    wildcards: regime=easy, d=10, num_cycles=4, density=0.5, samp_size=10000, seed=1, method=oica_scc_repare
    resources: tmpdir=/tmp
Select jobs to execute...
[Tue Apr 28 12:36:39 2026]
Finished jobid: 1306 (Rule: synth_fit)
148 of 1461 steps (10%) done
Execute 1 jobs...
[Tue Apr 28 12:36:39 2026]
localrule synth_fit:
    input: results/synth/regime=easy/d=10/num_cycles=4/density=0.5/samp_size=10000/seed=1/dataset.npz
    output: results/synth/regime=easy/d=10/num_cycles=4/density=0.5/samp_size=10000/seed=1/method=lacerda/model.pkl
    jobid: 935
    reason: Missing output files: results/synth/regime=easy/d=10/num_cycles=4/density=0.5/samp_size=10000/seed=1/method=lacerda/model.pkl; Input files updated by another job: results/synth/regime=easy/d=10/num_cycles=4/density=0.5/samp_size=10000/seed=1/dataset.npz
    wildcards: regime=easy, d=10, num_cycles=4, density=0.5, samp_size=10000, seed=1, method=lacerda
    resources: tmpdir=/tmp
Select jobs to execute...
[Tue Apr 28 12:36:40 2026]
Finished jobid: 935 (Rule: synth_fit)
149 of 1461 steps (10%) done
Execute 1 jobs...
[Tue Apr 28 12:36:40 2026]
localrule synth_fit:
    input: results/synth/regime=easy/d=10/num_cycles=4/density=0.3/samp_size=100/seed=2/dataset.npz
    output: results/synth/regime=easy/d=10/num_cycles=4/density=0.3/samp_size=100/seed=2/method=lacerda/model.pkl
    jobid: 1400
    reason: Missing output files: results/synth/regime=easy/d=10/num_cycles=4/density=0.3/samp_size=100/seed=2/method=lacerda/model.pkl; Input files updated by another job: results/synth/regime=easy/d=10/num_cycles=4/density=0.3/samp_size=100/seed=2/dataset.npz
    wildcards: regime=easy, d=10, num_cycles=4, density=0.3, samp_size=100, seed=2, method=lacerda
    resources: tmpdir=/tmp
Select jobs to execute...
[Tue Apr 28 12:36:42 2026]
Finished jobid: 1400 (Rule: synth_fit)
150 of 1461 steps (10%) done
Execute 1 jobs...
[Tue Apr 28 12:36:42 2026]
localrule synth_fit:
    input: results/synth/regime=easy/d=10/num_cycles=4/density=0.3/samp_size=10000/seed=0/dataset.npz
    output: results/synth/regime=easy/d=10/num_cycles=4/density=0.3/samp_size=10000/seed=0/method=lacerda/model.pkl
    jobid: 1420
    reason: Missing output files: results/synth/regime=easy/d=10/num_cycles=4/density=0.3/samp_size=10000/seed=0/method=lacerda/model.pkl; Input files updated by another job: results/synth/regime=easy/d=10/num_cycles=4/density=0.3/samp_size=10000/seed=0/dataset.npz
    wildcards: regime=easy, d=10, num_cycles=4, density=0.3, samp_size=10000, seed=0, method=lacerda
    resources: tmpdir=/tmp
Select jobs to execute...
[Tue Apr 28 12:36:44 2026]
Finished jobid: 1420 (Rule: synth_fit)
151 of 1461 steps (10%) done
Execute 1 jobs...
[Tue Apr 28 12:36:44 2026]
localrule synth_fit:
    input: results/synth/regime=easy/d=10/num_cycles=4/density=0.3/samp_size=100/seed=1/dataset.npz
    output: results/synth/regime=easy/d=10/num_cycles=4/density=0.3/samp_size=100/seed=1/method=oica_no_repare/model.pkl
    jobid: 1182
    reason: Missing output files: results/synth/regime=easy/d=10/num_cycles=4/density=0.3/samp_size=100/seed=1/method=oica_no_repare/model.pkl; Input files updated by another job: results/synth/regime=easy/d=10/num_cycles=4/density=0.3/samp_size=100/seed=1/dataset.npz
    wildcards: regime=easy, d=10, num_cycles=4, density=0.3, samp_size=100, seed=1, method=oica_no_repare
    resources: tmpdir=/tmp
Select jobs to execute...
[Tue Apr 28 12:36:46 2026]
Finished jobid: 1182 (Rule: synth_fit)
152 of 1461 steps (10%) done
Execute 1 jobs...
[Tue Apr 28 12:36:46 2026]
localrule synth_evaluate:
    input: results/synth/regime=easy/d=10/num_cycles=3/density=0.8/samp_size=500/seed=1/dataset.npz, results/synth/regime=easy/d=10/num_cycles=3/density=0.8/samp_size=500/seed=1/method=lacerda/model.pkl
    output: results/synth/regime=easy/d=10/num_cycles=3/density=0.8/samp_size=500/seed=1/method=lacerda/metrics.csv
    jobid: 393
    reason: Missing output files: results/synth/regime=easy/d=10/num_cycles=3/density=0.8/samp_size=500/seed=1/method=lacerda/metrics.csv; Input files updated by another job: results/synth/regime=easy/d=10/num_cycles=3/density=0.8/samp_size=500/seed=1/dataset.npz, results/synth/regime=easy/d=10/num_cycles=3/density=0.8/samp_size=500/seed=1/method=lacerda/model.pkl
    wildcards: regime=easy, d=10, num_cycles=3, density=0.8, samp_size=500, seed=1, method=lacerda
    resources: tmpdir=/tmp
Select jobs to execute...
[Tue Apr 28 12:36:47 2026]
Finished jobid: 393 (Rule: synth_evaluate)
153 of 1461 steps (10%) done
Execute 1 jobs...
[Tue Apr 28 12:36:47 2026]
localrule synth_fit:
    input: results/synth/regime=easy/d=10/num_cycles=4/density=0.3/samp_size=1000/seed=1/dataset.npz
    output: results/synth/regime=easy/d=10/num_cycles=4/density=0.3/samp_size=1000/seed=1/method=lacerda_repare/model.pkl
    jobid: 1302
    reason: Missing output files: results/synth/regime=easy/d=10/num_cycles=4/density=0.3/samp_size=1000/seed=1/method=lacerda_repare/model.pkl; Input files updated by another job: results/synth/regime=easy/d=10/num_cycles=4/density=0.3/samp_size=1000/seed=1/dataset.npz
    wildcards: regime=easy, d=10, num_cycles=4, density=0.3, samp_size=1000, seed=1, method=lacerda_repare
    resources: tmpdir=/tmp
Select jobs to execute...
[Tue Apr 28 12:36:49 2026]
Finished jobid: 300 (Rule: synth_fit)
154 of 1461 steps (11%) done
Execute 1 jobs...
[Tue Apr 28 12:36:49 2026]
localrule synth_fit:
    input: results/synth/regime=easy/d=10/num_cycles=5/density=0.5/samp_size=50/seed=2/dataset.npz
    output: results/synth/regime=easy/d=10/num_cycles=5/density=0.5/samp_size=50/seed=2/method=oica_scc_repare/model.pkl
    jobid: 604
    reason: Missing output files: results/synth/regime=easy/d=10/num_cycles=5/density=0.5/samp_size=50/seed=2/method=oica_scc_repare/model.pkl; Input files updated by another job: results/synth/regime=easy/d=10/num_cycles=5/density=0.5/samp_size=50/seed=2/dataset.npz
    wildcards: regime=easy, d=10, num_cycles=5, density=0.5, samp_size=50, seed=2, method=oica_scc_repare
    resources: tmpdir=/tmp
Select jobs to execute...
[Tue Apr 28 12:36:50 2026]
Finished jobid: 604 (Rule: synth_fit)
155 of 1461 steps (11%) done
Execute 1 jobs...
[Tue Apr 28 12:36:50 2026]
localrule synth_fit:
    input: results/synth/regime=easy/d=10/num_cycles=3/density=0.8/samp_size=500/seed=0/dataset.npz
    output: results/synth/regime=easy/d=10/num_cycles=3/density=0.8/samp_size=500/seed=0/method=oica_scc_repare/model.pkl
    jobid: 21
    reason: Missing output files: results/synth/regime=easy/d=10/num_cycles=3/density=0.8/samp_size=500/seed=0/method=oica_scc_repare/model.pkl; Input files updated by another job: results/synth/regime=easy/d=10/num_cycles=3/density=0.8/samp_size=500/seed=0/dataset.npz
    wildcards: regime=easy, d=10, num_cycles=3, density=0.8, samp_size=500, seed=0, method=oica_scc_repare
    resources: tmpdir=/tmp
Select jobs to execute...
[Tue Apr 28 12:36:52 2026]
Finished jobid: 21 (Rule: synth_fit)
156 of 1461 steps (11%) done
Execute 1 jobs...
[Tue Apr 28 12:36:52 2026]
localrule synth_generate:
    output: results/synth/regime=easy/d=10/num_cycles=4/density=0.5/samp_size=10000/seed=0/dataset.npz
    jobid: 588
    reason: Missing output files: results/synth/regime=easy/d=10/num_cycles=4/density=0.5/samp_size=10000/seed=0/dataset.npz
    wildcards: regime=easy, d=10, num_cycles=4, density=0.5, samp_size=10000, seed=0
    resources: tmpdir=/tmp
Select jobs to execute...
[Tue Apr 28 12:36:53 2026]
Finished jobid: 588 (Rule: synth_generate)
157 of 1461 steps (11%) done
Execute 1 jobs...
[Tue Apr 28 12:36:53 2026]
localrule synth_fit:
    input: results/synth/regime=easy/d=10/num_cycles=4/density=0.3/samp_size=100/seed=1/dataset.npz
    output: results/synth/regime=easy/d=10/num_cycles=4/density=0.3/samp_size=100/seed=1/method=lacerda/model.pkl
    jobid: 1398
    reason: Missing output files: results/synth/regime=easy/d=10/num_cycles=4/density=0.3/samp_size=100/seed=1/method=lacerda/model.pkl; Input files updated by another job: results/synth/regime=easy/d=10/num_cycles=4/density=0.3/samp_size=100/seed=1/dataset.npz
    wildcards: regime=easy, d=10, num_cycles=4, density=0.3, samp_size=100, seed=1, method=lacerda
    resources: tmpdir=/tmp
Select jobs to execute...
[Tue Apr 28 12:36:55 2026]
Finished jobid: 1398 (Rule: synth_fit)
158 of 1461 steps (11%) done
Execute 1 jobs...
[Tue Apr 28 12:36:55 2026]
localrule synth_fit:
    input: results/synth/regime=easy/d=10/num_cycles=4/density=0.5/samp_size=10000/seed=0/dataset.npz
    output: results/synth/regime=easy/d=10/num_cycles=4/density=0.5/samp_size=10000/seed=0/method=oica_scc_repare/model.pkl
    jobid: 589
    reason: Missing output files: results/synth/regime=easy/d=10/num_cycles=4/density=0.5/samp_size=10000/seed=0/method=oica_scc_repare/model.pkl; Input files updated by another job: results/synth/regime=easy/d=10/num_cycles=4/density=0.5/samp_size=10000/seed=0/dataset.npz
    wildcards: regime=easy, d=10, num_cycles=4, density=0.5, samp_size=10000, seed=0, method=oica_scc_repare
    resources: tmpdir=/tmp
Select jobs to execute...
[Tue Apr 28 12:37:09 2026]
Finished jobid: 1302 (Rule: synth_fit)
159 of 1461 steps (11%) done
Execute 1 jobs...
[Tue Apr 28 12:37:09 2026]
localrule synth_fit:
    input: results/synth/regime=easy/d=10/num_cycles=4/density=0.5/samp_size=10000/seed=0/dataset.npz
    output: results/synth/regime=easy/d=10/num_cycles=4/density=0.5/samp_size=10000/seed=0/method=lacerda/model.pkl
    jobid: 933
    reason: Missing output files: results/synth/regime=easy/d=10/num_cycles=4/density=0.5/samp_size=10000/seed=0/method=lacerda/model.pkl; Input files updated by another job: results/synth/regime=easy/d=10/num_cycles=4/density=0.5/samp_size=10000/seed=0/dataset.npz
    wildcards: regime=easy, d=10, num_cycles=4, density=0.5, samp_size=10000, seed=0, method=lacerda
    resources: tmpdir=/tmp
Select jobs to execute...
[Tue Apr 28 12:37:11 2026]
Finished jobid: 933 (Rule: synth_fit)
160 of 1461 steps (11%) done
Execute 1 jobs...
[Tue Apr 28 12:37:11 2026]
localrule synth_fit:
    input: results/synth/regime=easy/d=10/num_cycles=4/density=0.5/samp_size=5000/seed=2/dataset.npz
    output: results/synth/regime=easy/d=10/num_cycles=4/density=0.5/samp_size=5000/seed=2/method=oica_scc_repare/model.pkl
    jobid: 586
    reason: Missing output files: results/synth/regime=easy/d=10/num_cycles=4/density=0.5/samp_size=5000/seed=2/method=oica_scc_repare/model.pkl; Input files updated by another job: results/synth/regime=easy/d=10/num_cycles=4/density=0.5/samp_size=5000/seed=2/dataset.npz
    wildcards: regime=easy, d=10, num_cycles=4, density=0.5, samp_size=5000, seed=2, method=oica_scc_repare
    resources: tmpdir=/tmp
Select jobs to execute...
[Tue Apr 28 12:37:29 2026]
Finished jobid: 1067 (Rule: synth_fit)
161 of 1461 steps (11%) done
Execute 1 jobs...
[Tue Apr 28 12:37:29 2026]
localrule synth_generate:
    output: results/synth/regime=easy/d=10/num_cycles=5/density=0.8/samp_size=50/seed=0/dataset.npz
    jobid: 110
    reason: Missing output files: results/synth/regime=easy/d=10/num_cycles=5/density=0.8/samp_size=50/seed=0/dataset.npz
    wildcards: regime=easy, d=10, num_cycles=5, density=0.8, samp_size=50, seed=0
    resources: tmpdir=/tmp
Select jobs to execute...
[Tue Apr 28 12:37:30 2026]
Finished jobid: 110 (Rule: synth_generate)
162 of 1461 steps (11%) done
Execute 1 jobs...
[Tue Apr 28 12:37:30 2026]
localrule synth_fit:
    input: results/synth/regime=easy/d=10/num_cycles=4/density=0.8/samp_size=10000/seed=2/dataset.npz
    output: results/synth/regime=easy/d=10/num_cycles=4/density=0.8/samp_size=10000/seed=2/method=oica_scc_repare/model.pkl
    jobid: 108
    reason: Missing output files: results/synth/regime=easy/d=10/num_cycles=4/density=0.8/samp_size=10000/seed=2/method=oica_scc_repare/model.pkl; Input files updated by another job: results/synth/regime=easy/d=10/num_cycles=4/density=0.8/samp_size=10000/seed=2/dataset.npz
    wildcards: regime=easy, d=10, num_cycles=4, density=0.8, samp_size=10000, seed=2, method=oica_scc_repare
    resources: tmpdir=/tmp
Select jobs to execute...
[Tue Apr 28 12:37:31 2026]
Finished jobid: 108 (Rule: synth_fit)
163 of 1461 steps (11%) done
Execute 1 jobs...
[Tue Apr 28 12:37:31 2026]
localrule synth_fit:
    input: results/synth/regime=easy/d=10/num_cycles=4/density=0.3/samp_size=1000/seed=1/dataset.npz
    output: results/synth/regime=easy/d=10/num_cycles=4/density=0.3/samp_size=1000/seed=1/method=oica_scc_repare/model.pkl
    jobid: 1061
    reason: Missing output files: results/synth/regime=easy/d=10/num_cycles=4/density=0.3/samp_size=1000/seed=1/method=oica_scc_repare/model.pkl; Input files updated by another job: results/synth/regime=easy/d=10/num_cycles=4/density=0.3/samp_size=1000/seed=1/dataset.npz
    wildcards: regime=easy, d=10, num_cycles=4, density=0.3, samp_size=1000, seed=1, method=oica_scc_repare
    resources: tmpdir=/tmp
Select jobs to execute...
[Tue Apr 28 12:38:01 2026]
Finished jobid: 1061 (Rule: synth_fit)
164 of 1461 steps (11%) done
Execute 1 jobs...
[Tue Apr 28 12:38:01 2026]
localrule synth_fit:
    input: results/synth/regime=easy/d=10/num_cycles=4/density=0.3/samp_size=100/seed=0/dataset.npz
    output: results/synth/regime=easy/d=10/num_cycles=4/density=0.3/samp_size=100/seed=0/method=lacerda/model.pkl
    jobid: 1396
    reason: Missing output files: results/synth/regime=easy/d=10/num_cycles=4/density=0.3/samp_size=100/seed=0/method=lacerda/model.pkl; Input files updated by another job: results/synth/regime=easy/d=10/num_cycles=4/density=0.3/samp_size=100/seed=0/dataset.npz
    wildcards: regime=easy, d=10, num_cycles=4, density=0.3, samp_size=100, seed=0, method=lacerda
    resources: tmpdir=/tmp
Select jobs to execute...
[Tue Apr 28 12:38:03 2026]
Finished jobid: 1396 (Rule: synth_fit)
165 of 1461 steps (11%) done
Execute 1 jobs...
[Tue Apr 28 12:38:03 2026]
localrule synth_generate:
    output: results/synth/regime=easy/d=10/num_cycles=4/density=0.3/samp_size=1000/seed=2/dataset.npz
    jobid: 1063
    reason: Missing output files: results/synth/regime=easy/d=10/num_cycles=4/density=0.3/samp_size=1000/seed=2/dataset.npz
    wildcards: regime=easy, d=10, num_cycles=4, density=0.3, samp_size=1000, seed=2
    resources: tmpdir=/tmp
Select jobs to execute...
[Tue Apr 28 12:38:04 2026]
Finished jobid: 1063 (Rule: synth_generate)
166 of 1461 steps (11%) done
Execute 1 jobs...
[Tue Apr 28 12:38:04 2026]
localrule synth_fit:
    input: results/synth/regime=easy/d=10/num_cycles=5/density=0.8/samp_size=50/seed=0/dataset.npz
    output: results/synth/regime=easy/d=10/num_cycles=5/density=0.8/samp_size=50/seed=0/method=oica_scc_repare/model.pkl
    jobid: 111
    reason: Missing output files: results/synth/regime=easy/d=10/num_cycles=5/density=0.8/samp_size=50/seed=0/method=oica_scc_repare/model.pkl; Input files updated by another job: results/synth/regime=easy/d=10/num_cycles=5/density=0.8/samp_size=50/seed=0/dataset.npz
    wildcards: regime=easy, d=10, num_cycles=5, density=0.8, samp_size=50, seed=0, method=oica_scc_repare
    resources: tmpdir=/tmp
Select jobs to execute...
[Tue Apr 28 12:38:06 2026]
Finished jobid: 111 (Rule: synth_fit)
167 of 1461 steps (11%) done
Execute 1 jobs...
[Tue Apr 28 12:38:06 2026]
localrule synth_fit:
    input: results/synth/regime=easy/d=10/num_cycles=4/density=0.3/samp_size=1000/seed=2/dataset.npz
    output: results/synth/regime=easy/d=10/num_cycles=4/density=0.3/samp_size=1000/seed=2/method=oica_scc_repare/model.pkl
    jobid: 1064
    reason: Missing output files: results/synth/regime=easy/d=10/num_cycles=4/density=0.3/samp_size=1000/seed=2/method=oica_scc_repare/model.pkl; Input files updated by another job: results/synth/regime=easy/d=10/num_cycles=4/density=0.3/samp_size=1000/seed=2/dataset.npz
    wildcards: regime=easy, d=10, num_cycles=4, density=0.3, samp_size=1000, seed=2, method=oica_scc_repare
    resources: tmpdir=/tmp
Select jobs to execute...
[Tue Apr 28 12:38:18 2026]
Finished jobid: 1064 (Rule: synth_fit)
168 of 1461 steps (11%) done
Execute 1 jobs...
[Tue Apr 28 12:38:18 2026]
localrule synth_fit:
    input: results/synth/regime=easy/d=10/num_cycles=4/density=0.3/samp_size=1000/seed=2/dataset.npz
    output: results/synth/regime=easy/d=10/num_cycles=4/density=0.3/samp_size=1000/seed=2/method=lacerda/model.pkl
    jobid: 1412
    reason: Missing output files: results/synth/regime=easy/d=10/num_cycles=4/density=0.3/samp_size=1000/seed=2/method=lacerda/model.pkl; Input files updated by another job: results/synth/regime=easy/d=10/num_cycles=4/density=0.3/samp_size=1000/seed=2/dataset.npz
    wildcards: regime=easy, d=10, num_cycles=4, density=0.3, samp_size=1000, seed=2, method=lacerda
    resources: tmpdir=/tmp
Select jobs to execute...
[Tue Apr 28 12:38:19 2026]
Finished jobid: 1412 (Rule: synth_fit)
169 of 1461 steps (12%) done
Execute 1 jobs...
[Tue Apr 28 12:38:19 2026]
localrule synth_fit:
    input: results/synth/regime=easy/d=10/num_cycles=4/density=0.3/samp_size=1000/seed=2/dataset.npz
    output: results/synth/regime=easy/d=10/num_cycles=4/density=0.3/samp_size=1000/seed=2/method=lacerda_repare/model.pkl
    jobid: 1304
    reason: Missing output files: results/synth/regime=easy/d=10/num_cycles=4/density=0.3/samp_size=1000/seed=2/method=lacerda_repare/model.pkl; Input files updated by another job: results/synth/regime=easy/d=10/num_cycles=4/density=0.3/samp_size=1000/seed=2/dataset.npz
    wildcards: regime=easy, d=10, num_cycles=4, density=0.3, samp_size=1000, seed=2, method=lacerda_repare
    resources: tmpdir=/tmp
Select jobs to execute...
[Tue Apr 28 12:38:33 2026]
Finished jobid: 1304 (Rule: synth_fit)
170 of 1461 steps (12%) done
Execute 1 jobs...
[Tue Apr 28 12:38:33 2026]
localrule synth_generate:
    output: results/synth/regime=easy/d=10/num_cycles=5/density=0.5/samp_size=100/seed=0/dataset.npz
    jobid: 606
    reason: Missing output files: results/synth/regime=easy/d=10/num_cycles=5/density=0.5/samp_size=100/seed=0/dataset.npz
    wildcards: regime=easy, d=10, num_cycles=5, density=0.5, samp_size=100, seed=0
    resources: tmpdir=/tmp
Select jobs to execute...
[Tue Apr 28 12:38:34 2026]
Finished jobid: 606 (Rule: synth_generate)
171 of 1461 steps (12%) done
Execute 1 jobs...
[Tue Apr 28 12:38:34 2026]
localrule synth_evaluate:
    input: results/synth/regime=easy/d=10/num_cycles=5/density=0.8/samp_size=10000/seed=1/dataset.npz, results/synth/regime=easy/d=10/num_cycles=5/density=0.8/samp_size=10000/seed=1/method=oica_no_repare/model.pkl
    output: results/synth/regime=easy/d=10/num_cycles=5/density=0.8/samp_size=10000/seed=1/method=oica_no_repare/metrics.csv
    jobid: 267
    reason: Missing output files: results/synth/regime=easy/d=10/num_cycles=5/density=0.8/samp_size=10000/seed=1/method=oica_no_repare/metrics.csv; Input files updated by another job: results/synth/regime=easy/d=10/num_cycles=5/density=0.8/samp_size=10000/seed=1/method=oica_no_repare/model.pkl, results/synth/regime=easy/d=10/num_cycles=5/density=0.8/samp_size=10000/seed=1/dataset.npz
    wildcards: regime=easy, d=10, num_cycles=5, density=0.8, samp_size=10000, seed=1, method=oica_no_repare
    resources: tmpdir=/tmp
Select jobs to execute...
[Tue Apr 28 12:38:36 2026]
Finished jobid: 267 (Rule: synth_evaluate)
172 of 1461 steps (12%) done
Execute 1 jobs...
[Tue Apr 28 12:38:36 2026]
localrule synth_fit:
    input: results/synth/regime=easy/d=10/num_cycles=5/density=0.5/samp_size=100/seed=0/dataset.npz
    output: results/synth/regime=easy/d=10/num_cycles=5/density=0.5/samp_size=100/seed=0/method=lacerda/model.pkl
    jobid: 945
    reason: Missing output files: results/synth/regime=easy/d=10/num_cycles=5/density=0.5/samp_size=100/seed=0/method=lacerda/model.pkl; Input files updated by another job: results/synth/regime=easy/d=10/num_cycles=5/density=0.5/samp_size=100/seed=0/dataset.npz
    wildcards: regime=easy, d=10, num_cycles=5, density=0.5, samp_size=100, seed=0, method=lacerda
    resources: tmpdir=/tmp
Select jobs to execute...
[Tue Apr 28 12:38:37 2026]
Finished jobid: 945 (Rule: synth_fit)
173 of 1461 steps (12%) done
Execute 1 jobs...
[Tue Apr 28 12:38:37 2026]
localrule synth_fit:
    input: results/synth/regime=easy/d=10/num_cycles=4/density=0.5/samp_size=1000/seed=0/dataset.npz
    output: results/synth/regime=easy/d=10/num_cycles=4/density=0.5/samp_size=1000/seed=0/method=lacerda/model.pkl
    jobid: 921
    reason: Missing output files: results/synth/regime=easy/d=10/num_cycles=4/density=0.5/samp_size=1000/seed=0/method=lacerda/model.pkl; Input files updated by another job: results/synth/regime=easy/d=10/num_cycles=4/density=0.5/samp_size=1000/seed=0/dataset.npz
    wildcards: regime=easy, d=10, num_cycles=4, density=0.5, samp_size=1000, seed=0, method=lacerda
    resources: tmpdir=/tmp
Select jobs to execute...
[Tue Apr 28 12:38:39 2026]
Finished jobid: 921 (Rule: synth_fit)
174 of 1461 steps (12%) done
Execute 1 jobs...
[Tue Apr 28 12:38:39 2026]
localrule synth_generate:
    output: results/synth/regime=easy/d=10/num_cycles=3/density=0.8/samp_size=100/seed=2/dataset.npz
    jobid: 17
    reason: Missing output files: results/synth/regime=easy/d=10/num_cycles=3/density=0.8/samp_size=100/seed=2/dataset.npz
    wildcards: regime=easy, d=10, num_cycles=3, density=0.8, samp_size=100, seed=2
    resources: tmpdir=/tmp
Select jobs to execute...
[Tue Apr 28 12:38:40 2026]
Finished jobid: 17 (Rule: synth_generate)
175 of 1461 steps (12%) done
Execute 1 jobs...
[Tue Apr 28 12:38:40 2026]
localrule synth_evaluate:
    input: results/synth/regime=easy/d=10/num_cycles=5/density=0.5/samp_size=50/seed=2/dataset.npz, results/synth/regime=easy/d=10/num_cycles=5/density=0.5/samp_size=50/seed=2/method=oica_scc_repare/model.pkl
    output: results/synth/regime=easy/d=10/num_cycles=5/density=0.5/samp_size=50/seed=2/method=oica_scc_repare/metrics.csv
    jobid: 602
    reason: Missing output files: results/synth/regime=easy/d=10/num_cycles=5/density=0.5/samp_size=50/seed=2/method=oica_scc_repare/metrics.csv; Input files updated by another job: results/synth/regime=easy/d=10/num_cycles=5/density=0.5/samp_size=50/seed=2/dataset.npz, results/synth/regime=easy/d=10/num_cycles=5/density=0.5/samp_size=50/seed=2/method=oica_scc_repare/model.pkl
    wildcards: regime=easy, d=10, num_cycles=5, density=0.5, samp_size=50, seed=2, method=oica_scc_repare
    resources: tmpdir=/tmp
Select jobs to execute...
[Tue Apr 28 12:38:41 2026]
Finished jobid: 602 (Rule: synth_evaluate)
176 of 1461 steps (12%) done
Execute 1 jobs...
[Tue Apr 28 12:38:41 2026]
localrule synth_fit:
    input: results/synth/regime=easy/d=10/num_cycles=3/density=0.8/samp_size=100/seed=2/dataset.npz
    output: results/synth/regime=easy/d=10/num_cycles=3/density=0.8/samp_size=100/seed=2/method=oica_scc_repare/model.pkl
    jobid: 18
    reason: Missing output files: results/synth/regime=easy/d=10/num_cycles=3/density=0.8/samp_size=100/seed=2/method=oica_scc_repare/model.pkl; Input files updated by another job: results/synth/regime=easy/d=10/num_cycles=3/density=0.8/samp_size=100/seed=2/dataset.npz
    wildcards: regime=easy, d=10, num_cycles=3, density=0.8, samp_size=100, seed=2, method=oica_scc_repare
    resources: tmpdir=/tmp
Select jobs to execute...
[Tue Apr 28 12:38:43 2026]
Finished jobid: 18 (Rule: synth_fit)
177 of 1461 steps (12%) done
Execute 1 jobs...
[Tue Apr 28 12:38:43 2026]
localrule synth_fit:
    input: results/synth/regime=easy/d=10/num_cycles=3/density=0.3/samp_size=5000/seed=1/dataset.npz
    output: results/synth/regime=easy/d=10/num_cycles=3/density=0.3/samp_size=5000/seed=1/method=lacerda_repare/model.pkl
    jobid: 1272
    reason: Missing output files: results/synth/regime=easy/d=10/num_cycles=3/density=0.3/samp_size=5000/seed=1/method=lacerda_repare/model.pkl; Input files updated by another job: results/synth/regime=easy/d=10/num_cycles=3/density=0.3/samp_size=5000/seed=1/dataset.npz
    wildcards: regime=easy, d=10, num_cycles=3, density=0.3, samp_size=5000, seed=1, method=lacerda_repare
    resources: tmpdir=/tmp
Select jobs to execute...
[Tue Apr 28 12:41:34 2026]
Finished jobid: 1070 (Rule: synth_fit)
178 of 1461 steps (12%) done
Execute 1 jobs...
[Tue Apr 28 12:41:34 2026]
localrule synth_fit:
    input: results/synth/regime=easy/d=10/num_cycles=4/density=0.5/samp_size=500/seed=2/dataset.npz
    output: results/synth/regime=easy/d=10/num_cycles=4/density=0.5/samp_size=500/seed=2/method=lacerda/model.pkl
    jobid: 919
    reason: Missing output files: results/synth/regime=easy/d=10/num_cycles=4/density=0.5/samp_size=500/seed=2/method=lacerda/model.pkl; Input files updated by another job: results/synth/regime=easy/d=10/num_cycles=4/density=0.5/samp_size=500/seed=2/dataset.npz
    wildcards: regime=easy, d=10, num_cycles=4, density=0.5, samp_size=500, seed=2, method=lacerda
    resources: tmpdir=/tmp
Select jobs to execute...
[Tue Apr 28 12:41:35 2026]
Finished jobid: 919 (Rule: synth_fit)
179 of 1461 steps (12%) done
Execute 1 jobs...
[Tue Apr 28 12:41:35 2026]
localrule synth_fit:
    input: results/synth/regime=easy/d=10/num_cycles=3/density=0.3/samp_size=500/seed=1/dataset.npz
    output: results/synth/regime=easy/d=10/num_cycles=3/density=0.3/samp_size=500/seed=1/method=oica_no_repare/model.pkl
    jobid: 1152
    reason: Missing output files: results/synth/regime=easy/d=10/num_cycles=3/density=0.3/samp_size=500/seed=1/method=oica_no_repare/model.pkl; Input files updated by another job: results/synth/regime=easy/d=10/num_cycles=3/density=0.3/samp_size=500/seed=1/dataset.npz
    wildcards: regime=easy, d=10, num_cycles=3, density=0.3, samp_size=500, seed=1, method=oica_no_repare
    resources: tmpdir=/tmp
Select jobs to execute...
[Tue Apr 28 12:41:37 2026]
Finished jobid: 1152 (Rule: synth_fit)
180 of 1461 steps (12%) done
Execute 1 jobs...
[Tue Apr 28 12:41:37 2026]
localrule synth_fit:
    input: results/synth/regime=easy/d=10/num_cycles=4/density=0.8/samp_size=10000/seed=1/dataset.npz
    output: results/synth/regime=easy/d=10/num_cycles=4/density=0.8/samp_size=10000/seed=1/method=oica_scc_repare/model.pkl
    jobid: 105
    reason: Missing output files: results/synth/regime=easy/d=10/num_cycles=4/density=0.8/samp_size=10000/seed=1/method=oica_scc_repare/model.pkl; Input files updated by another job: results/synth/regime=easy/d=10/num_cycles=4/density=0.8/samp_size=10000/seed=1/dataset.npz
    wildcards: regime=easy, d=10, num_cycles=4, density=0.8, samp_size=10000, seed=1, method=oica_scc_repare
    resources: tmpdir=/tmp
Select jobs to execute...
[Tue Apr 28 12:45:29 2026]
Finished jobid: 586 (Rule: synth_fit)
181 of 1461 steps (12%) done
Execute 1 jobs...
[Tue Apr 28 12:45:29 2026]
localrule synth_generate:
    output: results/synth/regime=easy/d=10/num_cycles=4/density=0.5/samp_size=5000/seed=1/dataset.npz
    jobid: 582
    reason: Missing output files: results/synth/regime=easy/d=10/num_cycles=4/density=0.5/samp_size=5000/seed=1/dataset.npz
    wildcards: regime=easy, d=10, num_cycles=4, density=0.5, samp_size=5000, seed=1
    resources: tmpdir=/tmp
Select jobs to execute...
[Tue Apr 28 12:45:30 2026]
Finished jobid: 582 (Rule: synth_generate)
182 of 1461 steps (12%) done
Execute 1 jobs...
[Tue Apr 28 12:45:30 2026]
localrule synth_evaluate:
    input: results/synth/regime=easy/d=10/num_cycles=5/density=0.5/samp_size=50/seed=1/dataset.npz, results/synth/regime=easy/d=10/num_cycles=5/density=0.5/samp_size=50/seed=1/method=oica_scc_repare/model.pkl
    output: results/synth/regime=easy/d=10/num_cycles=5/density=0.5/samp_size=50/seed=1/method=oica_scc_repare/metrics.csv
    jobid: 599
    reason: Missing output files: results/synth/regime=easy/d=10/num_cycles=5/density=0.5/samp_size=50/seed=1/method=oica_scc_repare/metrics.csv; Input files updated by another job: results/synth/regime=easy/d=10/num_cycles=5/density=0.5/samp_size=50/seed=1/dataset.npz, results/synth/regime=easy/d=10/num_cycles=5/density=0.5/samp_size=50/seed=1/method=oica_scc_repare/model.pkl
    wildcards: regime=easy, d=10, num_cycles=5, density=0.5, samp_size=50, seed=1, method=oica_scc_repare
    resources: tmpdir=/tmp
Select jobs to execute...
[Tue Apr 28 12:45:32 2026]
Finished jobid: 599 (Rule: synth_evaluate)
183 of 1461 steps (13%) done
Execute 1 jobs...
[Tue Apr 28 12:45:32 2026]
localrule synth_fit:
    input: results/synth/regime=easy/d=10/num_cycles=4/density=0.5/samp_size=5000/seed=1/dataset.npz
    output: results/synth/regime=easy/d=10/num_cycles=4/density=0.5/samp_size=5000/seed=1/method=oica_scc_repare/model.pkl
    jobid: 583
    reason: Missing output files: results/synth/regime=easy/d=10/num_cycles=4/density=0.5/samp_size=5000/seed=1/method=oica_scc_repare/model.pkl; Input files updated by another job: results/synth/regime=easy/d=10/num_cycles=4/density=0.5/samp_size=5000/seed=1/dataset.npz
    wildcards: regime=easy, d=10, num_cycles=4, density=0.5, samp_size=5000, seed=1, method=oica_scc_repare
    resources: tmpdir=/tmp
Select jobs to execute...
[Tue Apr 28 12:47:03 2026]
Finished jobid: 1272 (Rule: synth_fit)
184 of 1461 steps (13%) done
Execute 1 jobs...
[Tue Apr 28 12:47:03 2026]
localrule synth_fit:
    input: results/synth/regime=easy/d=10/num_cycles=4/density=0.5/samp_size=5000/seed=1/dataset.npz
    output: results/synth/regime=easy/d=10/num_cycles=4/density=0.5/samp_size=5000/seed=1/method=lacerda/model.pkl
    jobid: 929
    reason: Missing output files: results/synth/regime=easy/d=10/num_cycles=4/density=0.5/samp_size=5000/seed=1/method=lacerda/model.pkl; Input files updated by another job: results/synth/regime=easy/d=10/num_cycles=4/density=0.5/samp_size=5000/seed=1/dataset.npz
    wildcards: regime=easy, d=10, num_cycles=4, density=0.5, samp_size=5000, seed=1, method=lacerda
    resources: tmpdir=/tmp
Select jobs to execute...
[Tue Apr 28 12:47:05 2026]
Finished jobid: 929 (Rule: synth_fit)
185 of 1461 steps (13%) done
Execute 1 jobs...
[Tue Apr 28 12:47:05 2026]
localrule synth_fit:
    input: results/synth/regime=easy/d=10/num_cycles=3/density=0.3/samp_size=500/seed=0/dataset.npz
    output: results/synth/regime=easy/d=10/num_cycles=3/density=0.3/samp_size=500/seed=0/method=oica_no_repare/model.pkl
    jobid: 1150
    reason: Missing output files: results/synth/regime=easy/d=10/num_cycles=3/density=0.3/samp_size=500/seed=0/method=oica_no_repare/model.pkl; Input files updated by another job: results/synth/regime=easy/d=10/num_cycles=3/density=0.3/samp_size=500/seed=0/dataset.npz
    wildcards: regime=easy, d=10, num_cycles=3, density=0.3, samp_size=500, seed=0, method=oica_no_repare
    resources: tmpdir=/tmp
Select jobs to execute...
[Tue Apr 28 12:47:06 2026]
Finished jobid: 1150 (Rule: synth_fit)
186 of 1461 steps (13%) done
Execute 1 jobs...
[Tue Apr 28 12:47:06 2026]
localrule synth_fit:
    input: results/synth/regime=easy/d=10/num_cycles=4/density=0.5/samp_size=500/seed=1/dataset.npz
    output: results/synth/regime=easy/d=10/num_cycles=4/density=0.5/samp_size=500/seed=1/method=lacerda/model.pkl
    jobid: 917
    reason: Missing output files: results/synth/regime=easy/d=10/num_cycles=4/density=0.5/samp_size=500/seed=1/method=lacerda/model.pkl; Input files updated by another job: results/synth/regime=easy/d=10/num_cycles=4/density=0.5/samp_size=500/seed=1/dataset.npz
    wildcards: regime=easy, d=10, num_cycles=4, density=0.5, samp_size=500, seed=1, method=lacerda
    resources: tmpdir=/tmp
Select jobs to execute...
[Tue Apr 28 12:47:08 2026]
Finished jobid: 917 (Rule: synth_fit)
187 of 1461 steps (13%) done
Execute 1 jobs...
[Tue Apr 28 12:47:08 2026]
localrule synth_generate:
    output: results/synth/regime=easy/d=10/num_cycles=3/density=0.8/samp_size=100/seed=1/dataset.npz
    jobid: 14
    reason: Missing output files: results/synth/regime=easy/d=10/num_cycles=3/density=0.8/samp_size=100/seed=1/dataset.npz
    wildcards: regime=easy, d=10, num_cycles=3, density=0.8, samp_size=100, seed=1
    resources: tmpdir=/tmp
Select jobs to execute...
[Tue Apr 28 12:47:09 2026]
Finished jobid: 14 (Rule: synth_generate)
188 of 1461 steps (13%) done
Execute 1 jobs...
[Tue Apr 28 12:47:09 2026]
localrule synth_evaluate:
    input: results/synth/regime=easy/d=10/num_cycles=5/density=0.5/samp_size=50/seed=0/dataset.npz, results/synth/regime=easy/d=10/num_cycles=5/density=0.5/samp_size=50/seed=0/method=oica_scc_repare/model.pkl
    output: results/synth/regime=easy/d=10/num_cycles=5/density=0.5/samp_size=50/seed=0/method=oica_scc_repare/metrics.csv
    jobid: 596
    reason: Missing output files: results/synth/regime=easy/d=10/num_cycles=5/density=0.5/samp_size=50/seed=0/method=oica_scc_repare/metrics.csv; Input files updated by another job: results/synth/regime=easy/d=10/num_cycles=5/density=0.5/samp_size=50/seed=0/dataset.npz, results/synth/regime=easy/d=10/num_cycles=5/density=0.5/samp_size=50/seed=0/method=oica_scc_repare/model.pkl
    wildcards: regime=easy, d=10, num_cycles=5, density=0.5, samp_size=50, seed=0, method=oica_scc_repare
    resources: tmpdir=/tmp
Select jobs to execute...
[Tue Apr 28 12:47:10 2026]
Finished jobid: 596 (Rule: synth_evaluate)
189 of 1461 steps (13%) done
Execute 1 jobs...
[Tue Apr 28 12:47:10 2026]
localrule synth_generate:
    output: results/synth/regime=easy/d=10/num_cycles=4/density=0.3/samp_size=1000/seed=0/dataset.npz
    jobid: 1057
    reason: Missing output files: results/synth/regime=easy/d=10/num_cycles=4/density=0.3/samp_size=1000/seed=0/dataset.npz
    wildcards: regime=easy, d=10, num_cycles=4, density=0.3, samp_size=1000, seed=0
    resources: tmpdir=/tmp
Select jobs to execute...
[Tue Apr 28 12:47:12 2026]
Finished jobid: 1057 (Rule: synth_generate)
190 of 1461 steps (13%) done
Execute 1 jobs...
[Tue Apr 28 12:47:12 2026]
localrule synth_fit:
    input: results/synth/regime=easy/d=10/num_cycles=3/density=0.8/samp_size=100/seed=1/dataset.npz
    output: results/synth/regime=easy/d=10/num_cycles=3/density=0.8/samp_size=100/seed=1/method=oica_scc_repare/model.pkl
    jobid: 15
    reason: Missing output files: results/synth/regime=easy/d=10/num_cycles=3/density=0.8/samp_size=100/seed=1/method=oica_scc_repare/model.pkl; Input files updated by another job: results/synth/regime=easy/d=10/num_cycles=3/density=0.8/samp_size=100/seed=1/dataset.npz
    wildcards: regime=easy, d=10, num_cycles=3, density=0.8, samp_size=100, seed=1, method=oica_scc_repare
    resources: tmpdir=/tmp
Select jobs to execute...
[Tue Apr 28 12:47:14 2026]
Finished jobid: 15 (Rule: synth_fit)
191 of 1461 steps (13%) done
Execute 1 jobs...
[Tue Apr 28 12:47:14 2026]
localrule synth_fit:
    input: results/synth/regime=easy/d=10/num_cycles=4/density=0.3/samp_size=1000/seed=0/dataset.npz
    output: results/synth/regime=easy/d=10/num_cycles=4/density=0.3/samp_size=1000/seed=0/method=oica_scc_repare/model.pkl
    jobid: 1058
    reason: Missing output files: results/synth/regime=easy/d=10/num_cycles=4/density=0.3/samp_size=1000/seed=0/method=oica_scc_repare/model.pkl; Input files updated by another job: results/synth/regime=easy/d=10/num_cycles=4/density=0.3/samp_size=1000/seed=0/dataset.npz
    wildcards: regime=easy, d=10, num_cycles=4, density=0.3, samp_size=1000, seed=0, method=oica_scc_repare
    resources: tmpdir=/tmp
Select jobs to execute...
[Tue Apr 28 12:47:33 2026]
Finished jobid: 1058 (Rule: synth_fit)
192 of 1461 steps (13%) done
Execute 1 jobs...
[Tue Apr 28 12:47:33 2026]
localrule synth_fit:
    input: results/synth/regime=easy/d=10/num_cycles=4/density=0.3/samp_size=1000/seed=0/dataset.npz
    output: results/synth/regime=easy/d=10/num_cycles=4/density=0.3/samp_size=1000/seed=0/method=lacerda/model.pkl
    jobid: 1408
    reason: Missing output files: results/synth/regime=easy/d=10/num_cycles=4/density=0.3/samp_size=1000/seed=0/method=lacerda/model.pkl; Input files updated by another job: results/synth/regime=easy/d=10/num_cycles=4/density=0.3/samp_size=1000/seed=0/dataset.npz
    wildcards: regime=easy, d=10, num_cycles=4, density=0.3, samp_size=1000, seed=0, method=lacerda
    resources: tmpdir=/tmp
Select jobs to execute...
[Tue Apr 28 12:47:35 2026]
Finished jobid: 1408 (Rule: synth_fit)
193 of 1461 steps (13%) done
Execute 1 jobs...
[Tue Apr 28 12:47:35 2026]
localrule synth_fit:
    input: results/synth/regime=easy/d=10/num_cycles=4/density=0.3/samp_size=1000/seed=0/dataset.npz
    output: results/synth/regime=easy/d=10/num_cycles=4/density=0.3/samp_size=1000/seed=0/method=lacerda_repare/model.pkl
    jobid: 1300
    reason: Missing output files: results/synth/regime=easy/d=10/num_cycles=4/density=0.3/samp_size=1000/seed=0/method=lacerda_repare/model.pkl; Input files updated by another job: results/synth/regime=easy/d=10/num_cycles=4/density=0.3/samp_size=1000/seed=0/dataset.npz
    wildcards: regime=easy, d=10, num_cycles=4, density=0.3, samp_size=1000, seed=0, method=lacerda_repare
    resources: tmpdir=/tmp
Select jobs to execute...
[Tue Apr 28 12:47:55 2026]
Finished jobid: 1300 (Rule: synth_fit)
194 of 1461 steps (13%) done
Execute 1 jobs...
[Tue Apr 28 12:47:55 2026]
localrule synth_fit:
    input: results/synth/regime=easy/d=10/num_cycles=4/density=0.3/samp_size=100/seed=2/dataset.npz
    output: results/synth/regime=easy/d=10/num_cycles=4/density=0.3/samp_size=100/seed=2/method=oica_no_repare/model.pkl
    jobid: 1184
    reason: Missing output files: results/synth/regime=easy/d=10/num_cycles=4/density=0.3/samp_size=100/seed=2/method=oica_no_repare/model.pkl; Input files updated by another job: results/synth/regime=easy/d=10/num_cycles=4/density=0.3/samp_size=100/seed=2/dataset.npz
    wildcards: regime=easy, d=10, num_cycles=4, density=0.3, samp_size=100, seed=2, method=oica_no_repare
    resources: tmpdir=/tmp
Select jobs to execute...
[Tue Apr 28 12:47:57 2026]
Finished jobid: 1184 (Rule: synth_fit)
195 of 1461 steps (13%) done
Execute 1 jobs...
[Tue Apr 28 12:47:57 2026]
localrule synth_fit:
    input: results/synth/regime=easy/d=10/num_cycles=4/density=0.8/samp_size=5000/seed=1/dataset.npz
    output: results/synth/regime=easy/d=10/num_cycles=4/density=0.8/samp_size=5000/seed=1/method=lacerda/model.pkl
    jobid: 442
    reason: Missing output files: results/synth/regime=easy/d=10/num_cycles=4/density=0.8/samp_size=5000/seed=1/method=lacerda/model.pkl; Input files updated by another job: results/synth/regime=easy/d=10/num_cycles=4/density=0.8/samp_size=5000/seed=1/dataset.npz
    wildcards: regime=easy, d=10, num_cycles=4, density=0.8, samp_size=5000, seed=1, method=lacerda
    resources: tmpdir=/tmp
Select jobs to execute...
[Tue Apr 28 12:47:59 2026]
Finished jobid: 442 (Rule: synth_fit)
196 of 1461 steps (13%) done
Execute 1 jobs...
[Tue Apr 28 12:47:59 2026]
localrule synth_evaluate:
    input: results/synth/regime=easy/d=10/num_cycles=5/density=0.3/samp_size=10000/seed=2/dataset.npz, results/synth/regime=easy/d=10/num_cycles=5/density=0.3/samp_size=10000/seed=2/method=oica_no_repare/model.pkl
    output: results/synth/regime=easy/d=10/num_cycles=5/density=0.3/samp_size=10000/seed=2/method=oica_no_repare/metrics.csv
    jobid: 1243
    reason: Missing output files: results/synth/regime=easy/d=10/num_cycles=5/density=0.3/samp_size=10000/seed=2/method=oica_no_repare/metrics.csv; Input files updated by another job: results/synth/regime=easy/d=10/num_cycles=5/density=0.3/samp_size=10000/seed=2/method=oica_no_repare/model.pkl, results/synth/regime=easy/d=10/num_cycles=5/density=0.3/samp_size=10000/seed=2/dataset.npz
    wildcards: regime=easy, d=10, num_cycles=5, density=0.3, samp_size=10000, seed=2, method=oica_no_repare
    resources: tmpdir=/tmp
Select jobs to execute...
[Tue Apr 28 12:48:00 2026]
Finished jobid: 1243 (Rule: synth_evaluate)
197 of 1461 steps (13%) done
Execute 1 jobs...
[Tue Apr 28 12:48:00 2026]
localrule synth_evaluate:
    input: results/synth/regime=easy/d=10/num_cycles=3/density=0.8/samp_size=500/seed=1/dataset.npz, results/synth/regime=easy/d=10/num_cycles=3/density=0.8/samp_size=500/seed=1/method=oica_no_repare/model.pkl
    output: results/synth/regime=easy/d=10/num_cycles=3/density=0.8/samp_size=500/seed=1/method=oica_no_repare/metrics.csv
    jobid: 177
    reason: Missing output files: results/synth/regime=easy/d=10/num_cycles=3/density=0.8/samp_size=500/seed=1/method=oica_no_repare/metrics.csv; Input files updated by another job: results/synth/regime=easy/d=10/num_cycles=3/density=0.8/samp_size=500/seed=1/method=oica_no_repare/model.pkl, results/synth/regime=easy/d=10/num_cycles=3/density=0.8/samp_size=500/seed=1/dataset.npz
    wildcards: regime=easy, d=10, num_cycles=3, density=0.8, samp_size=500, seed=1, method=oica_no_repare
    resources: tmpdir=/tmp
Select jobs to execute...
[Tue Apr 28 12:48:01 2026]
Finished jobid: 177 (Rule: synth_evaluate)
198 of 1461 steps (14%) done
Execute 1 jobs...
[Tue Apr 28 12:48:01 2026]
localrule synth_fit:
    input: results/synth/regime=easy/d=10/num_cycles=4/density=0.5/samp_size=50/seed=0/dataset.npz
    output: results/synth/regime=easy/d=10/num_cycles=4/density=0.5/samp_size=50/seed=0/method=lacerda_repare/model.pkl
    jobid: 795
    reason: Missing output files: results/synth/regime=easy/d=10/num_cycles=4/density=0.5/samp_size=50/seed=0/method=lacerda_repare/model.pkl; Input files updated by another job: results/synth/regime=easy/d=10/num_cycles=4/density=0.5/samp_size=50/seed=0/dataset.npz
    wildcards: regime=easy, d=10, num_cycles=4, density=0.5, samp_size=50, seed=0, method=lacerda_repare
    resources: tmpdir=/tmp
Select jobs to execute...
[Tue Apr 28 12:48:03 2026]
Finished jobid: 795 (Rule: synth_fit)
199 of 1461 steps (14%) done
Execute 1 jobs...
[Tue Apr 28 12:48:03 2026]
localrule synth_generate:
    output: results/synth/regime=easy/d=10/num_cycles=3/density=0.5/samp_size=50/seed=0/dataset.npz
    jobid: 489
    reason: Missing output files: results/synth/regime=easy/d=10/num_cycles=3/density=0.5/samp_size=50/seed=0/dataset.npz
    wildcards: regime=easy, d=10, num_cycles=3, density=0.5, samp_size=50, seed=0
    resources: tmpdir=/tmp
Select jobs to execute...
[Tue Apr 28 12:48:04 2026]
Finished jobid: 489 (Rule: synth_generate)
200 of 1461 steps (14%) done
Execute 1 jobs...
[Tue Apr 28 12:48:04 2026]
localrule synth_fit:
    input: results/synth/regime=easy/d=10/num_cycles=4/density=0.8/samp_size=5000/seed=0/dataset.npz
    output: results/synth/regime=easy/d=10/num_cycles=4/density=0.8/samp_size=5000/seed=0/method=lacerda/model.pkl
    jobid: 440
    reason: Missing output files: results/synth/regime=easy/d=10/num_cycles=4/density=0.8/samp_size=5000/seed=0/method=lacerda/model.pkl; Input files updated by another job: results/synth/regime=easy/d=10/num_cycles=4/density=0.8/samp_size=5000/seed=0/dataset.npz
    wildcards: regime=easy, d=10, num_cycles=4, density=0.8, samp_size=5000, seed=0, method=lacerda
    resources: tmpdir=/tmp
Select jobs to execute...
[Tue Apr 28 12:48:06 2026]
Finished jobid: 440 (Rule: synth_fit)
201 of 1461 steps (14%) done
Execute 1 jobs...
[Tue Apr 28 12:48:06 2026]
localrule synth_generate:
    output: results/synth/regime=easy/d=10/num_cycles=4/density=0.5/samp_size=5000/seed=0/dataset.npz
    jobid: 579
    reason: Missing output files: results/synth/regime=easy/d=10/num_cycles=4/density=0.5/samp_size=5000/seed=0/dataset.npz
    wildcards: regime=easy, d=10, num_cycles=4, density=0.5, samp_size=5000, seed=0
    resources: tmpdir=/tmp
Select jobs to execute...
[Tue Apr 28 12:48:07 2026]
Finished jobid: 579 (Rule: synth_generate)
202 of 1461 steps (14%) done
Execute 1 jobs...
[Tue Apr 28 12:48:07 2026]
localrule synth_generate:
    output: results/synth/regime=easy/d=10/num_cycles=4/density=0.3/samp_size=500/seed=2/dataset.npz
    jobid: 1054
    reason: Missing output files: results/synth/regime=easy/d=10/num_cycles=4/density=0.3/samp_size=500/seed=2/dataset.npz
    wildcards: regime=easy, d=10, num_cycles=4, density=0.3, samp_size=500, seed=2
    resources: tmpdir=/tmp
Select jobs to execute...
[Tue Apr 28 12:48:08 2026]
Finished jobid: 1054 (Rule: synth_generate)
203 of 1461 steps (14%) done
Execute 1 jobs...
[Tue Apr 28 12:48:08 2026]
localrule synth_fit:
    input: results/synth/regime=easy/d=10/num_cycles=4/density=0.5/samp_size=5000/seed=0/dataset.npz
    output: results/synth/regime=easy/d=10/num_cycles=4/density=0.5/samp_size=5000/seed=0/method=oica_scc_repare/model.pkl
    jobid: 580
    reason: Missing output files: results/synth/regime=easy/d=10/num_cycles=4/density=0.5/samp_size=5000/seed=0/method=oica_scc_repare/model.pkl; Input files updated by another job: results/synth/regime=easy/d=10/num_cycles=4/density=0.5/samp_size=5000/seed=0/dataset.npz
    wildcards: regime=easy, d=10, num_cycles=4, density=0.5, samp_size=5000, seed=0, method=oica_scc_repare
    resources: tmpdir=/tmp
Select jobs to execute...
[Tue Apr 28 12:48:49 2026]
Finished jobid: 580 (Rule: synth_fit)
204 of 1461 steps (14%) done
Execute 1 jobs...
[Tue Apr 28 12:48:49 2026]
localrule synth_fit:
    input: results/synth/regime=easy/d=10/num_cycles=4/density=0.3/samp_size=500/seed=2/dataset.npz
    output: results/synth/regime=easy/d=10/num_cycles=4/density=0.3/samp_size=500/seed=2/method=oica_scc_repare/model.pkl
    jobid: 1055
    reason: Missing output files: results/synth/regime=easy/d=10/num_cycles=4/density=0.3/samp_size=500/seed=2/method=oica_scc_repare/model.pkl; Input files updated by another job: results/synth/regime=easy/d=10/num_cycles=4/density=0.3/samp_size=500/seed=2/dataset.npz
    wildcards: regime=easy, d=10, num_cycles=4, density=0.3, samp_size=500, seed=2, method=oica_scc_repare
    resources: tmpdir=/tmp
Select jobs to execute...
[Tue Apr 28 12:48:52 2026]
Finished jobid: 1055 (Rule: synth_fit)
205 of 1461 steps (14%) done
Execute 1 jobs...
[Tue Apr 28 12:48:52 2026]
localrule synth_fit:
    input: results/synth/regime=easy/d=10/num_cycles=4/density=0.5/samp_size=5000/seed=0/dataset.npz
    output: results/synth/regime=easy/d=10/num_cycles=4/density=0.5/samp_size=5000/seed=0/method=lacerda/model.pkl
    jobid: 927
    reason: Missing output files: results/synth/regime=easy/d=10/num_cycles=4/density=0.5/samp_size=5000/seed=0/method=lacerda/model.pkl; Input files updated by another job: results/synth/regime=easy/d=10/num_cycles=4/density=0.5/samp_size=5000/seed=0/dataset.npz
    wildcards: regime=easy, d=10, num_cycles=4, density=0.5, samp_size=5000, seed=0, method=lacerda
    resources: tmpdir=/tmp
Select jobs to execute...
[Tue Apr 28 12:48:53 2026]
Finished jobid: 927 (Rule: synth_fit)
206 of 1461 steps (14%) done
Execute 1 jobs...
[Tue Apr 28 12:48:54 2026]
localrule synth_evaluate:
    input: results/synth/regime=easy/d=10/num_cycles=5/density=0.8/samp_size=100/seed=2/dataset.npz, results/synth/regime=easy/d=10/num_cycles=5/density=0.8/samp_size=100/seed=2/method=oica_scc_repare/model.pkl
    output: results/synth/regime=easy/d=10/num_cycles=5/density=0.8/samp_size=100/seed=2/method=oica_scc_repare/metrics.csv
    jobid: 124
    reason: Missing output files: results/synth/regime=easy/d=10/num_cycles=5/density=0.8/samp_size=100/seed=2/method=oica_scc_repare/metrics.csv; Input files updated by another job: results/synth/regime=easy/d=10/num_cycles=5/density=0.8/samp_size=100/seed=2/method=oica_scc_repare/model.pkl, results/synth/regime=easy/d=10/num_cycles=5/density=0.8/samp_size=100/seed=2/dataset.npz
    wildcards: regime=easy, d=10, num_cycles=5, density=0.8, samp_size=100, seed=2, method=oica_scc_repare
    resources: tmpdir=/tmp
Select jobs to execute...
[Tue Apr 28 12:48:55 2026]
Finished jobid: 124 (Rule: synth_evaluate)
207 of 1461 steps (14%) done
Execute 1 jobs...
[Tue Apr 28 12:48:55 2026]
localrule synth_fit:
    input: results/synth/regime=easy/d=10/num_cycles=4/density=0.8/samp_size=1000/seed=2/dataset.npz
    output: results/synth/regime=easy/d=10/num_cycles=4/density=0.8/samp_size=1000/seed=2/method=lacerda/model.pkl
    jobid: 438
    reason: Missing output files: results/synth/regime=easy/d=10/num_cycles=4/density=0.8/samp_size=1000/seed=2/method=lacerda/model.pkl; Input files updated by another job: results/synth/regime=easy/d=10/num_cycles=4/density=0.8/samp_size=1000/seed=2/dataset.npz
    wildcards: regime=easy, d=10, num_cycles=4, density=0.8, samp_size=1000, seed=2, method=lacerda
    resources: tmpdir=/tmp
Select jobs to execute...
[Tue Apr 28 12:48:56 2026]
Finished jobid: 438 (Rule: synth_fit)
208 of 1461 steps (14%) done
Execute 1 jobs...
[Tue Apr 28 12:48:56 2026]
localrule synth_fit:
    input: results/synth/regime=easy/d=10/num_cycles=4/density=0.3/samp_size=500/seed=2/dataset.npz
    output: results/synth/regime=easy/d=10/num_cycles=4/density=0.3/samp_size=500/seed=2/method=lacerda/model.pkl
    jobid: 1406
    reason: Missing output files: results/synth/regime=easy/d=10/num_cycles=4/density=0.3/samp_size=500/seed=2/method=lacerda/model.pkl; Input files updated by another job: results/synth/regime=easy/d=10/num_cycles=4/density=0.3/samp_size=500/seed=2/dataset.npz
    wildcards: regime=easy, d=10, num_cycles=4, density=0.3, samp_size=500, seed=2, method=lacerda
    resources: tmpdir=/tmp
Select jobs to execute...
[Tue Apr 28 12:48:58 2026]
Finished jobid: 1406 (Rule: synth_fit)
209 of 1461 steps (14%) done
Execute 1 jobs...
[Tue Apr 28 12:48:58 2026]
localrule synth_fit:
    input: results/synth/regime=easy/d=10/num_cycles=4/density=0.3/samp_size=500/seed=2/dataset.npz
    output: results/synth/regime=easy/d=10/num_cycles=4/density=0.3/samp_size=500/seed=2/method=lacerda_repare/model.pkl
    jobid: 1298
    reason: Missing output files: results/synth/regime=easy/d=10/num_cycles=4/density=0.3/samp_size=500/seed=2/method=lacerda_repare/model.pkl; Input files updated by another job: results/synth/regime=easy/d=10/num_cycles=4/density=0.3/samp_size=500/seed=2/dataset.npz
    wildcards: regime=easy, d=10, num_cycles=4, density=0.3, samp_size=500, seed=2, method=lacerda_repare
    resources: tmpdir=/tmp
Select jobs to execute...
[Tue Apr 28 12:49:01 2026]
Finished jobid: 1298 (Rule: synth_fit)
210 of 1461 steps (14%) done
Execute 1 jobs...
[Tue Apr 28 12:49:01 2026]
localrule synth_fit:
    input: results/synth/regime=easy/d=10/num_cycles=4/density=0.3/samp_size=10000/seed=2/dataset.npz
    output: results/synth/regime=easy/d=10/num_cycles=4/density=0.3/samp_size=10000/seed=2/method=oica_scc_repare/model.pkl
    jobid: 1082
    reason: Missing output files: results/synth/regime=easy/d=10/num_cycles=4/density=0.3/samp_size=10000/seed=2/method=oica_scc_repare/model.pkl; Input files updated by another job: results/synth/regime=easy/d=10/num_cycles=4/density=0.3/samp_size=10000/seed=2/dataset.npz
    wildcards: regime=easy, d=10, num_cycles=4, density=0.3, samp_size=10000, seed=2, method=oica_scc_repare
    resources: tmpdir=/tmp
Select jobs to execute...
RuleException:
CalledProcessError in file "/home/fmfsa/Repositories/repare_cycle/src/expt/workflow/rules/synth.smk", line 64:
Command 'set -euo pipefail;  /opt/miniconda3/bin/python /home/fmfsa/Repositories/repare_cycle/src/expt/workflow/.snakemake/scripts/tmp6t9t25u5.fit.py' returned non-zero exit status 1.
[Tue Apr 28 13:00:07 2026]
Error in rule synth_fit:
    message: None
    jobid: 583
    input: results/synth/regime=easy/d=10/num_cycles=4/density=0.5/samp_size=5000/seed=1/dataset.npz
    output: results/synth/regime=easy/d=10/num_cycles=4/density=0.5/samp_size=5000/seed=1/method=oica_scc_repare/model.pkl
RuleException:
CalledProcessError in file "/home/fmfsa/Repositories/repare_cycle/src/expt/workflow/rules/synth.smk", line 64:
Command 'set -euo pipefail;  /opt/miniconda3/bin/python /home/fmfsa/Repositories/repare_cycle/src/expt/workflow/.snakemake/scripts/tmp7jog5abd.fit.py' returned non-zero exit status 1.
[Tue Apr 28 13:13:29 2026]
Error in rule synth_fit:
    message: None
    jobid: 1076
    input: results/synth/regime=easy/d=10/num_cycles=4/density=0.3/samp_size=10000/seed=0/dataset.npz
    output: results/synth/regime=easy/d=10/num_cycles=4/density=0.3/samp_size=10000/seed=0/method=oica_scc_repare/model.pkl
RuleException:
CalledProcessError in file "/home/fmfsa/Repositories/repare_cycle/src/expt/workflow/rules/synth.smk", line 64:
Command 'set -euo pipefail;  /opt/miniconda3/bin/python /home/fmfsa/Repositories/repare_cycle/src/expt/workflow/.snakemake/scripts/tmp03l5ia8n.fit.py' returned non-zero exit status 1.
[Tue Apr 28 13:29:28 2026]
Error in rule synth_fit:
    message: None
    jobid: 589
    input: results/synth/regime=easy/d=10/num_cycles=4/density=0.5/samp_size=10000/seed=0/dataset.npz
    output: results/synth/regime=easy/d=10/num_cycles=4/density=0.5/samp_size=10000/seed=0/method=oica_scc_repare/model.pkl
RuleException:
CalledProcessError in file "/home/fmfsa/Repositories/repare_cycle/src/expt/workflow/rules/synth.smk", line 64:
Command 'set -euo pipefail;  /opt/miniconda3/bin/python /home/fmfsa/Repositories/repare_cycle/src/expt/workflow/.snakemake/scripts/tmpm6qnhc38.fit.py' returned non-zero exit status 1.
[Tue Apr 28 14:00:43 2026]
Error in rule synth_fit:
    message: None
    jobid: 592
    input: results/synth/regime=easy/d=10/num_cycles=4/density=0.5/samp_size=10000/seed=1/dataset.npz
    output: results/synth/regime=easy/d=10/num_cycles=4/density=0.5/samp_size=10000/seed=1/method=oica_scc_repare/model.pkl
RuleException:
CalledProcessError in file "/home/fmfsa/Repositories/repare_cycle/src/expt/workflow/rules/synth.smk", line 64:
Command 'set -euo pipefail;  /opt/miniconda3/bin/python /home/fmfsa/Repositories/repare_cycle/src/expt/workflow/.snakemake/scripts/tmpwgvr30qf.fit.py' returned non-zero exit status 1.
[Tue Apr 28 14:07:01 2026]
Error in rule synth_fit:
    message: None
    jobid: 105
    input: results/synth/regime=easy/d=10/num_cycles=4/density=0.8/samp_size=10000/seed=1/dataset.npz
    output: results/synth/regime=easy/d=10/num_cycles=4/density=0.8/samp_size=10000/seed=1/method=oica_scc_repare/model.pkl
FileOrDirectoryNotFoundError:
File or directory not found: results/synth/regime=easy/d=10/num_cycles=5/density=0.5/samp_size=50/seed=0/dataset.npz
