Assuming unrestricted shared filesystem usage.
host: AICheetah
Building DAG of jobs...
Using shell: /usr/bin/bash
Provided cores: 32
Rules claiming more threads will be scaled down.
Job stats:
job               count
--------------  -------
synth_generate       54
synth_fit            54
synth_evaluate       54
synth_plot            3
all                   1
total               166

Select jobs to execute...
Execute 32 jobs...
[Wed Apr 29 22:33:29 2026]
localrule synth_generate:
    output: results/synth/regime=easy/d=10/num_cycles=4/density=0.5/samp_size=10000/seed=1/dataset.npz
    jobid: 268
    reason: Missing output files: results/synth/regime=easy/d=10/num_cycles=4/density=0.5/samp_size=10000/seed=1/dataset.npz
    wildcards: regime=easy, d=10, num_cycles=4, density=0.5, samp_size=10000, seed=1
    resources: tmpdir=/tmp
[Wed Apr 29 22:33:29 2026]
localrule synth_generate:
    output: results/synth/regime=easy/d=10/num_cycles=5/density=0.5/samp_size=10000/seed=2/dataset.npz
    jobid: 325
    reason: Missing output files: results/synth/regime=easy/d=10/num_cycles=5/density=0.5/samp_size=10000/seed=2/dataset.npz
    wildcards: regime=easy, d=10, num_cycles=5, density=0.5, samp_size=10000, seed=2
    resources: tmpdir=/tmp
[Wed Apr 29 22:33:29 2026]
localrule synth_generate:
    output: results/synth/regime=easy/d=10/num_cycles=3/density=0.8/samp_size=10000/seed=2/dataset.npz
    jobid: 380
    reason: Missing output files: results/synth/regime=easy/d=10/num_cycles=3/density=0.8/samp_size=10000/seed=2/dataset.npz
    wildcards: regime=easy, d=10, num_cycles=3, density=0.8, samp_size=10000, seed=2
    resources: tmpdir=/tmp
[Wed Apr 29 22:33:29 2026]
localrule synth_generate:
    output: results/synth/regime=easy/d=10/num_cycles=4/density=0.8/samp_size=5000/seed=2/dataset.npz
    jobid: 425
    reason: Missing output files: results/synth/regime=easy/d=10/num_cycles=4/density=0.8/samp_size=5000/seed=2/dataset.npz
    wildcards: regime=easy, d=10, num_cycles=4, density=0.8, samp_size=5000, seed=2
    resources: tmpdir=/tmp
[Wed Apr 29 22:33:29 2026]
localrule synth_generate:
    output: results/synth/regime=easy/d=10/num_cycles=5/density=0.3/samp_size=5000/seed=0/dataset.npz
    jobid: 147
    reason: Missing output files: results/synth/regime=easy/d=10/num_cycles=5/density=0.3/samp_size=5000/seed=0/dataset.npz
    wildcards: regime=easy, d=10, num_cycles=5, density=0.3, samp_size=5000, seed=0
    resources: tmpdir=/tmp
[Wed Apr 29 22:33:29 2026]
localrule synth_generate:
    output: results/synth/regime=easy/d=10/num_cycles=5/density=0.8/samp_size=10000/seed=0/dataset.npz
    jobid: 482
    reason: Missing output files: results/synth/regime=easy/d=10/num_cycles=5/density=0.8/samp_size=10000/seed=0/dataset.npz
    wildcards: regime=easy, d=10, num_cycles=5, density=0.8, samp_size=10000, seed=0
    resources: tmpdir=/tmp
[Wed Apr 29 22:33:29 2026]
localrule synth_generate:
    output: results/synth/regime=easy/d=10/num_cycles=3/density=0.5/samp_size=5000/seed=0/dataset.npz
    jobid: 202
    reason: Missing output files: results/synth/regime=easy/d=10/num_cycles=3/density=0.5/samp_size=5000/seed=0/dataset.npz
    wildcards: regime=easy, d=10, num_cycles=3, density=0.5, samp_size=5000, seed=0
    resources: tmpdir=/tmp
[Wed Apr 29 22:33:29 2026]
localrule synth_generate:
    output: results/synth/regime=easy/d=10/num_cycles=4/density=0.3/samp_size=10000/seed=0/dataset.npz
    jobid: 102
    reason: Missing output files: results/synth/regime=easy/d=10/num_cycles=4/density=0.3/samp_size=10000/seed=0/dataset.npz
    wildcards: regime=easy, d=10, num_cycles=4, density=0.3, samp_size=10000, seed=0
    resources: tmpdir=/tmp
[Wed Apr 29 22:33:29 2026]
localrule synth_generate:
    output: results/synth/regime=easy/d=10/num_cycles=4/density=0.5/samp_size=5000/seed=1/dataset.npz
    jobid: 259
    reason: Missing output files: results/synth/regime=easy/d=10/num_cycles=4/density=0.5/samp_size=5000/seed=1/dataset.npz
    wildcards: regime=easy, d=10, num_cycles=4, density=0.5, samp_size=5000, seed=1
    resources: tmpdir=/tmp
[Wed Apr 29 22:33:29 2026]
localrule synth_generate:
    output: results/synth/regime=easy/d=10/num_cycles=5/density=0.3/samp_size=10000/seed=1/dataset.npz
    jobid: 159
    reason: Missing output files: results/synth/regime=easy/d=10/num_cycles=5/density=0.3/samp_size=10000/seed=1/dataset.npz
    wildcards: regime=easy, d=10, num_cycles=5, density=0.3, samp_size=10000, seed=1
    resources: tmpdir=/tmp
[Wed Apr 29 22:33:29 2026]
localrule synth_generate:
    output: results/synth/regime=easy/d=10/num_cycles=5/density=0.3/samp_size=5000/seed=1/dataset.npz
    jobid: 150
    reason: Missing output files: results/synth/regime=easy/d=10/num_cycles=5/density=0.3/samp_size=5000/seed=1/dataset.npz
    wildcards: regime=easy, d=10, num_cycles=5, density=0.3, samp_size=5000, seed=1
    resources: tmpdir=/tmp
[Wed Apr 29 22:33:29 2026]
localrule synth_generate:
    output: results/synth/regime=easy/d=10/num_cycles=4/density=0.8/samp_size=10000/seed=1/dataset.npz
    jobid: 431
    reason: Missing output files: results/synth/regime=easy/d=10/num_cycles=4/density=0.8/samp_size=10000/seed=1/dataset.npz
    wildcards: regime=easy, d=10, num_cycles=4, density=0.8, samp_size=10000, seed=1
    resources: tmpdir=/tmp
[Wed Apr 29 22:33:29 2026]
localrule synth_generate:
    output: results/synth/regime=easy/d=10/num_cycles=5/density=0.8/samp_size=5000/seed=1/dataset.npz
    jobid: 476
    reason: Missing output files: results/synth/regime=easy/d=10/num_cycles=5/density=0.8/samp_size=5000/seed=1/dataset.npz
    wildcards: regime=easy, d=10, num_cycles=5, density=0.8, samp_size=5000, seed=1
    resources: tmpdir=/tmp
[Wed Apr 29 22:33:29 2026]
localrule synth_generate:
    output: results/synth/regime=easy/d=10/num_cycles=4/density=0.3/samp_size=5000/seed=1/dataset.npz
    jobid: 96
    reason: Missing output files: results/synth/regime=easy/d=10/num_cycles=4/density=0.3/samp_size=5000/seed=1/dataset.npz
    wildcards: regime=easy, d=10, num_cycles=4, density=0.3, samp_size=5000, seed=1
    resources: tmpdir=/tmp
[Wed Apr 29 22:33:29 2026]
localrule synth_generate:
    output: results/synth/regime=easy/d=10/num_cycles=5/density=0.3/samp_size=5000/seed=2/dataset.npz
    jobid: 153
    reason: Missing output files: results/synth/regime=easy/d=10/num_cycles=5/density=0.3/samp_size=5000/seed=2/dataset.npz
    wildcards: regime=easy, d=10, num_cycles=5, density=0.3, samp_size=5000, seed=2
    resources: tmpdir=/tmp
[Wed Apr 29 22:33:29 2026]
localrule synth_generate:
    output: results/synth/regime=easy/d=10/num_cycles=5/density=0.8/samp_size=10000/seed=2/dataset.npz
    jobid: 488
    reason: Missing output files: results/synth/regime=easy/d=10/num_cycles=5/density=0.8/samp_size=10000/seed=2/dataset.npz
    wildcards: regime=easy, d=10, num_cycles=5, density=0.8, samp_size=10000, seed=2
    resources: tmpdir=/tmp
[Wed Apr 29 22:33:29 2026]
localrule synth_generate:
    output: results/synth/regime=easy/d=10/num_cycles=3/density=0.5/samp_size=5000/seed=2/dataset.npz
    jobid: 208
    reason: Missing output files: results/synth/regime=easy/d=10/num_cycles=3/density=0.5/samp_size=5000/seed=2/dataset.npz
    wildcards: regime=easy, d=10, num_cycles=3, density=0.5, samp_size=5000, seed=2
    resources: tmpdir=/tmp
[Wed Apr 29 22:33:29 2026]
localrule synth_generate:
    output: results/synth/regime=easy/d=10/num_cycles=4/density=0.3/samp_size=10000/seed=2/dataset.npz
    jobid: 108
    reason: Missing output files: results/synth/regime=easy/d=10/num_cycles=4/density=0.3/samp_size=10000/seed=2/dataset.npz
    wildcards: regime=easy, d=10, num_cycles=4, density=0.3, samp_size=10000, seed=2
    resources: tmpdir=/tmp
[Wed Apr 29 22:33:29 2026]
localrule synth_generate:
    output: results/synth/regime=easy/d=10/num_cycles=5/density=0.3/samp_size=10000/seed=0/dataset.npz
    jobid: 156
    reason: Missing output files: results/synth/regime=easy/d=10/num_cycles=5/density=0.3/samp_size=10000/seed=0/dataset.npz
    wildcards: regime=easy, d=10, num_cycles=5, density=0.3, samp_size=10000, seed=0
    resources: tmpdir=/tmp
[Wed Apr 29 22:33:29 2026]
localrule synth_generate:
    output: results/synth/regime=easy/d=10/num_cycles=3/density=0.8/samp_size=5000/seed=0/dataset.npz
    jobid: 365
    reason: Missing output files: results/synth/regime=easy/d=10/num_cycles=3/density=0.8/samp_size=5000/seed=0/dataset.npz
    wildcards: regime=easy, d=10, num_cycles=3, density=0.8, samp_size=5000, seed=0
    resources: tmpdir=/tmp
[Wed Apr 29 22:33:29 2026]
localrule synth_generate:
    output: results/synth/regime=easy/d=10/num_cycles=4/density=0.5/samp_size=10000/seed=0/dataset.npz
    jobid: 265
    reason: Missing output files: results/synth/regime=easy/d=10/num_cycles=4/density=0.5/samp_size=10000/seed=0/dataset.npz
    wildcards: regime=easy, d=10, num_cycles=4, density=0.5, samp_size=10000, seed=0
    resources: tmpdir=/tmp
[Wed Apr 29 22:33:29 2026]
localrule synth_generate:
    output: results/synth/regime=easy/d=10/num_cycles=5/density=0.5/samp_size=5000/seed=0/dataset.npz
    jobid: 310
    reason: Missing output files: results/synth/regime=easy/d=10/num_cycles=5/density=0.5/samp_size=5000/seed=0/dataset.npz
    wildcards: regime=easy, d=10, num_cycles=5, density=0.5, samp_size=5000, seed=0
    resources: tmpdir=/tmp
[Wed Apr 29 22:33:29 2026]
localrule synth_generate:
    output: results/synth/regime=easy/d=10/num_cycles=5/density=0.5/samp_size=10000/seed=1/dataset.npz
    jobid: 322
    reason: Missing output files: results/synth/regime=easy/d=10/num_cycles=5/density=0.5/samp_size=10000/seed=1/dataset.npz
    wildcards: regime=easy, d=10, num_cycles=5, density=0.5, samp_size=10000, seed=1
    resources: tmpdir=/tmp
[Wed Apr 29 22:33:29 2026]
localrule synth_generate:
    output: results/synth/regime=easy/d=10/num_cycles=3/density=0.3/samp_size=5000/seed=1/dataset.npz
    jobid: 42
    reason: Missing output files: results/synth/regime=easy/d=10/num_cycles=3/density=0.3/samp_size=5000/seed=1/dataset.npz
    wildcards: regime=easy, d=10, num_cycles=3, density=0.3, samp_size=5000, seed=1
    resources: tmpdir=/tmp
[Wed Apr 29 22:33:29 2026]
localrule synth_generate:
    output: results/synth/regime=easy/d=10/num_cycles=3/density=0.8/samp_size=10000/seed=1/dataset.npz
    jobid: 377
    reason: Missing output files: results/synth/regime=easy/d=10/num_cycles=3/density=0.8/samp_size=10000/seed=1/dataset.npz
    wildcards: regime=easy, d=10, num_cycles=3, density=0.8, samp_size=10000, seed=1
    resources: tmpdir=/tmp
[Wed Apr 29 22:33:29 2026]
localrule synth_generate:
    output: results/synth/regime=easy/d=10/num_cycles=4/density=0.8/samp_size=5000/seed=1/dataset.npz
    jobid: 422
    reason: Missing output files: results/synth/regime=easy/d=10/num_cycles=4/density=0.8/samp_size=5000/seed=1/dataset.npz
    wildcards: regime=easy, d=10, num_cycles=4, density=0.8, samp_size=5000, seed=1
    resources: tmpdir=/tmp
[Wed Apr 29 22:33:29 2026]
localrule synth_generate:
    output: results/synth/regime=easy/d=10/num_cycles=3/density=0.3/samp_size=10000/seed=2/dataset.npz
    jobid: 54
    reason: Missing output files: results/synth/regime=easy/d=10/num_cycles=3/density=0.3/samp_size=10000/seed=2/dataset.npz
    wildcards: regime=easy, d=10, num_cycles=3, density=0.3, samp_size=10000, seed=2
    resources: tmpdir=/tmp
[Wed Apr 29 22:33:29 2026]
localrule synth_generate:
    output: results/synth/regime=easy/d=10/num_cycles=4/density=0.8/samp_size=10000/seed=2/dataset.npz
    jobid: 434
    reason: Missing output files: results/synth/regime=easy/d=10/num_cycles=4/density=0.8/samp_size=10000/seed=2/dataset.npz
    wildcards: regime=easy, d=10, num_cycles=4, density=0.8, samp_size=10000, seed=2
    resources: tmpdir=/tmp
[Wed Apr 29 22:33:29 2026]
localrule synth_generate:
    output: results/synth/regime=easy/d=10/num_cycles=5/density=0.8/samp_size=5000/seed=2/dataset.npz
    jobid: 479
    reason: Missing output files: results/synth/regime=easy/d=10/num_cycles=5/density=0.8/samp_size=5000/seed=2/dataset.npz
    wildcards: regime=easy, d=10, num_cycles=5, density=0.8, samp_size=5000, seed=2
    resources: tmpdir=/tmp
[Wed Apr 29 22:33:29 2026]
localrule synth_generate:
    output: results/synth/regime=easy/d=10/num_cycles=4/density=0.3/samp_size=5000/seed=2/dataset.npz
    jobid: 99
    reason: Missing output files: results/synth/regime=easy/d=10/num_cycles=4/density=0.3/samp_size=5000/seed=2/dataset.npz
    wildcards: regime=easy, d=10, num_cycles=4, density=0.3, samp_size=5000, seed=2
    resources: tmpdir=/tmp
[Wed Apr 29 22:33:29 2026]
localrule synth_generate:
    output: results/synth/regime=easy/d=10/num_cycles=4/density=0.5/samp_size=5000/seed=0/dataset.npz
    jobid: 256
    reason: Missing output files: results/synth/regime=easy/d=10/num_cycles=4/density=0.5/samp_size=5000/seed=0/dataset.npz
    wildcards: regime=easy, d=10, num_cycles=4, density=0.5, samp_size=5000, seed=0
    resources: tmpdir=/tmp
[Wed Apr 29 22:33:29 2026]
localrule synth_generate:
    output: results/synth/regime=easy/d=10/num_cycles=3/density=0.5/samp_size=10000/seed=0/dataset.npz
    jobid: 211
    reason: Missing output files: results/synth/regime=easy/d=10/num_cycles=3/density=0.5/samp_size=10000/seed=0/dataset.npz
    wildcards: regime=easy, d=10, num_cycles=3, density=0.5, samp_size=10000, seed=0
    resources: tmpdir=/tmp
[Wed Apr 29 22:33:30 2026]
Finished jobid: 268 (Rule: synth_generate)
1 of 166 steps (1%) done
Select jobs to execute...
Execute 1 jobs...
[Wed Apr 29 22:33:30 2026]
localrule synth_generate:
    output: results/synth/regime=easy/d=10/num_cycles=3/density=0.8/samp_size=5000/seed=1/dataset.npz
    jobid: 368
    reason: Missing output files: results/synth/regime=easy/d=10/num_cycles=3/density=0.8/samp_size=5000/seed=1/dataset.npz
    wildcards: regime=easy, d=10, num_cycles=3, density=0.8, samp_size=5000, seed=1
    resources: tmpdir=/tmp
[Wed Apr 29 22:33:30 2026]
Finished jobid: 325 (Rule: synth_generate)
2 of 166 steps (1%) done
Select jobs to execute...
Execute 1 jobs...
[Wed Apr 29 22:33:30 2026]
localrule synth_generate:
    output: results/synth/regime=easy/d=10/num_cycles=3/density=0.3/samp_size=5000/seed=2/dataset.npz
    jobid: 45
    reason: Missing output files: results/synth/regime=easy/d=10/num_cycles=3/density=0.3/samp_size=5000/seed=2/dataset.npz
    wildcards: regime=easy, d=10, num_cycles=3, density=0.3, samp_size=5000, seed=2
    resources: tmpdir=/tmp
[Wed Apr 29 22:33:30 2026]
Finished jobid: 202 (Rule: synth_generate)
3 of 166 steps (2%) done
Select jobs to execute...
Execute 1 jobs...
[Wed Apr 29 22:33:30 2026]
localrule synth_fit:
    input: results/synth/regime=easy/d=10/num_cycles=4/density=0.5/samp_size=10000/seed=1/dataset.npz
    output: results/synth/regime=easy/d=10/num_cycles=4/density=0.5/samp_size=10000/seed=1/method=lacerda/model.pkl
    jobid: 269
    reason: Missing output files: results/synth/regime=easy/d=10/num_cycles=4/density=0.5/samp_size=10000/seed=1/method=lacerda/model.pkl; Input files updated by another job: results/synth/regime=easy/d=10/num_cycles=4/density=0.5/samp_size=10000/seed=1/dataset.npz; Params have changed since last execution: Union of exclusive params before and now across all output: before: [0.05, 0.1, 0.15, 0.2],'hsic',0.01,[0.01, 0.05, 0.1] now: <nothing exclusive> 
    wildcards: regime=easy, d=10, num_cycles=4, density=0.5, samp_size=10000, seed=1, method=lacerda
    resources: tmpdir=/tmp
[Wed Apr 29 22:33:30 2026]
Finished jobid: 431 (Rule: synth_generate)
4 of 166 steps (2%) done
[Wed Apr 29 22:33:30 2026]
Finished jobid: 153 (Rule: synth_generate)
5 of 166 steps (3%) done
[Wed Apr 29 22:33:30 2026]
Finished jobid: 96 (Rule: synth_generate)
6 of 166 steps (4%) done
[Wed Apr 29 22:33:30 2026]
Finished jobid: 208 (Rule: synth_generate)
7 of 166 steps (4%) done
Select jobs to execute...
Execute 4 jobs...
[Wed Apr 29 22:33:30 2026]
localrule synth_generate:
    output: results/synth/regime=easy/d=10/num_cycles=3/density=0.3/samp_size=10000/seed=0/dataset.npz
    jobid: 48
    reason: Missing output files: results/synth/regime=easy/d=10/num_cycles=3/density=0.3/samp_size=10000/seed=0/dataset.npz
    wildcards: regime=easy, d=10, num_cycles=3, density=0.3, samp_size=10000, seed=0
    resources: tmpdir=/tmp
[Wed Apr 29 22:33:30 2026]
localrule synth_generate:
    output: results/synth/regime=easy/d=10/num_cycles=4/density=0.8/samp_size=10000/seed=0/dataset.npz
    jobid: 428
    reason: Missing output files: results/synth/regime=easy/d=10/num_cycles=4/density=0.8/samp_size=10000/seed=0/dataset.npz
    wildcards: regime=easy, d=10, num_cycles=4, density=0.8, samp_size=10000, seed=0
    resources: tmpdir=/tmp
[Wed Apr 29 22:33:30 2026]
localrule synth_generate:
    output: results/synth/regime=easy/d=10/num_cycles=5/density=0.8/samp_size=5000/seed=0/dataset.npz
    jobid: 473
    reason: Missing output files: results/synth/regime=easy/d=10/num_cycles=5/density=0.8/samp_size=5000/seed=0/dataset.npz
    wildcards: regime=easy, d=10, num_cycles=5, density=0.8, samp_size=5000, seed=0
    resources: tmpdir=/tmp
[Wed Apr 29 22:33:30 2026]
localrule synth_generate:
    output: results/synth/regime=easy/d=10/num_cycles=3/density=0.8/samp_size=10000/seed=0/dataset.npz
    jobid: 374
    reason: Missing output files: results/synth/regime=easy/d=10/num_cycles=3/density=0.8/samp_size=10000/seed=0/dataset.npz
    wildcards: regime=easy, d=10, num_cycles=3, density=0.8, samp_size=10000, seed=0
    resources: tmpdir=/tmp
[Wed Apr 29 22:33:30 2026]
Finished jobid: 147 (Rule: synth_generate)
8 of 166 steps (5%) done
[Wed Apr 29 22:33:30 2026]
Finished jobid: 425 (Rule: synth_generate)
9 of 166 steps (5%) done
[Wed Apr 29 22:33:30 2026]
Finished jobid: 365 (Rule: synth_generate)
10 of 166 steps (6%) done
[Wed Apr 29 22:33:30 2026]
Finished jobid: 42 (Rule: synth_generate)
11 of 166 steps (7%) done
[Wed Apr 29 22:33:30 2026]
Finished jobid: 482 (Rule: synth_generate)
12 of 166 steps (7%) done
Select jobs to execute...
Execute 5 jobs...
[Wed Apr 29 22:33:30 2026]
localrule synth_fit:
    input: results/synth/regime=easy/d=10/num_cycles=3/density=0.5/samp_size=5000/seed=0/dataset.npz
    output: results/synth/regime=easy/d=10/num_cycles=3/density=0.5/samp_size=5000/seed=0/method=lacerda/model.pkl
    jobid: 203
    reason: Missing output files: results/synth/regime=easy/d=10/num_cycles=3/density=0.5/samp_size=5000/seed=0/method=lacerda/model.pkl; Input files updated by another job: results/synth/regime=easy/d=10/num_cycles=3/density=0.5/samp_size=5000/seed=0/dataset.npz; Params have changed since last execution: Union of exclusive params before and now across all output: before: [0.05, 0.1, 0.15, 0.2],'hsic',0.01,[0.01, 0.05, 0.1] now: <nothing exclusive> 
    wildcards: regime=easy, d=10, num_cycles=3, density=0.5, samp_size=5000, seed=0, method=lacerda
    resources: tmpdir=/tmp
[Wed Apr 29 22:33:30 2026]
localrule synth_generate:
    output: results/synth/regime=easy/d=10/num_cycles=4/density=0.5/samp_size=10000/seed=2/dataset.npz
    jobid: 271
    reason: Missing output files: results/synth/regime=easy/d=10/num_cycles=4/density=0.5/samp_size=10000/seed=2/dataset.npz
    wildcards: regime=easy, d=10, num_cycles=4, density=0.5, samp_size=10000, seed=2
    resources: tmpdir=/tmp
[Wed Apr 29 22:33:30 2026]
localrule synth_generate:
    output: results/synth/regime=easy/d=10/num_cycles=3/density=0.8/samp_size=5000/seed=2/dataset.npz
    jobid: 371
    reason: Missing output files: results/synth/regime=easy/d=10/num_cycles=3/density=0.8/samp_size=5000/seed=2/dataset.npz
    wildcards: regime=easy, d=10, num_cycles=3, density=0.8, samp_size=5000, seed=2
    resources: tmpdir=/tmp
[Wed Apr 29 22:33:30 2026]
localrule synth_fit:
    input: results/synth/regime=easy/d=10/num_cycles=5/density=0.8/samp_size=10000/seed=0/dataset.npz
    output: results/synth/regime=easy/d=10/num_cycles=5/density=0.8/samp_size=10000/seed=0/method=lacerda/model.pkl
    jobid: 483
    reason: Missing output files: results/synth/regime=easy/d=10/num_cycles=5/density=0.8/samp_size=10000/seed=0/method=lacerda/model.pkl; Input files updated by another job: results/synth/regime=easy/d=10/num_cycles=5/density=0.8/samp_size=10000/seed=0/dataset.npz; Params have changed since last execution: Union of exclusive params before and now across all output: before: [0.05, 0.1, 0.15, 0.2],'hsic',0.01,[0.01, 0.05, 0.1] now: <nothing exclusive> 
    wildcards: regime=easy, d=10, num_cycles=5, density=0.8, samp_size=10000, seed=0, method=lacerda
    resources: tmpdir=/tmp
[Wed Apr 29 22:33:30 2026]
localrule synth_generate:
    output: results/synth/regime=easy/d=10/num_cycles=3/density=0.3/samp_size=10000/seed=1/dataset.npz
    jobid: 51
    reason: Missing output files: results/synth/regime=easy/d=10/num_cycles=3/density=0.3/samp_size=10000/seed=1/dataset.npz
    wildcards: regime=easy, d=10, num_cycles=3, density=0.3, samp_size=10000, seed=1
    resources: tmpdir=/tmp
[Wed Apr 29 22:33:30 2026]
Finished jobid: 422 (Rule: synth_generate)
13 of 166 steps (8%) done
[Wed Apr 29 22:33:30 2026]
Finished jobid: 102 (Rule: synth_generate)
14 of 166 steps (8%) done
[Wed Apr 29 22:33:30 2026]
Finished jobid: 479 (Rule: synth_generate)
15 of 166 steps (9%) done
[Wed Apr 29 22:33:30 2026]
Finished jobid: 380 (Rule: synth_generate)
16 of 166 steps (10%) done
[Wed Apr 29 22:33:30 2026]
Finished jobid: 265 (Rule: synth_generate)
17 of 166 steps (10%) done
Select jobs to execute...
Execute 5 jobs...
[Wed Apr 29 22:33:30 2026]
localrule synth_fit:
    input: results/synth/regime=easy/d=10/num_cycles=5/density=0.3/samp_size=5000/seed=0/dataset.npz
    output: results/synth/regime=easy/d=10/num_cycles=5/density=0.3/samp_size=5000/seed=0/method=lacerda/model.pkl
    jobid: 148
    reason: Missing output files: results/synth/regime=easy/d=10/num_cycles=5/density=0.3/samp_size=5000/seed=0/method=lacerda/model.pkl; Input files updated by another job: results/synth/regime=easy/d=10/num_cycles=5/density=0.3/samp_size=5000/seed=0/dataset.npz; Params have changed since last execution: Union of exclusive params before and now across all output: before: [0.05, 0.1, 0.15, 0.2],'hsic',0.01,[0.01, 0.05, 0.1] now: <nothing exclusive> 
    wildcards: regime=easy, d=10, num_cycles=5, density=0.3, samp_size=5000, seed=0, method=lacerda
    resources: tmpdir=/tmp
[Wed Apr 29 22:33:30 2026]
localrule synth_generate:
    output: results/synth/regime=easy/d=10/num_cycles=5/density=0.5/samp_size=5000/seed=2/dataset.npz
    jobid: 316
    reason: Missing output files: results/synth/regime=easy/d=10/num_cycles=5/density=0.5/samp_size=5000/seed=2/dataset.npz
    wildcards: regime=easy, d=10, num_cycles=5, density=0.5, samp_size=5000, seed=2
    resources: tmpdir=/tmp
[Wed Apr 29 22:33:30 2026]
localrule synth_fit:
    input: results/synth/regime=easy/d=10/num_cycles=4/density=0.3/samp_size=10000/seed=0/dataset.npz
    output: results/synth/regime=easy/d=10/num_cycles=4/density=0.3/samp_size=10000/seed=0/method=lacerda/model.pkl
    jobid: 103
    reason: Missing output files: results/synth/regime=easy/d=10/num_cycles=4/density=0.3/samp_size=10000/seed=0/method=lacerda/model.pkl; Input files updated by another job: results/synth/regime=easy/d=10/num_cycles=4/density=0.3/samp_size=10000/seed=0/dataset.npz; Params have changed since last execution: Union of exclusive params before and now across all output: before: [0.05, 0.1, 0.15, 0.2],'hsic',0.01,[0.01, 0.05, 0.1] now: <nothing exclusive> 
    wildcards: regime=easy, d=10, num_cycles=4, density=0.3, samp_size=10000, seed=0, method=lacerda
    resources: tmpdir=/tmp
[Wed Apr 29 22:33:30 2026]
localrule synth_generate:
    output: results/synth/regime=easy/d=10/num_cycles=4/density=0.3/samp_size=5000/seed=0/dataset.npz
    jobid: 93
    reason: Missing output files: results/synth/regime=easy/d=10/num_cycles=4/density=0.3/samp_size=5000/seed=0/dataset.npz
    wildcards: regime=easy, d=10, num_cycles=4, density=0.3, samp_size=5000, seed=0
    resources: tmpdir=/tmp
[Wed Apr 29 22:33:30 2026]
localrule synth_fit:
    input: results/synth/regime=easy/d=10/num_cycles=4/density=0.3/samp_size=5000/seed=1/dataset.npz
    output: results/synth/regime=easy/d=10/num_cycles=4/density=0.3/samp_size=5000/seed=1/method=lacerda/model.pkl
    jobid: 97
    reason: Missing output files: results/synth/regime=easy/d=10/num_cycles=4/density=0.3/samp_size=5000/seed=1/method=lacerda/model.pkl; Input files updated by another job: results/synth/regime=easy/d=10/num_cycles=4/density=0.3/samp_size=5000/seed=1/dataset.npz; Params have changed since last execution: Union of exclusive params before and now across all output: before: [0.05, 0.1, 0.15, 0.2],'hsic',0.01,[0.01, 0.05, 0.1] now: <nothing exclusive> 
    wildcards: regime=easy, d=10, num_cycles=4, density=0.3, samp_size=5000, seed=1, method=lacerda
    resources: tmpdir=/tmp
[Wed Apr 29 22:33:30 2026]
Finished jobid: 476 (Rule: synth_generate)
18 of 166 steps (11%) done
[Wed Apr 29 22:33:30 2026]
Finished jobid: 259 (Rule: synth_generate)
19 of 166 steps (11%) done
[Wed Apr 29 22:33:30 2026]
Finished jobid: 108 (Rule: synth_generate)
20 of 166 steps (12%) done
[Wed Apr 29 22:33:30 2026]
Finished jobid: 150 (Rule: synth_generate)
21 of 166 steps (13%) done
[Wed Apr 29 22:33:30 2026]
Finished jobid: 159 (Rule: synth_generate)
22 of 166 steps (13%) done
[Wed Apr 29 22:33:30 2026]
Finished jobid: 488 (Rule: synth_generate)
23 of 166 steps (14%) done
[Wed Apr 29 22:33:30 2026]
Finished jobid: 156 (Rule: synth_generate)
24 of 166 steps (14%) done
Select jobs to execute...
Execute 7 jobs...
[Wed Apr 29 22:33:30 2026]
localrule synth_fit:
    input: results/synth/regime=easy/d=10/num_cycles=5/density=0.5/samp_size=10000/seed=2/dataset.npz
    output: results/synth/regime=easy/d=10/num_cycles=5/density=0.5/samp_size=10000/seed=2/method=lacerda/model.pkl
    jobid: 326
    reason: Missing output files: results/synth/regime=easy/d=10/num_cycles=5/density=0.5/samp_size=10000/seed=2/method=lacerda/model.pkl; Input files updated by another job: results/synth/regime=easy/d=10/num_cycles=5/density=0.5/samp_size=10000/seed=2/dataset.npz; Params have changed since last execution: Union of exclusive params before and now across all output: before: [0.05, 0.1, 0.15, 0.2],'hsic',0.01,[0.01, 0.05, 0.1] now: <nothing exclusive> 
    wildcards: regime=easy, d=10, num_cycles=5, density=0.5, samp_size=10000, seed=2, method=lacerda
    resources: tmpdir=/tmp
[Wed Apr 29 22:33:30 2026]
localrule synth_generate:
    output: results/synth/regime=easy/d=10/num_cycles=3/density=0.5/samp_size=10000/seed=1/dataset.npz
    jobid: 214
    reason: Missing output files: results/synth/regime=easy/d=10/num_cycles=3/density=0.5/samp_size=10000/seed=1/dataset.npz
    wildcards: regime=easy, d=10, num_cycles=3, density=0.5, samp_size=10000, seed=1
    resources: tmpdir=/tmp
[Wed Apr 29 22:33:30 2026]
localrule synth_fit:
    input: results/synth/regime=easy/d=10/num_cycles=3/density=0.8/samp_size=10000/seed=2/dataset.npz
    output: results/synth/regime=easy/d=10/num_cycles=3/density=0.8/samp_size=10000/seed=2/method=lacerda/model.pkl
    jobid: 381
    reason: Missing output files: results/synth/regime=easy/d=10/num_cycles=3/density=0.8/samp_size=10000/seed=2/method=lacerda/model.pkl; Input files updated by another job: results/synth/regime=easy/d=10/num_cycles=3/density=0.8/samp_size=10000/seed=2/dataset.npz; Params have changed since last execution: Union of exclusive params before and now across all output: before: [0.05, 0.1, 0.15, 0.2],'hsic',0.01,[0.01, 0.05, 0.1] now: <nothing exclusive> 
    wildcards: regime=easy, d=10, num_cycles=3, density=0.8, samp_size=10000, seed=2, method=lacerda
    resources: tmpdir=/tmp
[Wed Apr 29 22:33:30 2026]
localrule synth_fit:
    input: results/synth/regime=easy/d=10/num_cycles=4/density=0.5/samp_size=5000/seed=1/dataset.npz
    output: results/synth/regime=easy/d=10/num_cycles=4/density=0.5/samp_size=5000/seed=1/method=lacerda/model.pkl
    jobid: 260
    reason: Missing output files: results/synth/regime=easy/d=10/num_cycles=4/density=0.5/samp_size=5000/seed=1/method=lacerda/model.pkl; Input files updated by another job: results/synth/regime=easy/d=10/num_cycles=4/density=0.5/samp_size=5000/seed=1/dataset.npz; Params have changed since last execution: Union of exclusive params before and now across all output: before: [0.05, 0.1, 0.15, 0.2],'hsic',0.01,[0.01, 0.05, 0.1] now: <nothing exclusive> 
    wildcards: regime=easy, d=10, num_cycles=4, density=0.5, samp_size=5000, seed=1, method=lacerda
    resources: tmpdir=/tmp
[Wed Apr 29 22:33:30 2026]
localrule synth_fit:
    input: results/synth/regime=easy/d=10/num_cycles=5/density=0.3/samp_size=10000/seed=1/dataset.npz
    output: results/synth/regime=easy/d=10/num_cycles=5/density=0.3/samp_size=10000/seed=1/method=lacerda/model.pkl
    jobid: 160
    reason: Missing output files: results/synth/regime=easy/d=10/num_cycles=5/density=0.3/samp_size=10000/seed=1/method=lacerda/model.pkl; Input files updated by another job: results/synth/regime=easy/d=10/num_cycles=5/density=0.3/samp_size=10000/seed=1/dataset.npz; Params have changed since last execution: Union of exclusive params before and now across all output: before: [0.05, 0.1, 0.15, 0.2],'hsic',0.01,[0.01, 0.05, 0.1] now: <nothing exclusive> 
    wildcards: regime=easy, d=10, num_cycles=5, density=0.3, samp_size=10000, seed=1, method=lacerda
    resources: tmpdir=/tmp
[Wed Apr 29 22:33:30 2026]
localrule synth_generate:
    output: results/synth/regime=easy/d=10/num_cycles=4/density=0.3/samp_size=10000/seed=1/dataset.npz
    jobid: 105
    reason: Missing output files: results/synth/regime=easy/d=10/num_cycles=4/density=0.3/samp_size=10000/seed=1/dataset.npz
    wildcards: regime=easy, d=10, num_cycles=4, density=0.3, samp_size=10000, seed=1
    resources: tmpdir=/tmp
[Wed Apr 29 22:33:30 2026]
localrule synth_fit:
    input: results/synth/regime=easy/d=10/num_cycles=5/density=0.3/samp_size=5000/seed=2/dataset.npz
    output: results/synth/regime=easy/d=10/num_cycles=5/density=0.3/samp_size=5000/seed=2/method=lacerda/model.pkl
    jobid: 154
    reason: Missing output files: results/synth/regime=easy/d=10/num_cycles=5/density=0.3/samp_size=5000/seed=2/method=lacerda/model.pkl; Input files updated by another job: results/synth/regime=easy/d=10/num_cycles=5/density=0.3/samp_size=5000/seed=2/dataset.npz; Params have changed since last execution: Union of exclusive params before and now across all output: before: [0.05, 0.1, 0.15, 0.2],'hsic',0.01,[0.01, 0.05, 0.1] now: <nothing exclusive> 
    wildcards: regime=easy, d=10, num_cycles=5, density=0.3, samp_size=5000, seed=2, method=lacerda
    resources: tmpdir=/tmp
[Wed Apr 29 22:33:30 2026]
Finished jobid: 256 (Rule: synth_generate)
25 of 166 steps (15%) done
[Wed Apr 29 22:33:30 2026]
Finished jobid: 377 (Rule: synth_generate)
26 of 166 steps (16%) done
[Wed Apr 29 22:33:30 2026]
Finished jobid: 322 (Rule: synth_generate)
27 of 166 steps (16%) done
[Wed Apr 29 22:33:30 2026]
Finished jobid: 310 (Rule: synth_generate)
28 of 166 steps (17%) done
[Wed Apr 29 22:33:30 2026]
Finished jobid: 434 (Rule: synth_generate)
29 of 166 steps (17%) done
Select jobs to execute...
Execute 5 jobs...
[Wed Apr 29 22:33:30 2026]
localrule synth_fit:
    input: results/synth/regime=easy/d=10/num_cycles=4/density=0.8/samp_size=5000/seed=2/dataset.npz
    output: results/synth/regime=easy/d=10/num_cycles=4/density=0.8/samp_size=5000/seed=2/method=lacerda/model.pkl
    jobid: 426
    reason: Missing output files: results/synth/regime=easy/d=10/num_cycles=4/density=0.8/samp_size=5000/seed=2/method=lacerda/model.pkl; Input files updated by another job: results/synth/regime=easy/d=10/num_cycles=4/density=0.8/samp_size=5000/seed=2/dataset.npz; Params have changed since last execution: Union of exclusive params before and now across all output: before: [0.05, 0.1, 0.15, 0.2],'hsic',0.01,[0.01, 0.05, 0.1] now: <nothing exclusive> 
    wildcards: regime=easy, d=10, num_cycles=4, density=0.8, samp_size=5000, seed=2, method=lacerda
    resources: tmpdir=/tmp
[Wed Apr 29 22:33:30 2026]
localrule synth_generate:
    output: results/synth/regime=easy/d=10/num_cycles=5/density=0.8/samp_size=10000/seed=1/dataset.npz
    jobid: 485
    reason: Missing output files: results/synth/regime=easy/d=10/num_cycles=5/density=0.8/samp_size=10000/seed=1/dataset.npz
    wildcards: regime=easy, d=10, num_cycles=5, density=0.8, samp_size=10000, seed=1
    resources: tmpdir=/tmp
[Wed Apr 29 22:33:30 2026]
localrule synth_generate:
    output: results/synth/regime=easy/d=10/num_cycles=3/density=0.5/samp_size=5000/seed=1/dataset.npz
    jobid: 205
    reason: Missing output files: results/synth/regime=easy/d=10/num_cycles=3/density=0.5/samp_size=5000/seed=1/dataset.npz
    wildcards: regime=easy, d=10, num_cycles=3, density=0.5, samp_size=5000, seed=1
    resources: tmpdir=/tmp
[Wed Apr 29 22:33:30 2026]
localrule synth_generate:
    output: results/synth/regime=easy/d=10/num_cycles=4/density=0.5/samp_size=5000/seed=2/dataset.npz
    jobid: 262
    reason: Missing output files: results/synth/regime=easy/d=10/num_cycles=4/density=0.5/samp_size=5000/seed=2/dataset.npz
    wildcards: regime=easy, d=10, num_cycles=4, density=0.5, samp_size=5000, seed=2
    resources: tmpdir=/tmp
[Wed Apr 29 22:33:30 2026]
localrule synth_fit:
    input: results/synth/regime=easy/d=10/num_cycles=5/density=0.8/samp_size=10000/seed=2/dataset.npz
    output: results/synth/regime=easy/d=10/num_cycles=5/density=0.8/samp_size=10000/seed=2/method=lacerda/model.pkl
    jobid: 489
    reason: Missing output files: results/synth/regime=easy/d=10/num_cycles=5/density=0.8/samp_size=10000/seed=2/method=lacerda/model.pkl; Input files updated by another job: results/synth/regime=easy/d=10/num_cycles=5/density=0.8/samp_size=10000/seed=2/dataset.npz; Params have changed since last execution: Union of exclusive params before and now across all output: before: [0.05, 0.1, 0.15, 0.2],'hsic',0.01,[0.01, 0.05, 0.1] now: <nothing exclusive> 
    wildcards: regime=easy, d=10, num_cycles=5, density=0.8, samp_size=10000, seed=2, method=lacerda
    resources: tmpdir=/tmp
[Wed Apr 29 22:33:30 2026]
Finished jobid: 54 (Rule: synth_generate)
30 of 166 steps (18%) done
[Wed Apr 29 22:33:30 2026]
Finished jobid: 99 (Rule: synth_generate)
31 of 166 steps (19%) done
[Wed Apr 29 22:33:30 2026]
Finished jobid: 211 (Rule: synth_generate)
32 of 166 steps (19%) done
Select jobs to execute...
Execute 3 jobs...
[Wed Apr 29 22:33:30 2026]
localrule synth_generate:
    output: results/synth/regime=easy/d=10/num_cycles=5/density=0.5/samp_size=5000/seed=1/dataset.npz
    jobid: 313
    reason: Missing output files: results/synth/regime=easy/d=10/num_cycles=5/density=0.5/samp_size=5000/seed=1/dataset.npz
    wildcards: regime=easy, d=10, num_cycles=5, density=0.5, samp_size=5000, seed=1
    resources: tmpdir=/tmp
[Wed Apr 29 22:33:30 2026]
localrule synth_fit:
    input: results/synth/regime=easy/d=10/num_cycles=4/density=0.8/samp_size=5000/seed=1/dataset.npz
    output: results/synth/regime=easy/d=10/num_cycles=4/density=0.8/samp_size=5000/seed=1/method=lacerda/model.pkl
    jobid: 423
    reason: Missing output files: results/synth/regime=easy/d=10/num_cycles=4/density=0.8/samp_size=5000/seed=1/method=lacerda/model.pkl; Input files updated by another job: results/synth/regime=easy/d=10/num_cycles=4/density=0.8/samp_size=5000/seed=1/dataset.npz; Params have changed since last execution: Union of exclusive params before and now across all output: before: [0.05, 0.1, 0.15, 0.2],'hsic',0.01,[0.01, 0.05, 0.1] now: <nothing exclusive> 
    wildcards: regime=easy, d=10, num_cycles=4, density=0.8, samp_size=5000, seed=1, method=lacerda
    resources: tmpdir=/tmp
[Wed Apr 29 22:33:30 2026]
localrule synth_generate:
    output: results/synth/regime=easy/d=10/num_cycles=5/density=0.3/samp_size=10000/seed=2/dataset.npz
    jobid: 162
    reason: Missing output files: results/synth/regime=easy/d=10/num_cycles=5/density=0.3/samp_size=10000/seed=2/dataset.npz
    wildcards: regime=easy, d=10, num_cycles=5, density=0.3, samp_size=10000, seed=2
    resources: tmpdir=/tmp
Select jobs to execute...
[Wed Apr 29 22:33:31 2026]
Finished jobid: 368 (Rule: synth_generate)
33 of 166 steps (20%) done
Execute 1 jobs...
[Wed Apr 29 22:33:31 2026]
localrule synth_fit:
    input: results/synth/regime=easy/d=10/num_cycles=3/density=0.3/samp_size=10000/seed=2/dataset.npz
    output: results/synth/regime=easy/d=10/num_cycles=3/density=0.3/samp_size=10000/seed=2/method=lacerda/model.pkl
    jobid: 55
    reason: Missing output files: results/synth/regime=easy/d=10/num_cycles=3/density=0.3/samp_size=10000/seed=2/method=lacerda/model.pkl; Input files updated by another job: results/synth/regime=easy/d=10/num_cycles=3/density=0.3/samp_size=10000/seed=2/dataset.npz; Params have changed since last execution: Union of exclusive params before and now across all output: before: [0.05, 0.1, 0.15, 0.2],'hsic',0.01,[0.01, 0.05, 0.1] now: <nothing exclusive> 
    wildcards: regime=easy, d=10, num_cycles=3, density=0.3, samp_size=10000, seed=2, method=lacerda
    resources: tmpdir=/tmp
Select jobs to execute...
[Wed Apr 29 22:33:31 2026]
Finished jobid: 374 (Rule: synth_generate)
34 of 166 steps (20%) done
Execute 1 jobs...
[Wed Apr 29 22:33:31 2026]
localrule synth_fit:
    input: results/synth/regime=easy/d=10/num_cycles=5/density=0.8/samp_size=5000/seed=2/dataset.npz
    output: results/synth/regime=easy/d=10/num_cycles=5/density=0.8/samp_size=5000/seed=2/method=lacerda/model.pkl
    jobid: 480
    reason: Missing output files: results/synth/regime=easy/d=10/num_cycles=5/density=0.8/samp_size=5000/seed=2/method=lacerda/model.pkl; Input files updated by another job: results/synth/regime=easy/d=10/num_cycles=5/density=0.8/samp_size=5000/seed=2/dataset.npz; Params have changed since last execution: Union of exclusive params before and now across all output: before: [0.05, 0.1, 0.15, 0.2],'hsic',0.01,[0.01, 0.05, 0.1] now: <nothing exclusive> 
    wildcards: regime=easy, d=10, num_cycles=5, density=0.8, samp_size=5000, seed=2, method=lacerda
    resources: tmpdir=/tmp
[Wed Apr 29 22:33:31 2026]
Finished jobid: 45 (Rule: synth_generate)
35 of 166 steps (21%) done
Select jobs to execute...
Execute 1 jobs...
[Wed Apr 29 22:33:31 2026]
localrule synth_fit:
    input: results/synth/regime=easy/d=10/num_cycles=4/density=0.3/samp_size=5000/seed=2/dataset.npz
    output: results/synth/regime=easy/d=10/num_cycles=4/density=0.3/samp_size=5000/seed=2/method=lacerda/model.pkl
    jobid: 100
    reason: Missing output files: results/synth/regime=easy/d=10/num_cycles=4/density=0.3/samp_size=5000/seed=2/method=lacerda/model.pkl; Input files updated by another job: results/synth/regime=easy/d=10/num_cycles=4/density=0.3/samp_size=5000/seed=2/dataset.npz; Params have changed since last execution: Union of exclusive params before and now across all output: before: [0.05, 0.1, 0.15, 0.2],'hsic',0.01,[0.01, 0.05, 0.1] now: <nothing exclusive> 
    wildcards: regime=easy, d=10, num_cycles=4, density=0.3, samp_size=5000, seed=2, method=lacerda
    resources: tmpdir=/tmp
[Wed Apr 29 22:33:31 2026]
Finished jobid: 428 (Rule: synth_generate)
36 of 166 steps (22%) done
Select jobs to execute...
Execute 1 jobs...
[Wed Apr 29 22:33:31 2026]
localrule synth_fit:
    input: results/synth/regime=easy/d=10/num_cycles=4/density=0.5/samp_size=5000/seed=0/dataset.npz
    output: results/synth/regime=easy/d=10/num_cycles=4/density=0.5/samp_size=5000/seed=0/method=lacerda/model.pkl
    jobid: 257
    reason: Missing output files: results/synth/regime=easy/d=10/num_cycles=4/density=0.5/samp_size=5000/seed=0/method=lacerda/model.pkl; Input files updated by another job: results/synth/regime=easy/d=10/num_cycles=4/density=0.5/samp_size=5000/seed=0/dataset.npz; Params have changed since last execution: Union of exclusive params before and now across all output: before: [0.05, 0.1, 0.15, 0.2],'hsic',0.01,[0.01, 0.05, 0.1] now: <nothing exclusive> 
    wildcards: regime=easy, d=10, num_cycles=4, density=0.5, samp_size=5000, seed=0, method=lacerda
    resources: tmpdir=/tmp
Select jobs to execute...
[Wed Apr 29 22:33:31 2026]
Finished jobid: 51 (Rule: synth_generate)
37 of 166 steps (22%) done
Execute 1 jobs...
[Wed Apr 29 22:33:31 2026]
localrule synth_fit:
    input: results/synth/regime=easy/d=10/num_cycles=5/density=0.3/samp_size=10000/seed=0/dataset.npz
    output: results/synth/regime=easy/d=10/num_cycles=5/density=0.3/samp_size=10000/seed=0/method=lacerda/model.pkl
    jobid: 157
    reason: Missing output files: results/synth/regime=easy/d=10/num_cycles=5/density=0.3/samp_size=10000/seed=0/method=lacerda/model.pkl; Input files updated by another job: results/synth/regime=easy/d=10/num_cycles=5/density=0.3/samp_size=10000/seed=0/dataset.npz; Params have changed since last execution: Union of exclusive params before and now across all output: before: [0.05, 0.1, 0.15, 0.2],'hsic',0.01,[0.01, 0.05, 0.1] now: <nothing exclusive> 
    wildcards: regime=easy, d=10, num_cycles=5, density=0.3, samp_size=10000, seed=0, method=lacerda
    resources: tmpdir=/tmp
[Wed Apr 29 22:33:31 2026]
Finished jobid: 48 (Rule: synth_generate)
38 of 166 steps (23%) done
[Wed Apr 29 22:33:31 2026]
Finished jobid: 473 (Rule: synth_generate)
39 of 166 steps (23%) done
Select jobs to execute...
Execute 2 jobs...
[Wed Apr 29 22:33:31 2026]
localrule synth_fit:
    input: results/synth/regime=easy/d=10/num_cycles=3/density=0.8/samp_size=5000/seed=1/dataset.npz
    output: results/synth/regime=easy/d=10/num_cycles=3/density=0.8/samp_size=5000/seed=1/method=lacerda/model.pkl
    jobid: 369
    reason: Missing output files: results/synth/regime=easy/d=10/num_cycles=3/density=0.8/samp_size=5000/seed=1/method=lacerda/model.pkl; Input files updated by another job: results/synth/regime=easy/d=10/num_cycles=3/density=0.8/samp_size=5000/seed=1/dataset.npz; Params have changed since last execution: Union of exclusive params before and now across all output: before: [0.05, 0.1, 0.15, 0.2],'hsic',0.01,[0.01, 0.05, 0.1] now: <nothing exclusive> 
    wildcards: regime=easy, d=10, num_cycles=3, density=0.8, samp_size=5000, seed=1, method=lacerda
    resources: tmpdir=/tmp
[Wed Apr 29 22:33:31 2026]
localrule synth_generate:
    output: results/synth/regime=easy/d=10/num_cycles=4/density=0.8/samp_size=5000/seed=0/dataset.npz
    jobid: 419
    reason: Missing output files: results/synth/regime=easy/d=10/num_cycles=4/density=0.8/samp_size=5000/seed=0/dataset.npz
    wildcards: regime=easy, d=10, num_cycles=4, density=0.8, samp_size=5000, seed=0
    resources: tmpdir=/tmp
[Wed Apr 29 22:33:31 2026]
Finished jobid: 93 (Rule: synth_generate)
40 of 166 steps (24%) done
Select jobs to execute...
Execute 1 jobs...
[Wed Apr 29 22:33:31 2026]
localrule synth_fit:
    input: results/synth/regime=easy/d=10/num_cycles=3/density=0.5/samp_size=10000/seed=0/dataset.npz
    output: results/synth/regime=easy/d=10/num_cycles=3/density=0.5/samp_size=10000/seed=0/method=lacerda/model.pkl
    jobid: 212
    reason: Missing output files: results/synth/regime=easy/d=10/num_cycles=3/density=0.5/samp_size=10000/seed=0/method=lacerda/model.pkl; Input files updated by another job: results/synth/regime=easy/d=10/num_cycles=3/density=0.5/samp_size=10000/seed=0/dataset.npz; Params have changed since last execution: Union of exclusive params before and now across all output: before: [0.05, 0.1, 0.15, 0.2],'hsic',0.01,[0.01, 0.05, 0.1] now: <nothing exclusive> 
    wildcards: regime=easy, d=10, num_cycles=3, density=0.5, samp_size=10000, seed=0, method=lacerda
    resources: tmpdir=/tmp
[Wed Apr 29 22:33:31 2026]
Finished jobid: 271 (Rule: synth_generate)
41 of 166 steps (25%) done
Select jobs to execute...
Execute 1 jobs...
[Wed Apr 29 22:33:31 2026]
localrule synth_fit:
    input: results/synth/regime=easy/d=10/num_cycles=3/density=0.3/samp_size=5000/seed=2/dataset.npz
    output: results/synth/regime=easy/d=10/num_cycles=3/density=0.3/samp_size=5000/seed=2/method=lacerda/model.pkl
    jobid: 46
    reason: Missing output files: results/synth/regime=easy/d=10/num_cycles=3/density=0.3/samp_size=5000/seed=2/method=lacerda/model.pkl; Input files updated by another job: results/synth/regime=easy/d=10/num_cycles=3/density=0.3/samp_size=5000/seed=2/dataset.npz; Params have changed since last execution: Union of exclusive params before and now across all output: before: [0.05, 0.1, 0.15, 0.2],'hsic',0.01,[0.01, 0.05, 0.1] now: <nothing exclusive> 
    wildcards: regime=easy, d=10, num_cycles=3, density=0.3, samp_size=5000, seed=2, method=lacerda
    resources: tmpdir=/tmp
[Wed Apr 29 22:33:31 2026]
Finished jobid: 371 (Rule: synth_generate)
42 of 166 steps (25%) done
Select jobs to execute...
Execute 1 jobs...
[Wed Apr 29 22:33:31 2026]
localrule synth_fit:
    input: results/synth/regime=easy/d=10/num_cycles=3/density=0.8/samp_size=5000/seed=2/dataset.npz
    output: results/synth/regime=easy/d=10/num_cycles=3/density=0.8/samp_size=5000/seed=2/method=lacerda/model.pkl
    jobid: 372
    reason: Missing output files: results/synth/regime=easy/d=10/num_cycles=3/density=0.8/samp_size=5000/seed=2/method=lacerda/model.pkl; Input files updated by another job: results/synth/regime=easy/d=10/num_cycles=3/density=0.8/samp_size=5000/seed=2/dataset.npz; Params have changed since last execution: Union of exclusive params before and now across all output: before: [0.05, 0.1, 0.15, 0.2],'hsic',0.01,[0.01, 0.05, 0.1] now: <nothing exclusive> 
    wildcards: regime=easy, d=10, num_cycles=3, density=0.8, samp_size=5000, seed=2, method=lacerda
    resources: tmpdir=/tmp
[Wed Apr 29 22:33:31 2026]
Finished jobid: 205 (Rule: synth_generate)
43 of 166 steps (26%) done
Select jobs to execute...
Execute 1 jobs...
[Wed Apr 29 22:33:31 2026]
localrule synth_fit:
    input: results/synth/regime=easy/d=10/num_cycles=4/density=0.5/samp_size=10000/seed=2/dataset.npz
    output: results/synth/regime=easy/d=10/num_cycles=4/density=0.5/samp_size=10000/seed=2/method=lacerda/model.pkl
    jobid: 272
    reason: Missing output files: results/synth/regime=easy/d=10/num_cycles=4/density=0.5/samp_size=10000/seed=2/method=lacerda/model.pkl; Input files updated by another job: results/synth/regime=easy/d=10/num_cycles=4/density=0.5/samp_size=10000/seed=2/dataset.npz; Params have changed since last execution: Union of exclusive params before and now across all output: before: [0.05, 0.1, 0.15, 0.2],'hsic',0.01,[0.01, 0.05, 0.1] now: <nothing exclusive> 
    wildcards: regime=easy, d=10, num_cycles=4, density=0.5, samp_size=10000, seed=2, method=lacerda
    resources: tmpdir=/tmp
[Wed Apr 29 22:33:31 2026]
Finished jobid: 105 (Rule: synth_generate)
44 of 166 steps (27%) done
[Wed Apr 29 22:33:31 2026]
Finished jobid: 316 (Rule: synth_generate)
45 of 166 steps (27%) done
[Wed Apr 29 22:33:31 2026]
Finished jobid: 214 (Rule: synth_generate)
46 of 166 steps (28%) done
Select jobs to execute...
Execute 3 jobs...
[Wed Apr 29 22:33:31 2026]
localrule synth_fit:
    input: results/synth/regime=easy/d=10/num_cycles=5/density=0.5/samp_size=5000/seed=2/dataset.npz
    output: results/synth/regime=easy/d=10/num_cycles=5/density=0.5/samp_size=5000/seed=2/method=lacerda/model.pkl
    jobid: 317
    reason: Missing output files: results/synth/regime=easy/d=10/num_cycles=5/density=0.5/samp_size=5000/seed=2/method=lacerda/model.pkl; Input files updated by another job: results/synth/regime=easy/d=10/num_cycles=5/density=0.5/samp_size=5000/seed=2/dataset.npz; Params have changed since last execution: Union of exclusive params before and now across all output: before: [0.05, 0.1, 0.15, 0.2],'hsic',0.01,[0.01, 0.05, 0.1] now: <nothing exclusive> 
    wildcards: regime=easy, d=10, num_cycles=5, density=0.5, samp_size=5000, seed=2, method=lacerda
    resources: tmpdir=/tmp
[Wed Apr 29 22:33:31 2026]
localrule synth_fit:
    input: results/synth/regime=easy/d=10/num_cycles=5/density=0.3/samp_size=5000/seed=1/dataset.npz
    output: results/synth/regime=easy/d=10/num_cycles=5/density=0.3/samp_size=5000/seed=1/method=lacerda/model.pkl
    jobid: 151
    reason: Missing output files: results/synth/regime=easy/d=10/num_cycles=5/density=0.3/samp_size=5000/seed=1/method=lacerda/model.pkl; Input files updated by another job: results/synth/regime=easy/d=10/num_cycles=5/density=0.3/samp_size=5000/seed=1/dataset.npz; Params have changed since last execution: Union of exclusive params before and now across all output: before: [0.05, 0.1, 0.15, 0.2],'hsic',0.01,[0.01, 0.05, 0.1] now: <nothing exclusive> 
    wildcards: regime=easy, d=10, num_cycles=5, density=0.3, samp_size=5000, seed=1, method=lacerda
    resources: tmpdir=/tmp
[Wed Apr 29 22:33:31 2026]
localrule synth_generate:
    output: results/synth/regime=easy/d=10/num_cycles=3/density=0.3/samp_size=5000/seed=0/dataset.npz
    jobid: 39
    reason: Missing output files: results/synth/regime=easy/d=10/num_cycles=3/density=0.3/samp_size=5000/seed=0/dataset.npz
    wildcards: regime=easy, d=10, num_cycles=3, density=0.3, samp_size=5000, seed=0
    resources: tmpdir=/tmp
[Wed Apr 29 22:33:31 2026]
Finished jobid: 313 (Rule: synth_generate)
47 of 166 steps (28%) done
Select jobs to execute...
Execute 1 jobs...
[Wed Apr 29 22:33:31 2026]
localrule synth_fit:
    input: results/synth/regime=easy/d=10/num_cycles=5/density=0.5/samp_size=5000/seed=1/dataset.npz
    output: results/synth/regime=easy/d=10/num_cycles=5/density=0.5/samp_size=5000/seed=1/method=lacerda/model.pkl
    jobid: 314
    reason: Missing output files: results/synth/regime=easy/d=10/num_cycles=5/density=0.5/samp_size=5000/seed=1/method=lacerda/model.pkl; Input files updated by another job: results/synth/regime=easy/d=10/num_cycles=5/density=0.5/samp_size=5000/seed=1/dataset.npz; Params have changed since last execution: Union of exclusive params before and now across all output: before: [0.05, 0.1, 0.15, 0.2],'hsic',0.01,[0.01, 0.05, 0.1] now: <nothing exclusive> 
    wildcards: regime=easy, d=10, num_cycles=5, density=0.5, samp_size=5000, seed=1, method=lacerda
    resources: tmpdir=/tmp
[Wed Apr 29 22:33:31 2026]
Finished jobid: 262 (Rule: synth_generate)
48 of 166 steps (29%) done
[Wed Apr 29 22:33:31 2026]
Finished jobid: 485 (Rule: synth_generate)
49 of 166 steps (30%) done
Select jobs to execute...
Execute 2 jobs...
[Wed Apr 29 22:33:31 2026]
localrule synth_fit:
    input: results/synth/regime=easy/d=10/num_cycles=5/density=0.5/samp_size=10000/seed=1/dataset.npz
    output: results/synth/regime=easy/d=10/num_cycles=5/density=0.5/samp_size=10000/seed=1/method=lacerda/model.pkl
    jobid: 323
    reason: Missing output files: results/synth/regime=easy/d=10/num_cycles=5/density=0.5/samp_size=10000/seed=1/method=lacerda/model.pkl; Input files updated by another job: results/synth/regime=easy/d=10/num_cycles=5/density=0.5/samp_size=10000/seed=1/dataset.npz; Params have changed since last execution: Union of exclusive params before and now across all output: before: [0.05, 0.1, 0.15, 0.2],'hsic',0.01,[0.01, 0.05, 0.1] now: <nothing exclusive> 
    wildcards: regime=easy, d=10, num_cycles=5, density=0.5, samp_size=10000, seed=1, method=lacerda
    resources: tmpdir=/tmp
[Wed Apr 29 22:33:31 2026]
localrule synth_fit:
    input: results/synth/regime=easy/d=10/num_cycles=3/density=0.5/samp_size=5000/seed=1/dataset.npz
    output: results/synth/regime=easy/d=10/num_cycles=3/density=0.5/samp_size=5000/seed=1/method=lacerda/model.pkl
    jobid: 206
    reason: Missing output files: results/synth/regime=easy/d=10/num_cycles=3/density=0.5/samp_size=5000/seed=1/method=lacerda/model.pkl; Input files updated by another job: results/synth/regime=easy/d=10/num_cycles=3/density=0.5/samp_size=5000/seed=1/dataset.npz; Params have changed since last execution: Union of exclusive params before and now across all output: before: [0.05, 0.1, 0.15, 0.2],'hsic',0.01,[0.01, 0.05, 0.1] now: <nothing exclusive> 
    wildcards: regime=easy, d=10, num_cycles=3, density=0.5, samp_size=5000, seed=1, method=lacerda
    resources: tmpdir=/tmp
[Wed Apr 29 22:33:31 2026]
Finished jobid: 269 (Rule: synth_fit)
50 of 166 steps (30%) done
Select jobs to execute...
Execute 1 jobs...
[Wed Apr 29 22:33:31 2026]
localrule synth_evaluate:
    input: results/synth/regime=easy/d=10/num_cycles=4/density=0.5/samp_size=10000/seed=1/dataset.npz, results/synth/regime=easy/d=10/num_cycles=4/density=0.5/samp_size=10000/seed=1/method=lacerda/model.pkl
    output: results/synth/regime=easy/d=10/num_cycles=4/density=0.5/samp_size=10000/seed=1/method=lacerda/metrics.csv
    jobid: 267
    reason: Missing output files: results/synth/regime=easy/d=10/num_cycles=4/density=0.5/samp_size=10000/seed=1/method=lacerda/metrics.csv; Input files updated by another job: results/synth/regime=easy/d=10/num_cycles=4/density=0.5/samp_size=10000/seed=1/method=lacerda/model.pkl, results/synth/regime=easy/d=10/num_cycles=4/density=0.5/samp_size=10000/seed=1/dataset.npz
    wildcards: regime=easy, d=10, num_cycles=4, density=0.5, samp_size=10000, seed=1, method=lacerda
    resources: tmpdir=/tmp
Select jobs to execute...
[Wed Apr 29 22:33:31 2026]
Finished jobid: 162 (Rule: synth_generate)
51 of 166 steps (31%) done
[Wed Apr 29 22:33:31 2026]
Finished jobid: 203 (Rule: synth_fit)
52 of 166 steps (31%) done
Execute 2 jobs...
[Wed Apr 29 22:33:31 2026]
localrule synth_evaluate:
    input: results/synth/regime=easy/d=10/num_cycles=3/density=0.5/samp_size=5000/seed=0/dataset.npz, results/synth/regime=easy/d=10/num_cycles=3/density=0.5/samp_size=5000/seed=0/method=lacerda/model.pkl
    output: results/synth/regime=easy/d=10/num_cycles=3/density=0.5/samp_size=5000/seed=0/method=lacerda/metrics.csv
    jobid: 201
    reason: Missing output files: results/synth/regime=easy/d=10/num_cycles=3/density=0.5/samp_size=5000/seed=0/method=lacerda/metrics.csv; Input files updated by another job: results/synth/regime=easy/d=10/num_cycles=3/density=0.5/samp_size=5000/seed=0/method=lacerda/model.pkl, results/synth/regime=easy/d=10/num_cycles=3/density=0.5/samp_size=5000/seed=0/dataset.npz
    wildcards: regime=easy, d=10, num_cycles=3, density=0.5, samp_size=5000, seed=0, method=lacerda
    resources: tmpdir=/tmp
[Wed Apr 29 22:33:31 2026]
localrule synth_fit:
    input: results/synth/regime=easy/d=10/num_cycles=4/density=0.3/samp_size=10000/seed=1/dataset.npz
    output: results/synth/regime=easy/d=10/num_cycles=4/density=0.3/samp_size=10000/seed=1/method=lacerda/model.pkl
    jobid: 106
    reason: Missing output files: results/synth/regime=easy/d=10/num_cycles=4/density=0.3/samp_size=10000/seed=1/method=lacerda/model.pkl; Input files updated by another job: results/synth/regime=easy/d=10/num_cycles=4/density=0.3/samp_size=10000/seed=1/dataset.npz; Params have changed since last execution: Union of exclusive params before and now across all output: before: [0.05, 0.1, 0.15, 0.2],'hsic',0.01,[0.01, 0.05, 0.1] now: <nothing exclusive> 
    wildcards: regime=easy, d=10, num_cycles=4, density=0.3, samp_size=10000, seed=1, method=lacerda
    resources: tmpdir=/tmp
[Wed Apr 29 22:33:31 2026]
Finished jobid: 148 (Rule: synth_fit)
53 of 166 steps (32%) done
Select jobs to execute...
Execute 1 jobs...
[Wed Apr 29 22:33:31 2026]
localrule synth_fit:
    input: results/synth/regime=easy/d=10/num_cycles=3/density=0.5/samp_size=10000/seed=1/dataset.npz
    output: results/synth/regime=easy/d=10/num_cycles=3/density=0.5/samp_size=10000/seed=1/method=lacerda/model.pkl
    jobid: 215
    reason: Missing output files: results/synth/regime=easy/d=10/num_cycles=3/density=0.5/samp_size=10000/seed=1/method=lacerda/model.pkl; Input files updated by another job: results/synth/regime=easy/d=10/num_cycles=3/density=0.5/samp_size=10000/seed=1/dataset.npz; Params have changed since last execution: Union of exclusive params before and now across all output: before: [0.05, 0.1, 0.15, 0.2],'hsic',0.01,[0.01, 0.05, 0.1] now: <nothing exclusive> 
    wildcards: regime=easy, d=10, num_cycles=3, density=0.5, samp_size=10000, seed=1, method=lacerda
    resources: tmpdir=/tmp
[Wed Apr 29 22:33:31 2026]
Finished jobid: 103 (Rule: synth_fit)
54 of 166 steps (33%) done
Select jobs to execute...
Execute 1 jobs...
[Wed Apr 29 22:33:31 2026]
localrule synth_fit:
    input: results/synth/regime=easy/d=10/num_cycles=4/density=0.8/samp_size=10000/seed=0/dataset.npz
    output: results/synth/regime=easy/d=10/num_cycles=4/density=0.8/samp_size=10000/seed=0/method=lacerda/model.pkl
    jobid: 429
    reason: Missing output files: results/synth/regime=easy/d=10/num_cycles=4/density=0.8/samp_size=10000/seed=0/method=lacerda/model.pkl; Input files updated by another job: results/synth/regime=easy/d=10/num_cycles=4/density=0.8/samp_size=10000/seed=0/dataset.npz; Params have changed since last execution: Union of exclusive params before and now across all output: before: [0.05, 0.1, 0.15, 0.2],'hsic',0.01,[0.01, 0.05, 0.1] now: <nothing exclusive> 
    wildcards: regime=easy, d=10, num_cycles=4, density=0.8, samp_size=10000, seed=0, method=lacerda
    resources: tmpdir=/tmp
[Wed Apr 29 22:33:31 2026]
Finished jobid: 326 (Rule: synth_fit)
55 of 166 steps (33%) done
Select jobs to execute...
Execute 1 jobs...
[Wed Apr 29 22:33:31 2026]
localrule synth_fit:
    input: results/synth/regime=easy/d=10/num_cycles=3/density=0.3/samp_size=10000/seed=0/dataset.npz
    output: results/synth/regime=easy/d=10/num_cycles=3/density=0.3/samp_size=10000/seed=0/method=lacerda/model.pkl
    jobid: 49
    reason: Missing output files: results/synth/regime=easy/d=10/num_cycles=3/density=0.3/samp_size=10000/seed=0/method=lacerda/model.pkl; Input files updated by another job: results/synth/regime=easy/d=10/num_cycles=3/density=0.3/samp_size=10000/seed=0/dataset.npz; Params have changed since last execution: Union of exclusive params before and now across all output: before: [0.05, 0.1, 0.15, 0.2],'hsic',0.01,[0.01, 0.05, 0.1] now: <nothing exclusive> 
    wildcards: regime=easy, d=10, num_cycles=3, density=0.3, samp_size=10000, seed=0, method=lacerda
    resources: tmpdir=/tmp
[Wed Apr 29 22:33:31 2026]
Finished jobid: 381 (Rule: synth_fit)
56 of 166 steps (34%) done
[Wed Apr 29 22:33:31 2026]
Finished jobid: 260 (Rule: synth_fit)
57 of 166 steps (34%) done
Select jobs to execute...
Execute 2 jobs...
[Wed Apr 29 22:33:31 2026]
localrule synth_fit:
    input: results/synth/regime=easy/d=10/num_cycles=5/density=0.8/samp_size=5000/seed=0/dataset.npz
    output: results/synth/regime=easy/d=10/num_cycles=5/density=0.8/samp_size=5000/seed=0/method=lacerda/model.pkl
    jobid: 474
    reason: Missing output files: results/synth/regime=easy/d=10/num_cycles=5/density=0.8/samp_size=5000/seed=0/method=lacerda/model.pkl; Input files updated by another job: results/synth/regime=easy/d=10/num_cycles=5/density=0.8/samp_size=5000/seed=0/dataset.npz; Params have changed since last execution: Union of exclusive params before and now across all output: before: [0.05, 0.1, 0.15, 0.2],'hsic',0.01,[0.01, 0.05, 0.1] now: <nothing exclusive> 
    wildcards: regime=easy, d=10, num_cycles=5, density=0.8, samp_size=5000, seed=0, method=lacerda
    resources: tmpdir=/tmp
[Wed Apr 29 22:33:31 2026]
localrule synth_fit:
    input: results/synth/regime=easy/d=10/num_cycles=5/density=0.3/samp_size=10000/seed=2/dataset.npz
    output: results/synth/regime=easy/d=10/num_cycles=5/density=0.3/samp_size=10000/seed=2/method=lacerda/model.pkl
    jobid: 163
    reason: Missing output files: results/synth/regime=easy/d=10/num_cycles=5/density=0.3/samp_size=10000/seed=2/method=lacerda/model.pkl; Input files updated by another job: results/synth/regime=easy/d=10/num_cycles=5/density=0.3/samp_size=10000/seed=2/dataset.npz; Params have changed since last execution: Union of exclusive params before and now across all output: before: [0.05, 0.1, 0.15, 0.2],'hsic',0.01,[0.01, 0.05, 0.1] now: <nothing exclusive> 
    wildcards: regime=easy, d=10, num_cycles=5, density=0.3, samp_size=10000, seed=2, method=lacerda
    resources: tmpdir=/tmp
[Wed Apr 29 22:33:31 2026]
Finished jobid: 97 (Rule: synth_fit)
58 of 166 steps (35%) done
[Wed Apr 29 22:33:31 2026]
Finished jobid: 160 (Rule: synth_fit)
59 of 166 steps (36%) done
[Wed Apr 29 22:33:31 2026]
Finished jobid: 483 (Rule: synth_fit)
60 of 166 steps (36%) done
Select jobs to execute...
Execute 3 jobs...
[Wed Apr 29 22:33:31 2026]
localrule synth_evaluate:
    input: results/synth/regime=easy/d=10/num_cycles=5/density=0.8/samp_size=10000/seed=0/dataset.npz, results/synth/regime=easy/d=10/num_cycles=5/density=0.8/samp_size=10000/seed=0/method=lacerda/model.pkl
    output: results/synth/regime=easy/d=10/num_cycles=5/density=0.8/samp_size=10000/seed=0/method=lacerda/metrics.csv
    jobid: 481
    reason: Missing output files: results/synth/regime=easy/d=10/num_cycles=5/density=0.8/samp_size=10000/seed=0/method=lacerda/metrics.csv; Input files updated by another job: results/synth/regime=easy/d=10/num_cycles=5/density=0.8/samp_size=10000/seed=0/dataset.npz, results/synth/regime=easy/d=10/num_cycles=5/density=0.8/samp_size=10000/seed=0/method=lacerda/model.pkl
    wildcards: regime=easy, d=10, num_cycles=5, density=0.8, samp_size=10000, seed=0, method=lacerda
    resources: tmpdir=/tmp
[Wed Apr 29 22:33:31 2026]
localrule synth_fit:
    input: results/synth/regime=easy/d=10/num_cycles=5/density=0.8/samp_size=10000/seed=1/dataset.npz
    output: results/synth/regime=easy/d=10/num_cycles=5/density=0.8/samp_size=10000/seed=1/method=lacerda/model.pkl
    jobid: 486
    reason: Missing output files: results/synth/regime=easy/d=10/num_cycles=5/density=0.8/samp_size=10000/seed=1/method=lacerda/model.pkl; Input files updated by another job: results/synth/regime=easy/d=10/num_cycles=5/density=0.8/samp_size=10000/seed=1/dataset.npz; Params have changed since last execution: Union of exclusive params before and now across all output: before: [0.05, 0.1, 0.15, 0.2],'hsic',0.01,[0.01, 0.05, 0.1] now: <nothing exclusive> 
    wildcards: regime=easy, d=10, num_cycles=5, density=0.8, samp_size=10000, seed=1, method=lacerda
    resources: tmpdir=/tmp
[Wed Apr 29 22:33:31 2026]
localrule synth_evaluate:
    input: results/synth/regime=easy/d=10/num_cycles=5/density=0.3/samp_size=5000/seed=0/dataset.npz, results/synth/regime=easy/d=10/num_cycles=5/density=0.3/samp_size=5000/seed=0/method=lacerda/model.pkl
    output: results/synth/regime=easy/d=10/num_cycles=5/density=0.3/samp_size=5000/seed=0/method=lacerda/metrics.csv
    jobid: 146
    reason: Missing output files: results/synth/regime=easy/d=10/num_cycles=5/density=0.3/samp_size=5000/seed=0/method=lacerda/metrics.csv; Input files updated by another job: results/synth/regime=easy/d=10/num_cycles=5/density=0.3/samp_size=5000/seed=0/dataset.npz, results/synth/regime=easy/d=10/num_cycles=5/density=0.3/samp_size=5000/seed=0/method=lacerda/model.pkl
    wildcards: regime=easy, d=10, num_cycles=5, density=0.3, samp_size=5000, seed=0, method=lacerda
    resources: tmpdir=/tmp
[Wed Apr 29 22:33:31 2026]
Finished jobid: 426 (Rule: synth_fit)
61 of 166 steps (37%) done
[Wed Apr 29 22:33:31 2026]
Finished jobid: 154 (Rule: synth_fit)
62 of 166 steps (37%) done
Select jobs to execute...
Execute 2 jobs...
[Wed Apr 29 22:33:31 2026]
localrule synth_evaluate:
    input: results/synth/regime=easy/d=10/num_cycles=4/density=0.3/samp_size=5000/seed=1/dataset.npz, results/synth/regime=easy/d=10/num_cycles=4/density=0.3/samp_size=5000/seed=1/method=lacerda/model.pkl
    output: results/synth/regime=easy/d=10/num_cycles=4/density=0.3/samp_size=5000/seed=1/method=lacerda/metrics.csv
    jobid: 95
    reason: Missing output files: results/synth/regime=easy/d=10/num_cycles=4/density=0.3/samp_size=5000/seed=1/method=lacerda/metrics.csv; Input files updated by another job: results/synth/regime=easy/d=10/num_cycles=4/density=0.3/samp_size=5000/seed=1/dataset.npz, results/synth/regime=easy/d=10/num_cycles=4/density=0.3/samp_size=5000/seed=1/method=lacerda/model.pkl
    wildcards: regime=easy, d=10, num_cycles=4, density=0.3, samp_size=5000, seed=1, method=lacerda
    resources: tmpdir=/tmp
[Wed Apr 29 22:33:31 2026]
localrule synth_evaluate:
    input: results/synth/regime=easy/d=10/num_cycles=4/density=0.8/samp_size=5000/seed=2/dataset.npz, results/synth/regime=easy/d=10/num_cycles=4/density=0.8/samp_size=5000/seed=2/method=lacerda/model.pkl
    output: results/synth/regime=easy/d=10/num_cycles=4/density=0.8/samp_size=5000/seed=2/method=lacerda/metrics.csv
    jobid: 424
    reason: Missing output files: results/synth/regime=easy/d=10/num_cycles=4/density=0.8/samp_size=5000/seed=2/method=lacerda/metrics.csv; Input files updated by another job: results/synth/regime=easy/d=10/num_cycles=4/density=0.8/samp_size=5000/seed=2/method=lacerda/model.pkl, results/synth/regime=easy/d=10/num_cycles=4/density=0.8/samp_size=5000/seed=2/dataset.npz
    wildcards: regime=easy, d=10, num_cycles=4, density=0.8, samp_size=5000, seed=2, method=lacerda
    resources: tmpdir=/tmp
Select jobs to execute...
[Wed Apr 29 22:33:31 2026]
Finished jobid: 423 (Rule: synth_fit)
63 of 166 steps (38%) done
Execute 1 jobs...
[Wed Apr 29 22:33:31 2026]
localrule synth_evaluate:
    input: results/synth/regime=easy/d=10/num_cycles=5/density=0.3/samp_size=10000/seed=1/dataset.npz, results/synth/regime=easy/d=10/num_cycles=5/density=0.3/samp_size=10000/seed=1/method=lacerda/model.pkl
    output: results/synth/regime=easy/d=10/num_cycles=5/density=0.3/samp_size=10000/seed=1/method=lacerda/metrics.csv
    jobid: 158
    reason: Missing output files: results/synth/regime=easy/d=10/num_cycles=5/density=0.3/samp_size=10000/seed=1/method=lacerda/metrics.csv; Input files updated by another job: results/synth/regime=easy/d=10/num_cycles=5/density=0.3/samp_size=10000/seed=1/method=lacerda/model.pkl, results/synth/regime=easy/d=10/num_cycles=5/density=0.3/samp_size=10000/seed=1/dataset.npz
    wildcards: regime=easy, d=10, num_cycles=5, density=0.3, samp_size=10000, seed=1, method=lacerda
    resources: tmpdir=/tmp
Select jobs to execute...
[Wed Apr 29 22:33:31 2026]
Finished jobid: 489 (Rule: synth_fit)
64 of 166 steps (39%) done
Execute 1 jobs...
[Wed Apr 29 22:33:31 2026]
localrule synth_evaluate:
    input: results/synth/regime=easy/d=10/num_cycles=5/density=0.8/samp_size=10000/seed=2/dataset.npz, results/synth/regime=easy/d=10/num_cycles=5/density=0.8/samp_size=10000/seed=2/method=lacerda/model.pkl
    output: results/synth/regime=easy/d=10/num_cycles=5/density=0.8/samp_size=10000/seed=2/method=lacerda/metrics.csv
    jobid: 487
    reason: Missing output files: results/synth/regime=easy/d=10/num_cycles=5/density=0.8/samp_size=10000/seed=2/method=lacerda/metrics.csv; Input files updated by another job: results/synth/regime=easy/d=10/num_cycles=5/density=0.8/samp_size=10000/seed=2/method=lacerda/model.pkl, results/synth/regime=easy/d=10/num_cycles=5/density=0.8/samp_size=10000/seed=2/dataset.npz
    wildcards: regime=easy, d=10, num_cycles=5, density=0.8, samp_size=10000, seed=2, method=lacerda
    resources: tmpdir=/tmp
Select jobs to execute...
[Wed Apr 29 22:33:32 2026]
Finished jobid: 55 (Rule: synth_fit)
65 of 166 steps (39%) done
Execute 1 jobs...
[Wed Apr 29 22:33:32 2026]
localrule synth_evaluate:
    input: results/synth/regime=easy/d=10/num_cycles=3/density=0.3/samp_size=10000/seed=2/dataset.npz, results/synth/regime=easy/d=10/num_cycles=3/density=0.3/samp_size=10000/seed=2/method=lacerda/model.pkl
    output: results/synth/regime=easy/d=10/num_cycles=3/density=0.3/samp_size=10000/seed=2/method=lacerda/metrics.csv
    jobid: 53
    reason: Missing output files: results/synth/regime=easy/d=10/num_cycles=3/density=0.3/samp_size=10000/seed=2/method=lacerda/metrics.csv; Input files updated by another job: results/synth/regime=easy/d=10/num_cycles=3/density=0.3/samp_size=10000/seed=2/dataset.npz, results/synth/regime=easy/d=10/num_cycles=3/density=0.3/samp_size=10000/seed=2/method=lacerda/model.pkl
    wildcards: regime=easy, d=10, num_cycles=3, density=0.3, samp_size=10000, seed=2, method=lacerda
    resources: tmpdir=/tmp
Select jobs to execute...
[Wed Apr 29 22:33:32 2026]
Finished jobid: 419 (Rule: synth_generate)
66 of 166 steps (40%) done
Execute 1 jobs...
[Wed Apr 29 22:33:32 2026]
localrule synth_generate:
    output: results/synth/regime=easy/d=10/num_cycles=3/density=0.5/samp_size=10000/seed=2/dataset.npz
    jobid: 217
    reason: Missing output files: results/synth/regime=easy/d=10/num_cycles=3/density=0.5/samp_size=10000/seed=2/dataset.npz
    wildcards: regime=easy, d=10, num_cycles=3, density=0.5, samp_size=10000, seed=2
    resources: tmpdir=/tmp
Select jobs to execute...
[Wed Apr 29 22:33:32 2026]
Finished jobid: 480 (Rule: synth_fit)
67 of 166 steps (40%) done
Execute 1 jobs...
[Wed Apr 29 22:33:32 2026]
localrule synth_evaluate:
    input: results/synth/regime=easy/d=10/num_cycles=5/density=0.8/samp_size=5000/seed=2/dataset.npz, results/synth/regime=easy/d=10/num_cycles=5/density=0.8/samp_size=5000/seed=2/method=lacerda/model.pkl
    output: results/synth/regime=easy/d=10/num_cycles=5/density=0.8/samp_size=5000/seed=2/method=lacerda/metrics.csv
    jobid: 478
    reason: Missing output files: results/synth/regime=easy/d=10/num_cycles=5/density=0.8/samp_size=5000/seed=2/method=lacerda/metrics.csv; Input files updated by another job: results/synth/regime=easy/d=10/num_cycles=5/density=0.8/samp_size=5000/seed=2/method=lacerda/model.pkl, results/synth/regime=easy/d=10/num_cycles=5/density=0.8/samp_size=5000/seed=2/dataset.npz
    wildcards: regime=easy, d=10, num_cycles=5, density=0.8, samp_size=5000, seed=2, method=lacerda
    resources: tmpdir=/tmp
Select jobs to execute...
[Wed Apr 29 22:33:32 2026]
Finished jobid: 257 (Rule: synth_fit)
68 of 166 steps (41%) done
[Wed Apr 29 22:33:32 2026]
Finished jobid: 100 (Rule: synth_fit)
69 of 166 steps (42%) done
[Wed Apr 29 22:33:32 2026]
Finished jobid: 39 (Rule: synth_generate)
70 of 166 steps (42%) done
Execute 3 jobs...
[Wed Apr 29 22:33:32 2026]
localrule synth_evaluate:
    input: results/synth/regime=easy/d=10/num_cycles=4/density=0.8/samp_size=5000/seed=1/dataset.npz, results/synth/regime=easy/d=10/num_cycles=4/density=0.8/samp_size=5000/seed=1/method=lacerda/model.pkl
    output: results/synth/regime=easy/d=10/num_cycles=4/density=0.8/samp_size=5000/seed=1/method=lacerda/metrics.csv
    jobid: 421
    reason: Missing output files: results/synth/regime=easy/d=10/num_cycles=4/density=0.8/samp_size=5000/seed=1/method=lacerda/metrics.csv; Input files updated by another job: results/synth/regime=easy/d=10/num_cycles=4/density=0.8/samp_size=5000/seed=1/method=lacerda/model.pkl, results/synth/regime=easy/d=10/num_cycles=4/density=0.8/samp_size=5000/seed=1/dataset.npz
    wildcards: regime=easy, d=10, num_cycles=4, density=0.8, samp_size=5000, seed=1, method=lacerda
    resources: tmpdir=/tmp
[Wed Apr 29 22:33:32 2026]
localrule synth_fit:
    input: results/synth/regime=easy/d=10/num_cycles=3/density=0.3/samp_size=5000/seed=0/dataset.npz
    output: results/synth/regime=easy/d=10/num_cycles=3/density=0.3/samp_size=5000/seed=0/method=lacerda/model.pkl
    jobid: 40
    reason: Missing output files: results/synth/regime=easy/d=10/num_cycles=3/density=0.3/samp_size=5000/seed=0/method=lacerda/model.pkl; Input files updated by another job: results/synth/regime=easy/d=10/num_cycles=3/density=0.3/samp_size=5000/seed=0/dataset.npz; Params have changed since last execution: Union of exclusive params before and now across all output: before: [0.05, 0.1, 0.15, 0.2],'hsic',0.01,[0.01, 0.05, 0.1] now: <nothing exclusive> 
    wildcards: regime=easy, d=10, num_cycles=3, density=0.3, samp_size=5000, seed=0, method=lacerda
    resources: tmpdir=/tmp
[Wed Apr 29 22:33:32 2026]
localrule synth_fit:
    input: results/synth/regime=easy/d=10/num_cycles=4/density=0.8/samp_size=5000/seed=0/dataset.npz
    output: results/synth/regime=easy/d=10/num_cycles=4/density=0.8/samp_size=5000/seed=0/method=lacerda/model.pkl
    jobid: 420
    reason: Missing output files: results/synth/regime=easy/d=10/num_cycles=4/density=0.8/samp_size=5000/seed=0/method=lacerda/model.pkl; Input files updated by another job: results/synth/regime=easy/d=10/num_cycles=4/density=0.8/samp_size=5000/seed=0/dataset.npz; Params have changed since last execution: Union of exclusive params before and now across all output: before: [0.05, 0.1, 0.15, 0.2],'hsic',0.01,[0.01, 0.05, 0.1] now: <nothing exclusive> 
    wildcards: regime=easy, d=10, num_cycles=4, density=0.8, samp_size=5000, seed=0, method=lacerda
    resources: tmpdir=/tmp
Select jobs to execute...
[Wed Apr 29 22:33:32 2026]
Finished jobid: 157 (Rule: synth_fit)
71 of 166 steps (43%) done
Execute 1 jobs...
[Wed Apr 29 22:33:32 2026]
localrule synth_fit:
    input: results/synth/regime=easy/d=10/num_cycles=3/density=0.8/samp_size=10000/seed=1/dataset.npz
    output: results/synth/regime=easy/d=10/num_cycles=3/density=0.8/samp_size=10000/seed=1/method=lacerda/model.pkl
    jobid: 378
    reason: Missing output files: results/synth/regime=easy/d=10/num_cycles=3/density=0.8/samp_size=10000/seed=1/method=lacerda/model.pkl; Input files updated by another job: results/synth/regime=easy/d=10/num_cycles=3/density=0.8/samp_size=10000/seed=1/dataset.npz; Params have changed since last execution: Union of exclusive params before and now across all output: before: [0.05, 0.1, 0.15, 0.2],'hsic',0.01,[0.01, 0.05, 0.1] now: <nothing exclusive> 
    wildcards: regime=easy, d=10, num_cycles=3, density=0.8, samp_size=10000, seed=1, method=lacerda
    resources: tmpdir=/tmp
Select jobs to execute...
[Wed Apr 29 22:33:32 2026]
Finished jobid: 369 (Rule: synth_fit)
72 of 166 steps (43%) done
Execute 1 jobs...
[Wed Apr 29 22:33:32 2026]
localrule synth_evaluate:
    input: results/synth/regime=easy/d=10/num_cycles=3/density=0.8/samp_size=5000/seed=1/dataset.npz, results/synth/regime=easy/d=10/num_cycles=3/density=0.8/samp_size=5000/seed=1/method=lacerda/model.pkl
    output: results/synth/regime=easy/d=10/num_cycles=3/density=0.8/samp_size=5000/seed=1/method=lacerda/metrics.csv
    jobid: 367
    reason: Missing output files: results/synth/regime=easy/d=10/num_cycles=3/density=0.8/samp_size=5000/seed=1/method=lacerda/metrics.csv; Input files updated by another job: results/synth/regime=easy/d=10/num_cycles=3/density=0.8/samp_size=5000/seed=1/method=lacerda/model.pkl, results/synth/regime=easy/d=10/num_cycles=3/density=0.8/samp_size=5000/seed=1/dataset.npz
    wildcards: regime=easy, d=10, num_cycles=3, density=0.8, samp_size=5000, seed=1, method=lacerda
    resources: tmpdir=/tmp
Select jobs to execute...
[Wed Apr 29 22:33:32 2026]
Finished jobid: 272 (Rule: synth_fit)
73 of 166 steps (44%) done
[Wed Apr 29 22:33:32 2026]
Finished jobid: 212 (Rule: synth_fit)
74 of 166 steps (45%) done
Execute 2 jobs...
[Wed Apr 29 22:33:32 2026]
localrule synth_evaluate:
    input: results/synth/regime=easy/d=10/num_cycles=4/density=0.5/samp_size=10000/seed=2/dataset.npz, results/synth/regime=easy/d=10/num_cycles=4/density=0.5/samp_size=10000/seed=2/method=lacerda/model.pkl
    output: results/synth/regime=easy/d=10/num_cycles=4/density=0.5/samp_size=10000/seed=2/method=lacerda/metrics.csv
    jobid: 270
    reason: Missing output files: results/synth/regime=easy/d=10/num_cycles=4/density=0.5/samp_size=10000/seed=2/method=lacerda/metrics.csv; Input files updated by another job: results/synth/regime=easy/d=10/num_cycles=4/density=0.5/samp_size=10000/seed=2/method=lacerda/model.pkl, results/synth/regime=easy/d=10/num_cycles=4/density=0.5/samp_size=10000/seed=2/dataset.npz
    wildcards: regime=easy, d=10, num_cycles=4, density=0.5, samp_size=10000, seed=2, method=lacerda
    resources: tmpdir=/tmp
[Wed Apr 29 22:33:32 2026]
localrule synth_fit:
    input: results/synth/regime=easy/d=10/num_cycles=4/density=0.8/samp_size=10000/seed=1/dataset.npz
    output: results/synth/regime=easy/d=10/num_cycles=4/density=0.8/samp_size=10000/seed=1/method=lacerda/model.pkl
    jobid: 432
    reason: Missing output files: results/synth/regime=easy/d=10/num_cycles=4/density=0.8/samp_size=10000/seed=1/method=lacerda/model.pkl; Input files updated by another job: results/synth/regime=easy/d=10/num_cycles=4/density=0.8/samp_size=10000/seed=1/dataset.npz; Params have changed since last execution: Union of exclusive params before and now across all output: before: [0.05, 0.1, 0.15, 0.2],'hsic',0.01,[0.01, 0.05, 0.1] now: <nothing exclusive> 
    wildcards: regime=easy, d=10, num_cycles=4, density=0.8, samp_size=10000, seed=1, method=lacerda
    resources: tmpdir=/tmp
Select jobs to execute...
[Wed Apr 29 22:33:32 2026]
Finished jobid: 317 (Rule: synth_fit)
75 of 166 steps (45%) done
Execute 1 jobs...
[Wed Apr 29 22:33:32 2026]
localrule synth_evaluate:
    input: results/synth/regime=easy/d=10/num_cycles=5/density=0.5/samp_size=5000/seed=2/dataset.npz, results/synth/regime=easy/d=10/num_cycles=5/density=0.5/samp_size=5000/seed=2/method=lacerda/model.pkl
    output: results/synth/regime=easy/d=10/num_cycles=5/density=0.5/samp_size=5000/seed=2/method=lacerda/metrics.csv
    jobid: 315
    reason: Missing output files: results/synth/regime=easy/d=10/num_cycles=5/density=0.5/samp_size=5000/seed=2/method=lacerda/metrics.csv; Input files updated by another job: results/synth/regime=easy/d=10/num_cycles=5/density=0.5/samp_size=5000/seed=2/dataset.npz, results/synth/regime=easy/d=10/num_cycles=5/density=0.5/samp_size=5000/seed=2/method=lacerda/model.pkl
    wildcards: regime=easy, d=10, num_cycles=5, density=0.5, samp_size=5000, seed=2, method=lacerda
    resources: tmpdir=/tmp
[Wed Apr 29 22:33:32 2026]
Finished jobid: 201 (Rule: synth_evaluate)
76 of 166 steps (46%) done
Select jobs to execute...
Execute 1 jobs...
[Wed Apr 29 22:33:32 2026]
localrule synth_evaluate:
    input: results/synth/regime=easy/d=10/num_cycles=4/density=0.3/samp_size=5000/seed=2/dataset.npz, results/synth/regime=easy/d=10/num_cycles=4/density=0.3/samp_size=5000/seed=2/method=lacerda/model.pkl
    output: results/synth/regime=easy/d=10/num_cycles=4/density=0.3/samp_size=5000/seed=2/method=lacerda/metrics.csv
    jobid: 98
    reason: Missing output files: results/synth/regime=easy/d=10/num_cycles=4/density=0.3/samp_size=5000/seed=2/method=lacerda/metrics.csv; Input files updated by another job: results/synth/regime=easy/d=10/num_cycles=4/density=0.3/samp_size=5000/seed=2/method=lacerda/model.pkl, results/synth/regime=easy/d=10/num_cycles=4/density=0.3/samp_size=5000/seed=2/dataset.npz
    wildcards: regime=easy, d=10, num_cycles=4, density=0.3, samp_size=5000, seed=2, method=lacerda
    resources: tmpdir=/tmp
[Wed Apr 29 22:33:32 2026]
Finished jobid: 267 (Rule: synth_evaluate)
77 of 166 steps (46%) done
Select jobs to execute...
Execute 1 jobs...
[Wed Apr 29 22:33:32 2026]
localrule synth_fit:
    input: results/synth/regime=easy/d=10/num_cycles=4/density=0.3/samp_size=5000/seed=0/dataset.npz
    output: results/synth/regime=easy/d=10/num_cycles=4/density=0.3/samp_size=5000/seed=0/method=lacerda/model.pkl
    jobid: 94
    reason: Missing output files: results/synth/regime=easy/d=10/num_cycles=4/density=0.3/samp_size=5000/seed=0/method=lacerda/model.pkl; Input files updated by another job: results/synth/regime=easy/d=10/num_cycles=4/density=0.3/samp_size=5000/seed=0/dataset.npz; Params have changed since last execution: Union of exclusive params before and now across all output: before: [0.05, 0.1, 0.15, 0.2],'hsic',0.01,[0.01, 0.05, 0.1] now: <nothing exclusive> 
    wildcards: regime=easy, d=10, num_cycles=4, density=0.3, samp_size=5000, seed=0, method=lacerda
    resources: tmpdir=/tmp
[Wed Apr 29 22:33:32 2026]
Finished jobid: 314 (Rule: synth_fit)
78 of 166 steps (47%) done
[Wed Apr 29 22:33:32 2026]
Finished jobid: 151 (Rule: synth_fit)
79 of 166 steps (48%) done
[Wed Apr 29 22:33:32 2026]
Finished jobid: 372 (Rule: synth_fit)
80 of 166 steps (48%) done
Select jobs to execute...
Execute 3 jobs...
[Wed Apr 29 22:33:32 2026]
localrule synth_fit:
    input: results/synth/regime=easy/d=10/num_cycles=3/density=0.8/samp_size=10000/seed=0/dataset.npz
    output: results/synth/regime=easy/d=10/num_cycles=3/density=0.8/samp_size=10000/seed=0/method=lacerda/model.pkl
    jobid: 375
    reason: Missing output files: results/synth/regime=easy/d=10/num_cycles=3/density=0.8/samp_size=10000/seed=0/method=lacerda/model.pkl; Input files updated by another job: results/synth/regime=easy/d=10/num_cycles=3/density=0.8/samp_size=10000/seed=0/dataset.npz; Params have changed since last execution: Union of exclusive params before and now across all output: before: [0.05, 0.1, 0.15, 0.2],'hsic',0.01,[0.01, 0.05, 0.1] now: <nothing exclusive> 
    wildcards: regime=easy, d=10, num_cycles=3, density=0.8, samp_size=10000, seed=0, method=lacerda
    resources: tmpdir=/tmp
[Wed Apr 29 22:33:32 2026]
localrule synth_fit:
    input: results/synth/regime=easy/d=10/num_cycles=3/density=0.3/samp_size=10000/seed=1/dataset.npz
    output: results/synth/regime=easy/d=10/num_cycles=3/density=0.3/samp_size=10000/seed=1/method=lacerda/model.pkl
    jobid: 52
    reason: Missing output files: results/synth/regime=easy/d=10/num_cycles=3/density=0.3/samp_size=10000/seed=1/method=lacerda/model.pkl; Input files updated by another job: results/synth/regime=easy/d=10/num_cycles=3/density=0.3/samp_size=10000/seed=1/dataset.npz; Params have changed since last execution: Union of exclusive params before and now across all output: before: [0.05, 0.1, 0.15, 0.2],'hsic',0.01,[0.01, 0.05, 0.1] now: <nothing exclusive> 
    wildcards: regime=easy, d=10, num_cycles=3, density=0.3, samp_size=10000, seed=1, method=lacerda
    resources: tmpdir=/tmp
[Wed Apr 29 22:33:32 2026]
localrule synth_fit:
    input: results/synth/regime=easy/d=10/num_cycles=5/density=0.5/samp_size=5000/seed=0/dataset.npz
    output: results/synth/regime=easy/d=10/num_cycles=5/density=0.5/samp_size=5000/seed=0/method=lacerda/model.pkl
    jobid: 311
    reason: Missing output files: results/synth/regime=easy/d=10/num_cycles=5/density=0.5/samp_size=5000/seed=0/method=lacerda/model.pkl; Input files updated by another job: results/synth/regime=easy/d=10/num_cycles=5/density=0.5/samp_size=5000/seed=0/dataset.npz; Params have changed since last execution: Union of exclusive params before and now across all output: before: [0.05, 0.1, 0.15, 0.2],'hsic',0.01,[0.01, 0.05, 0.1] now: <nothing exclusive> 
    wildcards: regime=easy, d=10, num_cycles=5, density=0.5, samp_size=5000, seed=0, method=lacerda
    resources: tmpdir=/tmp
[Wed Apr 29 22:33:32 2026]
Finished jobid: 206 (Rule: synth_fit)
81 of 166 steps (49%) done
[Wed Apr 29 22:33:32 2026]
Finished jobid: 46 (Rule: synth_fit)
82 of 166 steps (49%) done
Select jobs to execute...
Execute 2 jobs...
[Wed Apr 29 22:33:32 2026]
localrule synth_evaluate:
    input: results/synth/regime=easy/d=10/num_cycles=5/density=0.3/samp_size=5000/seed=1/dataset.npz, results/synth/regime=easy/d=10/num_cycles=5/density=0.3/samp_size=5000/seed=1/method=lacerda/model.pkl
    output: results/synth/regime=easy/d=10/num_cycles=5/density=0.3/samp_size=5000/seed=1/method=lacerda/metrics.csv
    jobid: 149
    reason: Missing output files: results/synth/regime=easy/d=10/num_cycles=5/density=0.3/samp_size=5000/seed=1/method=lacerda/metrics.csv; Input files updated by another job: results/synth/regime=easy/d=10/num_cycles=5/density=0.3/samp_size=5000/seed=1/dataset.npz, results/synth/regime=easy/d=10/num_cycles=5/density=0.3/samp_size=5000/seed=1/method=lacerda/model.pkl
    wildcards: regime=easy, d=10, num_cycles=5, density=0.3, samp_size=5000, seed=1, method=lacerda
    resources: tmpdir=/tmp
[Wed Apr 29 22:33:32 2026]
localrule synth_evaluate:
    input: results/synth/regime=easy/d=10/num_cycles=4/density=0.5/samp_size=5000/seed=1/dataset.npz, results/synth/regime=easy/d=10/num_cycles=4/density=0.5/samp_size=5000/seed=1/method=lacerda/model.pkl
    output: results/synth/regime=easy/d=10/num_cycles=4/density=0.5/samp_size=5000/seed=1/method=lacerda/metrics.csv
    jobid: 258
    reason: Missing output files: results/synth/regime=easy/d=10/num_cycles=4/density=0.5/samp_size=5000/seed=1/method=lacerda/metrics.csv; Input files updated by another job: results/synth/regime=easy/d=10/num_cycles=4/density=0.5/samp_size=5000/seed=1/method=lacerda/model.pkl, results/synth/regime=easy/d=10/num_cycles=4/density=0.5/samp_size=5000/seed=1/dataset.npz
    wildcards: regime=easy, d=10, num_cycles=4, density=0.5, samp_size=5000, seed=1, method=lacerda
    resources: tmpdir=/tmp
[Wed Apr 29 22:33:32 2026]
Finished jobid: 481 (Rule: synth_evaluate)
83 of 166 steps (50%) done
[Wed Apr 29 22:33:32 2026]
Finished jobid: 323 (Rule: synth_fit)
84 of 166 steps (51%) done
[Wed Apr 29 22:33:32 2026]
Finished jobid: 146 (Rule: synth_evaluate)
85 of 166 steps (51%) done
Select jobs to execute...
Execute 3 jobs...
[Wed Apr 29 22:33:32 2026]
localrule synth_evaluate:
    input: results/synth/regime=easy/d=10/num_cycles=3/density=0.8/samp_size=10000/seed=2/dataset.npz, results/synth/regime=easy/d=10/num_cycles=3/density=0.8/samp_size=10000/seed=2/method=lacerda/model.pkl
    output: results/synth/regime=easy/d=10/num_cycles=3/density=0.8/samp_size=10000/seed=2/method=lacerda/metrics.csv
    jobid: 379
    reason: Missing output files: results/synth/regime=easy/d=10/num_cycles=3/density=0.8/samp_size=10000/seed=2/method=lacerda/metrics.csv; Input files updated by another job: results/synth/regime=easy/d=10/num_cycles=3/density=0.8/samp_size=10000/seed=2/method=lacerda/model.pkl, results/synth/regime=easy/d=10/num_cycles=3/density=0.8/samp_size=10000/seed=2/dataset.npz
    wildcards: regime=easy, d=10, num_cycles=3, density=0.8, samp_size=10000, seed=2, method=lacerda
    resources: tmpdir=/tmp
[Wed Apr 29 22:33:32 2026]
localrule synth_evaluate:
    input: results/synth/regime=easy/d=10/num_cycles=5/density=0.5/samp_size=10000/seed=1/dataset.npz, results/synth/regime=easy/d=10/num_cycles=5/density=0.5/samp_size=10000/seed=1/method=lacerda/model.pkl
    output: results/synth/regime=easy/d=10/num_cycles=5/density=0.5/samp_size=10000/seed=1/method=lacerda/metrics.csv
    jobid: 321
    reason: Missing output files: results/synth/regime=easy/d=10/num_cycles=5/density=0.5/samp_size=10000/seed=1/method=lacerda/metrics.csv; Input files updated by another job: results/synth/regime=easy/d=10/num_cycles=5/density=0.5/samp_size=10000/seed=1/dataset.npz, results/synth/regime=easy/d=10/num_cycles=5/density=0.5/samp_size=10000/seed=1/method=lacerda/model.pkl
    wildcards: regime=easy, d=10, num_cycles=5, density=0.5, samp_size=10000, seed=1, method=lacerda
    resources: tmpdir=/tmp
[Wed Apr 29 22:33:32 2026]
localrule synth_fit:
    input: results/synth/regime=easy/d=10/num_cycles=4/density=0.5/samp_size=10000/seed=0/dataset.npz
    output: results/synth/regime=easy/d=10/num_cycles=4/density=0.5/samp_size=10000/seed=0/method=lacerda/model.pkl
    jobid: 266
    reason: Missing output files: results/synth/regime=easy/d=10/num_cycles=4/density=0.5/samp_size=10000/seed=0/method=lacerda/model.pkl; Input files updated by another job: results/synth/regime=easy/d=10/num_cycles=4/density=0.5/samp_size=10000/seed=0/dataset.npz; Params have changed since last execution: Union of exclusive params before and now across all output: before: [0.05, 0.1, 0.15, 0.2],'hsic',0.01,[0.01, 0.05, 0.1] now: <nothing exclusive> 
    wildcards: regime=easy, d=10, num_cycles=4, density=0.5, samp_size=10000, seed=0, method=lacerda
    resources: tmpdir=/tmp
[Wed Apr 29 22:33:32 2026]
Finished jobid: 424 (Rule: synth_evaluate)
86 of 166 steps (52%) done
[Wed Apr 29 22:33:32 2026]
Finished jobid: 215 (Rule: synth_fit)
87 of 166 steps (52%) done
Select jobs to execute...
Execute 2 jobs...
[Wed Apr 29 22:33:32 2026]
localrule synth_fit:
    input: results/synth/regime=easy/d=10/num_cycles=5/density=0.8/samp_size=5000/seed=1/dataset.npz
    output: results/synth/regime=easy/d=10/num_cycles=5/density=0.8/samp_size=5000/seed=1/method=lacerda/model.pkl
    jobid: 477
    reason: Missing output files: results/synth/regime=easy/d=10/num_cycles=5/density=0.8/samp_size=5000/seed=1/method=lacerda/model.pkl; Input files updated by another job: results/synth/regime=easy/d=10/num_cycles=5/density=0.8/samp_size=5000/seed=1/dataset.npz; Params have changed since last execution: Union of exclusive params before and now across all output: before: [0.05, 0.1, 0.15, 0.2],'hsic',0.01,[0.01, 0.05, 0.1] now: <nothing exclusive> 
    wildcards: regime=easy, d=10, num_cycles=5, density=0.8, samp_size=5000, seed=1, method=lacerda
    resources: tmpdir=/tmp
[Wed Apr 29 22:33:32 2026]
localrule synth_fit:
    input: results/synth/regime=easy/d=10/num_cycles=3/density=0.3/samp_size=5000/seed=1/dataset.npz
    output: results/synth/regime=easy/d=10/num_cycles=3/density=0.3/samp_size=5000/seed=1/method=lacerda/model.pkl
    jobid: 43
    reason: Missing output files: results/synth/regime=easy/d=10/num_cycles=3/density=0.3/samp_size=5000/seed=1/method=lacerda/model.pkl; Input files updated by another job: results/synth/regime=easy/d=10/num_cycles=3/density=0.3/samp_size=5000/seed=1/dataset.npz; Params have changed since last execution: Union of exclusive params before and now across all output: before: [0.05, 0.1, 0.15, 0.2],'hsic',0.01,[0.01, 0.05, 0.1] now: <nothing exclusive> 
    wildcards: regime=easy, d=10, num_cycles=3, density=0.3, samp_size=5000, seed=1, method=lacerda
    resources: tmpdir=/tmp
Select jobs to execute...
[Wed Apr 29 22:33:32 2026]
Finished jobid: 429 (Rule: synth_fit)
88 of 166 steps (53%) done
Execute 1 jobs...
[Wed Apr 29 22:33:32 2026]
localrule synth_evaluate:
    input: results/synth/regime=easy/d=10/num_cycles=4/density=0.5/samp_size=5000/seed=0/dataset.npz, results/synth/regime=easy/d=10/num_cycles=4/density=0.5/samp_size=5000/seed=0/method=lacerda/model.pkl
    output: results/synth/regime=easy/d=10/num_cycles=4/density=0.5/samp_size=5000/seed=0/method=lacerda/metrics.csv
    jobid: 255
    reason: Missing output files: results/synth/regime=easy/d=10/num_cycles=4/density=0.5/samp_size=5000/seed=0/method=lacerda/metrics.csv; Input files updated by another job: results/synth/regime=easy/d=10/num_cycles=4/density=0.5/samp_size=5000/seed=0/dataset.npz, results/synth/regime=easy/d=10/num_cycles=4/density=0.5/samp_size=5000/seed=0/method=lacerda/model.pkl
    wildcards: regime=easy, d=10, num_cycles=4, density=0.5, samp_size=5000, seed=0, method=lacerda
    resources: tmpdir=/tmp
Select jobs to execute...
[Wed Apr 29 22:33:32 2026]
Finished jobid: 95 (Rule: synth_evaluate)
89 of 166 steps (54%) done
Execute 1 jobs...
[Wed Apr 29 22:33:32 2026]
localrule synth_fit:
    input: results/synth/regime=easy/d=10/num_cycles=4/density=0.8/samp_size=10000/seed=2/dataset.npz
    output: results/synth/regime=easy/d=10/num_cycles=4/density=0.8/samp_size=10000/seed=2/method=lacerda/model.pkl
    jobid: 435
    reason: Missing output files: results/synth/regime=easy/d=10/num_cycles=4/density=0.8/samp_size=10000/seed=2/method=lacerda/model.pkl; Input files updated by another job: results/synth/regime=easy/d=10/num_cycles=4/density=0.8/samp_size=10000/seed=2/dataset.npz; Params have changed since last execution: Union of exclusive params before and now across all output: before: [0.05, 0.1, 0.15, 0.2],'hsic',0.01,[0.01, 0.05, 0.1] now: <nothing exclusive> 
    wildcards: regime=easy, d=10, num_cycles=4, density=0.8, samp_size=10000, seed=2, method=lacerda
    resources: tmpdir=/tmp
[Wed Apr 29 22:33:32 2026]
Finished jobid: 106 (Rule: synth_fit)
90 of 166 steps (54%) done
Select jobs to execute...
Execute 1 jobs...
[Wed Apr 29 22:33:32 2026]
localrule synth_evaluate:
    input: results/synth/regime=easy/d=10/num_cycles=4/density=0.8/samp_size=10000/seed=0/dataset.npz, results/synth/regime=easy/d=10/num_cycles=4/density=0.8/samp_size=10000/seed=0/method=lacerda/model.pkl
    output: results/synth/regime=easy/d=10/num_cycles=4/density=0.8/samp_size=10000/seed=0/method=lacerda/metrics.csv
    jobid: 427
    reason: Missing output files: results/synth/regime=easy/d=10/num_cycles=4/density=0.8/samp_size=10000/seed=0/method=lacerda/metrics.csv; Input files updated by another job: results/synth/regime=easy/d=10/num_cycles=4/density=0.8/samp_size=10000/seed=0/method=lacerda/model.pkl, results/synth/regime=easy/d=10/num_cycles=4/density=0.8/samp_size=10000/seed=0/dataset.npz
    wildcards: regime=easy, d=10, num_cycles=4, density=0.8, samp_size=10000, seed=0, method=lacerda
    resources: tmpdir=/tmp
[Wed Apr 29 22:33:32 2026]
Finished jobid: 49 (Rule: synth_fit)
91 of 166 steps (55%) done
Select jobs to execute...
Execute 1 jobs...
[Wed Apr 29 22:33:32 2026]
localrule synth_evaluate:
    input: results/synth/regime=easy/d=10/num_cycles=3/density=0.5/samp_size=10000/seed=0/dataset.npz, results/synth/regime=easy/d=10/num_cycles=3/density=0.5/samp_size=10000/seed=0/method=lacerda/model.pkl
    output: results/synth/regime=easy/d=10/num_cycles=3/density=0.5/samp_size=10000/seed=0/method=lacerda/metrics.csv
    jobid: 210
    reason: Missing output files: results/synth/regime=easy/d=10/num_cycles=3/density=0.5/samp_size=10000/seed=0/method=lacerda/metrics.csv; Input files updated by another job: results/synth/regime=easy/d=10/num_cycles=3/density=0.5/samp_size=10000/seed=0/dataset.npz, results/synth/regime=easy/d=10/num_cycles=3/density=0.5/samp_size=10000/seed=0/method=lacerda/model.pkl
    wildcards: regime=easy, d=10, num_cycles=3, density=0.5, samp_size=10000, seed=0, method=lacerda
    resources: tmpdir=/tmp
[Wed Apr 29 22:33:32 2026]
Finished jobid: 487 (Rule: synth_evaluate)
92 of 166 steps (55%) done
Select jobs to execute...
Execute 1 jobs...
[Wed Apr 29 22:33:32 2026]
localrule synth_evaluate:
    input: results/synth/regime=easy/d=10/num_cycles=3/density=0.3/samp_size=5000/seed=2/dataset.npz, results/synth/regime=easy/d=10/num_cycles=3/density=0.3/samp_size=5000/seed=2/method=lacerda/model.pkl
    output: results/synth/regime=easy/d=10/num_cycles=3/density=0.3/samp_size=5000/seed=2/method=lacerda/metrics.csv
    jobid: 44
    reason: Missing output files: results/synth/regime=easy/d=10/num_cycles=3/density=0.3/samp_size=5000/seed=2/method=lacerda/metrics.csv; Input files updated by another job: results/synth/regime=easy/d=10/num_cycles=3/density=0.3/samp_size=5000/seed=2/dataset.npz, results/synth/regime=easy/d=10/num_cycles=3/density=0.3/samp_size=5000/seed=2/method=lacerda/model.pkl
    wildcards: regime=easy, d=10, num_cycles=3, density=0.3, samp_size=5000, seed=2, method=lacerda
    resources: tmpdir=/tmp
[Wed Apr 29 22:33:32 2026]
Finished jobid: 163 (Rule: synth_fit)
93 of 166 steps (56%) done
[Wed Apr 29 22:33:32 2026]
Finished jobid: 158 (Rule: synth_evaluate)
94 of 166 steps (57%) done
Select jobs to execute...
Execute 2 jobs...
[Wed Apr 29 22:33:32 2026]
localrule synth_evaluate:
    input: results/synth/regime=easy/d=10/num_cycles=3/density=0.5/samp_size=5000/seed=1/dataset.npz, results/synth/regime=easy/d=10/num_cycles=3/density=0.5/samp_size=5000/seed=1/method=lacerda/model.pkl
    output: results/synth/regime=easy/d=10/num_cycles=3/density=0.5/samp_size=5000/seed=1/method=lacerda/metrics.csv
    jobid: 204
    reason: Missing output files: results/synth/regime=easy/d=10/num_cycles=3/density=0.5/samp_size=5000/seed=1/method=lacerda/metrics.csv; Input files updated by another job: results/synth/regime=easy/d=10/num_cycles=3/density=0.5/samp_size=5000/seed=1/dataset.npz, results/synth/regime=easy/d=10/num_cycles=3/density=0.5/samp_size=5000/seed=1/method=lacerda/model.pkl
    wildcards: regime=easy, d=10, num_cycles=3, density=0.5, samp_size=5000, seed=1, method=lacerda
    resources: tmpdir=/tmp
[Wed Apr 29 22:33:32 2026]
localrule synth_evaluate:
    input: results/synth/regime=easy/d=10/num_cycles=5/density=0.5/samp_size=5000/seed=1/dataset.npz, results/synth/regime=easy/d=10/num_cycles=5/density=0.5/samp_size=5000/seed=1/method=lacerda/model.pkl
    output: results/synth/regime=easy/d=10/num_cycles=5/density=0.5/samp_size=5000/seed=1/method=lacerda/metrics.csv
    jobid: 312
    reason: Missing output files: results/synth/regime=easy/d=10/num_cycles=5/density=0.5/samp_size=5000/seed=1/method=lacerda/metrics.csv; Input files updated by another job: results/synth/regime=easy/d=10/num_cycles=5/density=0.5/samp_size=5000/seed=1/dataset.npz, results/synth/regime=easy/d=10/num_cycles=5/density=0.5/samp_size=5000/seed=1/method=lacerda/model.pkl
    wildcards: regime=easy, d=10, num_cycles=5, density=0.5, samp_size=5000, seed=1, method=lacerda
    resources: tmpdir=/tmp
[Wed Apr 29 22:33:32 2026]
Finished jobid: 486 (Rule: synth_fit)
95 of 166 steps (57%) done
Select jobs to execute...
Execute 1 jobs...
[Wed Apr 29 22:33:32 2026]
localrule synth_evaluate:
    input: results/synth/regime=easy/d=10/num_cycles=3/density=0.5/samp_size=10000/seed=1/dataset.npz, results/synth/regime=easy/d=10/num_cycles=3/density=0.5/samp_size=10000/seed=1/method=lacerda/model.pkl
    output: results/synth/regime=easy/d=10/num_cycles=3/density=0.5/samp_size=10000/seed=1/method=lacerda/metrics.csv
    jobid: 213
    reason: Missing output files: results/synth/regime=easy/d=10/num_cycles=3/density=0.5/samp_size=10000/seed=1/method=lacerda/metrics.csv; Input files updated by another job: results/synth/regime=easy/d=10/num_cycles=3/density=0.5/samp_size=10000/seed=1/dataset.npz, results/synth/regime=easy/d=10/num_cycles=3/density=0.5/samp_size=10000/seed=1/method=lacerda/model.pkl
    wildcards: regime=easy, d=10, num_cycles=3, density=0.5, samp_size=10000, seed=1, method=lacerda
    resources: tmpdir=/tmp
[Wed Apr 29 22:33:32 2026]
Finished jobid: 474 (Rule: synth_fit)
96 of 166 steps (58%) done
Select jobs to execute...
Execute 1 jobs...
[Wed Apr 29 22:33:32 2026]
localrule synth_fit:
    input: results/synth/regime=easy/d=10/num_cycles=3/density=0.8/samp_size=5000/seed=0/dataset.npz
    output: results/synth/regime=easy/d=10/num_cycles=3/density=0.8/samp_size=5000/seed=0/method=lacerda/model.pkl
    jobid: 366
    reason: Missing output files: results/synth/regime=easy/d=10/num_cycles=3/density=0.8/samp_size=5000/seed=0/method=lacerda/model.pkl; Input files updated by another job: results/synth/regime=easy/d=10/num_cycles=3/density=0.8/samp_size=5000/seed=0/dataset.npz; Params have changed since last execution: Union of exclusive params before and now across all output: before: [0.05, 0.1, 0.15, 0.2],'hsic',0.01,[0.01, 0.05, 0.1] now: <nothing exclusive> 
    wildcards: regime=easy, d=10, num_cycles=3, density=0.8, samp_size=5000, seed=0, method=lacerda
    resources: tmpdir=/tmp
Select jobs to execute...
[Wed Apr 29 22:33:33 2026]
Finished jobid: 217 (Rule: synth_generate)
97 of 166 steps (58%) done
Execute 1 jobs...
[Wed Apr 29 22:33:33 2026]
localrule synth_fit:
    input: results/synth/regime=easy/d=10/num_cycles=3/density=0.5/samp_size=10000/seed=2/dataset.npz
    output: results/synth/regime=easy/d=10/num_cycles=3/density=0.5/samp_size=10000/seed=2/method=lacerda/model.pkl
    jobid: 218
    reason: Missing output files: results/synth/regime=easy/d=10/num_cycles=3/density=0.5/samp_size=10000/seed=2/method=lacerda/model.pkl; Input files updated by another job: results/synth/regime=easy/d=10/num_cycles=3/density=0.5/samp_size=10000/seed=2/dataset.npz; Params have changed since last execution: Union of exclusive params before and now across all output: before: [0.05, 0.1, 0.15, 0.2],'hsic',0.01,[0.01, 0.05, 0.1] now: <nothing exclusive> 
    wildcards: regime=easy, d=10, num_cycles=3, density=0.5, samp_size=10000, seed=2, method=lacerda
    resources: tmpdir=/tmp
Select jobs to execute...
[Wed Apr 29 22:33:33 2026]
Finished jobid: 53 (Rule: synth_evaluate)
98 of 166 steps (59%) done
Execute 1 jobs...
[Wed Apr 29 22:33:33 2026]
localrule synth_evaluate:
    input: results/synth/regime=easy/d=10/num_cycles=3/density=0.3/samp_size=10000/seed=0/dataset.npz, results/synth/regime=easy/d=10/num_cycles=3/density=0.3/samp_size=10000/seed=0/method=lacerda/model.pkl
    output: results/synth/regime=easy/d=10/num_cycles=3/density=0.3/samp_size=10000/seed=0/method=lacerda/metrics.csv
    jobid: 47
    reason: Missing output files: results/synth/regime=easy/d=10/num_cycles=3/density=0.3/samp_size=10000/seed=0/method=lacerda/metrics.csv; Input files updated by another job: results/synth/regime=easy/d=10/num_cycles=3/density=0.3/samp_size=10000/seed=0/method=lacerda/model.pkl, results/synth/regime=easy/d=10/num_cycles=3/density=0.3/samp_size=10000/seed=0/dataset.npz
    wildcards: regime=easy, d=10, num_cycles=3, density=0.3, samp_size=10000, seed=0, method=lacerda
    resources: tmpdir=/tmp
Select jobs to execute...
[Wed Apr 29 22:33:33 2026]
Finished jobid: 478 (Rule: synth_evaluate)
99 of 166 steps (60%) done
Execute 1 jobs...
[Wed Apr 29 22:33:33 2026]
localrule synth_evaluate:
    input: results/synth/regime=easy/d=10/num_cycles=4/density=0.3/samp_size=10000/seed=1/dataset.npz, results/synth/regime=easy/d=10/num_cycles=4/density=0.3/samp_size=10000/seed=1/method=lacerda/model.pkl
    output: results/synth/regime=easy/d=10/num_cycles=4/density=0.3/samp_size=10000/seed=1/method=lacerda/metrics.csv
    jobid: 104
    reason: Missing output files: results/synth/regime=easy/d=10/num_cycles=4/density=0.3/samp_size=10000/seed=1/method=lacerda/metrics.csv; Input files updated by another job: results/synth/regime=easy/d=10/num_cycles=4/density=0.3/samp_size=10000/seed=1/dataset.npz, results/synth/regime=easy/d=10/num_cycles=4/density=0.3/samp_size=10000/seed=1/method=lacerda/model.pkl
    wildcards: regime=easy, d=10, num_cycles=4, density=0.3, samp_size=10000, seed=1, method=lacerda
    resources: tmpdir=/tmp
Select jobs to execute...
[Wed Apr 29 22:33:33 2026]
Finished jobid: 421 (Rule: synth_evaluate)
100 of 166 steps (60%) done
Execute 1 jobs...
[Wed Apr 29 22:33:33 2026]
localrule synth_evaluate:
    input: results/synth/regime=easy/d=10/num_cycles=3/density=0.8/samp_size=5000/seed=2/dataset.npz, results/synth/regime=easy/d=10/num_cycles=3/density=0.8/samp_size=5000/seed=2/method=lacerda/model.pkl
    output: results/synth/regime=easy/d=10/num_cycles=3/density=0.8/samp_size=5000/seed=2/method=lacerda/metrics.csv
    jobid: 370
    reason: Missing output files: results/synth/regime=easy/d=10/num_cycles=3/density=0.8/samp_size=5000/seed=2/method=lacerda/metrics.csv; Input files updated by another job: results/synth/regime=easy/d=10/num_cycles=3/density=0.8/samp_size=5000/seed=2/method=lacerda/model.pkl, results/synth/regime=easy/d=10/num_cycles=3/density=0.8/samp_size=5000/seed=2/dataset.npz
    wildcards: regime=easy, d=10, num_cycles=3, density=0.8, samp_size=5000, seed=2, method=lacerda
    resources: tmpdir=/tmp
Select jobs to execute...
[Wed Apr 29 22:33:33 2026]
Finished jobid: 420 (Rule: synth_fit)
101 of 166 steps (61%) done
Execute 1 jobs...
[Wed Apr 29 22:33:33 2026]
localrule synth_evaluate:
    input: results/synth/regime=easy/d=10/num_cycles=4/density=0.8/samp_size=5000/seed=0/dataset.npz, results/synth/regime=easy/d=10/num_cycles=4/density=0.8/samp_size=5000/seed=0/method=lacerda/model.pkl
    output: results/synth/regime=easy/d=10/num_cycles=4/density=0.8/samp_size=5000/seed=0/method=lacerda/metrics.csv
    jobid: 418
    reason: Missing output files: results/synth/regime=easy/d=10/num_cycles=4/density=0.8/samp_size=5000/seed=0/method=lacerda/metrics.csv; Input files updated by another job: results/synth/regime=easy/d=10/num_cycles=4/density=0.8/samp_size=5000/seed=0/method=lacerda/model.pkl, results/synth/regime=easy/d=10/num_cycles=4/density=0.8/samp_size=5000/seed=0/dataset.npz
    wildcards: regime=easy, d=10, num_cycles=4, density=0.8, samp_size=5000, seed=0, method=lacerda
    resources: tmpdir=/tmp
[Wed Apr 29 22:33:33 2026]
Finished jobid: 40 (Rule: synth_fit)
102 of 166 steps (61%) done
Select jobs to execute...
Execute 1 jobs...
[Wed Apr 29 22:33:33 2026]
localrule synth_fit:
    input: results/synth/regime=easy/d=10/num_cycles=4/density=0.5/samp_size=5000/seed=2/dataset.npz
    output: results/synth/regime=easy/d=10/num_cycles=4/density=0.5/samp_size=5000/seed=2/method=lacerda/model.pkl
    jobid: 263
    reason: Missing output files: results/synth/regime=easy/d=10/num_cycles=4/density=0.5/samp_size=5000/seed=2/method=lacerda/model.pkl; Input files updated by another job: results/synth/regime=easy/d=10/num_cycles=4/density=0.5/samp_size=5000/seed=2/dataset.npz; Params have changed since last execution: Union of exclusive params before and now across all output: before: [0.05, 0.1, 0.15, 0.2],'hsic',0.01,[0.01, 0.05, 0.1] now: <nothing exclusive> 
    wildcards: regime=easy, d=10, num_cycles=4, density=0.5, samp_size=5000, seed=2, method=lacerda
    resources: tmpdir=/tmp
Select jobs to execute...
[Wed Apr 29 22:33:33 2026]
Finished jobid: 367 (Rule: synth_evaluate)
103 of 166 steps (62%) done
Execute 1 jobs...
[Wed Apr 29 22:33:33 2026]
localrule synth_evaluate:
    input: results/synth/regime=easy/d=10/num_cycles=5/density=0.3/samp_size=10000/seed=0/dataset.npz, results/synth/regime=easy/d=10/num_cycles=5/density=0.3/samp_size=10000/seed=0/method=lacerda/model.pkl
    output: results/synth/regime=easy/d=10/num_cycles=5/density=0.3/samp_size=10000/seed=0/method=lacerda/metrics.csv
    jobid: 155
    reason: Missing output files: results/synth/regime=easy/d=10/num_cycles=5/density=0.3/samp_size=10000/seed=0/method=lacerda/metrics.csv; Input files updated by another job: results/synth/regime=easy/d=10/num_cycles=5/density=0.3/samp_size=10000/seed=0/method=lacerda/model.pkl, results/synth/regime=easy/d=10/num_cycles=5/density=0.3/samp_size=10000/seed=0/dataset.npz
    wildcards: regime=easy, d=10, num_cycles=5, density=0.3, samp_size=10000, seed=0, method=lacerda
    resources: tmpdir=/tmp
Select jobs to execute...
[Wed Apr 29 22:33:33 2026]
Finished jobid: 378 (Rule: synth_fit)
104 of 166 steps (63%) done
Execute 1 jobs...
[Wed Apr 29 22:33:33 2026]
localrule synth_evaluate:
    input: results/synth/regime=easy/d=10/num_cycles=3/density=0.8/samp_size=10000/seed=1/dataset.npz, results/synth/regime=easy/d=10/num_cycles=3/density=0.8/samp_size=10000/seed=1/method=lacerda/model.pkl
    output: results/synth/regime=easy/d=10/num_cycles=3/density=0.8/samp_size=10000/seed=1/method=lacerda/metrics.csv
    jobid: 376
    reason: Missing output files: results/synth/regime=easy/d=10/num_cycles=3/density=0.8/samp_size=10000/seed=1/method=lacerda/metrics.csv; Input files updated by another job: results/synth/regime=easy/d=10/num_cycles=3/density=0.8/samp_size=10000/seed=1/method=lacerda/model.pkl, results/synth/regime=easy/d=10/num_cycles=3/density=0.8/samp_size=10000/seed=1/dataset.npz
    wildcards: regime=easy, d=10, num_cycles=3, density=0.8, samp_size=10000, seed=1, method=lacerda
    resources: tmpdir=/tmp
[Wed Apr 29 22:33:33 2026]
Finished jobid: 315 (Rule: synth_evaluate)
105 of 166 steps (63%) done
[Wed Apr 29 22:33:33 2026]
Finished jobid: 98 (Rule: synth_evaluate)
106 of 166 steps (64%) done
Select jobs to execute...
Execute 2 jobs...
[Wed Apr 29 22:33:33 2026]
localrule synth_evaluate:
    input: results/synth/regime=easy/d=10/num_cycles=5/density=0.8/samp_size=5000/seed=0/dataset.npz, results/synth/regime=easy/d=10/num_cycles=5/density=0.8/samp_size=5000/seed=0/method=lacerda/model.pkl
    output: results/synth/regime=easy/d=10/num_cycles=5/density=0.8/samp_size=5000/seed=0/method=lacerda/metrics.csv
    jobid: 472
    reason: Missing output files: results/synth/regime=easy/d=10/num_cycles=5/density=0.8/samp_size=5000/seed=0/method=lacerda/metrics.csv; Input files updated by another job: results/synth/regime=easy/d=10/num_cycles=5/density=0.8/samp_size=5000/seed=0/method=lacerda/model.pkl, results/synth/regime=easy/d=10/num_cycles=5/density=0.8/samp_size=5000/seed=0/dataset.npz
    wildcards: regime=easy, d=10, num_cycles=5, density=0.8, samp_size=5000, seed=0, method=lacerda
    resources: tmpdir=/tmp
[Wed Apr 29 22:33:33 2026]
localrule synth_evaluate:
    input: results/synth/regime=easy/d=10/num_cycles=3/density=0.3/samp_size=5000/seed=0/dataset.npz, results/synth/regime=easy/d=10/num_cycles=3/density=0.3/samp_size=5000/seed=0/method=lacerda/model.pkl
    output: results/synth/regime=easy/d=10/num_cycles=3/density=0.3/samp_size=5000/seed=0/method=lacerda/metrics.csv
    jobid: 38
    reason: Missing output files: results/synth/regime=easy/d=10/num_cycles=3/density=0.3/samp_size=5000/seed=0/method=lacerda/metrics.csv; Input files updated by another job: results/synth/regime=easy/d=10/num_cycles=3/density=0.3/samp_size=5000/seed=0/dataset.npz, results/synth/regime=easy/d=10/num_cycles=3/density=0.3/samp_size=5000/seed=0/method=lacerda/model.pkl
    wildcards: regime=easy, d=10, num_cycles=3, density=0.3, samp_size=5000, seed=0, method=lacerda
    resources: tmpdir=/tmp
Select jobs to execute...
[Wed Apr 29 22:33:33 2026]
Finished jobid: 432 (Rule: synth_fit)
107 of 166 steps (64%) done
Execute 1 jobs...
[Wed Apr 29 22:33:33 2026]
localrule synth_evaluate:
    input: results/synth/regime=easy/d=10/num_cycles=5/density=0.3/samp_size=10000/seed=2/dataset.npz, results/synth/regime=easy/d=10/num_cycles=5/density=0.3/samp_size=10000/seed=2/method=lacerda/model.pkl
    output: results/synth/regime=easy/d=10/num_cycles=5/density=0.3/samp_size=10000/seed=2/method=lacerda/metrics.csv
    jobid: 161
    reason: Missing output files: results/synth/regime=easy/d=10/num_cycles=5/density=0.3/samp_size=10000/seed=2/method=lacerda/metrics.csv; Input files updated by another job: results/synth/regime=easy/d=10/num_cycles=5/density=0.3/samp_size=10000/seed=2/method=lacerda/model.pkl, results/synth/regime=easy/d=10/num_cycles=5/density=0.3/samp_size=10000/seed=2/dataset.npz
    wildcards: regime=easy, d=10, num_cycles=5, density=0.3, samp_size=10000, seed=2, method=lacerda
    resources: tmpdir=/tmp
Select jobs to execute...
[Wed Apr 29 22:33:33 2026]
Finished jobid: 270 (Rule: synth_evaluate)
108 of 166 steps (65%) done
Execute 1 jobs...
[Wed Apr 29 22:33:34 2026]
localrule synth_evaluate:
    input: results/synth/regime=easy/d=10/num_cycles=4/density=0.8/samp_size=10000/seed=1/dataset.npz, results/synth/regime=easy/d=10/num_cycles=4/density=0.8/samp_size=10000/seed=1/method=lacerda/model.pkl
    output: results/synth/regime=easy/d=10/num_cycles=4/density=0.8/samp_size=10000/seed=1/method=lacerda/metrics.csv
    jobid: 430
    reason: Missing output files: results/synth/regime=easy/d=10/num_cycles=4/density=0.8/samp_size=10000/seed=1/method=lacerda/metrics.csv; Input files updated by another job: results/synth/regime=easy/d=10/num_cycles=4/density=0.8/samp_size=10000/seed=1/method=lacerda/model.pkl, results/synth/regime=easy/d=10/num_cycles=4/density=0.8/samp_size=10000/seed=1/dataset.npz
    wildcards: regime=easy, d=10, num_cycles=4, density=0.8, samp_size=10000, seed=1, method=lacerda
    resources: tmpdir=/tmp
[Wed Apr 29 22:33:34 2026]
Finished jobid: 379 (Rule: synth_evaluate)
109 of 166 steps (66%) done
Select jobs to execute...
Execute 1 jobs...
[Wed Apr 29 22:33:34 2026]
localrule synth_evaluate:
    input: results/synth/regime=easy/d=10/num_cycles=5/density=0.3/samp_size=5000/seed=2/dataset.npz, results/synth/regime=easy/d=10/num_cycles=5/density=0.3/samp_size=5000/seed=2/method=lacerda/model.pkl
    output: results/synth/regime=easy/d=10/num_cycles=5/density=0.3/samp_size=5000/seed=2/method=lacerda/metrics.csv
    jobid: 152
    reason: Missing output files: results/synth/regime=easy/d=10/num_cycles=5/density=0.3/samp_size=5000/seed=2/method=lacerda/metrics.csv; Input files updated by another job: results/synth/regime=easy/d=10/num_cycles=5/density=0.3/samp_size=5000/seed=2/method=lacerda/model.pkl, results/synth/regime=easy/d=10/num_cycles=5/density=0.3/samp_size=5000/seed=2/dataset.npz
    wildcards: regime=easy, d=10, num_cycles=5, density=0.3, samp_size=5000, seed=2, method=lacerda
    resources: tmpdir=/tmp
[Wed Apr 29 22:33:34 2026]
Finished jobid: 52 (Rule: synth_fit)
110 of 166 steps (66%) done
[Wed Apr 29 22:33:34 2026]
Finished jobid: 258 (Rule: synth_evaluate)
111 of 166 steps (67%) done
[Wed Apr 29 22:33:34 2026]
Finished jobid: 149 (Rule: synth_evaluate)
112 of 166 steps (67%) done
Select jobs to execute...
Execute 3 jobs...
[Wed Apr 29 22:33:34 2026]
localrule synth_evaluate:
    input: results/synth/regime=easy/d=10/num_cycles=3/density=0.3/samp_size=10000/seed=1/dataset.npz, results/synth/regime=easy/d=10/num_cycles=3/density=0.3/samp_size=10000/seed=1/method=lacerda/model.pkl
    output: results/synth/regime=easy/d=10/num_cycles=3/density=0.3/samp_size=10000/seed=1/method=lacerda/metrics.csv
    jobid: 50
    reason: Missing output files: results/synth/regime=easy/d=10/num_cycles=3/density=0.3/samp_size=10000/seed=1/method=lacerda/metrics.csv; Input files updated by another job: results/synth/regime=easy/d=10/num_cycles=3/density=0.3/samp_size=10000/seed=1/dataset.npz, results/synth/regime=easy/d=10/num_cycles=3/density=0.3/samp_size=10000/seed=1/method=lacerda/model.pkl
    wildcards: regime=easy, d=10, num_cycles=3, density=0.3, samp_size=10000, seed=1, method=lacerda
    resources: tmpdir=/tmp
[Wed Apr 29 22:33:34 2026]
localrule synth_evaluate:
    input: results/synth/regime=easy/d=10/num_cycles=5/density=0.8/samp_size=10000/seed=1/dataset.npz, results/synth/regime=easy/d=10/num_cycles=5/density=0.8/samp_size=10000/seed=1/method=lacerda/model.pkl
    output: results/synth/regime=easy/d=10/num_cycles=5/density=0.8/samp_size=10000/seed=1/method=lacerda/metrics.csv
    jobid: 484
    reason: Missing output files: results/synth/regime=easy/d=10/num_cycles=5/density=0.8/samp_size=10000/seed=1/method=lacerda/metrics.csv; Input files updated by another job: results/synth/regime=easy/d=10/num_cycles=5/density=0.8/samp_size=10000/seed=1/method=lacerda/model.pkl, results/synth/regime=easy/d=10/num_cycles=5/density=0.8/samp_size=10000/seed=1/dataset.npz
    wildcards: regime=easy, d=10, num_cycles=5, density=0.8, samp_size=10000, seed=1, method=lacerda
    resources: tmpdir=/tmp
[Wed Apr 29 22:33:34 2026]
localrule synth_evaluate:
    input: results/synth/regime=easy/d=10/num_cycles=4/density=0.3/samp_size=10000/seed=0/dataset.npz, results/synth/regime=easy/d=10/num_cycles=4/density=0.3/samp_size=10000/seed=0/method=lacerda/model.pkl
    output: results/synth/regime=easy/d=10/num_cycles=4/density=0.3/samp_size=10000/seed=0/method=lacerda/metrics.csv
    jobid: 101
    reason: Missing output files: results/synth/regime=easy/d=10/num_cycles=4/density=0.3/samp_size=10000/seed=0/method=lacerda/metrics.csv; Input files updated by another job: results/synth/regime=easy/d=10/num_cycles=4/density=0.3/samp_size=10000/seed=0/method=lacerda/model.pkl, results/synth/regime=easy/d=10/num_cycles=4/density=0.3/samp_size=10000/seed=0/dataset.npz
    wildcards: regime=easy, d=10, num_cycles=4, density=0.3, samp_size=10000, seed=0, method=lacerda
    resources: tmpdir=/tmp
[Wed Apr 29 22:33:34 2026]
Finished jobid: 311 (Rule: synth_fit)
113 of 166 steps (68%) done
[Wed Apr 29 22:33:34 2026]
Finished jobid: 255 (Rule: synth_evaluate)
114 of 166 steps (69%) done
[Wed Apr 29 22:33:34 2026]
Finished jobid: 321 (Rule: synth_evaluate)
115 of 166 steps (69%) done
Select jobs to execute...
Execute 3 jobs...
[Wed Apr 29 22:33:34 2026]
localrule synth_generate:
    output: results/synth/regime=easy/d=10/num_cycles=5/density=0.5/samp_size=10000/seed=0/dataset.npz
    jobid: 319
    reason: Missing output files: results/synth/regime=easy/d=10/num_cycles=5/density=0.5/samp_size=10000/seed=0/dataset.npz
    wildcards: regime=easy, d=10, num_cycles=5, density=0.5, samp_size=10000, seed=0
    resources: tmpdir=/tmp
[Wed Apr 29 22:33:34 2026]
localrule synth_evaluate:
    input: results/synth/regime=easy/d=10/num_cycles=5/density=0.5/samp_size=10000/seed=2/dataset.npz, results/synth/regime=easy/d=10/num_cycles=5/density=0.5/samp_size=10000/seed=2/method=lacerda/model.pkl
    output: results/synth/regime=easy/d=10/num_cycles=5/density=0.5/samp_size=10000/seed=2/method=lacerda/metrics.csv
    jobid: 324
    reason: Missing output files: results/synth/regime=easy/d=10/num_cycles=5/density=0.5/samp_size=10000/seed=2/method=lacerda/metrics.csv; Input files updated by another job: results/synth/regime=easy/d=10/num_cycles=5/density=0.5/samp_size=10000/seed=2/method=lacerda/model.pkl, results/synth/regime=easy/d=10/num_cycles=5/density=0.5/samp_size=10000/seed=2/dataset.npz
    wildcards: regime=easy, d=10, num_cycles=5, density=0.5, samp_size=10000, seed=2, method=lacerda
    resources: tmpdir=/tmp
[Wed Apr 29 22:33:34 2026]
localrule synth_fit:
    input: results/synth/regime=easy/d=10/num_cycles=3/density=0.5/samp_size=5000/seed=2/dataset.npz
    output: results/synth/regime=easy/d=10/num_cycles=3/density=0.5/samp_size=5000/seed=2/method=lacerda/model.pkl
    jobid: 209
    reason: Missing output files: results/synth/regime=easy/d=10/num_cycles=3/density=0.5/samp_size=5000/seed=2/method=lacerda/model.pkl; Input files updated by another job: results/synth/regime=easy/d=10/num_cycles=3/density=0.5/samp_size=5000/seed=2/dataset.npz; Params have changed since last execution: Union of exclusive params before and now across all output: before: [0.05, 0.1, 0.15, 0.2],'hsic',0.01,[0.01, 0.05, 0.1] now: <nothing exclusive> 
    wildcards: regime=easy, d=10, num_cycles=3, density=0.5, samp_size=5000, seed=2, method=lacerda
    resources: tmpdir=/tmp
[Wed Apr 29 22:33:34 2026]
Finished jobid: 94 (Rule: synth_fit)
116 of 166 steps (70%) done
[Wed Apr 29 22:33:34 2026]
Finished jobid: 375 (Rule: synth_fit)
117 of 166 steps (70%) done
Select jobs to execute...
Execute 2 jobs...
[Wed Apr 29 22:33:34 2026]
localrule synth_evaluate:
    input: results/synth/regime=easy/d=10/num_cycles=4/density=0.3/samp_size=5000/seed=0/dataset.npz, results/synth/regime=easy/d=10/num_cycles=4/density=0.3/samp_size=5000/seed=0/method=lacerda/model.pkl
    output: results/synth/regime=easy/d=10/num_cycles=4/density=0.3/samp_size=5000/seed=0/method=lacerda/metrics.csv
    jobid: 92
    reason: Missing output files: results/synth/regime=easy/d=10/num_cycles=4/density=0.3/samp_size=5000/seed=0/method=lacerda/metrics.csv; Input files updated by another job: results/synth/regime=easy/d=10/num_cycles=4/density=0.3/samp_size=5000/seed=0/method=lacerda/model.pkl, results/synth/regime=easy/d=10/num_cycles=4/density=0.3/samp_size=5000/seed=0/dataset.npz
    wildcards: regime=easy, d=10, num_cycles=4, density=0.3, samp_size=5000, seed=0, method=lacerda
    resources: tmpdir=/tmp
[Wed Apr 29 22:33:34 2026]
localrule synth_fit:
    input: results/synth/regime=easy/d=10/num_cycles=4/density=0.3/samp_size=10000/seed=2/dataset.npz
    output: results/synth/regime=easy/d=10/num_cycles=4/density=0.3/samp_size=10000/seed=2/method=lacerda/model.pkl
    jobid: 109
    reason: Missing output files: results/synth/regime=easy/d=10/num_cycles=4/density=0.3/samp_size=10000/seed=2/method=lacerda/model.pkl; Input files updated by another job: results/synth/regime=easy/d=10/num_cycles=4/density=0.3/samp_size=10000/seed=2/dataset.npz; Params have changed since last execution: Union of exclusive params before and now across all output: before: [0.05, 0.1, 0.15, 0.2],'hsic',0.01,[0.01, 0.05, 0.1] now: <nothing exclusive> 
    wildcards: regime=easy, d=10, num_cycles=4, density=0.3, samp_size=10000, seed=2, method=lacerda
    resources: tmpdir=/tmp
[Wed Apr 29 22:33:34 2026]
Finished jobid: 427 (Rule: synth_evaluate)
118 of 166 steps (71%) done
[Wed Apr 29 22:33:34 2026]
Finished jobid: 43 (Rule: synth_fit)
119 of 166 steps (72%) done
Select jobs to execute...
Execute 2 jobs...
[Wed Apr 29 22:33:34 2026]
localrule synth_evaluate:
    input: results/synth/regime=easy/d=10/num_cycles=3/density=0.3/samp_size=5000/seed=1/dataset.npz, results/synth/regime=easy/d=10/num_cycles=3/density=0.3/samp_size=5000/seed=1/method=lacerda/model.pkl
    output: results/synth/regime=easy/d=10/num_cycles=3/density=0.3/samp_size=5000/seed=1/method=lacerda/metrics.csv
    jobid: 41
    reason: Missing output files: results/synth/regime=easy/d=10/num_cycles=3/density=0.3/samp_size=5000/seed=1/method=lacerda/metrics.csv; Input files updated by another job: results/synth/regime=easy/d=10/num_cycles=3/density=0.3/samp_size=5000/seed=1/dataset.npz, results/synth/regime=easy/d=10/num_cycles=3/density=0.3/samp_size=5000/seed=1/method=lacerda/model.pkl
    wildcards: regime=easy, d=10, num_cycles=3, density=0.3, samp_size=5000, seed=1, method=lacerda
    resources: tmpdir=/tmp
[Wed Apr 29 22:33:34 2026]
localrule synth_evaluate:
    input: results/synth/regime=easy/d=10/num_cycles=5/density=0.5/samp_size=5000/seed=0/dataset.npz, results/synth/regime=easy/d=10/num_cycles=5/density=0.5/samp_size=5000/seed=0/method=lacerda/model.pkl
    output: results/synth/regime=easy/d=10/num_cycles=5/density=0.5/samp_size=5000/seed=0/method=lacerda/metrics.csv
    jobid: 309
    reason: Missing output files: results/synth/regime=easy/d=10/num_cycles=5/density=0.5/samp_size=5000/seed=0/method=lacerda/metrics.csv; Input files updated by another job: results/synth/regime=easy/d=10/num_cycles=5/density=0.5/samp_size=5000/seed=0/method=lacerda/model.pkl, results/synth/regime=easy/d=10/num_cycles=5/density=0.5/samp_size=5000/seed=0/dataset.npz
    wildcards: regime=easy, d=10, num_cycles=5, density=0.5, samp_size=5000, seed=0, method=lacerda
    resources: tmpdir=/tmp
[Wed Apr 29 22:33:34 2026]
Finished jobid: 210 (Rule: synth_evaluate)
120 of 166 steps (72%) done
[Wed Apr 29 22:33:34 2026]
Finished jobid: 266 (Rule: synth_fit)
121 of 166 steps (73%) done
[Wed Apr 29 22:33:34 2026]
Finished jobid: 477 (Rule: synth_fit)
122 of 166 steps (73%) done
Select jobs to execute...
Execute 3 jobs...
[Wed Apr 29 22:33:34 2026]
localrule synth_evaluate:
    input: results/synth/regime=easy/d=10/num_cycles=3/density=0.8/samp_size=10000/seed=0/dataset.npz, results/synth/regime=easy/d=10/num_cycles=3/density=0.8/samp_size=10000/seed=0/method=lacerda/model.pkl
    output: results/synth/regime=easy/d=10/num_cycles=3/density=0.8/samp_size=10000/seed=0/method=lacerda/metrics.csv
    jobid: 373
    reason: Missing output files: results/synth/regime=easy/d=10/num_cycles=3/density=0.8/samp_size=10000/seed=0/method=lacerda/metrics.csv; Input files updated by another job: results/synth/regime=easy/d=10/num_cycles=3/density=0.8/samp_size=10000/seed=0/dataset.npz, results/synth/regime=easy/d=10/num_cycles=3/density=0.8/samp_size=10000/seed=0/method=lacerda/model.pkl
    wildcards: regime=easy, d=10, num_cycles=3, density=0.8, samp_size=10000, seed=0, method=lacerda
    resources: tmpdir=/tmp
[Wed Apr 29 22:33:34 2026]
localrule synth_evaluate:
    input: results/synth/regime=easy/d=10/num_cycles=4/density=0.5/samp_size=10000/seed=0/dataset.npz, results/synth/regime=easy/d=10/num_cycles=4/density=0.5/samp_size=10000/seed=0/method=lacerda/model.pkl
    output: results/synth/regime=easy/d=10/num_cycles=4/density=0.5/samp_size=10000/seed=0/method=lacerda/metrics.csv
    jobid: 264
    reason: Missing output files: results/synth/regime=easy/d=10/num_cycles=4/density=0.5/samp_size=10000/seed=0/method=lacerda/metrics.csv; Input files updated by another job: results/synth/regime=easy/d=10/num_cycles=4/density=0.5/samp_size=10000/seed=0/method=lacerda/model.pkl, results/synth/regime=easy/d=10/num_cycles=4/density=0.5/samp_size=10000/seed=0/dataset.npz
    wildcards: regime=easy, d=10, num_cycles=4, density=0.5, samp_size=10000, seed=0, method=lacerda
    resources: tmpdir=/tmp
[Wed Apr 29 22:33:34 2026]
localrule synth_evaluate:
    input: results/synth/regime=easy/d=10/num_cycles=5/density=0.8/samp_size=5000/seed=1/dataset.npz, results/synth/regime=easy/d=10/num_cycles=5/density=0.8/samp_size=5000/seed=1/method=lacerda/model.pkl
    output: results/synth/regime=easy/d=10/num_cycles=5/density=0.8/samp_size=5000/seed=1/method=lacerda/metrics.csv
    jobid: 475
    reason: Missing output files: results/synth/regime=easy/d=10/num_cycles=5/density=0.8/samp_size=5000/seed=1/method=lacerda/metrics.csv; Input files updated by another job: results/synth/regime=easy/d=10/num_cycles=5/density=0.8/samp_size=5000/seed=1/dataset.npz, results/synth/regime=easy/d=10/num_cycles=5/density=0.8/samp_size=5000/seed=1/method=lacerda/model.pkl
    wildcards: regime=easy, d=10, num_cycles=5, density=0.8, samp_size=5000, seed=1, method=lacerda
    resources: tmpdir=/tmp
[Wed Apr 29 22:33:34 2026]
Finished jobid: 44 (Rule: synth_evaluate)
123 of 166 steps (74%) done
[Wed Apr 29 22:33:34 2026]
Finished jobid: 312 (Rule: synth_evaluate)
124 of 166 steps (75%) done
[Wed Apr 29 22:33:34 2026]
Finished jobid: 204 (Rule: synth_evaluate)
125 of 166 steps (75%) done
[Wed Apr 29 22:33:34 2026]
Finished jobid: 435 (Rule: synth_fit)
126 of 166 steps (76%) done
Select jobs to execute...
Execute 1 jobs...
[Wed Apr 29 22:33:34 2026]
localrule synth_evaluate:
    input: results/synth/regime=easy/d=10/num_cycles=4/density=0.8/samp_size=10000/seed=2/dataset.npz, results/synth/regime=easy/d=10/num_cycles=4/density=0.8/samp_size=10000/seed=2/method=lacerda/model.pkl
    output: results/synth/regime=easy/d=10/num_cycles=4/density=0.8/samp_size=10000/seed=2/method=lacerda/metrics.csv
    jobid: 433
    reason: Missing output files: results/synth/regime=easy/d=10/num_cycles=4/density=0.8/samp_size=10000/seed=2/method=lacerda/metrics.csv; Input files updated by another job: results/synth/regime=easy/d=10/num_cycles=4/density=0.8/samp_size=10000/seed=2/dataset.npz, results/synth/regime=easy/d=10/num_cycles=4/density=0.8/samp_size=10000/seed=2/method=lacerda/model.pkl
    wildcards: regime=easy, d=10, num_cycles=4, density=0.8, samp_size=10000, seed=2, method=lacerda
    resources: tmpdir=/tmp
[Wed Apr 29 22:33:34 2026]
Finished jobid: 213 (Rule: synth_evaluate)
127 of 166 steps (77%) done
[Wed Apr 29 22:33:34 2026]
Finished jobid: 366 (Rule: synth_fit)
128 of 166 steps (77%) done
Select jobs to execute...
Execute 1 jobs...
[Wed Apr 29 22:33:34 2026]
localrule synth_evaluate:
    input: results/synth/regime=easy/d=10/num_cycles=3/density=0.8/samp_size=5000/seed=0/dataset.npz, results/synth/regime=easy/d=10/num_cycles=3/density=0.8/samp_size=5000/seed=0/method=lacerda/model.pkl
    output: results/synth/regime=easy/d=10/num_cycles=3/density=0.8/samp_size=5000/seed=0/method=lacerda/metrics.csv
    jobid: 364
    reason: Missing output files: results/synth/regime=easy/d=10/num_cycles=3/density=0.8/samp_size=5000/seed=0/method=lacerda/metrics.csv; Input files updated by another job: results/synth/regime=easy/d=10/num_cycles=3/density=0.8/samp_size=5000/seed=0/method=lacerda/model.pkl, results/synth/regime=easy/d=10/num_cycles=3/density=0.8/samp_size=5000/seed=0/dataset.npz
    wildcards: regime=easy, d=10, num_cycles=3, density=0.8, samp_size=5000, seed=0, method=lacerda
    resources: tmpdir=/tmp
[Wed Apr 29 22:33:34 2026]
Finished jobid: 218 (Rule: synth_fit)
129 of 166 steps (78%) done
Select jobs to execute...
Execute 1 jobs...
[Wed Apr 29 22:33:34 2026]
localrule synth_evaluate:
    input: results/synth/regime=easy/d=10/num_cycles=3/density=0.5/samp_size=10000/seed=2/dataset.npz, results/synth/regime=easy/d=10/num_cycles=3/density=0.5/samp_size=10000/seed=2/method=lacerda/model.pkl
    output: results/synth/regime=easy/d=10/num_cycles=3/density=0.5/samp_size=10000/seed=2/method=lacerda/metrics.csv
    jobid: 216
    reason: Missing output files: results/synth/regime=easy/d=10/num_cycles=3/density=0.5/samp_size=10000/seed=2/method=lacerda/metrics.csv; Input files updated by another job: results/synth/regime=easy/d=10/num_cycles=3/density=0.5/samp_size=10000/seed=2/method=lacerda/model.pkl, results/synth/regime=easy/d=10/num_cycles=3/density=0.5/samp_size=10000/seed=2/dataset.npz
    wildcards: regime=easy, d=10, num_cycles=3, density=0.5, samp_size=10000, seed=2, method=lacerda
    resources: tmpdir=/tmp
[Wed Apr 29 22:33:34 2026]
Finished jobid: 104 (Rule: synth_evaluate)
130 of 166 steps (78%) done
[Wed Apr 29 22:33:34 2026]
Finished jobid: 47 (Rule: synth_evaluate)
131 of 166 steps (79%) done
[Wed Apr 29 22:33:34 2026]
Finished jobid: 418 (Rule: synth_evaluate)
132 of 166 steps (80%) done
[Wed Apr 29 22:33:34 2026]
Finished jobid: 155 (Rule: synth_evaluate)
133 of 166 steps (80%) done
[Wed Apr 29 22:33:34 2026]
Finished jobid: 263 (Rule: synth_fit)
134 of 166 steps (81%) done
Select jobs to execute...
Execute 1 jobs...
[Wed Apr 29 22:33:34 2026]
localrule synth_evaluate:
    input: results/synth/regime=easy/d=10/num_cycles=4/density=0.5/samp_size=5000/seed=2/dataset.npz, results/synth/regime=easy/d=10/num_cycles=4/density=0.5/samp_size=5000/seed=2/method=lacerda/model.pkl
    output: results/synth/regime=easy/d=10/num_cycles=4/density=0.5/samp_size=5000/seed=2/method=lacerda/metrics.csv
    jobid: 261
    reason: Missing output files: results/synth/regime=easy/d=10/num_cycles=4/density=0.5/samp_size=5000/seed=2/method=lacerda/metrics.csv; Input files updated by another job: results/synth/regime=easy/d=10/num_cycles=4/density=0.5/samp_size=5000/seed=2/method=lacerda/model.pkl, results/synth/regime=easy/d=10/num_cycles=4/density=0.5/samp_size=5000/seed=2/dataset.npz
    wildcards: regime=easy, d=10, num_cycles=4, density=0.5, samp_size=5000, seed=2, method=lacerda
    resources: tmpdir=/tmp
[Wed Apr 29 22:33:34 2026]
Finished jobid: 370 (Rule: synth_evaluate)
135 of 166 steps (81%) done
[Wed Apr 29 22:33:34 2026]
Finished jobid: 376 (Rule: synth_evaluate)
136 of 166 steps (82%) done
[Wed Apr 29 22:33:35 2026]
Finished jobid: 38 (Rule: synth_evaluate)
137 of 166 steps (83%) done
[Wed Apr 29 22:33:35 2026]
Finished jobid: 161 (Rule: synth_evaluate)
138 of 166 steps (83%) done
[Wed Apr 29 22:33:35 2026]
Finished jobid: 472 (Rule: synth_evaluate)
139 of 166 steps (84%) done
[Wed Apr 29 22:33:35 2026]
Finished jobid: 430 (Rule: synth_evaluate)
140 of 166 steps (84%) done
[Wed Apr 29 22:33:35 2026]
Finished jobid: 209 (Rule: synth_fit)
141 of 166 steps (85%) done
Select jobs to execute...
Execute 1 jobs...
[Wed Apr 29 22:33:35 2026]
localrule synth_evaluate:
    input: results/synth/regime=easy/d=10/num_cycles=3/density=0.5/samp_size=5000/seed=2/dataset.npz, results/synth/regime=easy/d=10/num_cycles=3/density=0.5/samp_size=5000/seed=2/method=lacerda/model.pkl
    output: results/synth/regime=easy/d=10/num_cycles=3/density=0.5/samp_size=5000/seed=2/method=lacerda/metrics.csv
    jobid: 207
    reason: Missing output files: results/synth/regime=easy/d=10/num_cycles=3/density=0.5/samp_size=5000/seed=2/method=lacerda/metrics.csv; Input files updated by another job: results/synth/regime=easy/d=10/num_cycles=3/density=0.5/samp_size=5000/seed=2/method=lacerda/model.pkl, results/synth/regime=easy/d=10/num_cycles=3/density=0.5/samp_size=5000/seed=2/dataset.npz
    wildcards: regime=easy, d=10, num_cycles=3, density=0.5, samp_size=5000, seed=2, method=lacerda
    resources: tmpdir=/tmp
[Wed Apr 29 22:33:35 2026]
Finished jobid: 309 (Rule: synth_evaluate)
142 of 166 steps (86%) done
[Wed Apr 29 22:33:35 2026]
Finished jobid: 152 (Rule: synth_evaluate)
143 of 166 steps (86%) done
[Wed Apr 29 22:33:35 2026]
Finished jobid: 319 (Rule: synth_generate)
144 of 166 steps (87%) done
Select jobs to execute...
Execute 1 jobs...
[Wed Apr 29 22:33:35 2026]
localrule synth_fit:
    input: results/synth/regime=easy/d=10/num_cycles=5/density=0.5/samp_size=10000/seed=0/dataset.npz
    output: results/synth/regime=easy/d=10/num_cycles=5/density=0.5/samp_size=10000/seed=0/method=lacerda/model.pkl
    jobid: 320
    reason: Missing output files: results/synth/regime=easy/d=10/num_cycles=5/density=0.5/samp_size=10000/seed=0/method=lacerda/model.pkl; Input files updated by another job: results/synth/regime=easy/d=10/num_cycles=5/density=0.5/samp_size=10000/seed=0/dataset.npz; Params have changed since last execution: Union of exclusive params before and now across all output: before: [0.05, 0.1, 0.15, 0.2],'hsic',0.01,[0.01, 0.05, 0.1] now: <nothing exclusive> 
    wildcards: regime=easy, d=10, num_cycles=5, density=0.5, samp_size=10000, seed=0, method=lacerda
    resources: tmpdir=/tmp
[Wed Apr 29 22:33:35 2026]
Finished jobid: 101 (Rule: synth_evaluate)
145 of 166 steps (87%) done
[Wed Apr 29 22:33:35 2026]
Finished jobid: 484 (Rule: synth_evaluate)
146 of 166 steps (88%) done
[Wed Apr 29 22:33:35 2026]
Finished jobid: 109 (Rule: synth_fit)
147 of 166 steps (89%) done
Select jobs to execute...
Execute 1 jobs...
[Wed Apr 29 22:33:35 2026]
localrule synth_evaluate:
    input: results/synth/regime=easy/d=10/num_cycles=4/density=0.3/samp_size=10000/seed=2/dataset.npz, results/synth/regime=easy/d=10/num_cycles=4/density=0.3/samp_size=10000/seed=2/method=lacerda/model.pkl
    output: results/synth/regime=easy/d=10/num_cycles=4/density=0.3/samp_size=10000/seed=2/method=lacerda/metrics.csv
    jobid: 107
    reason: Missing output files: results/synth/regime=easy/d=10/num_cycles=4/density=0.3/samp_size=10000/seed=2/method=lacerda/metrics.csv; Input files updated by another job: results/synth/regime=easy/d=10/num_cycles=4/density=0.3/samp_size=10000/seed=2/dataset.npz, results/synth/regime=easy/d=10/num_cycles=4/density=0.3/samp_size=10000/seed=2/method=lacerda/model.pkl
    wildcards: regime=easy, d=10, num_cycles=4, density=0.3, samp_size=10000, seed=2, method=lacerda
    resources: tmpdir=/tmp
[Wed Apr 29 22:33:35 2026]
Finished jobid: 373 (Rule: synth_evaluate)
148 of 166 steps (89%) done
[Wed Apr 29 22:33:35 2026]
Finished jobid: 50 (Rule: synth_evaluate)
149 of 166 steps (90%) done
[Wed Apr 29 22:33:35 2026]
Finished jobid: 324 (Rule: synth_evaluate)
150 of 166 steps (90%) done
[Wed Apr 29 22:33:35 2026]
Finished jobid: 41 (Rule: synth_evaluate)
151 of 166 steps (91%) done
[Wed Apr 29 22:33:35 2026]
Finished jobid: 264 (Rule: synth_evaluate)
152 of 166 steps (92%) done
[Wed Apr 29 22:33:35 2026]
Finished jobid: 92 (Rule: synth_evaluate)
153 of 166 steps (92%) done
[Wed Apr 29 22:33:35 2026]
Finished jobid: 475 (Rule: synth_evaluate)
154 of 166 steps (93%) done
[Wed Apr 29 22:33:35 2026]
Finished jobid: 433 (Rule: synth_evaluate)
155 of 166 steps (93%) done
[Wed Apr 29 22:33:35 2026]
Finished jobid: 364 (Rule: synth_evaluate)
156 of 166 steps (94%) done
Select jobs to execute...
Execute 1 jobs...
[Wed Apr 29 22:33:35 2026]
localrule synth_plot:
    input: results/synth/regime=easy/d=10/num_cycles=3/density=0.8/samp_size=50/seed=0/method=lacerda/metrics.csv, results/synth/regime=easy/d=10/num_cycles=3/density=0.8/samp_size=50/seed=1/method=lacerda/metrics.csv, results/synth/regime=easy/d=10/num_cycles=3/density=0.8/samp_size=50/seed=2/method=lacerda/metrics.csv, results/synth/regime=easy/d=10/num_cycles=3/density=0.8/samp_size=100/seed=0/method=lacerda/metrics.csv, results/synth/regime=easy/d=10/num_cycles=3/density=0.8/samp_size=100/seed=1/method=lacerda/metrics.csv, results/synth/regime=easy/d=10/num_cycles=3/density=0.8/samp_size=100/seed=2/method=lacerda/metrics.csv, results/synth/regime=easy/d=10/num_cycles=3/density=0.8/samp_size=500/seed=0/method=lacerda/metrics.csv, results/synth/regime=easy/d=10/num_cycles=3/density=0.8/samp_size=500/seed=1/method=lacerda/metrics.csv, results/synth/regime=easy/d=10/num_cycles=3/density=0.8/samp_size=500/seed=2/method=lacerda/metrics.csv, results/synth/regime=easy/d=10/num_cycles=3/density=0.8/samp_size=1000/seed=0/method=lacerda/metrics.csv, results/synth/regime=easy/d=10/num_cycles=3/density=0.8/samp_size=1000/seed=1/method=lacerda/metrics.csv, results/synth/regime=easy/d=10/num_cycles=3/density=0.8/samp_size=1000/seed=2/method=lacerda/metrics.csv, results/synth/regime=easy/d=10/num_cycles=3/density=0.8/samp_size=5000/seed=0/method=lacerda/metrics.csv, results/synth/regime=easy/d=10/num_cycles=3/density=0.8/samp_size=5000/seed=1/method=lacerda/metrics.csv, results/synth/regime=easy/d=10/num_cycles=3/density=0.8/samp_size=5000/seed=2/method=lacerda/metrics.csv, results/synth/regime=easy/d=10/num_cycles=3/density=0.8/samp_size=10000/seed=0/method=lacerda/metrics.csv, results/synth/regime=easy/d=10/num_cycles=3/density=0.8/samp_size=10000/seed=1/method=lacerda/metrics.csv, results/synth/regime=easy/d=10/num_cycles=3/density=0.8/samp_size=10000/seed=2/method=lacerda/metrics.csv, results/synth/regime=easy/d=10/num_cycles=4/density=0.8/samp_size=50/seed=0/method=lacerda/metrics.csv, results/synth/regime=easy/d=10/num_cycles=4/density=0.8/samp_size=50/seed=1/method=lacerda/metrics.csv, results/synth/regime=easy/d=10/num_cycles=4/density=0.8/samp_size=50/seed=2/method=lacerda/metrics.csv, results/synth/regime=easy/d=10/num_cycles=4/density=0.8/samp_size=100/seed=0/method=lacerda/metrics.csv, results/synth/regime=easy/d=10/num_cycles=4/density=0.8/samp_size=100/seed=1/method=lacerda/metrics.csv, results/synth/regime=easy/d=10/num_cycles=4/density=0.8/samp_size=100/seed=2/method=lacerda/metrics.csv, results/synth/regime=easy/d=10/num_cycles=4/density=0.8/samp_size=500/seed=0/method=lacerda/metrics.csv, results/synth/regime=easy/d=10/num_cycles=4/density=0.8/samp_size=500/seed=1/method=lacerda/metrics.csv, results/synth/regime=easy/d=10/num_cycles=4/density=0.8/samp_size=500/seed=2/method=lacerda/metrics.csv, results/synth/regime=easy/d=10/num_cycles=4/density=0.8/samp_size=1000/seed=0/method=lacerda/metrics.csv, results/synth/regime=easy/d=10/num_cycles=4/density=0.8/samp_size=1000/seed=1/method=lacerda/metrics.csv, results/synth/regime=easy/d=10/num_cycles=4/density=0.8/samp_size=1000/seed=2/method=lacerda/metrics.csv, results/synth/regime=easy/d=10/num_cycles=4/density=0.8/samp_size=5000/seed=0/method=lacerda/metrics.csv, results/synth/regime=easy/d=10/num_cycles=4/density=0.8/samp_size=5000/seed=1/method=lacerda/metrics.csv, results/synth/regime=easy/d=10/num_cycles=4/density=0.8/samp_size=5000/seed=2/method=lacerda/metrics.csv, results/synth/regime=easy/d=10/num_cycles=4/density=0.8/samp_size=10000/seed=0/method=lacerda/metrics.csv, results/synth/regime=easy/d=10/num_cycles=4/density=0.8/samp_size=10000/seed=1/method=lacerda/metrics.csv, results/synth/regime=easy/d=10/num_cycles=4/density=0.8/samp_size=10000/seed=2/method=lacerda/metrics.csv, results/synth/regime=easy/d=10/num_cycles=5/density=0.8/samp_size=50/seed=0/method=lacerda/metrics.csv, results/synth/regime=easy/d=10/num_cycles=5/density=0.8/samp_size=50/seed=1/method=lacerda/metrics.csv, results/synth/regime=easy/d=10/num_cycles=5/density=0.8/samp_size=50/seed=2/method=lacerda/metrics.csv, results/synth/regime=easy/d=10/num_cycles=5/density=0.8/samp_size=100/seed=0/method=lacerda/metrics.csv, results/synth/regime=easy/d=10/num_cycles=5/density=0.8/samp_size=100/seed=1/method=lacerda/metrics.csv, results/synth/regime=easy/d=10/num_cycles=5/density=0.8/samp_size=100/seed=2/method=lacerda/metrics.csv, results/synth/regime=easy/d=10/num_cycles=5/density=0.8/samp_size=500/seed=0/method=lacerda/metrics.csv, results/synth/regime=easy/d=10/num_cycles=5/density=0.8/samp_size=500/seed=1/method=lacerda/metrics.csv, results/synth/regime=easy/d=10/num_cycles=5/density=0.8/samp_size=500/seed=2/method=lacerda/metrics.csv, results/synth/regime=easy/d=10/num_cycles=5/density=0.8/samp_size=1000/seed=0/method=lacerda/metrics.csv, results/synth/regime=easy/d=10/num_cycles=5/density=0.8/samp_size=1000/seed=1/method=lacerda/metrics.csv, results/synth/regime=easy/d=10/num_cycles=5/density=0.8/samp_size=1000/seed=2/method=lacerda/metrics.csv, results/synth/regime=easy/d=10/num_cycles=5/density=0.8/samp_size=5000/seed=0/method=lacerda/metrics.csv, results/synth/regime=easy/d=10/num_cycles=5/density=0.8/samp_size=5000/seed=1/method=lacerda/metrics.csv, results/synth/regime=easy/d=10/num_cycles=5/density=0.8/samp_size=5000/seed=2/method=lacerda/metrics.csv, results/synth/regime=easy/d=10/num_cycles=5/density=0.8/samp_size=10000/seed=0/method=lacerda/metrics.csv, results/synth/regime=easy/d=10/num_cycles=5/density=0.8/samp_size=10000/seed=1/method=lacerda/metrics.csv, results/synth/regime=easy/d=10/num_cycles=5/density=0.8/samp_size=10000/seed=2/method=lacerda/metrics.csv
    output: results/synth_main_regime=easy_density=0.8.pdf
    jobid: 327
    reason: Input files updated by another job: results/synth/regime=easy/d=10/num_cycles=3/density=0.8/samp_size=5000/seed=0/method=lacerda/metrics.csv, results/synth/regime=easy/d=10/num_cycles=4/density=0.8/samp_size=10000/seed=0/method=lacerda/metrics.csv, results/synth/regime=easy/d=10/num_cycles=5/density=0.8/samp_size=5000/seed=0/method=lacerda/metrics.csv, results/synth/regime=easy/d=10/num_cycles=5/density=0.8/samp_size=10000/seed=0/method=lacerda/metrics.csv, results/synth/regime=easy/d=10/num_cycles=5/density=0.8/samp_size=10000/seed=1/method=lacerda/metrics.csv, results/synth/regime=easy/d=10/num_cycles=4/density=0.8/samp_size=5000/seed=2/method=lacerda/metrics.csv, results/synth/regime=easy/d=10/num_cycles=4/density=0.8/samp_size=5000/seed=1/method=lacerda/metrics.csv, results/synth/regime=easy/d=10/num_cycles=3/density=0.8/samp_size=5000/seed=1/method=lacerda/metrics.csv, results/synth/regime=easy/d=10/num_cycles=4/density=0.8/samp_size=10000/seed=2/method=lacerda/metrics.csv, results/synth/regime=easy/d=10/num_cycles=3/density=0.8/samp_size=10000/seed=0/method=lacerda/metrics.csv, results/synth/regime=easy/d=10/num_cycles=5/density=0.8/samp_size=5000/seed=2/method=lacerda/metrics.csv, results/synth/regime=easy/d=10/num_cycles=5/density=0.8/samp_size=5000/seed=1/method=lacerda/metrics.csv, results/synth/regime=easy/d=10/num_cycles=3/density=0.8/samp_size=10000/seed=1/method=lacerda/metrics.csv, results/synth/regime=easy/d=10/num_cycles=4/density=0.8/samp_size=10000/seed=1/method=lacerda/metrics.csv, results/synth/regime=easy/d=10/num_cycles=3/density=0.8/samp_size=5000/seed=2/method=lacerda/metrics.csv, results/synth/regime=easy/d=10/num_cycles=5/density=0.8/samp_size=10000/seed=2/method=lacerda/metrics.csv, results/synth/regime=easy/d=10/num_cycles=4/density=0.8/samp_size=5000/seed=0/method=lacerda/metrics.csv, results/synth/regime=easy/d=10/num_cycles=3/density=0.8/samp_size=10000/seed=2/method=lacerda/metrics.csv
    wildcards: regime=easy, density=0.8
    resources: tmpdir=/tmp
[Wed Apr 29 22:33:35 2026]
Finished jobid: 216 (Rule: synth_evaluate)
157 of 166 steps (95%) done
[Wed Apr 29 22:33:35 2026]
Finished jobid: 261 (Rule: synth_evaluate)
158 of 166 steps (95%) done
[Wed Apr 29 22:33:35 2026]
Finished jobid: 207 (Rule: synth_evaluate)
159 of 166 steps (96%) done
[Wed Apr 29 22:33:35 2026]
Finished jobid: 320 (Rule: synth_fit)
160 of 166 steps (96%) done
Select jobs to execute...
Execute 1 jobs...
[Wed Apr 29 22:33:35 2026]
localrule synth_evaluate:
    input: results/synth/regime=easy/d=10/num_cycles=5/density=0.5/samp_size=10000/seed=0/dataset.npz, results/synth/regime=easy/d=10/num_cycles=5/density=0.5/samp_size=10000/seed=0/method=lacerda/model.pkl
    output: results/synth/regime=easy/d=10/num_cycles=5/density=0.5/samp_size=10000/seed=0/method=lacerda/metrics.csv
    jobid: 318
    reason: Missing output files: results/synth/regime=easy/d=10/num_cycles=5/density=0.5/samp_size=10000/seed=0/method=lacerda/metrics.csv; Input files updated by another job: results/synth/regime=easy/d=10/num_cycles=5/density=0.5/samp_size=10000/seed=0/method=lacerda/model.pkl, results/synth/regime=easy/d=10/num_cycles=5/density=0.5/samp_size=10000/seed=0/dataset.npz
    wildcards: regime=easy, d=10, num_cycles=5, density=0.5, samp_size=10000, seed=0, method=lacerda
    resources: tmpdir=/tmp
[Wed Apr 29 22:33:35 2026]
Finished jobid: 107 (Rule: synth_evaluate)
161 of 166 steps (97%) done
Select jobs to execute...
Execute 1 jobs...
[Wed Apr 29 22:33:35 2026]
localrule synth_plot:
    input: results/synth/regime=easy/d=10/num_cycles=3/density=0.3/samp_size=50/seed=0/method=lacerda/metrics.csv, results/synth/regime=easy/d=10/num_cycles=3/density=0.3/samp_size=50/seed=1/method=lacerda/metrics.csv, results/synth/regime=easy/d=10/num_cycles=3/density=0.3/samp_size=50/seed=2/method=lacerda/metrics.csv, results/synth/regime=easy/d=10/num_cycles=3/density=0.3/samp_size=100/seed=0/method=lacerda/metrics.csv, results/synth/regime=easy/d=10/num_cycles=3/density=0.3/samp_size=100/seed=1/method=lacerda/metrics.csv, results/synth/regime=easy/d=10/num_cycles=3/density=0.3/samp_size=100/seed=2/method=lacerda/metrics.csv, results/synth/regime=easy/d=10/num_cycles=3/density=0.3/samp_size=500/seed=0/method=lacerda/metrics.csv, results/synth/regime=easy/d=10/num_cycles=3/density=0.3/samp_size=500/seed=1/method=lacerda/metrics.csv, results/synth/regime=easy/d=10/num_cycles=3/density=0.3/samp_size=500/seed=2/method=lacerda/metrics.csv, results/synth/regime=easy/d=10/num_cycles=3/density=0.3/samp_size=1000/seed=0/method=lacerda/metrics.csv, results/synth/regime=easy/d=10/num_cycles=3/density=0.3/samp_size=1000/seed=1/method=lacerda/metrics.csv, results/synth/regime=easy/d=10/num_cycles=3/density=0.3/samp_size=1000/seed=2/method=lacerda/metrics.csv, results/synth/regime=easy/d=10/num_cycles=3/density=0.3/samp_size=5000/seed=0/method=lacerda/metrics.csv, results/synth/regime=easy/d=10/num_cycles=3/density=0.3/samp_size=5000/seed=1/method=lacerda/metrics.csv, results/synth/regime=easy/d=10/num_cycles=3/density=0.3/samp_size=5000/seed=2/method=lacerda/metrics.csv, results/synth/regime=easy/d=10/num_cycles=3/density=0.3/samp_size=10000/seed=0/method=lacerda/metrics.csv, results/synth/regime=easy/d=10/num_cycles=3/density=0.3/samp_size=10000/seed=1/method=lacerda/metrics.csv, results/synth/regime=easy/d=10/num_cycles=3/density=0.3/samp_size=10000/seed=2/method=lacerda/metrics.csv, results/synth/regime=easy/d=10/num_cycles=4/density=0.3/samp_size=50/seed=0/method=lacerda/metrics.csv, results/synth/regime=easy/d=10/num_cycles=4/density=0.3/samp_size=50/seed=1/method=lacerda/metrics.csv, results/synth/regime=easy/d=10/num_cycles=4/density=0.3/samp_size=50/seed=2/method=lacerda/metrics.csv, results/synth/regime=easy/d=10/num_cycles=4/density=0.3/samp_size=100/seed=0/method=lacerda/metrics.csv, results/synth/regime=easy/d=10/num_cycles=4/density=0.3/samp_size=100/seed=1/method=lacerda/metrics.csv, results/synth/regime=easy/d=10/num_cycles=4/density=0.3/samp_size=100/seed=2/method=lacerda/metrics.csv, results/synth/regime=easy/d=10/num_cycles=4/density=0.3/samp_size=500/seed=0/method=lacerda/metrics.csv, results/synth/regime=easy/d=10/num_cycles=4/density=0.3/samp_size=500/seed=1/method=lacerda/metrics.csv, results/synth/regime=easy/d=10/num_cycles=4/density=0.3/samp_size=500/seed=2/method=lacerda/metrics.csv, results/synth/regime=easy/d=10/num_cycles=4/density=0.3/samp_size=1000/seed=0/method=lacerda/metrics.csv, results/synth/regime=easy/d=10/num_cycles=4/density=0.3/samp_size=1000/seed=1/method=lacerda/metrics.csv, results/synth/regime=easy/d=10/num_cycles=4/density=0.3/samp_size=1000/seed=2/method=lacerda/metrics.csv, results/synth/regime=easy/d=10/num_cycles=4/density=0.3/samp_size=5000/seed=0/method=lacerda/metrics.csv, results/synth/regime=easy/d=10/num_cycles=4/density=0.3/samp_size=5000/seed=1/method=lacerda/metrics.csv, results/synth/regime=easy/d=10/num_cycles=4/density=0.3/samp_size=5000/seed=2/method=lacerda/metrics.csv, results/synth/regime=easy/d=10/num_cycles=4/density=0.3/samp_size=10000/seed=0/method=lacerda/metrics.csv, results/synth/regime=easy/d=10/num_cycles=4/density=0.3/samp_size=10000/seed=1/method=lacerda/metrics.csv, results/synth/regime=easy/d=10/num_cycles=4/density=0.3/samp_size=10000/seed=2/method=lacerda/metrics.csv, results/synth/regime=easy/d=10/num_cycles=5/density=0.3/samp_size=50/seed=0/method=lacerda/metrics.csv, results/synth/regime=easy/d=10/num_cycles=5/density=0.3/samp_size=50/seed=1/method=lacerda/metrics.csv, results/synth/regime=easy/d=10/num_cycles=5/density=0.3/samp_size=50/seed=2/method=lacerda/metrics.csv, results/synth/regime=easy/d=10/num_cycles=5/density=0.3/samp_size=100/seed=0/method=lacerda/metrics.csv, results/synth/regime=easy/d=10/num_cycles=5/density=0.3/samp_size=100/seed=1/method=lacerda/metrics.csv, results/synth/regime=easy/d=10/num_cycles=5/density=0.3/samp_size=100/seed=2/method=lacerda/metrics.csv, results/synth/regime=easy/d=10/num_cycles=5/density=0.3/samp_size=500/seed=0/method=lacerda/metrics.csv, results/synth/regime=easy/d=10/num_cycles=5/density=0.3/samp_size=500/seed=1/method=lacerda/metrics.csv, results/synth/regime=easy/d=10/num_cycles=5/density=0.3/samp_size=500/seed=2/method=lacerda/metrics.csv, results/synth/regime=easy/d=10/num_cycles=5/density=0.3/samp_size=1000/seed=0/method=lacerda/metrics.csv, results/synth/regime=easy/d=10/num_cycles=5/density=0.3/samp_size=1000/seed=1/method=lacerda/metrics.csv, results/synth/regime=easy/d=10/num_cycles=5/density=0.3/samp_size=1000/seed=2/method=lacerda/metrics.csv, results/synth/regime=easy/d=10/num_cycles=5/density=0.3/samp_size=5000/seed=0/method=lacerda/metrics.csv, results/synth/regime=easy/d=10/num_cycles=5/density=0.3/samp_size=5000/seed=1/method=lacerda/metrics.csv, results/synth/regime=easy/d=10/num_cycles=5/density=0.3/samp_size=5000/seed=2/method=lacerda/metrics.csv, results/synth/regime=easy/d=10/num_cycles=5/density=0.3/samp_size=10000/seed=0/method=lacerda/metrics.csv, results/synth/regime=easy/d=10/num_cycles=5/density=0.3/samp_size=10000/seed=1/method=lacerda/metrics.csv, results/synth/regime=easy/d=10/num_cycles=5/density=0.3/samp_size=10000/seed=2/method=lacerda/metrics.csv
    output: results/synth_main_regime=easy_density=0.3.pdf
    jobid: 1
    reason: Input files updated by another job: results/synth/regime=easy/d=10/num_cycles=3/density=0.3/samp_size=10000/seed=2/method=lacerda/metrics.csv, results/synth/regime=easy/d=10/num_cycles=3/density=0.3/samp_size=5000/seed=0/method=lacerda/metrics.csv, results/synth/regime=easy/d=10/num_cycles=5/density=0.3/samp_size=10000/seed=0/method=lacerda/metrics.csv, results/synth/regime=easy/d=10/num_cycles=4/density=0.3/samp_size=10000/seed=1/method=lacerda/metrics.csv, results/synth/regime=easy/d=10/num_cycles=3/density=0.3/samp_size=10000/seed=1/method=lacerda/metrics.csv, results/synth/regime=easy/d=10/num_cycles=4/density=0.3/samp_size=10000/seed=2/method=lacerda/metrics.csv, results/synth/regime=easy/d=10/num_cycles=5/density=0.3/samp_size=10000/seed=2/method=lacerda/metrics.csv, results/synth/regime=easy/d=10/num_cycles=3/density=0.3/samp_size=5000/seed=2/method=lacerda/metrics.csv, results/synth/regime=easy/d=10/num_cycles=3/density=0.3/samp_size=5000/seed=1/method=lacerda/metrics.csv, results/synth/regime=easy/d=10/num_cycles=3/density=0.3/samp_size=10000/seed=0/method=lacerda/metrics.csv, results/synth/regime=easy/d=10/num_cycles=5/density=0.3/samp_size=5000/seed=2/method=lacerda/metrics.csv, results/synth/regime=easy/d=10/num_cycles=4/density=0.3/samp_size=10000/seed=0/method=lacerda/metrics.csv, results/synth/regime=easy/d=10/num_cycles=4/density=0.3/samp_size=5000/seed=2/method=lacerda/metrics.csv, results/synth/regime=easy/d=10/num_cycles=5/density=0.3/samp_size=5000/seed=1/method=lacerda/metrics.csv, results/synth/regime=easy/d=10/num_cycles=4/density=0.3/samp_size=5000/seed=1/method=lacerda/metrics.csv, results/synth/regime=easy/d=10/num_cycles=4/density=0.3/samp_size=5000/seed=0/method=lacerda/metrics.csv, results/synth/regime=easy/d=10/num_cycles=5/density=0.3/samp_size=10000/seed=1/method=lacerda/metrics.csv, results/synth/regime=easy/d=10/num_cycles=5/density=0.3/samp_size=5000/seed=0/method=lacerda/metrics.csv
    wildcards: regime=easy, density=0.3
    resources: tmpdir=/tmp
[Wed Apr 29 22:33:36 2026]
Finished jobid: 318 (Rule: synth_evaluate)
162 of 166 steps (98%) done
Select jobs to execute...
Execute 1 jobs...
[Wed Apr 29 22:33:36 2026]
localrule synth_plot:
    input: results/synth/regime=easy/d=10/num_cycles=3/density=0.5/samp_size=50/seed=0/method=lacerda/metrics.csv, results/synth/regime=easy/d=10/num_cycles=3/density=0.5/samp_size=50/seed=1/method=lacerda/metrics.csv, results/synth/regime=easy/d=10/num_cycles=3/density=0.5/samp_size=50/seed=2/method=lacerda/metrics.csv, results/synth/regime=easy/d=10/num_cycles=3/density=0.5/samp_size=100/seed=0/method=lacerda/metrics.csv, results/synth/regime=easy/d=10/num_cycles=3/density=0.5/samp_size=100/seed=1/method=lacerda/metrics.csv, results/synth/regime=easy/d=10/num_cycles=3/density=0.5/samp_size=100/seed=2/method=lacerda/metrics.csv, results/synth/regime=easy/d=10/num_cycles=3/density=0.5/samp_size=500/seed=0/method=lacerda/metrics.csv, results/synth/regime=easy/d=10/num_cycles=3/density=0.5/samp_size=500/seed=1/method=lacerda/metrics.csv, results/synth/regime=easy/d=10/num_cycles=3/density=0.5/samp_size=500/seed=2/method=lacerda/metrics.csv, results/synth/regime=easy/d=10/num_cycles=3/density=0.5/samp_size=1000/seed=0/method=lacerda/metrics.csv, results/synth/regime=easy/d=10/num_cycles=3/density=0.5/samp_size=1000/seed=1/method=lacerda/metrics.csv, results/synth/regime=easy/d=10/num_cycles=3/density=0.5/samp_size=1000/seed=2/method=lacerda/metrics.csv, results/synth/regime=easy/d=10/num_cycles=3/density=0.5/samp_size=5000/seed=0/method=lacerda/metrics.csv, results/synth/regime=easy/d=10/num_cycles=3/density=0.5/samp_size=5000/seed=1/method=lacerda/metrics.csv, results/synth/regime=easy/d=10/num_cycles=3/density=0.5/samp_size=5000/seed=2/method=lacerda/metrics.csv, results/synth/regime=easy/d=10/num_cycles=3/density=0.5/samp_size=10000/seed=0/method=lacerda/metrics.csv, results/synth/regime=easy/d=10/num_cycles=3/density=0.5/samp_size=10000/seed=1/method=lacerda/metrics.csv, results/synth/regime=easy/d=10/num_cycles=3/density=0.5/samp_size=10000/seed=2/method=lacerda/metrics.csv, results/synth/regime=easy/d=10/num_cycles=4/density=0.5/samp_size=50/seed=0/method=lacerda/metrics.csv, results/synth/regime=easy/d=10/num_cycles=4/density=0.5/samp_size=50/seed=1/method=lacerda/metrics.csv, results/synth/regime=easy/d=10/num_cycles=4/density=0.5/samp_size=50/seed=2/method=lacerda/metrics.csv, results/synth/regime=easy/d=10/num_cycles=4/density=0.5/samp_size=100/seed=0/method=lacerda/metrics.csv, results/synth/regime=easy/d=10/num_cycles=4/density=0.5/samp_size=100/seed=1/method=lacerda/metrics.csv, results/synth/regime=easy/d=10/num_cycles=4/density=0.5/samp_size=100/seed=2/method=lacerda/metrics.csv, results/synth/regime=easy/d=10/num_cycles=4/density=0.5/samp_size=500/seed=0/method=lacerda/metrics.csv, results/synth/regime=easy/d=10/num_cycles=4/density=0.5/samp_size=500/seed=1/method=lacerda/metrics.csv, results/synth/regime=easy/d=10/num_cycles=4/density=0.5/samp_size=500/seed=2/method=lacerda/metrics.csv, results/synth/regime=easy/d=10/num_cycles=4/density=0.5/samp_size=1000/seed=0/method=lacerda/metrics.csv, results/synth/regime=easy/d=10/num_cycles=4/density=0.5/samp_size=1000/seed=1/method=lacerda/metrics.csv, results/synth/regime=easy/d=10/num_cycles=4/density=0.5/samp_size=1000/seed=2/method=lacerda/metrics.csv, results/synth/regime=easy/d=10/num_cycles=4/density=0.5/samp_size=5000/seed=0/method=lacerda/metrics.csv, results/synth/regime=easy/d=10/num_cycles=4/density=0.5/samp_size=5000/seed=1/method=lacerda/metrics.csv, results/synth/regime=easy/d=10/num_cycles=4/density=0.5/samp_size=5000/seed=2/method=lacerda/metrics.csv, results/synth/regime=easy/d=10/num_cycles=4/density=0.5/samp_size=10000/seed=0/method=lacerda/metrics.csv, results/synth/regime=easy/d=10/num_cycles=4/density=0.5/samp_size=10000/seed=1/method=lacerda/metrics.csv, results/synth/regime=easy/d=10/num_cycles=4/density=0.5/samp_size=10000/seed=2/method=lacerda/metrics.csv, results/synth/regime=easy/d=10/num_cycles=5/density=0.5/samp_size=50/seed=0/method=lacerda/metrics.csv, results/synth/regime=easy/d=10/num_cycles=5/density=0.5/samp_size=50/seed=1/method=lacerda/metrics.csv, results/synth/regime=easy/d=10/num_cycles=5/density=0.5/samp_size=50/seed=2/method=lacerda/metrics.csv, results/synth/regime=easy/d=10/num_cycles=5/density=0.5/samp_size=100/seed=0/method=lacerda/metrics.csv, results/synth/regime=easy/d=10/num_cycles=5/density=0.5/samp_size=100/seed=1/method=lacerda/metrics.csv, results/synth/regime=easy/d=10/num_cycles=5/density=0.5/samp_size=100/seed=2/method=lacerda/metrics.csv, results/synth/regime=easy/d=10/num_cycles=5/density=0.5/samp_size=500/seed=0/method=lacerda/metrics.csv, results/synth/regime=easy/d=10/num_cycles=5/density=0.5/samp_size=500/seed=1/method=lacerda/metrics.csv, results/synth/regime=easy/d=10/num_cycles=5/density=0.5/samp_size=500/seed=2/method=lacerda/metrics.csv, results/synth/regime=easy/d=10/num_cycles=5/density=0.5/samp_size=1000/seed=0/method=lacerda/metrics.csv, results/synth/regime=easy/d=10/num_cycles=5/density=0.5/samp_size=1000/seed=1/method=lacerda/metrics.csv, results/synth/regime=easy/d=10/num_cycles=5/density=0.5/samp_size=1000/seed=2/method=lacerda/metrics.csv, results/synth/regime=easy/d=10/num_cycles=5/density=0.5/samp_size=5000/seed=0/method=lacerda/metrics.csv, results/synth/regime=easy/d=10/num_cycles=5/density=0.5/samp_size=5000/seed=1/method=lacerda/metrics.csv, results/synth/regime=easy/d=10/num_cycles=5/density=0.5/samp_size=5000/seed=2/method=lacerda/metrics.csv, results/synth/regime=easy/d=10/num_cycles=5/density=0.5/samp_size=10000/seed=0/method=lacerda/metrics.csv, results/synth/regime=easy/d=10/num_cycles=5/density=0.5/samp_size=10000/seed=1/method=lacerda/metrics.csv, results/synth/regime=easy/d=10/num_cycles=5/density=0.5/samp_size=10000/seed=2/method=lacerda/metrics.csv
    output: results/synth_main_regime=easy_density=0.5.pdf
    jobid: 164
    reason: Input files updated by another job: results/synth/regime=easy/d=10/num_cycles=3/density=0.5/samp_size=10000/seed=1/method=lacerda/metrics.csv, results/synth/regime=easy/d=10/num_cycles=5/density=0.5/samp_size=5000/seed=1/method=lacerda/metrics.csv, results/synth/regime=easy/d=10/num_cycles=5/density=0.5/samp_size=10000/seed=2/method=lacerda/metrics.csv, results/synth/regime=easy/d=10/num_cycles=3/density=0.5/samp_size=5000/seed=2/method=lacerda/metrics.csv, results/synth/regime=easy/d=10/num_cycles=5/density=0.5/samp_size=10000/seed=0/method=lacerda/metrics.csv, results/synth/regime=easy/d=10/num_cycles=4/density=0.5/samp_size=10000/seed=1/method=lacerda/metrics.csv, results/synth/regime=easy/d=10/num_cycles=3/density=0.5/samp_size=10000/seed=2/method=lacerda/metrics.csv, results/synth/regime=easy/d=10/num_cycles=5/density=0.5/samp_size=10000/seed=1/method=lacerda/metrics.csv, results/synth/regime=easy/d=10/num_cycles=5/density=0.5/samp_size=5000/seed=0/method=lacerda/metrics.csv, results/synth/regime=easy/d=10/num_cycles=4/density=0.5/samp_size=5000/seed=0/method=lacerda/metrics.csv, results/synth/regime=easy/d=10/num_cycles=4/density=0.5/samp_size=5000/seed=1/method=lacerda/metrics.csv, results/synth/regime=easy/d=10/num_cycles=5/density=0.5/samp_size=5000/seed=2/method=lacerda/metrics.csv, results/synth/regime=easy/d=10/num_cycles=4/density=0.5/samp_size=10000/seed=2/method=lacerda/metrics.csv, results/synth/regime=easy/d=10/num_cycles=3/density=0.5/samp_size=10000/seed=0/method=lacerda/metrics.csv, results/synth/regime=easy/d=10/num_cycles=4/density=0.5/samp_size=10000/seed=0/method=lacerda/metrics.csv, results/synth/regime=easy/d=10/num_cycles=3/density=0.5/samp_size=5000/seed=0/method=lacerda/metrics.csv, results/synth/regime=easy/d=10/num_cycles=3/density=0.5/samp_size=5000/seed=1/method=lacerda/metrics.csv, results/synth/regime=easy/d=10/num_cycles=4/density=0.5/samp_size=5000/seed=2/method=lacerda/metrics.csv
    wildcards: regime=easy, density=0.5
    resources: tmpdir=/tmp
[Wed Apr 29 22:33:36 2026]
Finished jobid: 327 (Rule: synth_plot)
163 of 166 steps (98%) done
[Wed Apr 29 22:33:37 2026]
Finished jobid: 1 (Rule: synth_plot)
164 of 166 steps (99%) done
[Wed Apr 29 22:33:37 2026]
Finished jobid: 164 (Rule: synth_plot)
165 of 166 steps (99%) done
Select jobs to execute...
Execute 1 jobs...
[Wed Apr 29 22:33:37 2026]
localrule all:
    input: results/synth_main_regime=easy_density=0.3.pdf, results/synth_main_regime=easy_density=0.5.pdf, results/synth_main_regime=easy_density=0.8.pdf
    jobid: 0
    reason: Input files updated by another job: results/synth_main_regime=easy_density=0.3.pdf, results/synth_main_regime=easy_density=0.5.pdf, results/synth_main_regime=easy_density=0.8.pdf
    resources: tmpdir=/tmp
[Wed Apr 29 22:33:37 2026]
Finished jobid: 0 (Rule: all)
166 of 166 steps (100%) done
Complete log(s): /home/fmfsa/Repositories/repare_cycle/src/expt/workflow/.snakemake/log/2026-04-29T223328.883239.snakemake.log
