Assuming unrestricted shared filesystem usage.
host: AICheetah
Building DAG of jobs...
Using shell: /usr/bin/bash
Provided cores: 8
Rules claiming more threads will be scaled down.
Job stats:
job               count
--------------  -------
synth_generate      162
synth_fit           648
synth_evaluate      648
synth_plot            3
total              1461

Select jobs to execute...
Execute 8 jobs...
[Tue Apr 28 13:01:05 2026]
localrule synth_generate:
    output: results/synth/regime=easy/d=10/num_cycles=5/density=0.5/samp_size=500/seed=0/dataset.npz
    jobid: 1102
    reason: Missing output files: results/synth/regime=easy/d=10/num_cycles=5/density=0.5/samp_size=500/seed=0/dataset.npz
    wildcards: regime=easy, d=10, num_cycles=5, density=0.5, samp_size=500, seed=0
    resources: tmpdir=/tmp
[Tue Apr 28 13:01:05 2026]
localrule synth_generate:
    output: results/synth/regime=easy/d=10/num_cycles=4/density=0.3/samp_size=100/seed=2/dataset.npz
    jobid: 71
    reason: Missing output files: results/synth/regime=easy/d=10/num_cycles=4/density=0.3/samp_size=100/seed=2/dataset.npz
    wildcards: regime=easy, d=10, num_cycles=4, density=0.3, samp_size=100, seed=2
    resources: tmpdir=/tmp
[Tue Apr 28 13:01:05 2026]
localrule synth_generate:
    output: results/synth/regime=easy/d=10/num_cycles=5/density=0.3/samp_size=10000/seed=2/dataset.npz
    jobid: 161
    reason: Missing output files: results/synth/regime=easy/d=10/num_cycles=5/density=0.3/samp_size=10000/seed=2/dataset.npz
    wildcards: regime=easy, d=10, num_cycles=5, density=0.3, samp_size=10000, seed=2
    resources: tmpdir=/tmp
[Tue Apr 28 13:01:05 2026]
localrule synth_generate:
    output: results/synth/regime=easy/d=10/num_cycles=3/density=0.3/samp_size=500/seed=2/dataset.npz
    jobid: 26
    reason: Missing output files: results/synth/regime=easy/d=10/num_cycles=3/density=0.3/samp_size=500/seed=2/dataset.npz
    wildcards: regime=easy, d=10, num_cycles=3, density=0.3, samp_size=500, seed=2
    resources: tmpdir=/tmp
[Tue Apr 28 13:01:05 2026]
localrule synth_generate:
    output: results/synth/regime=easy/d=10/num_cycles=5/density=0.3/samp_size=50/seed=2/dataset.npz
    jobid: 116
    reason: Missing output files: results/synth/regime=easy/d=10/num_cycles=5/density=0.3/samp_size=50/seed=2/dataset.npz
    wildcards: regime=easy, d=10, num_cycles=5, density=0.3, samp_size=50, seed=2
    resources: tmpdir=/tmp
[Tue Apr 28 13:01:05 2026]
localrule synth_generate:
    output: results/synth/regime=easy/d=10/num_cycles=4/density=0.5/samp_size=5000/seed=1/dataset.npz
    jobid: 1069
    reason: Missing output files: results/synth/regime=easy/d=10/num_cycles=4/density=0.5/samp_size=5000/seed=1/dataset.npz
    wildcards: regime=easy, d=10, num_cycles=4, density=0.5, samp_size=5000, seed=1
    resources: tmpdir=/tmp
[Tue Apr 28 13:01:05 2026]
localrule synth_generate:
    output: results/synth/regime=easy/d=10/num_cycles=5/density=0.5/samp_size=1000/seed=1/dataset.npz
    jobid: 1114
    reason: Missing output files: results/synth/regime=easy/d=10/num_cycles=5/density=0.5/samp_size=1000/seed=1/dataset.npz
    wildcards: regime=easy, d=10, num_cycles=5, density=0.5, samp_size=1000, seed=1
    resources: tmpdir=/tmp
[Tue Apr 28 13:01:05 2026]
localrule synth_generate:
    output: results/synth/regime=easy/d=10/num_cycles=4/density=0.8/samp_size=50/seed=2/dataset.npz
    jobid: 549
    reason: Missing output files: results/synth/regime=easy/d=10/num_cycles=4/density=0.8/samp_size=50/seed=2/dataset.npz
    wildcards: regime=easy, d=10, num_cycles=4, density=0.8, samp_size=50, seed=2
    resources: tmpdir=/tmp
Select jobs to execute...
[Tue Apr 28 13:01:06 2026]
Finished jobid: 1069 (Rule: synth_generate)
1 of 1461 steps (0.1%) done
[Tue Apr 28 13:01:06 2026]
Finished jobid: 116 (Rule: synth_generate)
2 of 1461 steps (0.1%) done
Execute 2 jobs...
[Tue Apr 28 13:01:06 2026]
localrule synth_generate:
    output: results/synth/regime=easy/d=10/num_cycles=3/density=0.5/samp_size=10000/seed=1/dataset.npz
    jobid: 1024
    reason: Missing output files: results/synth/regime=easy/d=10/num_cycles=3/density=0.5/samp_size=10000/seed=1/dataset.npz
    wildcards: regime=easy, d=10, num_cycles=3, density=0.5, samp_size=10000, seed=1
    resources: tmpdir=/tmp
[Tue Apr 28 13:01:06 2026]
localrule synth_generate:
    output: results/synth/regime=easy/d=10/num_cycles=3/density=0.3/samp_size=1000/seed=0/dataset.npz
    jobid: 29
    reason: Missing output files: results/synth/regime=easy/d=10/num_cycles=3/density=0.3/samp_size=1000/seed=0/dataset.npz
    wildcards: regime=easy, d=10, num_cycles=3, density=0.3, samp_size=1000, seed=0
    resources: tmpdir=/tmp
[Tue Apr 28 13:01:06 2026]
Finished jobid: 161 (Rule: synth_generate)
3 of 1461 steps (0.2%) done
[Tue Apr 28 13:01:06 2026]
Finished jobid: 71 (Rule: synth_generate)
4 of 1461 steps (0.3%) done
Select jobs to execute...
Execute 2 jobs...
[Tue Apr 28 13:01:06 2026]
localrule synth_generate:
    output: results/synth/regime=easy/d=10/num_cycles=4/density=0.8/samp_size=50/seed=1/dataset.npz
    jobid: 546
    reason: Missing output files: results/synth/regime=easy/d=10/num_cycles=4/density=0.8/samp_size=50/seed=1/dataset.npz
    wildcards: regime=easy, d=10, num_cycles=4, density=0.8, samp_size=50, seed=1
    resources: tmpdir=/tmp
[Tue Apr 28 13:01:06 2026]
localrule synth_fit:
    input: results/synth/regime=easy/d=10/num_cycles=4/density=0.5/samp_size=5000/seed=1/dataset.npz
    output: results/synth/regime=easy/d=10/num_cycles=4/density=0.5/samp_size=5000/seed=1/method=oica_scc_repare/model.pkl
    jobid: 1070
    reason: Missing output files: results/synth/regime=easy/d=10/num_cycles=4/density=0.5/samp_size=5000/seed=1/method=oica_scc_repare/model.pkl; Input files updated by another job: results/synth/regime=easy/d=10/num_cycles=4/density=0.5/samp_size=5000/seed=1/dataset.npz
    wildcards: regime=easy, d=10, num_cycles=4, density=0.5, samp_size=5000, seed=1, method=oica_scc_repare
    resources: tmpdir=/tmp
[Tue Apr 28 13:01:06 2026]
Finished jobid: 1102 (Rule: synth_generate)
5 of 1461 steps (0.3%) done
Select jobs to execute...
Execute 1 jobs...
[Tue Apr 28 13:01:06 2026]
localrule synth_fit:
    input: results/synth/regime=easy/d=10/num_cycles=4/density=0.3/samp_size=100/seed=2/dataset.npz
    output: results/synth/regime=easy/d=10/num_cycles=4/density=0.3/samp_size=100/seed=2/method=lacerda_repare/model.pkl
    jobid: 318
    reason: Missing output files: results/synth/regime=easy/d=10/num_cycles=4/density=0.3/samp_size=100/seed=2/method=lacerda_repare/model.pkl; Input files updated by another job: results/synth/regime=easy/d=10/num_cycles=4/density=0.3/samp_size=100/seed=2/dataset.npz
    wildcards: regime=easy, d=10, num_cycles=4, density=0.3, samp_size=100, seed=2, method=lacerda_repare
    resources: tmpdir=/tmp
[Tue Apr 28 13:01:06 2026]
Finished jobid: 26 (Rule: synth_generate)
6 of 1461 steps (0.4%) done
[Tue Apr 28 13:01:06 2026]
Finished jobid: 549 (Rule: synth_generate)
7 of 1461 steps (0.5%) done
Select jobs to execute...
Execute 2 jobs...
[Tue Apr 28 13:01:06 2026]
localrule synth_generate:
    output: results/synth/regime=easy/d=10/num_cycles=4/density=0.5/samp_size=1000/seed=0/dataset.npz
    jobid: 1057
    reason: Missing output files: results/synth/regime=easy/d=10/num_cycles=4/density=0.5/samp_size=1000/seed=0/dataset.npz
    wildcards: regime=easy, d=10, num_cycles=4, density=0.5, samp_size=1000, seed=0
    resources: tmpdir=/tmp
[Tue Apr 28 13:01:06 2026]
localrule synth_fit:
    input: results/synth/regime=easy/d=10/num_cycles=5/density=0.5/samp_size=500/seed=0/dataset.npz
    output: results/synth/regime=easy/d=10/num_cycles=5/density=0.5/samp_size=500/seed=0/method=lacerda_repare/model.pkl
    jobid: 1330
    reason: Missing output files: results/synth/regime=easy/d=10/num_cycles=5/density=0.5/samp_size=500/seed=0/method=lacerda_repare/model.pkl; Input files updated by another job: results/synth/regime=easy/d=10/num_cycles=5/density=0.5/samp_size=500/seed=0/dataset.npz
    wildcards: regime=easy, d=10, num_cycles=5, density=0.5, samp_size=500, seed=0, method=lacerda_repare
    resources: tmpdir=/tmp
[Tue Apr 28 13:01:06 2026]
Finished jobid: 1114 (Rule: synth_generate)
8 of 1461 steps (1%) done
Select jobs to execute...
Execute 1 jobs...
[Tue Apr 28 13:01:06 2026]
localrule synth_generate:
    output: results/synth/regime=easy/d=10/num_cycles=3/density=0.3/samp_size=10000/seed=2/dataset.npz
    jobid: 53
    reason: Missing output files: results/synth/regime=easy/d=10/num_cycles=3/density=0.3/samp_size=10000/seed=2/dataset.npz
    wildcards: regime=easy, d=10, num_cycles=3, density=0.3, samp_size=10000, seed=2
    resources: tmpdir=/tmp
Select jobs to execute...
[Tue Apr 28 13:01:07 2026]
Finished jobid: 1024 (Rule: synth_generate)
9 of 1461 steps (1%) done
Execute 1 jobs...
[Tue Apr 28 13:01:07 2026]
localrule synth_generate:
    output: results/synth/regime=easy/d=10/num_cycles=4/density=0.3/samp_size=5000/seed=2/dataset.npz
    jobid: 98
    reason: Missing output files: results/synth/regime=easy/d=10/num_cycles=4/density=0.3/samp_size=5000/seed=2/dataset.npz
    wildcards: regime=easy, d=10, num_cycles=4, density=0.3, samp_size=5000, seed=2
    resources: tmpdir=/tmp
[Tue Apr 28 13:01:07 2026]
Finished jobid: 29 (Rule: synth_generate)
10 of 1461 steps (1%) done
Select jobs to execute...
Execute 1 jobs...
[Tue Apr 28 13:01:07 2026]
localrule synth_generate:
    output: results/synth/regime=easy/d=10/num_cycles=5/density=0.8/samp_size=500/seed=1/dataset.npz
    jobid: 618
    reason: Missing output files: results/synth/regime=easy/d=10/num_cycles=5/density=0.8/samp_size=500/seed=1/dataset.npz
    wildcards: regime=easy, d=10, num_cycles=5, density=0.8, samp_size=500, seed=1
    resources: tmpdir=/tmp
Select jobs to execute...
[Tue Apr 28 13:01:07 2026]
Finished jobid: 1057 (Rule: synth_generate)
11 of 1461 steps (1%) done
Execute 1 jobs...
[Tue Apr 28 13:01:07 2026]
localrule synth_generate:
    output: results/synth/regime=easy/d=10/num_cycles=4/density=0.5/samp_size=500/seed=0/dataset.npz
    jobid: 1048
    reason: Missing output files: results/synth/regime=easy/d=10/num_cycles=4/density=0.5/samp_size=500/seed=0/dataset.npz
    wildcards: regime=easy, d=10, num_cycles=4, density=0.5, samp_size=500, seed=0
    resources: tmpdir=/tmp
[Tue Apr 28 13:01:07 2026]
Finished jobid: 53 (Rule: synth_generate)
12 of 1461 steps (1%) done
Select jobs to execute...
Execute 1 jobs...
[Tue Apr 28 13:01:07 2026]
localrule synth_fit:
    input: results/synth/regime=easy/d=10/num_cycles=5/density=0.5/samp_size=500/seed=0/dataset.npz
    output: results/synth/regime=easy/d=10/num_cycles=5/density=0.5/samp_size=500/seed=0/method=lacerda/model.pkl
    jobid: 1438
    reason: Missing output files: results/synth/regime=easy/d=10/num_cycles=5/density=0.5/samp_size=500/seed=0/method=lacerda/model.pkl; Input files updated by another job: results/synth/regime=easy/d=10/num_cycles=5/density=0.5/samp_size=500/seed=0/dataset.npz
    wildcards: regime=easy, d=10, num_cycles=5, density=0.5, samp_size=500, seed=0, method=lacerda
    resources: tmpdir=/tmp
[Tue Apr 28 13:01:08 2026]
Finished jobid: 546 (Rule: synth_generate)
13 of 1461 steps (1%) done
Select jobs to execute...
Execute 1 jobs...
[Tue Apr 28 13:01:08 2026]
localrule synth_generate:
    output: results/synth/regime=easy/d=10/num_cycles=5/density=0.5/samp_size=100/seed=0/dataset.npz
    jobid: 1093
    reason: Missing output files: results/synth/regime=easy/d=10/num_cycles=5/density=0.5/samp_size=100/seed=0/dataset.npz
    wildcards: regime=easy, d=10, num_cycles=5, density=0.5, samp_size=100, seed=0
    resources: tmpdir=/tmp
Select jobs to execute...
[Tue Apr 28 13:01:08 2026]
Finished jobid: 318 (Rule: synth_fit)
14 of 1461 steps (1%) done
Execute 1 jobs...
[Tue Apr 28 13:01:08 2026]
localrule synth_generate:
    output: results/synth/regime=easy/d=10/num_cycles=3/density=0.5/samp_size=1000/seed=0/dataset.npz
    jobid: 1003
    reason: Missing output files: results/synth/regime=easy/d=10/num_cycles=3/density=0.5/samp_size=1000/seed=0/dataset.npz
    wildcards: regime=easy, d=10, num_cycles=3, density=0.5, samp_size=1000, seed=0
    resources: tmpdir=/tmp
Select jobs to execute...
[Tue Apr 28 13:01:09 2026]
Finished jobid: 98 (Rule: synth_generate)
15 of 1461 steps (1%) done
Execute 1 jobs...
[Tue Apr 28 13:01:09 2026]
localrule synth_generate:
    output: results/synth/regime=easy/d=10/num_cycles=3/density=0.3/samp_size=10000/seed=1/dataset.npz
    jobid: 50
    reason: Missing output files: results/synth/regime=easy/d=10/num_cycles=3/density=0.3/samp_size=10000/seed=1/dataset.npz
    wildcards: regime=easy, d=10, num_cycles=3, density=0.3, samp_size=10000, seed=1
    resources: tmpdir=/tmp
[Tue Apr 28 13:01:09 2026]
Finished jobid: 1048 (Rule: synth_generate)
16 of 1461 steps (1%) done
Select jobs to execute...
Execute 1 jobs...
[Tue Apr 28 13:01:09 2026]
localrule synth_generate:
    output: results/synth/regime=easy/d=10/num_cycles=4/density=0.3/samp_size=5000/seed=1/dataset.npz
    jobid: 95
    reason: Missing output files: results/synth/regime=easy/d=10/num_cycles=4/density=0.3/samp_size=5000/seed=1/dataset.npz
    wildcards: regime=easy, d=10, num_cycles=4, density=0.3, samp_size=5000, seed=1
    resources: tmpdir=/tmp
[Tue Apr 28 13:01:09 2026]
Finished jobid: 1093 (Rule: synth_generate)
17 of 1461 steps (1%) done
Select jobs to execute...
Execute 1 jobs...
[Tue Apr 28 13:01:09 2026]
localrule synth_generate:
    output: results/synth/regime=easy/d=10/num_cycles=3/density=0.8/samp_size=5000/seed=0/dataset.npz
    jobid: 525
    reason: Missing output files: results/synth/regime=easy/d=10/num_cycles=3/density=0.8/samp_size=5000/seed=0/dataset.npz
    wildcards: regime=easy, d=10, num_cycles=3, density=0.8, samp_size=5000, seed=0
    resources: tmpdir=/tmp
[Tue Apr 28 13:01:09 2026]
Finished jobid: 618 (Rule: synth_generate)
18 of 1461 steps (1%) done
Select jobs to execute...
Execute 1 jobs...
[Tue Apr 28 13:01:09 2026]
localrule synth_generate:
    output: results/synth/regime=easy/d=10/num_cycles=5/density=0.8/samp_size=500/seed=0/dataset.npz
    jobid: 615
    reason: Missing output files: results/synth/regime=easy/d=10/num_cycles=5/density=0.8/samp_size=500/seed=0/dataset.npz
    wildcards: regime=easy, d=10, num_cycles=5, density=0.8, samp_size=500, seed=0
    resources: tmpdir=/tmp
[Tue Apr 28 13:01:09 2026]
Finished jobid: 1438 (Rule: synth_fit)
19 of 1461 steps (1%) done
Select jobs to execute...
Execute 1 jobs...
[Tue Apr 28 13:01:09 2026]
localrule synth_generate:
    output: results/synth/regime=easy/d=10/num_cycles=3/density=0.3/samp_size=50/seed=1/dataset.npz
    jobid: 5
    reason: Missing output files: results/synth/regime=easy/d=10/num_cycles=3/density=0.3/samp_size=50/seed=1/dataset.npz
    wildcards: regime=easy, d=10, num_cycles=3, density=0.3, samp_size=50, seed=1
    resources: tmpdir=/tmp
Select jobs to execute...
[Tue Apr 28 13:01:09 2026]
Finished jobid: 1330 (Rule: synth_fit)
20 of 1461 steps (1%) done
Execute 1 jobs...
[Tue Apr 28 13:01:09 2026]
localrule synth_generate:
    output: results/synth/regime=easy/d=10/num_cycles=4/density=0.8/samp_size=1000/seed=0/dataset.npz
    jobid: 570
    reason: Missing output files: results/synth/regime=easy/d=10/num_cycles=4/density=0.8/samp_size=1000/seed=0/dataset.npz
    wildcards: regime=easy, d=10, num_cycles=4, density=0.8, samp_size=1000, seed=0
    resources: tmpdir=/tmp
Select jobs to execute...
[Tue Apr 28 13:01:09 2026]
Finished jobid: 1003 (Rule: synth_generate)
21 of 1461 steps (1%) done
Execute 1 jobs...
[Tue Apr 28 13:01:09 2026]
localrule synth_evaluate:
    input: results/synth/regime=easy/d=10/num_cycles=5/density=0.5/samp_size=500/seed=0/dataset.npz, results/synth/regime=easy/d=10/num_cycles=5/density=0.5/samp_size=500/seed=0/method=lacerda/model.pkl
    output: results/synth/regime=easy/d=10/num_cycles=5/density=0.5/samp_size=500/seed=0/method=lacerda/metrics.csv
    jobid: 1437
    reason: Missing output files: results/synth/regime=easy/d=10/num_cycles=5/density=0.5/samp_size=500/seed=0/method=lacerda/metrics.csv; Input files updated by another job: results/synth/regime=easy/d=10/num_cycles=5/density=0.5/samp_size=500/seed=0/method=lacerda/model.pkl, results/synth/regime=easy/d=10/num_cycles=5/density=0.5/samp_size=500/seed=0/dataset.npz
    wildcards: regime=easy, d=10, num_cycles=5, density=0.5, samp_size=500, seed=0, method=lacerda
    resources: tmpdir=/tmp
Select jobs to execute...
[Tue Apr 28 13:01:10 2026]
Finished jobid: 50 (Rule: synth_generate)
22 of 1461 steps (2%) done
Execute 1 jobs...
[Tue Apr 28 13:01:10 2026]
localrule synth_generate:
    output: results/synth/regime=easy/d=10/num_cycles=4/density=0.5/samp_size=100/seed=2/dataset.npz
    jobid: 1045
    reason: Missing output files: results/synth/regime=easy/d=10/num_cycles=4/density=0.5/samp_size=100/seed=2/dataset.npz
    wildcards: regime=easy, d=10, num_cycles=4, density=0.5, samp_size=100, seed=2
    resources: tmpdir=/tmp
[Tue Apr 28 13:01:10 2026]
Finished jobid: 95 (Rule: synth_generate)
23 of 1461 steps (2%) done
Select jobs to execute...
Execute 1 jobs...
[Tue Apr 28 13:01:10 2026]
localrule synth_generate:
    output: results/synth/regime=easy/d=10/num_cycles=3/density=0.3/samp_size=50/seed=0/dataset.npz
    jobid: 2
    reason: Missing output files: results/synth/regime=easy/d=10/num_cycles=3/density=0.3/samp_size=50/seed=0/dataset.npz
    wildcards: regime=easy, d=10, num_cycles=3, density=0.3, samp_size=50, seed=0
    resources: tmpdir=/tmp
[Tue Apr 28 13:01:10 2026]
Finished jobid: 525 (Rule: synth_generate)
24 of 1461 steps (2%) done
Select jobs to execute...
Execute 1 jobs...
[Tue Apr 28 13:01:10 2026]
localrule synth_fit:
    input: results/synth/regime=easy/d=10/num_cycles=4/density=0.5/samp_size=500/seed=0/dataset.npz
    output: results/synth/regime=easy/d=10/num_cycles=4/density=0.5/samp_size=500/seed=0/method=lacerda/model.pkl
    jobid: 1402
    reason: Missing output files: results/synth/regime=easy/d=10/num_cycles=4/density=0.5/samp_size=500/seed=0/method=lacerda/model.pkl; Input files updated by another job: results/synth/regime=easy/d=10/num_cycles=4/density=0.5/samp_size=500/seed=0/dataset.npz
    wildcards: regime=easy, d=10, num_cycles=4, density=0.5, samp_size=500, seed=0, method=lacerda
    resources: tmpdir=/tmp
[Tue Apr 28 13:01:10 2026]
Finished jobid: 615 (Rule: synth_generate)
25 of 1461 steps (2%) done
Select jobs to execute...
Execute 1 jobs...
[Tue Apr 28 13:01:10 2026]
localrule synth_fit:
    input: results/synth/regime=easy/d=10/num_cycles=3/density=0.8/samp_size=5000/seed=0/dataset.npz
    output: results/synth/regime=easy/d=10/num_cycles=3/density=0.8/samp_size=5000/seed=0/method=lacerda_repare/model.pkl
    jobid: 783
    reason: Missing output files: results/synth/regime=easy/d=10/num_cycles=3/density=0.8/samp_size=5000/seed=0/method=lacerda_repare/model.pkl; Input files updated by another job: results/synth/regime=easy/d=10/num_cycles=3/density=0.8/samp_size=5000/seed=0/dataset.npz
    wildcards: regime=easy, d=10, num_cycles=3, density=0.8, samp_size=5000, seed=0, method=lacerda_repare
    resources: tmpdir=/tmp
[Tue Apr 28 13:01:10 2026]
Finished jobid: 5 (Rule: synth_generate)
26 of 1461 steps (2%) done
Select jobs to execute...
Execute 1 jobs...
[Tue Apr 28 13:01:10 2026]
localrule synth_generate:
    output: results/synth/regime=easy/d=10/num_cycles=3/density=0.5/samp_size=500/seed=2/dataset.npz
    jobid: 1000
    reason: Missing output files: results/synth/regime=easy/d=10/num_cycles=3/density=0.5/samp_size=500/seed=2/dataset.npz
    wildcards: regime=easy, d=10, num_cycles=3, density=0.5, samp_size=500, seed=2
    resources: tmpdir=/tmp
Select jobs to execute...
[Tue Apr 28 13:01:10 2026]
Finished jobid: 570 (Rule: synth_generate)
27 of 1461 steps (2%) done
Execute 1 jobs...
[Tue Apr 28 13:01:10 2026]
localrule synth_generate:
    output: results/synth/regime=easy/d=10/num_cycles=3/density=0.3/samp_size=10000/seed=0/dataset.npz
    jobid: 47
    reason: Missing output files: results/synth/regime=easy/d=10/num_cycles=3/density=0.3/samp_size=10000/seed=0/dataset.npz
    wildcards: regime=easy, d=10, num_cycles=3, density=0.3, samp_size=10000, seed=0
    resources: tmpdir=/tmp
Select jobs to execute...
[Tue Apr 28 13:01:11 2026]
Finished jobid: 1437 (Rule: synth_evaluate)
28 of 1461 steps (2%) done
Execute 1 jobs...
[Tue Apr 28 13:01:11 2026]
localrule synth_generate:
    output: results/synth/regime=easy/d=10/num_cycles=5/density=0.5/samp_size=50/seed=2/dataset.npz
    jobid: 1090
    reason: Missing output files: results/synth/regime=easy/d=10/num_cycles=5/density=0.5/samp_size=50/seed=2/dataset.npz
    wildcards: regime=easy, d=10, num_cycles=5, density=0.5, samp_size=50, seed=2
    resources: tmpdir=/tmp
Select jobs to execute...
[Tue Apr 28 13:01:11 2026]
Finished jobid: 1045 (Rule: synth_generate)
29 of 1461 steps (2%) done
Execute 1 jobs...
[Tue Apr 28 13:01:11 2026]
localrule synth_generate:
    output: results/synth/regime=easy/d=10/num_cycles=5/density=0.5/samp_size=10000/seed=2/dataset.npz
    jobid: 1135
    reason: Missing output files: results/synth/regime=easy/d=10/num_cycles=5/density=0.5/samp_size=10000/seed=2/dataset.npz
    wildcards: regime=easy, d=10, num_cycles=5, density=0.5, samp_size=10000, seed=2
    resources: tmpdir=/tmp
Select jobs to execute...
[Tue Apr 28 13:01:11 2026]
Finished jobid: 2 (Rule: synth_generate)
30 of 1461 steps (2%) done
Execute 1 jobs...
[Tue Apr 28 13:01:11 2026]
localrule synth_generate:
    output: results/synth/regime=easy/d=10/num_cycles=4/density=0.3/samp_size=5000/seed=0/dataset.npz
    jobid: 92
    reason: Missing output files: results/synth/regime=easy/d=10/num_cycles=4/density=0.3/samp_size=5000/seed=0/dataset.npz
    wildcards: regime=easy, d=10, num_cycles=4, density=0.3, samp_size=5000, seed=0
    resources: tmpdir=/tmp
Select jobs to execute...
[Tue Apr 28 13:01:11 2026]
Finished jobid: 1000 (Rule: synth_generate)
31 of 1461 steps (2%) done
Execute 1 jobs...
[Tue Apr 28 13:01:11 2026]
localrule synth_fit:
    input: results/synth/regime=easy/d=10/num_cycles=3/density=0.5/samp_size=1000/seed=0/dataset.npz
    output: results/synth/regime=easy/d=10/num_cycles=3/density=0.5/samp_size=1000/seed=0/method=lacerda/model.pkl
    jobid: 1372
    reason: Missing output files: results/synth/regime=easy/d=10/num_cycles=3/density=0.5/samp_size=1000/seed=0/method=lacerda/model.pkl; Input files updated by another job: results/synth/regime=easy/d=10/num_cycles=3/density=0.5/samp_size=1000/seed=0/dataset.npz; Params have changed since last execution: Union of exclusive params before and now across all output: before: <nothing exclusive> now: [0.01, 0.05, 0.1],[0.05, 0.1, 0.15, 0.2] 
    wildcards: regime=easy, d=10, num_cycles=3, density=0.5, samp_size=1000, seed=0, method=lacerda
    resources: tmpdir=/tmp
Select jobs to execute...
[Tue Apr 28 13:01:11 2026]
Finished jobid: 1402 (Rule: synth_fit)
32 of 1461 steps (2%) done
Execute 1 jobs...
[Tue Apr 28 13:01:11 2026]
localrule synth_fit:
    input: results/synth/regime=easy/d=10/num_cycles=5/density=0.5/samp_size=100/seed=0/dataset.npz
    output: results/synth/regime=easy/d=10/num_cycles=5/density=0.5/samp_size=100/seed=0/method=lacerda/model.pkl
    jobid: 1432
    reason: Missing output files: results/synth/regime=easy/d=10/num_cycles=5/density=0.5/samp_size=100/seed=0/method=lacerda/model.pkl; Input files updated by another job: results/synth/regime=easy/d=10/num_cycles=5/density=0.5/samp_size=100/seed=0/dataset.npz
    wildcards: regime=easy, d=10, num_cycles=5, density=0.5, samp_size=100, seed=0, method=lacerda
    resources: tmpdir=/tmp
Select jobs to execute...
[Tue Apr 28 13:01:12 2026]
Finished jobid: 47 (Rule: synth_generate)
33 of 1461 steps (2%) done
Execute 1 jobs...
[Tue Apr 28 13:01:12 2026]
localrule synth_fit:
    input: results/synth/regime=easy/d=10/num_cycles=3/density=0.3/samp_size=10000/seed=2/dataset.npz
    output: results/synth/regime=easy/d=10/num_cycles=3/density=0.3/samp_size=10000/seed=2/method=lacerda_repare/model.pkl
    jobid: 306
    reason: Missing output files: results/synth/regime=easy/d=10/num_cycles=3/density=0.3/samp_size=10000/seed=2/method=lacerda_repare/model.pkl; Input files updated by another job: results/synth/regime=easy/d=10/num_cycles=3/density=0.3/samp_size=10000/seed=2/dataset.npz
    wildcards: regime=easy, d=10, num_cycles=3, density=0.3, samp_size=10000, seed=2, method=lacerda_repare
    resources: tmpdir=/tmp
Select jobs to execute...
[Tue Apr 28 13:01:12 2026]
Finished jobid: 1090 (Rule: synth_generate)
34 of 1461 steps (2%) done
Execute 1 jobs...
[Tue Apr 28 13:01:12 2026]
localrule synth_generate:
    output: results/synth/regime=easy/d=10/num_cycles=3/density=0.3/samp_size=100/seed=2/dataset.npz
    jobid: 17
    reason: Missing output files: results/synth/regime=easy/d=10/num_cycles=3/density=0.3/samp_size=100/seed=2/dataset.npz
    wildcards: regime=easy, d=10, num_cycles=3, density=0.3, samp_size=100, seed=2
    resources: tmpdir=/tmp
Select jobs to execute...
[Tue Apr 28 13:01:12 2026]
Finished jobid: 1135 (Rule: synth_generate)
35 of 1461 steps (2%) done
Execute 1 jobs...
[Tue Apr 28 13:01:12 2026]
localrule synth_generate:
    output: results/synth/regime=easy/d=10/num_cycles=4/density=0.3/samp_size=10000/seed=2/dataset.npz
    jobid: 107
    reason: Missing output files: results/synth/regime=easy/d=10/num_cycles=4/density=0.3/samp_size=10000/seed=2/dataset.npz
    wildcards: regime=easy, d=10, num_cycles=4, density=0.3, samp_size=10000, seed=2
    resources: tmpdir=/tmp
Select jobs to execute...
[Tue Apr 28 13:01:12 2026]
Finished jobid: 92 (Rule: synth_generate)
36 of 1461 steps (2%) done
Execute 1 jobs...
[Tue Apr 28 13:01:12 2026]
localrule synth_fit:
    input: results/synth/regime=easy/d=10/num_cycles=5/density=0.3/samp_size=10000/seed=2/dataset.npz
    output: results/synth/regime=easy/d=10/num_cycles=5/density=0.3/samp_size=10000/seed=2/method=lacerda/model.pkl
    jobid: 486
    reason: Missing output files: results/synth/regime=easy/d=10/num_cycles=5/density=0.3/samp_size=10000/seed=2/method=lacerda/model.pkl; Input files updated by another job: results/synth/regime=easy/d=10/num_cycles=5/density=0.3/samp_size=10000/seed=2/dataset.npz
    wildcards: regime=easy, d=10, num_cycles=5, density=0.3, samp_size=10000, seed=2, method=lacerda
    resources: tmpdir=/tmp
Select jobs to execute...
[Tue Apr 28 13:01:13 2026]
Finished jobid: 1372 (Rule: synth_fit)
37 of 1461 steps (3%) done
Execute 1 jobs...
[Tue Apr 28 13:01:13 2026]
localrule synth_fit:
    input: results/synth/regime=easy/d=10/num_cycles=4/density=0.5/samp_size=1000/seed=0/dataset.npz
    output: results/synth/regime=easy/d=10/num_cycles=4/density=0.5/samp_size=1000/seed=0/method=oica_no_repare/model.pkl
    jobid: 1192
    reason: Missing output files: results/synth/regime=easy/d=10/num_cycles=4/density=0.5/samp_size=1000/seed=0/method=oica_no_repare/model.pkl; Input files updated by another job: results/synth/regime=easy/d=10/num_cycles=4/density=0.5/samp_size=1000/seed=0/dataset.npz
    wildcards: regime=easy, d=10, num_cycles=4, density=0.5, samp_size=1000, seed=0, method=oica_no_repare
    resources: tmpdir=/tmp
Select jobs to execute...
[Tue Apr 28 13:01:13 2026]
Finished jobid: 1432 (Rule: synth_fit)
38 of 1461 steps (3%) done
Execute 1 jobs...
[Tue Apr 28 13:01:13 2026]
localrule synth_evaluate:
    input: results/synth/regime=easy/d=10/num_cycles=5/density=0.5/samp_size=100/seed=0/dataset.npz, results/synth/regime=easy/d=10/num_cycles=5/density=0.5/samp_size=100/seed=0/method=lacerda/model.pkl
    output: results/synth/regime=easy/d=10/num_cycles=5/density=0.5/samp_size=100/seed=0/method=lacerda/metrics.csv
    jobid: 1431
    reason: Missing output files: results/synth/regime=easy/d=10/num_cycles=5/density=0.5/samp_size=100/seed=0/method=lacerda/metrics.csv; Input files updated by another job: results/synth/regime=easy/d=10/num_cycles=5/density=0.5/samp_size=100/seed=0/method=lacerda/model.pkl, results/synth/regime=easy/d=10/num_cycles=5/density=0.5/samp_size=100/seed=0/dataset.npz
    wildcards: regime=easy, d=10, num_cycles=5, density=0.5, samp_size=100, seed=0, method=lacerda
    resources: tmpdir=/tmp
Select jobs to execute...
[Tue Apr 28 13:01:13 2026]
Finished jobid: 17 (Rule: synth_generate)
39 of 1461 steps (3%) done
Execute 1 jobs...
[Tue Apr 28 13:01:13 2026]
localrule synth_fit:
    input: results/synth/regime=easy/d=10/num_cycles=4/density=0.3/samp_size=100/seed=2/dataset.npz
    output: results/synth/regime=easy/d=10/num_cycles=4/density=0.3/samp_size=100/seed=2/method=lacerda/model.pkl
    jobid: 426
    reason: Missing output files: results/synth/regime=easy/d=10/num_cycles=4/density=0.3/samp_size=100/seed=2/method=lacerda/model.pkl; Input files updated by another job: results/synth/regime=easy/d=10/num_cycles=4/density=0.3/samp_size=100/seed=2/dataset.npz
    wildcards: regime=easy, d=10, num_cycles=4, density=0.3, samp_size=100, seed=2, method=lacerda
    resources: tmpdir=/tmp
Select jobs to execute...
[Tue Apr 28 13:01:14 2026]
Finished jobid: 107 (Rule: synth_generate)
40 of 1461 steps (3%) done
Execute 1 jobs...
[Tue Apr 28 13:01:14 2026]
localrule synth_fit:
    input: results/synth/regime=easy/d=10/num_cycles=3/density=0.5/samp_size=500/seed=2/dataset.npz
    output: results/synth/regime=easy/d=10/num_cycles=3/density=0.5/samp_size=500/seed=2/method=lacerda/model.pkl
    jobid: 1370
    reason: Missing output files: results/synth/regime=easy/d=10/num_cycles=3/density=0.5/samp_size=500/seed=2/method=lacerda/model.pkl; Input files updated by another job: results/synth/regime=easy/d=10/num_cycles=3/density=0.5/samp_size=500/seed=2/dataset.npz; Params have changed since last execution: Union of exclusive params before and now across all output: before: <nothing exclusive> now: [0.01, 0.05, 0.1],[0.05, 0.1, 0.15, 0.2] 
    wildcards: regime=easy, d=10, num_cycles=3, density=0.5, samp_size=500, seed=2, method=lacerda
    resources: tmpdir=/tmp
Select jobs to execute...
[Tue Apr 28 13:01:14 2026]
Finished jobid: 486 (Rule: synth_fit)
41 of 1461 steps (3%) done
Execute 1 jobs...
[Tue Apr 28 13:01:14 2026]
localrule synth_fit:
    input: results/synth/regime=easy/d=10/num_cycles=5/density=0.5/samp_size=50/seed=2/dataset.npz
    output: results/synth/regime=easy/d=10/num_cycles=5/density=0.5/samp_size=50/seed=2/method=lacerda/model.pkl
    jobid: 1430
    reason: Missing output files: results/synth/regime=easy/d=10/num_cycles=5/density=0.5/samp_size=50/seed=2/method=lacerda/model.pkl; Input files updated by another job: results/synth/regime=easy/d=10/num_cycles=5/density=0.5/samp_size=50/seed=2/dataset.npz
    wildcards: regime=easy, d=10, num_cycles=5, density=0.5, samp_size=50, seed=2, method=lacerda
    resources: tmpdir=/tmp
Select jobs to execute...
[Tue Apr 28 13:01:14 2026]
Finished jobid: 1192 (Rule: synth_fit)
42 of 1461 steps (3%) done
Execute 1 jobs...
[Tue Apr 28 13:01:14 2026]
localrule synth_generate:
    output: results/synth/regime=easy/d=10/num_cycles=4/density=0.8/samp_size=500/seed=2/dataset.npz
    jobid: 567
    reason: Missing output files: results/synth/regime=easy/d=10/num_cycles=4/density=0.8/samp_size=500/seed=2/dataset.npz
    wildcards: regime=easy, d=10, num_cycles=4, density=0.8, samp_size=500, seed=2
    resources: tmpdir=/tmp
Select jobs to execute...
[Tue Apr 28 13:01:14 2026]
Finished jobid: 1431 (Rule: synth_evaluate)
43 of 1461 steps (3%) done
Execute 1 jobs...
[Tue Apr 28 13:01:14 2026]
localrule synth_fit:
    input: results/synth/regime=easy/d=10/num_cycles=3/density=0.3/samp_size=10000/seed=1/dataset.npz
    output: results/synth/regime=easy/d=10/num_cycles=3/density=0.3/samp_size=10000/seed=1/method=lacerda_repare/model.pkl
    jobid: 304
    reason: Missing output files: results/synth/regime=easy/d=10/num_cycles=3/density=0.3/samp_size=10000/seed=1/method=lacerda_repare/model.pkl; Input files updated by another job: results/synth/regime=easy/d=10/num_cycles=3/density=0.3/samp_size=10000/seed=1/dataset.npz
    wildcards: regime=easy, d=10, num_cycles=3, density=0.3, samp_size=10000, seed=1, method=lacerda_repare
    resources: tmpdir=/tmp
Select jobs to execute...
[Tue Apr 28 13:01:15 2026]
Finished jobid: 1370 (Rule: synth_fit)
44 of 1461 steps (3%) done
Execute 1 jobs...
[Tue Apr 28 13:01:15 2026]
localrule synth_evaluate:
    input: results/synth/regime=easy/d=10/num_cycles=3/density=0.5/samp_size=500/seed=2/dataset.npz, results/synth/regime=easy/d=10/num_cycles=3/density=0.5/samp_size=500/seed=2/method=lacerda/model.pkl
    output: results/synth/regime=easy/d=10/num_cycles=3/density=0.5/samp_size=500/seed=2/method=lacerda/metrics.csv
    jobid: 1369
    reason: Missing output files: results/synth/regime=easy/d=10/num_cycles=3/density=0.5/samp_size=500/seed=2/method=lacerda/metrics.csv; Input files updated by another job: results/synth/regime=easy/d=10/num_cycles=3/density=0.5/samp_size=500/seed=2/method=lacerda/model.pkl, results/synth/regime=easy/d=10/num_cycles=3/density=0.5/samp_size=500/seed=2/dataset.npz
    wildcards: regime=easy, d=10, num_cycles=3, density=0.5, samp_size=500, seed=2, method=lacerda
    resources: tmpdir=/tmp
Select jobs to execute...
[Tue Apr 28 13:01:15 2026]
Finished jobid: 1430 (Rule: synth_fit)
45 of 1461 steps (3%) done
Execute 1 jobs...
[Tue Apr 28 13:01:15 2026]
localrule synth_evaluate:
    input: results/synth/regime=easy/d=10/num_cycles=5/density=0.5/samp_size=50/seed=2/dataset.npz, results/synth/regime=easy/d=10/num_cycles=5/density=0.5/samp_size=50/seed=2/method=lacerda/model.pkl
    output: results/synth/regime=easy/d=10/num_cycles=5/density=0.5/samp_size=50/seed=2/method=lacerda/metrics.csv
    jobid: 1429
    reason: Missing output files: results/synth/regime=easy/d=10/num_cycles=5/density=0.5/samp_size=50/seed=2/method=lacerda/metrics.csv; Input files updated by another job: results/synth/regime=easy/d=10/num_cycles=5/density=0.5/samp_size=50/seed=2/dataset.npz, results/synth/regime=easy/d=10/num_cycles=5/density=0.5/samp_size=50/seed=2/method=lacerda/model.pkl
    wildcards: regime=easy, d=10, num_cycles=5, density=0.5, samp_size=50, seed=2, method=lacerda
    resources: tmpdir=/tmp
Select jobs to execute...
[Tue Apr 28 13:01:15 2026]
Finished jobid: 426 (Rule: synth_fit)
46 of 1461 steps (3%) done
Execute 1 jobs...
[Tue Apr 28 13:01:15 2026]
localrule synth_evaluate:
    input: results/synth/regime=easy/d=10/num_cycles=4/density=0.5/samp_size=1000/seed=0/dataset.npz, results/synth/regime=easy/d=10/num_cycles=4/density=0.5/samp_size=1000/seed=0/method=oica_no_repare/model.pkl
    output: results/synth/regime=easy/d=10/num_cycles=4/density=0.5/samp_size=1000/seed=0/method=oica_no_repare/metrics.csv
    jobid: 1191
    reason: Missing output files: results/synth/regime=easy/d=10/num_cycles=4/density=0.5/samp_size=1000/seed=0/method=oica_no_repare/metrics.csv; Input files updated by another job: results/synth/regime=easy/d=10/num_cycles=4/density=0.5/samp_size=1000/seed=0/dataset.npz, results/synth/regime=easy/d=10/num_cycles=4/density=0.5/samp_size=1000/seed=0/method=oica_no_repare/model.pkl
    wildcards: regime=easy, d=10, num_cycles=4, density=0.5, samp_size=1000, seed=0, method=oica_no_repare
    resources: tmpdir=/tmp
Select jobs to execute...
[Tue Apr 28 13:01:16 2026]
Finished jobid: 567 (Rule: synth_generate)
47 of 1461 steps (3%) done
Execute 1 jobs...
[Tue Apr 28 13:01:16 2026]
localrule synth_generate:
    output: results/synth/regime=easy/d=10/num_cycles=4/density=0.5/samp_size=100/seed=1/dataset.npz
    jobid: 1042
    reason: Missing output files: results/synth/regime=easy/d=10/num_cycles=4/density=0.5/samp_size=100/seed=1/dataset.npz
    wildcards: regime=easy, d=10, num_cycles=4, density=0.5, samp_size=100, seed=1
    resources: tmpdir=/tmp
Select jobs to execute...
[Tue Apr 28 13:01:17 2026]
Finished jobid: 1369 (Rule: synth_evaluate)
48 of 1461 steps (3%) done
Execute 1 jobs...
[Tue Apr 28 13:01:17 2026]
localrule synth_generate:
    output: results/synth/regime=easy/d=10/num_cycles=3/density=0.5/samp_size=500/seed=1/dataset.npz
    jobid: 997
    reason: Missing output files: results/synth/regime=easy/d=10/num_cycles=3/density=0.5/samp_size=500/seed=1/dataset.npz
    wildcards: regime=easy, d=10, num_cycles=3, density=0.5, samp_size=500, seed=1
    resources: tmpdir=/tmp
Select jobs to execute...
[Tue Apr 28 13:01:17 2026]
Finished jobid: 1429 (Rule: synth_evaluate)
49 of 1461 steps (3%) done
Execute 1 jobs...
[Tue Apr 28 13:01:17 2026]
localrule synth_evaluate:
    input: results/synth/regime=easy/d=10/num_cycles=5/density=0.3/samp_size=10000/seed=2/dataset.npz, results/synth/regime=easy/d=10/num_cycles=5/density=0.3/samp_size=10000/seed=2/method=lacerda/model.pkl
    output: results/synth/regime=easy/d=10/num_cycles=5/density=0.3/samp_size=10000/seed=2/method=lacerda/metrics.csv
    jobid: 485
    reason: Missing output files: results/synth/regime=easy/d=10/num_cycles=5/density=0.3/samp_size=10000/seed=2/method=lacerda/metrics.csv; Input files updated by another job: results/synth/regime=easy/d=10/num_cycles=5/density=0.3/samp_size=10000/seed=2/dataset.npz, results/synth/regime=easy/d=10/num_cycles=5/density=0.3/samp_size=10000/seed=2/method=lacerda/model.pkl
    wildcards: regime=easy, d=10, num_cycles=5, density=0.3, samp_size=10000, seed=2, method=lacerda
    resources: tmpdir=/tmp
Select jobs to execute...
[Tue Apr 28 13:01:17 2026]
Finished jobid: 1191 (Rule: synth_evaluate)
50 of 1461 steps (3%) done
Execute 1 jobs...
[Tue Apr 28 13:01:17 2026]
localrule synth_generate:
    output: results/synth/regime=easy/d=10/num_cycles=5/density=0.5/samp_size=50/seed=1/dataset.npz
    jobid: 1087
    reason: Missing output files: results/synth/regime=easy/d=10/num_cycles=5/density=0.5/samp_size=50/seed=1/dataset.npz
    wildcards: regime=easy, d=10, num_cycles=5, density=0.5, samp_size=50, seed=1
    resources: tmpdir=/tmp
Select jobs to execute...
[Tue Apr 28 13:01:17 2026]
Finished jobid: 1042 (Rule: synth_generate)
51 of 1461 steps (3%) done
Execute 1 jobs...
[Tue Apr 28 13:01:17 2026]
localrule synth_generate:
    output: results/synth/regime=easy/d=10/num_cycles=5/density=0.3/samp_size=500/seed=2/dataset.npz
    jobid: 134
    reason: Missing output files: results/synth/regime=easy/d=10/num_cycles=5/density=0.3/samp_size=500/seed=2/dataset.npz
    wildcards: regime=easy, d=10, num_cycles=5, density=0.3, samp_size=500, seed=2
    resources: tmpdir=/tmp
Select jobs to execute...
[Tue Apr 28 13:01:18 2026]
Finished jobid: 997 (Rule: synth_generate)
52 of 1461 steps (4%) done
Execute 1 jobs...
[Tue Apr 28 13:01:18 2026]
localrule synth_generate:
    output: results/synth/regime=easy/d=10/num_cycles=3/density=0.3/samp_size=5000/seed=2/dataset.npz
    jobid: 44
    reason: Missing output files: results/synth/regime=easy/d=10/num_cycles=3/density=0.3/samp_size=5000/seed=2/dataset.npz
    wildcards: regime=easy, d=10, num_cycles=3, density=0.3, samp_size=5000, seed=2
    resources: tmpdir=/tmp
Select jobs to execute...
[Tue Apr 28 13:01:18 2026]
Finished jobid: 1087 (Rule: synth_generate)
53 of 1461 steps (4%) done
Execute 1 jobs...
[Tue Apr 28 13:01:18 2026]
localrule synth_generate:
    output: results/synth/regime=easy/d=10/num_cycles=5/density=0.5/samp_size=10000/seed=1/dataset.npz
    jobid: 1132
    reason: Missing output files: results/synth/regime=easy/d=10/num_cycles=5/density=0.5/samp_size=10000/seed=1/dataset.npz
    wildcards: regime=easy, d=10, num_cycles=5, density=0.5, samp_size=10000, seed=1
    resources: tmpdir=/tmp
Select jobs to execute...
[Tue Apr 28 13:01:18 2026]
Finished jobid: 485 (Rule: synth_evaluate)
54 of 1461 steps (4%) done
Execute 1 jobs...
[Tue Apr 28 13:01:18 2026]
localrule synth_generate:
    output: results/synth/regime=easy/d=10/num_cycles=4/density=0.3/samp_size=1000/seed=2/dataset.npz
    jobid: 89
    reason: Missing output files: results/synth/regime=easy/d=10/num_cycles=4/density=0.3/samp_size=1000/seed=2/dataset.npz
    wildcards: regime=easy, d=10, num_cycles=4, density=0.3, samp_size=1000, seed=2
    resources: tmpdir=/tmp
Select jobs to execute...
[Tue Apr 28 13:01:18 2026]
Finished jobid: 134 (Rule: synth_generate)
55 of 1461 steps (4%) done
Execute 1 jobs...
[Tue Apr 28 13:01:18 2026]
localrule synth_fit:
    input: results/synth/regime=easy/d=10/num_cycles=4/density=0.5/samp_size=100/seed=1/dataset.npz
    output: results/synth/regime=easy/d=10/num_cycles=4/density=0.5/samp_size=100/seed=1/method=oica_scc_repare/model.pkl
    jobid: 1043
    reason: Missing output files: results/synth/regime=easy/d=10/num_cycles=4/density=0.5/samp_size=100/seed=1/method=oica_scc_repare/model.pkl; Input files updated by another job: results/synth/regime=easy/d=10/num_cycles=4/density=0.5/samp_size=100/seed=1/dataset.npz
    wildcards: regime=easy, d=10, num_cycles=4, density=0.5, samp_size=100, seed=1, method=oica_scc_repare
    resources: tmpdir=/tmp
Select jobs to execute...
[Tue Apr 28 13:01:19 2026]
Finished jobid: 44 (Rule: synth_generate)
56 of 1461 steps (4%) done
Execute 1 jobs...
[Tue Apr 28 13:01:19 2026]
localrule synth_generate:
    output: results/synth/regime=easy/d=10/num_cycles=5/density=0.8/samp_size=100/seed=2/dataset.npz
    jobid: 612
    reason: Missing output files: results/synth/regime=easy/d=10/num_cycles=5/density=0.8/samp_size=100/seed=2/dataset.npz
    wildcards: regime=easy, d=10, num_cycles=5, density=0.8, samp_size=100, seed=2
    resources: tmpdir=/tmp
Select jobs to execute...
[Tue Apr 28 13:01:19 2026]
Finished jobid: 1132 (Rule: synth_generate)
57 of 1461 steps (4%) done
Execute 1 jobs...
[Tue Apr 28 13:01:19 2026]
localrule synth_fit:
    input: results/synth/regime=easy/d=10/num_cycles=5/density=0.5/samp_size=50/seed=1/dataset.npz
    output: results/synth/regime=easy/d=10/num_cycles=5/density=0.5/samp_size=50/seed=1/method=lacerda/model.pkl
    jobid: 1428
    reason: Missing output files: results/synth/regime=easy/d=10/num_cycles=5/density=0.5/samp_size=50/seed=1/method=lacerda/model.pkl; Input files updated by another job: results/synth/regime=easy/d=10/num_cycles=5/density=0.5/samp_size=50/seed=1/dataset.npz
    wildcards: regime=easy, d=10, num_cycles=5, density=0.5, samp_size=50, seed=1, method=lacerda
    resources: tmpdir=/tmp
Select jobs to execute...
[Tue Apr 28 13:01:19 2026]
Finished jobid: 89 (Rule: synth_generate)
58 of 1461 steps (4%) done
Execute 1 jobs...
[Tue Apr 28 13:01:20 2026]
localrule synth_generate:
    output: results/synth/regime=easy/d=10/num_cycles=5/density=0.3/samp_size=500/seed=1/dataset.npz
    jobid: 131
    reason: Missing output files: results/synth/regime=easy/d=10/num_cycles=5/density=0.3/samp_size=500/seed=1/dataset.npz
    wildcards: regime=easy, d=10, num_cycles=5, density=0.3, samp_size=500, seed=1
    resources: tmpdir=/tmp
Select jobs to execute...
[Tue Apr 28 13:01:20 2026]
Finished jobid: 1043 (Rule: synth_fit)
59 of 1461 steps (4%) done
Execute 1 jobs...
[Tue Apr 28 13:01:20 2026]
localrule synth_generate:
    output: results/synth/regime=easy/d=10/num_cycles=3/density=0.5/samp_size=500/seed=0/dataset.npz
    jobid: 994
    reason: Missing output files: results/synth/regime=easy/d=10/num_cycles=3/density=0.5/samp_size=500/seed=0/dataset.npz
    wildcards: regime=easy, d=10, num_cycles=3, density=0.5, samp_size=500, seed=0
    resources: tmpdir=/tmp
Select jobs to execute...
[Tue Apr 28 13:01:21 2026]
Finished jobid: 612 (Rule: synth_generate)
60 of 1461 steps (4%) done
Execute 1 jobs...
[Tue Apr 28 13:01:21 2026]
localrule synth_generate:
    output: results/synth/regime=easy/d=10/num_cycles=4/density=0.5/samp_size=100/seed=0/dataset.npz
    jobid: 1039
    reason: Missing output files: results/synth/regime=easy/d=10/num_cycles=4/density=0.5/samp_size=100/seed=0/dataset.npz
    wildcards: regime=easy, d=10, num_cycles=4, density=0.5, samp_size=100, seed=0
    resources: tmpdir=/tmp
Select jobs to execute...
[Tue Apr 28 13:01:21 2026]
Finished jobid: 131 (Rule: synth_generate)
61 of 1461 steps (4%) done
Execute 1 jobs...
[Tue Apr 28 13:01:21 2026]
localrule synth_generate:
    output: results/synth/regime=easy/d=10/num_cycles=5/density=0.5/samp_size=50/seed=0/dataset.npz
    jobid: 1084
    reason: Missing output files: results/synth/regime=easy/d=10/num_cycles=5/density=0.5/samp_size=50/seed=0/dataset.npz
    wildcards: regime=easy, d=10, num_cycles=5, density=0.5, samp_size=50, seed=0
    resources: tmpdir=/tmp
Select jobs to execute...
[Tue Apr 28 13:01:21 2026]
Finished jobid: 1428 (Rule: synth_fit)
62 of 1461 steps (4%) done
Execute 1 jobs...
[Tue Apr 28 13:01:21 2026]
localrule synth_fit:
    input: results/synth/regime=easy/d=10/num_cycles=5/density=0.3/samp_size=50/seed=2/dataset.npz
    output: results/synth/regime=easy/d=10/num_cycles=5/density=0.3/samp_size=50/seed=2/method=oica_no_repare/model.pkl
    jobid: 240
    reason: Missing output files: results/synth/regime=easy/d=10/num_cycles=5/density=0.3/samp_size=50/seed=2/method=oica_no_repare/model.pkl; Input files updated by another job: results/synth/regime=easy/d=10/num_cycles=5/density=0.3/samp_size=50/seed=2/dataset.npz
    wildcards: regime=easy, d=10, num_cycles=5, density=0.3, samp_size=50, seed=2, method=oica_no_repare
    resources: tmpdir=/tmp
Select jobs to execute...
[Tue Apr 28 13:01:22 2026]
Finished jobid: 994 (Rule: synth_generate)
63 of 1461 steps (4%) done
Execute 1 jobs...
[Tue Apr 28 13:01:22 2026]
localrule synth_fit:
    input: results/synth/regime=easy/d=10/num_cycles=5/density=0.5/samp_size=50/seed=1/dataset.npz
    output: results/synth/regime=easy/d=10/num_cycles=5/density=0.5/samp_size=50/seed=1/method=oica_no_repare/model.pkl
    jobid: 1212
    reason: Missing output files: results/synth/regime=easy/d=10/num_cycles=5/density=0.5/samp_size=50/seed=1/method=oica_no_repare/model.pkl; Input files updated by another job: results/synth/regime=easy/d=10/num_cycles=5/density=0.5/samp_size=50/seed=1/dataset.npz
    wildcards: regime=easy, d=10, num_cycles=5, density=0.5, samp_size=50, seed=1, method=oica_no_repare
    resources: tmpdir=/tmp
Select jobs to execute...
[Tue Apr 28 13:01:22 2026]
Finished jobid: 1039 (Rule: synth_generate)
64 of 1461 steps (4%) done
Execute 1 jobs...
[Tue Apr 28 13:01:22 2026]
localrule synth_fit:
    input: results/synth/regime=easy/d=10/num_cycles=4/density=0.5/samp_size=1000/seed=0/dataset.npz
    output: results/synth/regime=easy/d=10/num_cycles=4/density=0.5/samp_size=1000/seed=0/method=oica_scc_repare/model.pkl
    jobid: 1058
    reason: Missing output files: results/synth/regime=easy/d=10/num_cycles=4/density=0.5/samp_size=1000/seed=0/method=oica_scc_repare/model.pkl; Input files updated by another job: results/synth/regime=easy/d=10/num_cycles=4/density=0.5/samp_size=1000/seed=0/dataset.npz
    wildcards: regime=easy, d=10, num_cycles=4, density=0.5, samp_size=1000, seed=0, method=oica_scc_repare
    resources: tmpdir=/tmp
Select jobs to execute...
[Tue Apr 28 13:01:22 2026]
Finished jobid: 1084 (Rule: synth_generate)
65 of 1461 steps (4%) done
Execute 1 jobs...
[Tue Apr 28 13:01:22 2026]
localrule synth_generate:
    output: results/synth/regime=easy/d=10/num_cycles=4/density=0.3/samp_size=1000/seed=1/dataset.npz
    jobid: 86
    reason: Missing output files: results/synth/regime=easy/d=10/num_cycles=4/density=0.3/samp_size=1000/seed=1/dataset.npz
    wildcards: regime=easy, d=10, num_cycles=4, density=0.3, samp_size=1000, seed=1
    resources: tmpdir=/tmp
Select jobs to execute...
[Tue Apr 28 13:01:23 2026]
Finished jobid: 240 (Rule: synth_fit)
66 of 1461 steps (5%) done
Execute 1 jobs...
[Tue Apr 28 13:01:23 2026]
localrule synth_fit:
    input: results/synth/regime=easy/d=10/num_cycles=3/density=0.5/samp_size=500/seed=0/dataset.npz
    output: results/synth/regime=easy/d=10/num_cycles=3/density=0.5/samp_size=500/seed=0/method=lacerda/model.pkl
    jobid: 1366
    reason: Missing output files: results/synth/regime=easy/d=10/num_cycles=3/density=0.5/samp_size=500/seed=0/method=lacerda/model.pkl; Input files updated by another job: results/synth/regime=easy/d=10/num_cycles=3/density=0.5/samp_size=500/seed=0/dataset.npz; Params have changed since last execution: Union of exclusive params before and now across all output: before: <nothing exclusive> now: [0.01, 0.05, 0.1],[0.05, 0.1, 0.15, 0.2] 
    wildcards: regime=easy, d=10, num_cycles=3, density=0.5, samp_size=500, seed=0, method=lacerda
    resources: tmpdir=/tmp
Select jobs to execute...
[Tue Apr 28 13:01:23 2026]
Finished jobid: 1212 (Rule: synth_fit)
67 of 1461 steps (5%) done
Execute 1 jobs...
[Tue Apr 28 13:01:23 2026]
localrule synth_fit:
    input: results/synth/regime=easy/d=10/num_cycles=3/density=0.3/samp_size=50/seed=1/dataset.npz
    output: results/synth/regime=easy/d=10/num_cycles=3/density=0.3/samp_size=50/seed=1/method=oica_no_repare/model.pkl
    jobid: 166
    reason: Missing output files: results/synth/regime=easy/d=10/num_cycles=3/density=0.3/samp_size=50/seed=1/method=oica_no_repare/model.pkl; Input files updated by another job: results/synth/regime=easy/d=10/num_cycles=3/density=0.3/samp_size=50/seed=1/dataset.npz
    wildcards: regime=easy, d=10, num_cycles=3, density=0.3, samp_size=50, seed=1, method=oica_no_repare
    resources: tmpdir=/tmp
Select jobs to execute...
[Tue Apr 28 13:01:24 2026]
Finished jobid: 86 (Rule: synth_generate)
68 of 1461 steps (5%) done
Execute 1 jobs...
[Tue Apr 28 13:01:24 2026]
localrule synth_fit:
    input: results/synth/regime=easy/d=10/num_cycles=5/density=0.3/samp_size=500/seed=1/dataset.npz
    output: results/synth/regime=easy/d=10/num_cycles=5/density=0.3/samp_size=500/seed=1/method=lacerda_repare/model.pkl
    jobid: 358
    reason: Missing output files: results/synth/regime=easy/d=10/num_cycles=5/density=0.3/samp_size=500/seed=1/method=lacerda_repare/model.pkl; Input files updated by another job: results/synth/regime=easy/d=10/num_cycles=5/density=0.3/samp_size=500/seed=1/dataset.npz
    wildcards: regime=easy, d=10, num_cycles=5, density=0.3, samp_size=500, seed=1, method=lacerda_repare
    resources: tmpdir=/tmp
Select jobs to execute...
[Tue Apr 28 13:01:24 2026]
Finished jobid: 1366 (Rule: synth_fit)
69 of 1461 steps (5%) done
Execute 1 jobs...
[Tue Apr 28 13:01:24 2026]
localrule synth_fit:
    input: results/synth/regime=easy/d=10/num_cycles=3/density=0.3/samp_size=5000/seed=2/dataset.npz
    output: results/synth/regime=easy/d=10/num_cycles=3/density=0.3/samp_size=5000/seed=2/method=lacerda_repare/model.pkl
    jobid: 300
    reason: Missing output files: results/synth/regime=easy/d=10/num_cycles=3/density=0.3/samp_size=5000/seed=2/method=lacerda_repare/model.pkl; Input files updated by another job: results/synth/regime=easy/d=10/num_cycles=3/density=0.3/samp_size=5000/seed=2/dataset.npz
    wildcards: regime=easy, d=10, num_cycles=3, density=0.3, samp_size=5000, seed=2, method=lacerda_repare
    resources: tmpdir=/tmp
Select jobs to execute...
[Tue Apr 28 13:01:25 2026]
Finished jobid: 166 (Rule: synth_fit)
70 of 1461 steps (5%) done
Execute 1 jobs...
[Tue Apr 28 13:01:25 2026]
localrule synth_fit:
    input: results/synth/regime=easy/d=10/num_cycles=5/density=0.5/samp_size=10000/seed=2/dataset.npz
    output: results/synth/regime=easy/d=10/num_cycles=5/density=0.5/samp_size=10000/seed=2/method=oica_no_repare/model.pkl
    jobid: 1244
    reason: Missing output files: results/synth/regime=easy/d=10/num_cycles=5/density=0.5/samp_size=10000/seed=2/method=oica_no_repare/model.pkl; Input files updated by another job: results/synth/regime=easy/d=10/num_cycles=5/density=0.5/samp_size=10000/seed=2/dataset.npz
    wildcards: regime=easy, d=10, num_cycles=5, density=0.5, samp_size=10000, seed=2, method=oica_no_repare
    resources: tmpdir=/tmp
Select jobs to execute...
[Tue Apr 28 13:01:26 2026]
Finished jobid: 1244 (Rule: synth_fit)
71 of 1461 steps (5%) done
Execute 1 jobs...
[Tue Apr 28 13:01:27 2026]
localrule synth_evaluate:
    input: results/synth/regime=easy/d=10/num_cycles=5/density=0.5/samp_size=10000/seed=2/dataset.npz, results/synth/regime=easy/d=10/num_cycles=5/density=0.5/samp_size=10000/seed=2/method=oica_no_repare/model.pkl
    output: results/synth/regime=easy/d=10/num_cycles=5/density=0.5/samp_size=10000/seed=2/method=oica_no_repare/metrics.csv
    jobid: 1243
    reason: Missing output files: results/synth/regime=easy/d=10/num_cycles=5/density=0.5/samp_size=10000/seed=2/method=oica_no_repare/metrics.csv; Input files updated by another job: results/synth/regime=easy/d=10/num_cycles=5/density=0.5/samp_size=10000/seed=2/dataset.npz, results/synth/regime=easy/d=10/num_cycles=5/density=0.5/samp_size=10000/seed=2/method=oica_no_repare/model.pkl
    wildcards: regime=easy, d=10, num_cycles=5, density=0.5, samp_size=10000, seed=2, method=oica_no_repare
    resources: tmpdir=/tmp
Select jobs to execute...
[Tue Apr 28 13:01:27 2026]
Finished jobid: 358 (Rule: synth_fit)
72 of 1461 steps (5%) done
Execute 1 jobs...
[Tue Apr 28 13:01:27 2026]
localrule synth_evaluate:
    input: results/synth/regime=easy/d=10/num_cycles=5/density=0.3/samp_size=500/seed=1/dataset.npz, results/synth/regime=easy/d=10/num_cycles=5/density=0.3/samp_size=500/seed=1/method=lacerda_repare/model.pkl
    output: results/synth/regime=easy/d=10/num_cycles=5/density=0.3/samp_size=500/seed=1/method=lacerda_repare/metrics.csv
    jobid: 357
    reason: Missing output files: results/synth/regime=easy/d=10/num_cycles=5/density=0.3/samp_size=500/seed=1/method=lacerda_repare/metrics.csv; Input files updated by another job: results/synth/regime=easy/d=10/num_cycles=5/density=0.3/samp_size=500/seed=1/method=lacerda_repare/model.pkl, results/synth/regime=easy/d=10/num_cycles=5/density=0.3/samp_size=500/seed=1/dataset.npz
    wildcards: regime=easy, d=10, num_cycles=5, density=0.3, samp_size=500, seed=1, method=lacerda_repare
    resources: tmpdir=/tmp
Select jobs to execute...
[Tue Apr 28 13:01:27 2026]
Finished jobid: 1058 (Rule: synth_fit)
73 of 1461 steps (5%) done
Execute 1 jobs...
[Tue Apr 28 13:01:27 2026]
localrule synth_generate:
    output: results/synth/regime=easy/d=10/num_cycles=5/density=0.5/samp_size=10000/seed=0/dataset.npz
    jobid: 1129
    reason: Missing output files: results/synth/regime=easy/d=10/num_cycles=5/density=0.5/samp_size=10000/seed=0/dataset.npz
    wildcards: regime=easy, d=10, num_cycles=5, density=0.5, samp_size=10000, seed=0
    resources: tmpdir=/tmp
Select jobs to execute...
[Tue Apr 28 13:01:28 2026]
Finished jobid: 1243 (Rule: synth_evaluate)
74 of 1461 steps (5%) done
Execute 1 jobs...
[Tue Apr 28 13:01:28 2026]
localrule synth_fit:
    input: results/synth/regime=easy/d=10/num_cycles=3/density=0.3/samp_size=500/seed=2/dataset.npz
    output: results/synth/regime=easy/d=10/num_cycles=3/density=0.3/samp_size=500/seed=2/method=oica_no_repare/model.pkl
    jobid: 180
    reason: Missing output files: results/synth/regime=easy/d=10/num_cycles=3/density=0.3/samp_size=500/seed=2/method=oica_no_repare/model.pkl; Input files updated by another job: results/synth/regime=easy/d=10/num_cycles=3/density=0.3/samp_size=500/seed=2/dataset.npz
    wildcards: regime=easy, d=10, num_cycles=3, density=0.3, samp_size=500, seed=2, method=oica_no_repare
    resources: tmpdir=/tmp
Select jobs to execute...
[Tue Apr 28 13:01:28 2026]
Finished jobid: 1129 (Rule: synth_generate)
75 of 1461 steps (5%) done
Execute 1 jobs...
[Tue Apr 28 13:01:28 2026]
localrule synth_generate:
    output: results/synth/regime=easy/d=10/num_cycles=3/density=0.8/samp_size=1000/seed=0/dataset.npz
    jobid: 516
    reason: Missing output files: results/synth/regime=easy/d=10/num_cycles=3/density=0.8/samp_size=1000/seed=0/dataset.npz
    wildcards: regime=easy, d=10, num_cycles=3, density=0.8, samp_size=1000, seed=0
    resources: tmpdir=/tmp
[Tue Apr 28 13:01:28 2026]
Finished jobid: 357 (Rule: synth_evaluate)
76 of 1461 steps (5%) done
Select jobs to execute...
Execute 1 jobs...
[Tue Apr 28 13:01:28 2026]
localrule synth_fit:
    input: results/synth/regime=easy/d=10/num_cycles=5/density=0.8/samp_size=500/seed=0/dataset.npz
    output: results/synth/regime=easy/d=10/num_cycles=5/density=0.8/samp_size=500/seed=0/method=lacerda/model.pkl
    jobid: 951
    reason: Missing output files: results/synth/regime=easy/d=10/num_cycles=5/density=0.8/samp_size=500/seed=0/method=lacerda/model.pkl; Input files updated by another job: results/synth/regime=easy/d=10/num_cycles=5/density=0.8/samp_size=500/seed=0/dataset.npz
    wildcards: regime=easy, d=10, num_cycles=5, density=0.8, samp_size=500, seed=0, method=lacerda
    resources: tmpdir=/tmp
Select jobs to execute...
[Tue Apr 28 13:01:29 2026]
Finished jobid: 180 (Rule: synth_fit)
77 of 1461 steps (5%) done
Execute 1 jobs...
[Tue Apr 28 13:01:30 2026]
localrule synth_fit:
    input: results/synth/regime=easy/d=10/num_cycles=4/density=0.5/samp_size=100/seed=2/dataset.npz
    output: results/synth/regime=easy/d=10/num_cycles=4/density=0.5/samp_size=100/seed=2/method=oica_no_repare/model.pkl
    jobid: 1184
    reason: Missing output files: results/synth/regime=easy/d=10/num_cycles=4/density=0.5/samp_size=100/seed=2/method=oica_no_repare/model.pkl; Input files updated by another job: results/synth/regime=easy/d=10/num_cycles=4/density=0.5/samp_size=100/seed=2/dataset.npz
    wildcards: regime=easy, d=10, num_cycles=4, density=0.5, samp_size=100, seed=2, method=oica_no_repare
    resources: tmpdir=/tmp
[Tue Apr 28 13:01:30 2026]
Finished jobid: 516 (Rule: synth_generate)
78 of 1461 steps (5%) done
Select jobs to execute...
Execute 1 jobs...
[Tue Apr 28 13:01:30 2026]
localrule synth_evaluate:
    input: results/synth/regime=easy/d=10/num_cycles=5/density=0.3/samp_size=50/seed=2/dataset.npz, results/synth/regime=easy/d=10/num_cycles=5/density=0.3/samp_size=50/seed=2/method=oica_no_repare/model.pkl
    output: results/synth/regime=easy/d=10/num_cycles=5/density=0.3/samp_size=50/seed=2/method=oica_no_repare/metrics.csv
    jobid: 239
    reason: Missing output files: results/synth/regime=easy/d=10/num_cycles=5/density=0.3/samp_size=50/seed=2/method=oica_no_repare/metrics.csv; Input files updated by another job: results/synth/regime=easy/d=10/num_cycles=5/density=0.3/samp_size=50/seed=2/method=oica_no_repare/model.pkl, results/synth/regime=easy/d=10/num_cycles=5/density=0.3/samp_size=50/seed=2/dataset.npz
    wildcards: regime=easy, d=10, num_cycles=5, density=0.3, samp_size=50, seed=2, method=oica_no_repare
    resources: tmpdir=/tmp
Select jobs to execute...
[Tue Apr 28 13:01:30 2026]
Finished jobid: 951 (Rule: synth_fit)
79 of 1461 steps (5%) done
Execute 1 jobs...
[Tue Apr 28 13:01:30 2026]
localrule synth_evaluate:
    input: results/synth/regime=easy/d=10/num_cycles=5/density=0.8/samp_size=500/seed=0/dataset.npz, results/synth/regime=easy/d=10/num_cycles=5/density=0.8/samp_size=500/seed=0/method=lacerda/model.pkl
    output: results/synth/regime=easy/d=10/num_cycles=5/density=0.8/samp_size=500/seed=0/method=lacerda/metrics.csv
    jobid: 950
    reason: Missing output files: results/synth/regime=easy/d=10/num_cycles=5/density=0.8/samp_size=500/seed=0/method=lacerda/metrics.csv; Input files updated by another job: results/synth/regime=easy/d=10/num_cycles=5/density=0.8/samp_size=500/seed=0/method=lacerda/model.pkl, results/synth/regime=easy/d=10/num_cycles=5/density=0.8/samp_size=500/seed=0/dataset.npz
    wildcards: regime=easy, d=10, num_cycles=5, density=0.8, samp_size=500, seed=0, method=lacerda
    resources: tmpdir=/tmp
Select jobs to execute...
[Tue Apr 28 13:01:31 2026]
Finished jobid: 239 (Rule: synth_evaluate)
80 of 1461 steps (5%) done
Execute 1 jobs...
[Tue Apr 28 13:01:31 2026]
localrule synth_generate:
    output: results/synth/regime=easy/d=10/num_cycles=3/density=0.3/samp_size=5000/seed=1/dataset.npz
    jobid: 41
    reason: Missing output files: results/synth/regime=easy/d=10/num_cycles=3/density=0.3/samp_size=5000/seed=1/dataset.npz
    wildcards: regime=easy, d=10, num_cycles=3, density=0.3, samp_size=5000, seed=1
    resources: tmpdir=/tmp
Select jobs to execute...
[Tue Apr 28 13:01:31 2026]
Finished jobid: 950 (Rule: synth_evaluate)
81 of 1461 steps (6%) done
Execute 1 jobs...
[Tue Apr 28 13:01:31 2026]
localrule synth_generate:
    output: results/synth/regime=easy/d=10/num_cycles=5/density=0.8/samp_size=100/seed=0/dataset.npz
    jobid: 606
    reason: Missing output files: results/synth/regime=easy/d=10/num_cycles=5/density=0.8/samp_size=100/seed=0/dataset.npz
    wildcards: regime=easy, d=10, num_cycles=5, density=0.8, samp_size=100, seed=0
    resources: tmpdir=/tmp
Select jobs to execute...
[Tue Apr 28 13:01:32 2026]
Finished jobid: 1184 (Rule: synth_fit)
82 of 1461 steps (6%) done
Execute 1 jobs...
[Tue Apr 28 13:01:32 2026]
localrule synth_evaluate:
    input: results/synth/regime=easy/d=10/num_cycles=4/density=0.5/samp_size=100/seed=2/dataset.npz, results/synth/regime=easy/d=10/num_cycles=4/density=0.5/samp_size=100/seed=2/method=oica_no_repare/model.pkl
    output: results/synth/regime=easy/d=10/num_cycles=4/density=0.5/samp_size=100/seed=2/method=oica_no_repare/metrics.csv
    jobid: 1183
    reason: Missing output files: results/synth/regime=easy/d=10/num_cycles=4/density=0.5/samp_size=100/seed=2/method=oica_no_repare/metrics.csv; Input files updated by another job: results/synth/regime=easy/d=10/num_cycles=4/density=0.5/samp_size=100/seed=2/dataset.npz, results/synth/regime=easy/d=10/num_cycles=4/density=0.5/samp_size=100/seed=2/method=oica_no_repare/model.pkl
    wildcards: regime=easy, d=10, num_cycles=4, density=0.5, samp_size=100, seed=2, method=oica_no_repare
    resources: tmpdir=/tmp
Select jobs to execute...
[Tue Apr 28 13:01:32 2026]
Finished jobid: 41 (Rule: synth_generate)
83 of 1461 steps (6%) done
Execute 1 jobs...
[Tue Apr 28 13:01:32 2026]
localrule synth_fit:
    input: results/synth/regime=easy/d=10/num_cycles=4/density=0.5/samp_size=500/seed=0/dataset.npz
    output: results/synth/regime=easy/d=10/num_cycles=4/density=0.5/samp_size=500/seed=0/method=oica_no_repare/model.pkl
    jobid: 1186
    reason: Missing output files: results/synth/regime=easy/d=10/num_cycles=4/density=0.5/samp_size=500/seed=0/method=oica_no_repare/model.pkl; Input files updated by another job: results/synth/regime=easy/d=10/num_cycles=4/density=0.5/samp_size=500/seed=0/dataset.npz
    wildcards: regime=easy, d=10, num_cycles=4, density=0.5, samp_size=500, seed=0, method=oica_no_repare
    resources: tmpdir=/tmp
Select jobs to execute...
[Tue Apr 28 13:01:33 2026]
Finished jobid: 606 (Rule: synth_generate)
84 of 1461 steps (6%) done
Execute 1 jobs...
[Tue Apr 28 13:01:33 2026]
localrule synth_fit:
    input: results/synth/regime=easy/d=10/num_cycles=5/density=0.8/samp_size=100/seed=0/dataset.npz
    output: results/synth/regime=easy/d=10/num_cycles=5/density=0.8/samp_size=100/seed=0/method=oica_scc_repare/model.pkl
    jobid: 607
    reason: Missing output files: results/synth/regime=easy/d=10/num_cycles=5/density=0.8/samp_size=100/seed=0/method=oica_scc_repare/model.pkl; Input files updated by another job: results/synth/regime=easy/d=10/num_cycles=5/density=0.8/samp_size=100/seed=0/dataset.npz
    wildcards: regime=easy, d=10, num_cycles=5, density=0.8, samp_size=100, seed=0, method=oica_scc_repare
    resources: tmpdir=/tmp
Select jobs to execute...
[Tue Apr 28 13:01:33 2026]
Finished jobid: 1183 (Rule: synth_evaluate)
85 of 1461 steps (6%) done
Execute 1 jobs...
[Tue Apr 28 13:01:33 2026]
localrule synth_fit:
    input: results/synth/regime=easy/d=10/num_cycles=5/density=0.8/samp_size=500/seed=1/dataset.npz
    output: results/synth/regime=easy/d=10/num_cycles=5/density=0.8/samp_size=500/seed=1/method=lacerda/model.pkl
    jobid: 953
    reason: Missing output files: results/synth/regime=easy/d=10/num_cycles=5/density=0.8/samp_size=500/seed=1/method=lacerda/model.pkl; Input files updated by another job: results/synth/regime=easy/d=10/num_cycles=5/density=0.8/samp_size=500/seed=1/dataset.npz
    wildcards: regime=easy, d=10, num_cycles=5, density=0.8, samp_size=500, seed=1, method=lacerda
    resources: tmpdir=/tmp
Select jobs to execute...
[Tue Apr 28 13:01:34 2026]
Finished jobid: 1186 (Rule: synth_fit)
86 of 1461 steps (6%) done
Execute 1 jobs...
[Tue Apr 28 13:01:34 2026]
localrule synth_evaluate:
    input: results/synth/regime=easy/d=10/num_cycles=4/density=0.5/samp_size=500/seed=0/dataset.npz, results/synth/regime=easy/d=10/num_cycles=4/density=0.5/samp_size=500/seed=0/method=oica_no_repare/model.pkl
    output: results/synth/regime=easy/d=10/num_cycles=4/density=0.5/samp_size=500/seed=0/method=oica_no_repare/metrics.csv
    jobid: 1185
    reason: Missing output files: results/synth/regime=easy/d=10/num_cycles=4/density=0.5/samp_size=500/seed=0/method=oica_no_repare/metrics.csv; Input files updated by another job: results/synth/regime=easy/d=10/num_cycles=4/density=0.5/samp_size=500/seed=0/dataset.npz, results/synth/regime=easy/d=10/num_cycles=4/density=0.5/samp_size=500/seed=0/method=oica_no_repare/model.pkl
    wildcards: regime=easy, d=10, num_cycles=4, density=0.5, samp_size=500, seed=0, method=oica_no_repare
    resources: tmpdir=/tmp
Select jobs to execute...
[Tue Apr 28 13:01:34 2026]
Finished jobid: 607 (Rule: synth_fit)
87 of 1461 steps (6%) done
Execute 1 jobs...
[Tue Apr 28 13:01:34 2026]
localrule synth_fit:
    input: results/synth/regime=easy/d=10/num_cycles=3/density=0.3/samp_size=5000/seed=1/dataset.npz
    output: results/synth/regime=easy/d=10/num_cycles=3/density=0.3/samp_size=5000/seed=1/method=lacerda_repare/model.pkl
    jobid: 298
    reason: Missing output files: results/synth/regime=easy/d=10/num_cycles=3/density=0.3/samp_size=5000/seed=1/method=lacerda_repare/model.pkl; Input files updated by another job: results/synth/regime=easy/d=10/num_cycles=3/density=0.3/samp_size=5000/seed=1/dataset.npz
    wildcards: regime=easy, d=10, num_cycles=3, density=0.3, samp_size=5000, seed=1, method=lacerda_repare
    resources: tmpdir=/tmp
Select jobs to execute...
[Tue Apr 28 13:01:35 2026]
Finished jobid: 953 (Rule: synth_fit)
88 of 1461 steps (6%) done
Execute 1 jobs...
[Tue Apr 28 13:01:35 2026]
localrule synth_evaluate:
    input: results/synth/regime=easy/d=10/num_cycles=5/density=0.8/samp_size=500/seed=1/dataset.npz, results/synth/regime=easy/d=10/num_cycles=5/density=0.8/samp_size=500/seed=1/method=lacerda/model.pkl
    output: results/synth/regime=easy/d=10/num_cycles=5/density=0.8/samp_size=500/seed=1/method=lacerda/metrics.csv
    jobid: 952
    reason: Missing output files: results/synth/regime=easy/d=10/num_cycles=5/density=0.8/samp_size=500/seed=1/method=lacerda/metrics.csv; Input files updated by another job: results/synth/regime=easy/d=10/num_cycles=5/density=0.8/samp_size=500/seed=1/method=lacerda/model.pkl, results/synth/regime=easy/d=10/num_cycles=5/density=0.8/samp_size=500/seed=1/dataset.npz
    wildcards: regime=easy, d=10, num_cycles=5, density=0.8, samp_size=500, seed=1, method=lacerda
    resources: tmpdir=/tmp
Select jobs to execute...
[Tue Apr 28 13:01:35 2026]
Finished jobid: 1185 (Rule: synth_evaluate)
89 of 1461 steps (6%) done
Execute 1 jobs...
[Tue Apr 28 13:01:35 2026]
localrule synth_fit:
    input: results/synth/regime=easy/d=10/num_cycles=3/density=0.8/samp_size=5000/seed=0/dataset.npz
    output: results/synth/regime=easy/d=10/num_cycles=3/density=0.8/samp_size=5000/seed=0/method=lacerda/model.pkl
    jobid: 891
    reason: Missing output files: results/synth/regime=easy/d=10/num_cycles=3/density=0.8/samp_size=5000/seed=0/method=lacerda/model.pkl; Input files updated by another job: results/synth/regime=easy/d=10/num_cycles=3/density=0.8/samp_size=5000/seed=0/dataset.npz
    wildcards: regime=easy, d=10, num_cycles=3, density=0.8, samp_size=5000, seed=0, method=lacerda
    resources: tmpdir=/tmp
Select jobs to execute...
[Tue Apr 28 13:01:36 2026]
Finished jobid: 952 (Rule: synth_evaluate)
90 of 1461 steps (6%) done
Execute 1 jobs...
[Tue Apr 28 13:01:36 2026]
localrule synth_evaluate:
    input: results/synth/regime=easy/d=10/num_cycles=3/density=0.5/samp_size=500/seed=0/dataset.npz, results/synth/regime=easy/d=10/num_cycles=3/density=0.5/samp_size=500/seed=0/method=lacerda/model.pkl
    output: results/synth/regime=easy/d=10/num_cycles=3/density=0.5/samp_size=500/seed=0/method=lacerda/metrics.csv
    jobid: 1365
    reason: Missing output files: results/synth/regime=easy/d=10/num_cycles=3/density=0.5/samp_size=500/seed=0/method=lacerda/metrics.csv; Input files updated by another job: results/synth/regime=easy/d=10/num_cycles=3/density=0.5/samp_size=500/seed=0/dataset.npz, results/synth/regime=easy/d=10/num_cycles=3/density=0.5/samp_size=500/seed=0/method=lacerda/model.pkl
    wildcards: regime=easy, d=10, num_cycles=3, density=0.5, samp_size=500, seed=0, method=lacerda
    resources: tmpdir=/tmp
Select jobs to execute...
[Tue Apr 28 13:01:37 2026]
Finished jobid: 891 (Rule: synth_fit)
91 of 1461 steps (6%) done
Execute 1 jobs...
[Tue Apr 28 13:01:37 2026]
localrule synth_evaluate:
    input: results/synth/regime=easy/d=10/num_cycles=3/density=0.8/samp_size=5000/seed=0/dataset.npz, results/synth/regime=easy/d=10/num_cycles=3/density=0.8/samp_size=5000/seed=0/method=lacerda/model.pkl
    output: results/synth/regime=easy/d=10/num_cycles=3/density=0.8/samp_size=5000/seed=0/method=lacerda/metrics.csv
    jobid: 890
    reason: Missing output files: results/synth/regime=easy/d=10/num_cycles=3/density=0.8/samp_size=5000/seed=0/method=lacerda/metrics.csv; Input files updated by another job: results/synth/regime=easy/d=10/num_cycles=3/density=0.8/samp_size=5000/seed=0/method=lacerda/model.pkl, results/synth/regime=easy/d=10/num_cycles=3/density=0.8/samp_size=5000/seed=0/dataset.npz
    wildcards: regime=easy, d=10, num_cycles=3, density=0.8, samp_size=5000, seed=0, method=lacerda
    resources: tmpdir=/tmp
Select jobs to execute...
[Tue Apr 28 13:01:37 2026]
Finished jobid: 1365 (Rule: synth_evaluate)
92 of 1461 steps (6%) done
Execute 1 jobs...
[Tue Apr 28 13:01:37 2026]
localrule synth_generate:
    output: results/synth/regime=easy/d=10/num_cycles=4/density=0.8/samp_size=500/seed=0/dataset.npz
    jobid: 561
    reason: Missing output files: results/synth/regime=easy/d=10/num_cycles=4/density=0.8/samp_size=500/seed=0/dataset.npz
    wildcards: regime=easy, d=10, num_cycles=4, density=0.8, samp_size=500, seed=0
    resources: tmpdir=/tmp
Select jobs to execute...
[Tue Apr 28 13:01:39 2026]
Finished jobid: 890 (Rule: synth_evaluate)
93 of 1461 steps (6%) done
Execute 1 jobs...
[Tue Apr 28 13:01:39 2026]
localrule synth_fit:
    input: results/synth/regime=easy/d=10/num_cycles=3/density=0.8/samp_size=1000/seed=0/dataset.npz
    output: results/synth/regime=easy/d=10/num_cycles=3/density=0.8/samp_size=1000/seed=0/method=oica_scc_repare/model.pkl
    jobid: 517
    reason: Missing output files: results/synth/regime=easy/d=10/num_cycles=3/density=0.8/samp_size=1000/seed=0/method=oica_scc_repare/model.pkl; Input files updated by another job: results/synth/regime=easy/d=10/num_cycles=3/density=0.8/samp_size=1000/seed=0/dataset.npz
    wildcards: regime=easy, d=10, num_cycles=3, density=0.8, samp_size=1000, seed=0, method=oica_scc_repare
    resources: tmpdir=/tmp
Select jobs to execute...
[Tue Apr 28 13:01:39 2026]
Finished jobid: 561 (Rule: synth_generate)
94 of 1461 steps (6%) done
Execute 1 jobs...
[Tue Apr 28 13:01:39 2026]
localrule synth_fit:
    input: results/synth/regime=easy/d=10/num_cycles=4/density=0.8/samp_size=500/seed=0/dataset.npz
    output: results/synth/regime=easy/d=10/num_cycles=4/density=0.8/samp_size=500/seed=0/method=oica_scc_repare/model.pkl
    jobid: 562
    reason: Missing output files: results/synth/regime=easy/d=10/num_cycles=4/density=0.8/samp_size=500/seed=0/method=oica_scc_repare/model.pkl; Input files updated by another job: results/synth/regime=easy/d=10/num_cycles=4/density=0.8/samp_size=500/seed=0/dataset.npz
    wildcards: regime=easy, d=10, num_cycles=4, density=0.8, samp_size=500, seed=0, method=oica_scc_repare
    resources: tmpdir=/tmp
Select jobs to execute...
[Tue Apr 28 13:01:40 2026]
Finished jobid: 562 (Rule: synth_fit)
95 of 1461 steps (7%) done
Execute 1 jobs...
[Tue Apr 28 13:01:40 2026]
localrule synth_evaluate:
    input: results/synth/regime=easy/d=10/num_cycles=4/density=0.8/samp_size=500/seed=0/dataset.npz, results/synth/regime=easy/d=10/num_cycles=4/density=0.8/samp_size=500/seed=0/method=oica_scc_repare/model.pkl
    output: results/synth/regime=easy/d=10/num_cycles=4/density=0.8/samp_size=500/seed=0/method=oica_scc_repare/metrics.csv
    jobid: 560
    reason: Missing output files: results/synth/regime=easy/d=10/num_cycles=4/density=0.8/samp_size=500/seed=0/method=oica_scc_repare/metrics.csv; Input files updated by another job: results/synth/regime=easy/d=10/num_cycles=4/density=0.8/samp_size=500/seed=0/dataset.npz, results/synth/regime=easy/d=10/num_cycles=4/density=0.8/samp_size=500/seed=0/method=oica_scc_repare/model.pkl
    wildcards: regime=easy, d=10, num_cycles=4, density=0.8, samp_size=500, seed=0, method=oica_scc_repare
    resources: tmpdir=/tmp
Select jobs to execute...
[Tue Apr 28 13:01:42 2026]
Finished jobid: 560 (Rule: synth_evaluate)
96 of 1461 steps (7%) done
Execute 1 jobs...
[Tue Apr 28 13:01:42 2026]
localrule synth_fit:
    input: results/synth/regime=easy/d=10/num_cycles=5/density=0.3/samp_size=500/seed=2/dataset.npz
    output: results/synth/regime=easy/d=10/num_cycles=5/density=0.3/samp_size=500/seed=2/method=lacerda_repare/model.pkl
    jobid: 360
    reason: Missing output files: results/synth/regime=easy/d=10/num_cycles=5/density=0.3/samp_size=500/seed=2/method=lacerda_repare/model.pkl; Input files updated by another job: results/synth/regime=easy/d=10/num_cycles=5/density=0.3/samp_size=500/seed=2/dataset.npz
    wildcards: regime=easy, d=10, num_cycles=5, density=0.3, samp_size=500, seed=2, method=lacerda_repare
    resources: tmpdir=/tmp
Select jobs to execute...
[Tue Apr 28 13:01:42 2026]
Finished jobid: 517 (Rule: synth_fit)
97 of 1461 steps (7%) done
Execute 1 jobs...
[Tue Apr 28 13:01:42 2026]
localrule synth_fit:
    input: results/synth/regime=easy/d=10/num_cycles=5/density=0.5/samp_size=50/seed=0/dataset.npz
    output: results/synth/regime=easy/d=10/num_cycles=5/density=0.5/samp_size=50/seed=0/method=lacerda/model.pkl
    jobid: 1426
    reason: Missing output files: results/synth/regime=easy/d=10/num_cycles=5/density=0.5/samp_size=50/seed=0/method=lacerda/model.pkl; Input files updated by another job: results/synth/regime=easy/d=10/num_cycles=5/density=0.5/samp_size=50/seed=0/dataset.npz
    wildcards: regime=easy, d=10, num_cycles=5, density=0.5, samp_size=50, seed=0, method=lacerda
    resources: tmpdir=/tmp
Select jobs to execute...
[Tue Apr 28 13:01:44 2026]
Finished jobid: 1426 (Rule: synth_fit)
98 of 1461 steps (7%) done
Execute 1 jobs...
[Tue Apr 28 13:01:44 2026]
localrule synth_evaluate:
    input: results/synth/regime=easy/d=10/num_cycles=5/density=0.5/samp_size=50/seed=0/dataset.npz, results/synth/regime=easy/d=10/num_cycles=5/density=0.5/samp_size=50/seed=0/method=lacerda/model.pkl
    output: results/synth/regime=easy/d=10/num_cycles=5/density=0.5/samp_size=50/seed=0/method=lacerda/metrics.csv
    jobid: 1425
    reason: Missing output files: results/synth/regime=easy/d=10/num_cycles=5/density=0.5/samp_size=50/seed=0/method=lacerda/metrics.csv; Input files updated by another job: results/synth/regime=easy/d=10/num_cycles=5/density=0.5/samp_size=50/seed=0/method=lacerda/model.pkl, results/synth/regime=easy/d=10/num_cycles=5/density=0.5/samp_size=50/seed=0/dataset.npz
    wildcards: regime=easy, d=10, num_cycles=5, density=0.5, samp_size=50, seed=0, method=lacerda
    resources: tmpdir=/tmp
Select jobs to execute...
[Tue Apr 28 13:01:46 2026]
Finished jobid: 1425 (Rule: synth_evaluate)
99 of 1461 steps (7%) done
Execute 1 jobs...
[Tue Apr 28 13:01:46 2026]
localrule synth_fit:
    input: results/synth/regime=easy/d=10/num_cycles=3/density=0.3/samp_size=50/seed=1/dataset.npz
    output: results/synth/regime=easy/d=10/num_cycles=3/density=0.3/samp_size=50/seed=1/method=oica_scc_repare/model.pkl
    jobid: 6
    reason: Missing output files: results/synth/regime=easy/d=10/num_cycles=3/density=0.3/samp_size=50/seed=1/method=oica_scc_repare/model.pkl; Input files updated by another job: results/synth/regime=easy/d=10/num_cycles=3/density=0.3/samp_size=50/seed=1/dataset.npz
    wildcards: regime=easy, d=10, num_cycles=3, density=0.3, samp_size=50, seed=1, method=oica_scc_repare
    resources: tmpdir=/tmp
Select jobs to execute...
[Tue Apr 28 13:01:46 2026]
Finished jobid: 360 (Rule: synth_fit)
100 of 1461 steps (7%) done
Execute 1 jobs...
[Tue Apr 28 13:01:46 2026]
localrule synth_evaluate:
    input: results/synth/regime=easy/d=10/num_cycles=5/density=0.3/samp_size=500/seed=2/dataset.npz, results/synth/regime=easy/d=10/num_cycles=5/density=0.3/samp_size=500/seed=2/method=lacerda_repare/model.pkl
    output: results/synth/regime=easy/d=10/num_cycles=5/density=0.3/samp_size=500/seed=2/method=lacerda_repare/metrics.csv
    jobid: 359
    reason: Missing output files: results/synth/regime=easy/d=10/num_cycles=5/density=0.3/samp_size=500/seed=2/method=lacerda_repare/metrics.csv; Input files updated by another job: results/synth/regime=easy/d=10/num_cycles=5/density=0.3/samp_size=500/seed=2/dataset.npz, results/synth/regime=easy/d=10/num_cycles=5/density=0.3/samp_size=500/seed=2/method=lacerda_repare/model.pkl
    wildcards: regime=easy, d=10, num_cycles=5, density=0.3, samp_size=500, seed=2, method=lacerda_repare
    resources: tmpdir=/tmp
Select jobs to execute...
[Tue Apr 28 13:01:47 2026]
Finished jobid: 6 (Rule: synth_fit)
101 of 1461 steps (7%) done
Execute 1 jobs...
[Tue Apr 28 13:01:47 2026]
localrule synth_fit:
    input: results/synth/regime=easy/d=10/num_cycles=4/density=0.5/samp_size=500/seed=0/dataset.npz
    output: results/synth/regime=easy/d=10/num_cycles=4/density=0.5/samp_size=500/seed=0/method=oica_scc_repare/model.pkl
    jobid: 1049
    reason: Missing output files: results/synth/regime=easy/d=10/num_cycles=4/density=0.5/samp_size=500/seed=0/method=oica_scc_repare/model.pkl; Input files updated by another job: results/synth/regime=easy/d=10/num_cycles=4/density=0.5/samp_size=500/seed=0/dataset.npz
    wildcards: regime=easy, d=10, num_cycles=4, density=0.5, samp_size=500, seed=0, method=oica_scc_repare
    resources: tmpdir=/tmp
Select jobs to execute...
[Tue Apr 28 13:01:48 2026]
Finished jobid: 359 (Rule: synth_evaluate)
102 of 1461 steps (7%) done
Execute 1 jobs...
[Tue Apr 28 13:01:48 2026]
localrule synth_evaluate:
    input: results/synth/regime=easy/d=10/num_cycles=3/density=0.3/samp_size=500/seed=2/dataset.npz, results/synth/regime=easy/d=10/num_cycles=3/density=0.3/samp_size=500/seed=2/method=oica_no_repare/model.pkl
    output: results/synth/regime=easy/d=10/num_cycles=3/density=0.3/samp_size=500/seed=2/method=oica_no_repare/metrics.csv
    jobid: 179
    reason: Missing output files: results/synth/regime=easy/d=10/num_cycles=3/density=0.3/samp_size=500/seed=2/method=oica_no_repare/metrics.csv; Input files updated by another job: results/synth/regime=easy/d=10/num_cycles=3/density=0.3/samp_size=500/seed=2/method=oica_no_repare/model.pkl, results/synth/regime=easy/d=10/num_cycles=3/density=0.3/samp_size=500/seed=2/dataset.npz
    wildcards: regime=easy, d=10, num_cycles=3, density=0.3, samp_size=500, seed=2, method=oica_no_repare
    resources: tmpdir=/tmp
Select jobs to execute...
[Tue Apr 28 13:01:49 2026]
Finished jobid: 179 (Rule: synth_evaluate)
103 of 1461 steps (7%) done
Execute 1 jobs...
[Tue Apr 28 13:01:49 2026]
localrule synth_fit:
    input: results/synth/regime=easy/d=10/num_cycles=4/density=0.5/samp_size=100/seed=0/dataset.npz
    output: results/synth/regime=easy/d=10/num_cycles=4/density=0.5/samp_size=100/seed=0/method=oica_scc_repare/model.pkl
    jobid: 1040
    reason: Missing output files: results/synth/regime=easy/d=10/num_cycles=4/density=0.5/samp_size=100/seed=0/method=oica_scc_repare/model.pkl; Input files updated by another job: results/synth/regime=easy/d=10/num_cycles=4/density=0.5/samp_size=100/seed=0/dataset.npz
    wildcards: regime=easy, d=10, num_cycles=4, density=0.5, samp_size=100, seed=0, method=oica_scc_repare
    resources: tmpdir=/tmp
Select jobs to execute...
[Tue Apr 28 13:01:51 2026]
Finished jobid: 1049 (Rule: synth_fit)
104 of 1461 steps (7%) done
Execute 1 jobs...
[Tue Apr 28 13:01:51 2026]
localrule synth_fit:
    input: results/synth/regime=easy/d=10/num_cycles=3/density=0.3/samp_size=500/seed=2/dataset.npz
    output: results/synth/regime=easy/d=10/num_cycles=3/density=0.3/samp_size=500/seed=2/method=lacerda/model.pkl
    jobid: 396
    reason: Missing output files: results/synth/regime=easy/d=10/num_cycles=3/density=0.3/samp_size=500/seed=2/method=lacerda/model.pkl; Input files updated by another job: results/synth/regime=easy/d=10/num_cycles=3/density=0.3/samp_size=500/seed=2/dataset.npz
    wildcards: regime=easy, d=10, num_cycles=3, density=0.3, samp_size=500, seed=2, method=lacerda
    resources: tmpdir=/tmp
Select jobs to execute...
[Tue Apr 28 13:01:52 2026]
Finished jobid: 396 (Rule: synth_fit)
105 of 1461 steps (7%) done
Execute 1 jobs...
[Tue Apr 28 13:01:52 2026]
localrule synth_generate:
    output: results/synth/regime=easy/d=10/num_cycles=5/density=0.5/samp_size=5000/seed=2/dataset.npz
    jobid: 1126
    reason: Missing output files: results/synth/regime=easy/d=10/num_cycles=5/density=0.5/samp_size=5000/seed=2/dataset.npz
    wildcards: regime=easy, d=10, num_cycles=5, density=0.5, samp_size=5000, seed=2
    resources: tmpdir=/tmp
Select jobs to execute...
[Tue Apr 28 13:01:52 2026]
Finished jobid: 1040 (Rule: synth_fit)
106 of 1461 steps (7%) done
Execute 1 jobs...
[Tue Apr 28 13:01:52 2026]
localrule synth_generate:
    output: results/synth/regime=easy/d=10/num_cycles=4/density=0.5/samp_size=50/seed=2/dataset.npz
    jobid: 1036
    reason: Missing output files: results/synth/regime=easy/d=10/num_cycles=4/density=0.5/samp_size=50/seed=2/dataset.npz
    wildcards: regime=easy, d=10, num_cycles=4, density=0.5, samp_size=50, seed=2
    resources: tmpdir=/tmp
Select jobs to execute...
[Tue Apr 28 13:01:54 2026]
Finished jobid: 1126 (Rule: synth_generate)
107 of 1461 steps (7%) done
Execute 1 jobs...
[Tue Apr 28 13:01:54 2026]
localrule synth_fit:
    input: results/synth/regime=easy/d=10/num_cycles=5/density=0.5/samp_size=5000/seed=2/dataset.npz
    output: results/synth/regime=easy/d=10/num_cycles=5/density=0.5/samp_size=5000/seed=2/method=oica_scc_repare/model.pkl
    jobid: 1127
    reason: Missing output files: results/synth/regime=easy/d=10/num_cycles=5/density=0.5/samp_size=5000/seed=2/method=oica_scc_repare/model.pkl; Input files updated by another job: results/synth/regime=easy/d=10/num_cycles=5/density=0.5/samp_size=5000/seed=2/dataset.npz
    wildcards: regime=easy, d=10, num_cycles=5, density=0.5, samp_size=5000, seed=2, method=oica_scc_repare
    resources: tmpdir=/tmp
Select jobs to execute...
[Tue Apr 28 13:01:54 2026]
Finished jobid: 1036 (Rule: synth_generate)
108 of 1461 steps (7%) done
Execute 1 jobs...
[Tue Apr 28 13:01:54 2026]
localrule synth_generate:
    output: results/synth/regime=easy/d=10/num_cycles=4/density=0.5/samp_size=10000/seed=2/dataset.npz
    jobid: 1081
    reason: Missing output files: results/synth/regime=easy/d=10/num_cycles=4/density=0.5/samp_size=10000/seed=2/dataset.npz
    wildcards: regime=easy, d=10, num_cycles=4, density=0.5, samp_size=10000, seed=2
    resources: tmpdir=/tmp
Select jobs to execute...
[Tue Apr 28 13:01:55 2026]
Finished jobid: 1081 (Rule: synth_generate)
109 of 1461 steps (7%) done
Execute 1 jobs...
[Tue Apr 28 13:01:55 2026]
localrule synth_fit:
    input: results/synth/regime=easy/d=10/num_cycles=4/density=0.5/samp_size=50/seed=2/dataset.npz
    output: results/synth/regime=easy/d=10/num_cycles=4/density=0.5/samp_size=50/seed=2/method=oica_scc_repare/model.pkl
    jobid: 1037
    reason: Missing output files: results/synth/regime=easy/d=10/num_cycles=4/density=0.5/samp_size=50/seed=2/method=oica_scc_repare/model.pkl; Input files updated by another job: results/synth/regime=easy/d=10/num_cycles=4/density=0.5/samp_size=50/seed=2/dataset.npz
    wildcards: regime=easy, d=10, num_cycles=4, density=0.5, samp_size=50, seed=2, method=oica_scc_repare
    resources: tmpdir=/tmp
Select jobs to execute...
[Tue Apr 28 13:01:57 2026]
Finished jobid: 1037 (Rule: synth_fit)
110 of 1461 steps (8%) done
Execute 1 jobs...
[Tue Apr 28 13:01:57 2026]
localrule synth_fit:
    input: results/synth/regime=easy/d=10/num_cycles=4/density=0.5/samp_size=10000/seed=2/dataset.npz
    output: results/synth/regime=easy/d=10/num_cycles=4/density=0.5/samp_size=10000/seed=2/method=oica_scc_repare/model.pkl
    jobid: 1082
    reason: Missing output files: results/synth/regime=easy/d=10/num_cycles=4/density=0.5/samp_size=10000/seed=2/method=oica_scc_repare/model.pkl; Input files updated by another job: results/synth/regime=easy/d=10/num_cycles=4/density=0.5/samp_size=10000/seed=2/dataset.npz
    wildcards: regime=easy, d=10, num_cycles=4, density=0.5, samp_size=10000, seed=2, method=oica_scc_repare
    resources: tmpdir=/tmp
Select jobs to execute...
[Tue Apr 28 13:16:11 2026]
Finished jobid: 298 (Rule: synth_fit)
111 of 1461 steps (8%) done
Execute 1 jobs...
[Tue Apr 28 13:16:11 2026]
localrule synth_evaluate:
    input: results/synth/regime=easy/d=10/num_cycles=3/density=0.3/samp_size=5000/seed=1/dataset.npz, results/synth/regime=easy/d=10/num_cycles=3/density=0.3/samp_size=5000/seed=1/method=lacerda_repare/model.pkl
    output: results/synth/regime=easy/d=10/num_cycles=3/density=0.3/samp_size=5000/seed=1/method=lacerda_repare/metrics.csv
    jobid: 297
    reason: Missing output files: results/synth/regime=easy/d=10/num_cycles=3/density=0.3/samp_size=5000/seed=1/method=lacerda_repare/metrics.csv; Input files updated by another job: results/synth/regime=easy/d=10/num_cycles=3/density=0.3/samp_size=5000/seed=1/dataset.npz, results/synth/regime=easy/d=10/num_cycles=3/density=0.3/samp_size=5000/seed=1/method=lacerda_repare/model.pkl
    wildcards: regime=easy, d=10, num_cycles=3, density=0.3, samp_size=5000, seed=1, method=lacerda_repare
    resources: tmpdir=/tmp
Select jobs to execute...
[Tue Apr 28 13:16:12 2026]
Finished jobid: 297 (Rule: synth_evaluate)
112 of 1461 steps (8%) done
Execute 1 jobs...
[Tue Apr 28 13:16:12 2026]
localrule synth_generate:
    output: results/synth/regime=easy/d=10/num_cycles=3/density=0.5/samp_size=100/seed=2/dataset.npz
    jobid: 991
    reason: Missing output files: results/synth/regime=easy/d=10/num_cycles=3/density=0.5/samp_size=100/seed=2/dataset.npz
    wildcards: regime=easy, d=10, num_cycles=3, density=0.5, samp_size=100, seed=2
    resources: tmpdir=/tmp
Select jobs to execute...
[Tue Apr 28 13:16:13 2026]
Finished jobid: 991 (Rule: synth_generate)
113 of 1461 steps (8%) done
Execute 1 jobs...
[Tue Apr 28 13:16:13 2026]
localrule synth_fit:
    input: results/synth/regime=easy/d=10/num_cycles=3/density=0.5/samp_size=100/seed=2/dataset.npz
    output: results/synth/regime=easy/d=10/num_cycles=3/density=0.5/samp_size=100/seed=2/method=oica_scc_repare/model.pkl
    jobid: 992
    reason: Missing output files: results/synth/regime=easy/d=10/num_cycles=3/density=0.5/samp_size=100/seed=2/method=oica_scc_repare/model.pkl; Input files updated by another job: results/synth/regime=easy/d=10/num_cycles=3/density=0.5/samp_size=100/seed=2/dataset.npz; Params have changed since last execution: Union of exclusive params before and now across all output: before: <nothing exclusive> now: [0.01, 0.05, 0.1],[0.05, 0.1, 0.15, 0.2] 
    wildcards: regime=easy, d=10, num_cycles=3, density=0.5, samp_size=100, seed=2, method=oica_scc_repare
    resources: tmpdir=/tmp
Select jobs to execute...
[Tue Apr 28 13:16:15 2026]
Finished jobid: 992 (Rule: synth_fit)
114 of 1461 steps (8%) done
Execute 1 jobs...
[Tue Apr 28 13:16:16 2026]
localrule synth_fit:
    input: results/synth/regime=easy/d=10/num_cycles=3/density=0.5/samp_size=100/seed=2/dataset.npz
    output: results/synth/regime=easy/d=10/num_cycles=3/density=0.5/samp_size=100/seed=2/method=lacerda/model.pkl
    jobid: 1364
    reason: Missing output files: results/synth/regime=easy/d=10/num_cycles=3/density=0.5/samp_size=100/seed=2/method=lacerda/model.pkl; Input files updated by another job: results/synth/regime=easy/d=10/num_cycles=3/density=0.5/samp_size=100/seed=2/dataset.npz; Params have changed since last execution: Union of exclusive params before and now across all output: before: <nothing exclusive> now: [0.01, 0.05, 0.1],[0.05, 0.1, 0.15, 0.2] 
    wildcards: regime=easy, d=10, num_cycles=3, density=0.5, samp_size=100, seed=2, method=lacerda
    resources: tmpdir=/tmp
Select jobs to execute...
[Tue Apr 28 13:16:18 2026]
Finished jobid: 1364 (Rule: synth_fit)
115 of 1461 steps (8%) done
Execute 1 jobs...
[Tue Apr 28 13:16:18 2026]
localrule synth_evaluate:
    input: results/synth/regime=easy/d=10/num_cycles=3/density=0.5/samp_size=100/seed=2/dataset.npz, results/synth/regime=easy/d=10/num_cycles=3/density=0.5/samp_size=100/seed=2/method=lacerda/model.pkl
    output: results/synth/regime=easy/d=10/num_cycles=3/density=0.5/samp_size=100/seed=2/method=lacerda/metrics.csv
    jobid: 1363
    reason: Missing output files: results/synth/regime=easy/d=10/num_cycles=3/density=0.5/samp_size=100/seed=2/method=lacerda/metrics.csv; Input files updated by another job: results/synth/regime=easy/d=10/num_cycles=3/density=0.5/samp_size=100/seed=2/method=lacerda/model.pkl, results/synth/regime=easy/d=10/num_cycles=3/density=0.5/samp_size=100/seed=2/dataset.npz
    wildcards: regime=easy, d=10, num_cycles=3, density=0.5, samp_size=100, seed=2, method=lacerda
    resources: tmpdir=/tmp
Select jobs to execute...
[Tue Apr 28 13:16:19 2026]
Finished jobid: 1363 (Rule: synth_evaluate)
116 of 1461 steps (8%) done
Execute 1 jobs...
[Tue Apr 28 13:16:19 2026]
localrule synth_fit:
    input: results/synth/regime=easy/d=10/num_cycles=4/density=0.5/samp_size=10000/seed=2/dataset.npz
    output: results/synth/regime=easy/d=10/num_cycles=4/density=0.5/samp_size=10000/seed=2/method=lacerda/model.pkl
    jobid: 1424
    reason: Missing output files: results/synth/regime=easy/d=10/num_cycles=4/density=0.5/samp_size=10000/seed=2/method=lacerda/model.pkl; Input files updated by another job: results/synth/regime=easy/d=10/num_cycles=4/density=0.5/samp_size=10000/seed=2/dataset.npz
    wildcards: regime=easy, d=10, num_cycles=4, density=0.5, samp_size=10000, seed=2, method=lacerda
    resources: tmpdir=/tmp
Select jobs to execute...
[Tue Apr 28 13:16:20 2026]
Finished jobid: 1424 (Rule: synth_fit)
117 of 1461 steps (8%) done
Execute 1 jobs...
[Tue Apr 28 13:16:21 2026]
localrule synth_evaluate:
    input: results/synth/regime=easy/d=10/num_cycles=4/density=0.5/samp_size=10000/seed=2/dataset.npz, results/synth/regime=easy/d=10/num_cycles=4/density=0.5/samp_size=10000/seed=2/method=lacerda/model.pkl
    output: results/synth/regime=easy/d=10/num_cycles=4/density=0.5/samp_size=10000/seed=2/method=lacerda/metrics.csv
    jobid: 1423
    reason: Missing output files: results/synth/regime=easy/d=10/num_cycles=4/density=0.5/samp_size=10000/seed=2/method=lacerda/metrics.csv; Input files updated by another job: results/synth/regime=easy/d=10/num_cycles=4/density=0.5/samp_size=10000/seed=2/method=lacerda/model.pkl, results/synth/regime=easy/d=10/num_cycles=4/density=0.5/samp_size=10000/seed=2/dataset.npz
    wildcards: regime=easy, d=10, num_cycles=4, density=0.5, samp_size=10000, seed=2, method=lacerda
    resources: tmpdir=/tmp
Select jobs to execute...
[Tue Apr 28 13:16:22 2026]
Finished jobid: 1423 (Rule: synth_evaluate)
118 of 1461 steps (8%) done
Execute 1 jobs...
[Tue Apr 28 13:16:22 2026]
localrule synth_fit:
    input: results/synth/regime=easy/d=10/num_cycles=5/density=0.5/samp_size=10000/seed=2/dataset.npz
    output: results/synth/regime=easy/d=10/num_cycles=5/density=0.5/samp_size=10000/seed=2/method=oica_scc_repare/model.pkl
    jobid: 1136
    reason: Missing output files: results/synth/regime=easy/d=10/num_cycles=5/density=0.5/samp_size=10000/seed=2/method=oica_scc_repare/model.pkl; Input files updated by another job: results/synth/regime=easy/d=10/num_cycles=5/density=0.5/samp_size=10000/seed=2/dataset.npz
    wildcards: regime=easy, d=10, num_cycles=5, density=0.5, samp_size=10000, seed=2, method=oica_scc_repare
    resources: tmpdir=/tmp
Select jobs to execute...
[Tue Apr 28 13:17:04 2026]
Finished jobid: 783 (Rule: synth_fit)
119 of 1461 steps (8%) done
Execute 1 jobs...
[Tue Apr 28 13:17:04 2026]
localrule synth_generate:
    output: results/synth/regime=easy/d=10/num_cycles=5/density=0.3/samp_size=500/seed=0/dataset.npz
    jobid: 128
    reason: Missing output files: results/synth/regime=easy/d=10/num_cycles=5/density=0.3/samp_size=500/seed=0/dataset.npz
    wildcards: regime=easy, d=10, num_cycles=5, density=0.3, samp_size=500, seed=0
    resources: tmpdir=/tmp
Select jobs to execute...
[Tue Apr 28 13:17:05 2026]
Finished jobid: 128 (Rule: synth_generate)
120 of 1461 steps (8%) done
Execute 1 jobs...
[Tue Apr 28 13:17:05 2026]
localrule synth_evaluate:
    input: results/synth/regime=easy/d=10/num_cycles=3/density=0.3/samp_size=50/seed=1/dataset.npz, results/synth/regime=easy/d=10/num_cycles=3/density=0.3/samp_size=50/seed=1/method=oica_scc_repare/model.pkl
    output: results/synth/regime=easy/d=10/num_cycles=3/density=0.3/samp_size=50/seed=1/method=oica_scc_repare/metrics.csv
    jobid: 4
    reason: Missing output files: results/synth/regime=easy/d=10/num_cycles=3/density=0.3/samp_size=50/seed=1/method=oica_scc_repare/metrics.csv; Input files updated by another job: results/synth/regime=easy/d=10/num_cycles=3/density=0.3/samp_size=50/seed=1/dataset.npz, results/synth/regime=easy/d=10/num_cycles=3/density=0.3/samp_size=50/seed=1/method=oica_scc_repare/model.pkl
    wildcards: regime=easy, d=10, num_cycles=3, density=0.3, samp_size=50, seed=1, method=oica_scc_repare
    resources: tmpdir=/tmp
Select jobs to execute...
[Tue Apr 28 13:17:06 2026]
Finished jobid: 4 (Rule: synth_evaluate)
121 of 1461 steps (8%) done
Execute 1 jobs...
[Tue Apr 28 13:17:06 2026]
localrule synth_fit:
    input: results/synth/regime=easy/d=10/num_cycles=5/density=0.3/samp_size=500/seed=0/dataset.npz
    output: results/synth/regime=easy/d=10/num_cycles=5/density=0.3/samp_size=500/seed=0/method=lacerda_repare/model.pkl
    jobid: 356
    reason: Missing output files: results/synth/regime=easy/d=10/num_cycles=5/density=0.3/samp_size=500/seed=0/method=lacerda_repare/model.pkl; Input files updated by another job: results/synth/regime=easy/d=10/num_cycles=5/density=0.3/samp_size=500/seed=0/dataset.npz
    wildcards: regime=easy, d=10, num_cycles=5, density=0.3, samp_size=500, seed=0, method=lacerda_repare
    resources: tmpdir=/tmp
Select jobs to execute...
[Tue Apr 28 13:17:11 2026]
Finished jobid: 356 (Rule: synth_fit)
122 of 1461 steps (8%) done
Execute 1 jobs...
[Tue Apr 28 13:17:11 2026]
localrule synth_evaluate:
    input: results/synth/regime=easy/d=10/num_cycles=5/density=0.3/samp_size=500/seed=0/dataset.npz, results/synth/regime=easy/d=10/num_cycles=5/density=0.3/samp_size=500/seed=0/method=lacerda_repare/model.pkl
    output: results/synth/regime=easy/d=10/num_cycles=5/density=0.3/samp_size=500/seed=0/method=lacerda_repare/metrics.csv
    jobid: 355
    reason: Missing output files: results/synth/regime=easy/d=10/num_cycles=5/density=0.3/samp_size=500/seed=0/method=lacerda_repare/metrics.csv; Input files updated by another job: results/synth/regime=easy/d=10/num_cycles=5/density=0.3/samp_size=500/seed=0/method=lacerda_repare/model.pkl, results/synth/regime=easy/d=10/num_cycles=5/density=0.3/samp_size=500/seed=0/dataset.npz
    wildcards: regime=easy, d=10, num_cycles=5, density=0.3, samp_size=500, seed=0, method=lacerda_repare
    resources: tmpdir=/tmp
Select jobs to execute...
[Tue Apr 28 13:17:12 2026]
Finished jobid: 355 (Rule: synth_evaluate)
123 of 1461 steps (8%) done
Execute 1 jobs...
[Tue Apr 28 13:17:12 2026]
localrule synth_fit:
    input: results/synth/regime=easy/d=10/num_cycles=5/density=0.3/samp_size=500/seed=0/dataset.npz
    output: results/synth/regime=easy/d=10/num_cycles=5/density=0.3/samp_size=500/seed=0/method=oica_scc_repare/model.pkl
    jobid: 129
    reason: Missing output files: results/synth/regime=easy/d=10/num_cycles=5/density=0.3/samp_size=500/seed=0/method=oica_scc_repare/model.pkl; Input files updated by another job: results/synth/regime=easy/d=10/num_cycles=5/density=0.3/samp_size=500/seed=0/dataset.npz
    wildcards: regime=easy, d=10, num_cycles=5, density=0.3, samp_size=500, seed=0, method=oica_scc_repare
    resources: tmpdir=/tmp
Select jobs to execute...
[Tue Apr 28 13:17:16 2026]
Finished jobid: 300 (Rule: synth_fit)
124 of 1461 steps (8%) done
Execute 1 jobs...
[Tue Apr 28 13:17:16 2026]
localrule synth_fit:
    input: results/synth/regime=easy/d=10/num_cycles=3/density=0.3/samp_size=5000/seed=1/dataset.npz
    output: results/synth/regime=easy/d=10/num_cycles=3/density=0.3/samp_size=5000/seed=1/method=oica_no_repare/model.pkl
    jobid: 190
    reason: Missing output files: results/synth/regime=easy/d=10/num_cycles=3/density=0.3/samp_size=5000/seed=1/method=oica_no_repare/model.pkl; Input files updated by another job: results/synth/regime=easy/d=10/num_cycles=3/density=0.3/samp_size=5000/seed=1/dataset.npz
    wildcards: regime=easy, d=10, num_cycles=3, density=0.3, samp_size=5000, seed=1, method=oica_no_repare
    resources: tmpdir=/tmp
Select jobs to execute...
[Tue Apr 28 13:17:16 2026]
Finished jobid: 129 (Rule: synth_fit)
125 of 1461 steps (9%) done
Execute 1 jobs...
[Tue Apr 28 13:17:16 2026]
localrule synth_fit:
    input: results/synth/regime=easy/d=10/num_cycles=5/density=0.8/samp_size=100/seed=2/dataset.npz
    output: results/synth/regime=easy/d=10/num_cycles=5/density=0.8/samp_size=100/seed=2/method=lacerda/model.pkl
    jobid: 949
    reason: Missing output files: results/synth/regime=easy/d=10/num_cycles=5/density=0.8/samp_size=100/seed=2/method=lacerda/model.pkl; Input files updated by another job: results/synth/regime=easy/d=10/num_cycles=5/density=0.8/samp_size=100/seed=2/dataset.npz
    wildcards: regime=easy, d=10, num_cycles=5, density=0.8, samp_size=100, seed=2, method=lacerda
    resources: tmpdir=/tmp
Select jobs to execute...
[Tue Apr 28 13:17:17 2026]
Finished jobid: 190 (Rule: synth_fit)
126 of 1461 steps (9%) done
Execute 1 jobs...
[Tue Apr 28 13:17:17 2026]
localrule synth_fit:
    input: results/synth/regime=easy/d=10/num_cycles=4/density=0.5/samp_size=100/seed=1/dataset.npz
    output: results/synth/regime=easy/d=10/num_cycles=4/density=0.5/samp_size=100/seed=1/method=oica_no_repare/model.pkl
    jobid: 1182
    reason: Missing output files: results/synth/regime=easy/d=10/num_cycles=4/density=0.5/samp_size=100/seed=1/method=oica_no_repare/model.pkl; Input files updated by another job: results/synth/regime=easy/d=10/num_cycles=4/density=0.5/samp_size=100/seed=1/dataset.npz
    wildcards: regime=easy, d=10, num_cycles=4, density=0.5, samp_size=100, seed=1, method=oica_no_repare
    resources: tmpdir=/tmp
Select jobs to execute...
[Tue Apr 28 13:17:18 2026]
Finished jobid: 949 (Rule: synth_fit)
127 of 1461 steps (9%) done
Execute 1 jobs...
[Tue Apr 28 13:17:18 2026]
localrule synth_evaluate:
    input: results/synth/regime=easy/d=10/num_cycles=5/density=0.8/samp_size=100/seed=2/dataset.npz, results/synth/regime=easy/d=10/num_cycles=5/density=0.8/samp_size=100/seed=2/method=lacerda/model.pkl
    output: results/synth/regime=easy/d=10/num_cycles=5/density=0.8/samp_size=100/seed=2/method=lacerda/metrics.csv
    jobid: 948
    reason: Missing output files: results/synth/regime=easy/d=10/num_cycles=5/density=0.8/samp_size=100/seed=2/method=lacerda/metrics.csv; Input files updated by another job: results/synth/regime=easy/d=10/num_cycles=5/density=0.8/samp_size=100/seed=2/dataset.npz, results/synth/regime=easy/d=10/num_cycles=5/density=0.8/samp_size=100/seed=2/method=lacerda/model.pkl
    wildcards: regime=easy, d=10, num_cycles=5, density=0.8, samp_size=100, seed=2, method=lacerda
    resources: tmpdir=/tmp
Select jobs to execute...
[Tue Apr 28 13:17:19 2026]
Finished jobid: 948 (Rule: synth_evaluate)
128 of 1461 steps (9%) done
Execute 1 jobs...
[Tue Apr 28 13:17:19 2026]
localrule synth_fit:
    input: results/synth/regime=easy/d=10/num_cycles=3/density=0.5/samp_size=100/seed=2/dataset.npz
    output: results/synth/regime=easy/d=10/num_cycles=3/density=0.5/samp_size=100/seed=2/method=oica_no_repare/model.pkl
    jobid: 1148
    reason: Missing output files: results/synth/regime=easy/d=10/num_cycles=3/density=0.5/samp_size=100/seed=2/method=oica_no_repare/model.pkl; Input files updated by another job: results/synth/regime=easy/d=10/num_cycles=3/density=0.5/samp_size=100/seed=2/dataset.npz; Params have changed since last execution: Union of exclusive params before and now across all output: before: <nothing exclusive> now: [0.01, 0.05, 0.1],[0.05, 0.1, 0.15, 0.2] 
    wildcards: regime=easy, d=10, num_cycles=3, density=0.5, samp_size=100, seed=2, method=oica_no_repare
    resources: tmpdir=/tmp
[Tue Apr 28 13:17:19 2026]
Finished jobid: 1182 (Rule: synth_fit)
129 of 1461 steps (9%) done
Select jobs to execute...
Execute 1 jobs...
[Tue Apr 28 13:17:19 2026]
localrule synth_evaluate:
    input: results/synth/regime=easy/d=10/num_cycles=4/density=0.5/samp_size=100/seed=1/dataset.npz, results/synth/regime=easy/d=10/num_cycles=4/density=0.5/samp_size=100/seed=1/method=oica_no_repare/model.pkl
    output: results/synth/regime=easy/d=10/num_cycles=4/density=0.5/samp_size=100/seed=1/method=oica_no_repare/metrics.csv
    jobid: 1181
    reason: Missing output files: results/synth/regime=easy/d=10/num_cycles=4/density=0.5/samp_size=100/seed=1/method=oica_no_repare/metrics.csv; Input files updated by another job: results/synth/regime=easy/d=10/num_cycles=4/density=0.5/samp_size=100/seed=1/method=oica_no_repare/model.pkl, results/synth/regime=easy/d=10/num_cycles=4/density=0.5/samp_size=100/seed=1/dataset.npz
    wildcards: regime=easy, d=10, num_cycles=4, density=0.5, samp_size=100, seed=1, method=oica_no_repare
    resources: tmpdir=/tmp
Select jobs to execute...
[Tue Apr 28 13:17:21 2026]
Finished jobid: 1181 (Rule: synth_evaluate)
130 of 1461 steps (9%) done
Execute 1 jobs...
[Tue Apr 28 13:17:21 2026]
localrule synth_generate:
    output: results/synth/regime=easy/d=10/num_cycles=3/density=0.3/samp_size=5000/seed=0/dataset.npz
    jobid: 38
    reason: Missing output files: results/synth/regime=easy/d=10/num_cycles=3/density=0.3/samp_size=5000/seed=0/dataset.npz
    wildcards: regime=easy, d=10, num_cycles=3, density=0.3, samp_size=5000, seed=0
    resources: tmpdir=/tmp
Select jobs to execute...
[Tue Apr 28 13:17:21 2026]
Finished jobid: 1148 (Rule: synth_fit)
131 of 1461 steps (9%) done
Execute 1 jobs...
[Tue Apr 28 13:17:21 2026]
localrule synth_fit:
    input: results/synth/regime=easy/d=10/num_cycles=5/density=0.5/samp_size=10000/seed=1/dataset.npz
    output: results/synth/regime=easy/d=10/num_cycles=5/density=0.5/samp_size=10000/seed=1/method=oica_no_repare/model.pkl
    jobid: 1242
    reason: Missing output files: results/synth/regime=easy/d=10/num_cycles=5/density=0.5/samp_size=10000/seed=1/method=oica_no_repare/model.pkl; Input files updated by another job: results/synth/regime=easy/d=10/num_cycles=5/density=0.5/samp_size=10000/seed=1/dataset.npz
    wildcards: regime=easy, d=10, num_cycles=5, density=0.5, samp_size=10000, seed=1, method=oica_no_repare
    resources: tmpdir=/tmp
Select jobs to execute...
[Tue Apr 28 13:17:22 2026]
Finished jobid: 38 (Rule: synth_generate)
132 of 1461 steps (9%) done
Execute 1 jobs...
[Tue Apr 28 13:17:22 2026]
localrule synth_fit:
    input: results/synth/regime=easy/d=10/num_cycles=3/density=0.3/samp_size=5000/seed=0/dataset.npz
    output: results/synth/regime=easy/d=10/num_cycles=3/density=0.3/samp_size=5000/seed=0/method=lacerda_repare/model.pkl
    jobid: 296
    reason: Missing output files: results/synth/regime=easy/d=10/num_cycles=3/density=0.3/samp_size=5000/seed=0/method=lacerda_repare/model.pkl; Input files updated by another job: results/synth/regime=easy/d=10/num_cycles=3/density=0.3/samp_size=5000/seed=0/dataset.npz
    wildcards: regime=easy, d=10, num_cycles=3, density=0.3, samp_size=5000, seed=0, method=lacerda_repare
    resources: tmpdir=/tmp
Select jobs to execute...
[Tue Apr 28 13:17:23 2026]
Finished jobid: 1242 (Rule: synth_fit)
133 of 1461 steps (9%) done
Execute 1 jobs...
[Tue Apr 28 13:17:23 2026]
localrule synth_evaluate:
    input: results/synth/regime=easy/d=10/num_cycles=5/density=0.5/samp_size=10000/seed=1/dataset.npz, results/synth/regime=easy/d=10/num_cycles=5/density=0.5/samp_size=10000/seed=1/method=oica_no_repare/model.pkl
    output: results/synth/regime=easy/d=10/num_cycles=5/density=0.5/samp_size=10000/seed=1/method=oica_no_repare/metrics.csv
    jobid: 1241
    reason: Missing output files: results/synth/regime=easy/d=10/num_cycles=5/density=0.5/samp_size=10000/seed=1/method=oica_no_repare/metrics.csv; Input files updated by another job: results/synth/regime=easy/d=10/num_cycles=5/density=0.5/samp_size=10000/seed=1/method=oica_no_repare/model.pkl, results/synth/regime=easy/d=10/num_cycles=5/density=0.5/samp_size=10000/seed=1/dataset.npz
    wildcards: regime=easy, d=10, num_cycles=5, density=0.5, samp_size=10000, seed=1, method=oica_no_repare
    resources: tmpdir=/tmp
Select jobs to execute...
[Tue Apr 28 13:17:24 2026]
Finished jobid: 1241 (Rule: synth_evaluate)
134 of 1461 steps (9%) done
Execute 1 jobs...
[Tue Apr 28 13:17:24 2026]
localrule synth_fit:
    input: results/synth/regime=easy/d=10/num_cycles=3/density=0.3/samp_size=5000/seed=0/dataset.npz
    output: results/synth/regime=easy/d=10/num_cycles=3/density=0.3/samp_size=5000/seed=0/method=oica_scc_repare/model.pkl
    jobid: 39
    reason: Missing output files: results/synth/regime=easy/d=10/num_cycles=3/density=0.3/samp_size=5000/seed=0/method=oica_scc_repare/model.pkl; Input files updated by another job: results/synth/regime=easy/d=10/num_cycles=3/density=0.3/samp_size=5000/seed=0/dataset.npz
    wildcards: regime=easy, d=10, num_cycles=3, density=0.3, samp_size=5000, seed=0, method=oica_scc_repare
    resources: tmpdir=/tmp
Select jobs to execute...
[Tue Apr 28 13:19:38 2026]
Finished jobid: 1127 (Rule: synth_fit)
135 of 1461 steps (9%) done
Execute 1 jobs...
[Tue Apr 28 13:19:38 2026]
localrule synth_evaluate:
    input: results/synth/regime=easy/d=10/num_cycles=3/density=0.3/samp_size=5000/seed=2/dataset.npz, results/synth/regime=easy/d=10/num_cycles=3/density=0.3/samp_size=5000/seed=2/method=lacerda_repare/model.pkl
    output: results/synth/regime=easy/d=10/num_cycles=3/density=0.3/samp_size=5000/seed=2/method=lacerda_repare/metrics.csv
    jobid: 299
    reason: Missing output files: results/synth/regime=easy/d=10/num_cycles=3/density=0.3/samp_size=5000/seed=2/method=lacerda_repare/metrics.csv; Input files updated by another job: results/synth/regime=easy/d=10/num_cycles=3/density=0.3/samp_size=5000/seed=2/method=lacerda_repare/model.pkl, results/synth/regime=easy/d=10/num_cycles=3/density=0.3/samp_size=5000/seed=2/dataset.npz
    wildcards: regime=easy, d=10, num_cycles=3, density=0.3, samp_size=5000, seed=2, method=lacerda_repare
    resources: tmpdir=/tmp
Select jobs to execute...
[Tue Apr 28 13:19:40 2026]
Finished jobid: 299 (Rule: synth_evaluate)
136 of 1461 steps (9%) done
Execute 1 jobs...
[Tue Apr 28 13:19:40 2026]
localrule synth_generate:
    output: results/synth/regime=easy/d=10/num_cycles=4/density=0.8/samp_size=500/seed=1/dataset.npz
    jobid: 564
    reason: Missing output files: results/synth/regime=easy/d=10/num_cycles=4/density=0.8/samp_size=500/seed=1/dataset.npz
    wildcards: regime=easy, d=10, num_cycles=4, density=0.8, samp_size=500, seed=1
    resources: tmpdir=/tmp
Select jobs to execute...
[Tue Apr 28 13:19:41 2026]
Finished jobid: 564 (Rule: synth_generate)
137 of 1461 steps (9%) done
Execute 1 jobs...
[Tue Apr 28 13:19:41 2026]
localrule synth_fit:
    input: results/synth/regime=easy/d=10/num_cycles=3/density=0.3/samp_size=100/seed=2/dataset.npz
    output: results/synth/regime=easy/d=10/num_cycles=3/density=0.3/samp_size=100/seed=2/method=oica_no_repare/model.pkl
    jobid: 174
    reason: Missing output files: results/synth/regime=easy/d=10/num_cycles=3/density=0.3/samp_size=100/seed=2/method=oica_no_repare/model.pkl; Input files updated by another job: results/synth/regime=easy/d=10/num_cycles=3/density=0.3/samp_size=100/seed=2/dataset.npz
    wildcards: regime=easy, d=10, num_cycles=3, density=0.3, samp_size=100, seed=2, method=oica_no_repare
    resources: tmpdir=/tmp
Select jobs to execute...
[Tue Apr 28 13:19:43 2026]
Finished jobid: 174 (Rule: synth_fit)
138 of 1461 steps (9%) done
Execute 1 jobs...
[Tue Apr 28 13:19:43 2026]
localrule synth_fit:
    input: results/synth/regime=easy/d=10/num_cycles=3/density=0.3/samp_size=10000/seed=2/dataset.npz
    output: results/synth/regime=easy/d=10/num_cycles=3/density=0.3/samp_size=10000/seed=2/method=lacerda/model.pkl
    jobid: 414
    reason: Missing output files: results/synth/regime=easy/d=10/num_cycles=3/density=0.3/samp_size=10000/seed=2/method=lacerda/model.pkl; Input files updated by another job: results/synth/regime=easy/d=10/num_cycles=3/density=0.3/samp_size=10000/seed=2/dataset.npz
    wildcards: regime=easy, d=10, num_cycles=3, density=0.3, samp_size=10000, seed=2, method=lacerda
    resources: tmpdir=/tmp
Select jobs to execute...
[Tue Apr 28 13:19:45 2026]
Finished jobid: 414 (Rule: synth_fit)
139 of 1461 steps (10%) done
Execute 1 jobs...
[Tue Apr 28 13:19:45 2026]
localrule synth_evaluate:
    input: results/synth/regime=easy/d=10/num_cycles=3/density=0.3/samp_size=10000/seed=2/dataset.npz, results/synth/regime=easy/d=10/num_cycles=3/density=0.3/samp_size=10000/seed=2/method=lacerda/model.pkl
    output: results/synth/regime=easy/d=10/num_cycles=3/density=0.3/samp_size=10000/seed=2/method=lacerda/metrics.csv
    jobid: 413
    reason: Missing output files: results/synth/regime=easy/d=10/num_cycles=3/density=0.3/samp_size=10000/seed=2/method=lacerda/metrics.csv; Input files updated by another job: results/synth/regime=easy/d=10/num_cycles=3/density=0.3/samp_size=10000/seed=2/dataset.npz, results/synth/regime=easy/d=10/num_cycles=3/density=0.3/samp_size=10000/seed=2/method=lacerda/model.pkl
    wildcards: regime=easy, d=10, num_cycles=3, density=0.3, samp_size=10000, seed=2, method=lacerda
    resources: tmpdir=/tmp
Select jobs to execute...
[Tue Apr 28 13:19:46 2026]
Finished jobid: 413 (Rule: synth_evaluate)
140 of 1461 steps (10%) done
Execute 1 jobs...
[Tue Apr 28 13:19:46 2026]
localrule synth_generate:
    output: results/synth/regime=easy/d=10/num_cycles=4/density=0.3/samp_size=1000/seed=0/dataset.npz
    jobid: 83
    reason: Missing output files: results/synth/regime=easy/d=10/num_cycles=4/density=0.3/samp_size=1000/seed=0/dataset.npz
    wildcards: regime=easy, d=10, num_cycles=4, density=0.3, samp_size=1000, seed=0
    resources: tmpdir=/tmp
Select jobs to execute...
[Tue Apr 28 13:19:47 2026]
Finished jobid: 83 (Rule: synth_generate)
141 of 1461 steps (10%) done
Execute 1 jobs...
[Tue Apr 28 13:19:47 2026]
localrule synth_evaluate:
    input: results/synth/regime=easy/d=10/num_cycles=3/density=0.3/samp_size=100/seed=2/dataset.npz, results/synth/regime=easy/d=10/num_cycles=3/density=0.3/samp_size=100/seed=2/method=oica_no_repare/model.pkl
    output: results/synth/regime=easy/d=10/num_cycles=3/density=0.3/samp_size=100/seed=2/method=oica_no_repare/metrics.csv
    jobid: 173
    reason: Missing output files: results/synth/regime=easy/d=10/num_cycles=3/density=0.3/samp_size=100/seed=2/method=oica_no_repare/metrics.csv; Input files updated by another job: results/synth/regime=easy/d=10/num_cycles=3/density=0.3/samp_size=100/seed=2/method=oica_no_repare/model.pkl, results/synth/regime=easy/d=10/num_cycles=3/density=0.3/samp_size=100/seed=2/dataset.npz
    wildcards: regime=easy, d=10, num_cycles=3, density=0.3, samp_size=100, seed=2, method=oica_no_repare
    resources: tmpdir=/tmp
Select jobs to execute...
[Tue Apr 28 13:19:49 2026]
Finished jobid: 173 (Rule: synth_evaluate)
142 of 1461 steps (10%) done
Execute 1 jobs...
[Tue Apr 28 13:19:49 2026]
localrule synth_fit:
    input: results/synth/regime=easy/d=10/num_cycles=4/density=0.3/samp_size=1000/seed=0/dataset.npz
    output: results/synth/regime=easy/d=10/num_cycles=4/density=0.3/samp_size=1000/seed=0/method=lacerda/model.pkl
    jobid: 434
    reason: Missing output files: results/synth/regime=easy/d=10/num_cycles=4/density=0.3/samp_size=1000/seed=0/method=lacerda/model.pkl; Input files updated by another job: results/synth/regime=easy/d=10/num_cycles=4/density=0.3/samp_size=1000/seed=0/dataset.npz
    wildcards: regime=easy, d=10, num_cycles=4, density=0.3, samp_size=1000, seed=0, method=lacerda
    resources: tmpdir=/tmp
Select jobs to execute...
[Tue Apr 28 13:19:50 2026]
Finished jobid: 434 (Rule: synth_fit)
143 of 1461 steps (10%) done
Execute 1 jobs...
[Tue Apr 28 13:19:50 2026]
localrule synth_fit:
    input: results/synth/regime=easy/d=10/num_cycles=4/density=0.3/samp_size=1000/seed=0/dataset.npz
    output: results/synth/regime=easy/d=10/num_cycles=4/density=0.3/samp_size=1000/seed=0/method=oica_scc_repare/model.pkl
    jobid: 84
    reason: Missing output files: results/synth/regime=easy/d=10/num_cycles=4/density=0.3/samp_size=1000/seed=0/method=oica_scc_repare/model.pkl; Input files updated by another job: results/synth/regime=easy/d=10/num_cycles=4/density=0.3/samp_size=1000/seed=0/dataset.npz
    wildcards: regime=easy, d=10, num_cycles=4, density=0.3, samp_size=1000, seed=0, method=oica_scc_repare
    resources: tmpdir=/tmp
Select jobs to execute...
[Tue Apr 28 13:20:24 2026]
Finished jobid: 84 (Rule: synth_fit)
144 of 1461 steps (10%) done
Execute 1 jobs...
[Tue Apr 28 13:20:24 2026]
localrule synth_fit:
    input: results/synth/regime=easy/d=10/num_cycles=4/density=0.3/samp_size=10000/seed=2/dataset.npz
    output: results/synth/regime=easy/d=10/num_cycles=4/density=0.3/samp_size=10000/seed=2/method=oica_no_repare/model.pkl
    jobid: 234
    reason: Missing output files: results/synth/regime=easy/d=10/num_cycles=4/density=0.3/samp_size=10000/seed=2/method=oica_no_repare/model.pkl; Input files updated by another job: results/synth/regime=easy/d=10/num_cycles=4/density=0.3/samp_size=10000/seed=2/dataset.npz
    wildcards: regime=easy, d=10, num_cycles=4, density=0.3, samp_size=10000, seed=2, method=oica_no_repare
    resources: tmpdir=/tmp
Select jobs to execute...
[Tue Apr 28 13:20:26 2026]
Finished jobid: 234 (Rule: synth_fit)
145 of 1461 steps (10%) done
Execute 1 jobs...
[Tue Apr 28 13:20:26 2026]
localrule synth_evaluate:
    input: results/synth/regime=easy/d=10/num_cycles=4/density=0.3/samp_size=10000/seed=2/dataset.npz, results/synth/regime=easy/d=10/num_cycles=4/density=0.3/samp_size=10000/seed=2/method=oica_no_repare/model.pkl
    output: results/synth/regime=easy/d=10/num_cycles=4/density=0.3/samp_size=10000/seed=2/method=oica_no_repare/metrics.csv
    jobid: 233
    reason: Missing output files: results/synth/regime=easy/d=10/num_cycles=4/density=0.3/samp_size=10000/seed=2/method=oica_no_repare/metrics.csv; Input files updated by another job: results/synth/regime=easy/d=10/num_cycles=4/density=0.3/samp_size=10000/seed=2/dataset.npz, results/synth/regime=easy/d=10/num_cycles=4/density=0.3/samp_size=10000/seed=2/method=oica_no_repare/model.pkl
    wildcards: regime=easy, d=10, num_cycles=4, density=0.3, samp_size=10000, seed=2, method=oica_no_repare
    resources: tmpdir=/tmp
Select jobs to execute...
[Tue Apr 28 13:20:27 2026]
Finished jobid: 233 (Rule: synth_evaluate)
146 of 1461 steps (10%) done
Execute 1 jobs...
[Tue Apr 28 13:20:27 2026]
localrule synth_fit:
    input: results/synth/regime=easy/d=10/num_cycles=5/density=0.5/samp_size=10000/seed=0/dataset.npz
    output: results/synth/regime=easy/d=10/num_cycles=5/density=0.5/samp_size=10000/seed=0/method=oica_no_repare/model.pkl
    jobid: 1240
    reason: Missing output files: results/synth/regime=easy/d=10/num_cycles=5/density=0.5/samp_size=10000/seed=0/method=oica_no_repare/model.pkl; Input files updated by another job: results/synth/regime=easy/d=10/num_cycles=5/density=0.5/samp_size=10000/seed=0/dataset.npz
    wildcards: regime=easy, d=10, num_cycles=5, density=0.5, samp_size=10000, seed=0, method=oica_no_repare
    resources: tmpdir=/tmp
Select jobs to execute...
[Tue Apr 28 13:20:29 2026]
Finished jobid: 1240 (Rule: synth_fit)
147 of 1461 steps (10%) done
Execute 1 jobs...
[Tue Apr 28 13:20:29 2026]
localrule synth_evaluate:
    input: results/synth/regime=easy/d=10/num_cycles=5/density=0.5/samp_size=10000/seed=0/dataset.npz, results/synth/regime=easy/d=10/num_cycles=5/density=0.5/samp_size=10000/seed=0/method=oica_no_repare/model.pkl
    output: results/synth/regime=easy/d=10/num_cycles=5/density=0.5/samp_size=10000/seed=0/method=oica_no_repare/metrics.csv
    jobid: 1239
    reason: Missing output files: results/synth/regime=easy/d=10/num_cycles=5/density=0.5/samp_size=10000/seed=0/method=oica_no_repare/metrics.csv; Input files updated by another job: results/synth/regime=easy/d=10/num_cycles=5/density=0.5/samp_size=10000/seed=0/method=oica_no_repare/model.pkl, results/synth/regime=easy/d=10/num_cycles=5/density=0.5/samp_size=10000/seed=0/dataset.npz
    wildcards: regime=easy, d=10, num_cycles=5, density=0.5, samp_size=10000, seed=0, method=oica_no_repare
    resources: tmpdir=/tmp
Select jobs to execute...
[Tue Apr 28 13:20:30 2026]
Finished jobid: 1239 (Rule: synth_evaluate)
148 of 1461 steps (10%) done
Execute 1 jobs...
[Tue Apr 28 13:20:30 2026]
localrule synth_fit:
    input: results/synth/regime=easy/d=10/num_cycles=3/density=0.5/samp_size=500/seed=1/dataset.npz
    output: results/synth/regime=easy/d=10/num_cycles=3/density=0.5/samp_size=500/seed=1/method=lacerda/model.pkl
    jobid: 1368
    reason: Missing output files: results/synth/regime=easy/d=10/num_cycles=3/density=0.5/samp_size=500/seed=1/method=lacerda/model.pkl; Input files updated by another job: results/synth/regime=easy/d=10/num_cycles=3/density=0.5/samp_size=500/seed=1/dataset.npz; Params have changed since last execution: Union of exclusive params before and now across all output: before: <nothing exclusive> now: [0.01, 0.05, 0.1],[0.05, 0.1, 0.15, 0.2] 
    wildcards: regime=easy, d=10, num_cycles=3, density=0.5, samp_size=500, seed=1, method=lacerda
    resources: tmpdir=/tmp
Select jobs to execute...
[Tue Apr 28 13:20:32 2026]
Finished jobid: 1368 (Rule: synth_fit)
149 of 1461 steps (10%) done
Execute 1 jobs...
[Tue Apr 28 13:20:32 2026]
localrule synth_evaluate:
    input: results/synth/regime=easy/d=10/num_cycles=5/density=0.5/samp_size=50/seed=1/dataset.npz, results/synth/regime=easy/d=10/num_cycles=5/density=0.5/samp_size=50/seed=1/method=lacerda/model.pkl
    output: results/synth/regime=easy/d=10/num_cycles=5/density=0.5/samp_size=50/seed=1/method=lacerda/metrics.csv
    jobid: 1427
    reason: Missing output files: results/synth/regime=easy/d=10/num_cycles=5/density=0.5/samp_size=50/seed=1/method=lacerda/metrics.csv; Input files updated by another job: results/synth/regime=easy/d=10/num_cycles=5/density=0.5/samp_size=50/seed=1/method=lacerda/model.pkl, results/synth/regime=easy/d=10/num_cycles=5/density=0.5/samp_size=50/seed=1/dataset.npz
    wildcards: regime=easy, d=10, num_cycles=5, density=0.5, samp_size=50, seed=1, method=lacerda
    resources: tmpdir=/tmp
Select jobs to execute...
[Tue Apr 28 13:20:34 2026]
Finished jobid: 1427 (Rule: synth_evaluate)
150 of 1461 steps (10%) done
Execute 1 jobs...
[Tue Apr 28 13:20:34 2026]
localrule synth_fit:
    input: results/synth/regime=easy/d=10/num_cycles=4/density=0.3/samp_size=1000/seed=1/dataset.npz
    output: results/synth/regime=easy/d=10/num_cycles=4/density=0.3/samp_size=1000/seed=1/method=oica_scc_repare/model.pkl
    jobid: 87
    reason: Missing output files: results/synth/regime=easy/d=10/num_cycles=4/density=0.3/samp_size=1000/seed=1/method=oica_scc_repare/model.pkl; Input files updated by another job: results/synth/regime=easy/d=10/num_cycles=4/density=0.3/samp_size=1000/seed=1/dataset.npz
    wildcards: regime=easy, d=10, num_cycles=4, density=0.3, samp_size=1000, seed=1, method=oica_scc_repare
    resources: tmpdir=/tmp
Select jobs to execute...
[Tue Apr 28 13:21:19 2026]
Finished jobid: 87 (Rule: synth_fit)
151 of 1461 steps (10%) done
Execute 1 jobs...
[Tue Apr 28 13:21:19 2026]
localrule synth_fit:
    input: results/synth/regime=easy/d=10/num_cycles=3/density=0.3/samp_size=1000/seed=0/dataset.npz
    output: results/synth/regime=easy/d=10/num_cycles=3/density=0.3/samp_size=1000/seed=0/method=oica_no_repare/model.pkl
    jobid: 182
    reason: Missing output files: results/synth/regime=easy/d=10/num_cycles=3/density=0.3/samp_size=1000/seed=0/method=oica_no_repare/model.pkl; Input files updated by another job: results/synth/regime=easy/d=10/num_cycles=3/density=0.3/samp_size=1000/seed=0/dataset.npz
    wildcards: regime=easy, d=10, num_cycles=3, density=0.3, samp_size=1000, seed=0, method=oica_no_repare
    resources: tmpdir=/tmp
Select jobs to execute...
[Tue Apr 28 13:21:20 2026]
Finished jobid: 182 (Rule: synth_fit)
152 of 1461 steps (10%) done
Execute 1 jobs...
[Tue Apr 28 13:21:20 2026]
localrule synth_fit:
    input: results/synth/regime=easy/d=10/num_cycles=3/density=0.3/samp_size=10000/seed=0/dataset.npz
    output: results/synth/regime=easy/d=10/num_cycles=3/density=0.3/samp_size=10000/seed=0/method=lacerda_repare/model.pkl
    jobid: 302
    reason: Missing output files: results/synth/regime=easy/d=10/num_cycles=3/density=0.3/samp_size=10000/seed=0/method=lacerda_repare/model.pkl; Input files updated by another job: results/synth/regime=easy/d=10/num_cycles=3/density=0.3/samp_size=10000/seed=0/dataset.npz
    wildcards: regime=easy, d=10, num_cycles=3, density=0.3, samp_size=10000, seed=0, method=lacerda_repare
    resources: tmpdir=/tmp
Select jobs to execute...
[Tue Apr 28 13:23:47 2026]
Finished jobid: 39 (Rule: synth_fit)
153 of 1461 steps (10%) done
Execute 1 jobs...
[Tue Apr 28 13:23:47 2026]
localrule synth_fit:
    input: results/synth/regime=easy/d=10/num_cycles=5/density=0.5/samp_size=10000/seed=0/dataset.npz
    output: results/synth/regime=easy/d=10/num_cycles=5/density=0.5/samp_size=10000/seed=0/method=oica_scc_repare/model.pkl
    jobid: 1130
    reason: Missing output files: results/synth/regime=easy/d=10/num_cycles=5/density=0.5/samp_size=10000/seed=0/method=oica_scc_repare/model.pkl; Input files updated by another job: results/synth/regime=easy/d=10/num_cycles=5/density=0.5/samp_size=10000/seed=0/dataset.npz
    wildcards: regime=easy, d=10, num_cycles=5, density=0.5, samp_size=10000, seed=0, method=oica_scc_repare
    resources: tmpdir=/tmp
Select jobs to execute...
[Tue Apr 28 13:23:55 2026]
Finished jobid: 296 (Rule: synth_fit)
154 of 1461 steps (11%) done
Execute 1 jobs...
[Tue Apr 28 13:23:55 2026]
localrule synth_evaluate:
    input: results/synth/regime=easy/d=10/num_cycles=3/density=0.3/samp_size=5000/seed=0/dataset.npz, results/synth/regime=easy/d=10/num_cycles=3/density=0.3/samp_size=5000/seed=0/method=lacerda_repare/model.pkl
    output: results/synth/regime=easy/d=10/num_cycles=3/density=0.3/samp_size=5000/seed=0/method=lacerda_repare/metrics.csv
    jobid: 295
    reason: Missing output files: results/synth/regime=easy/d=10/num_cycles=3/density=0.3/samp_size=5000/seed=0/method=lacerda_repare/metrics.csv; Input files updated by another job: results/synth/regime=easy/d=10/num_cycles=3/density=0.3/samp_size=5000/seed=0/method=lacerda_repare/model.pkl, results/synth/regime=easy/d=10/num_cycles=3/density=0.3/samp_size=5000/seed=0/dataset.npz
    wildcards: regime=easy, d=10, num_cycles=3, density=0.3, samp_size=5000, seed=0, method=lacerda_repare
    resources: tmpdir=/tmp
Select jobs to execute...
[Tue Apr 28 13:23:57 2026]
Finished jobid: 295 (Rule: synth_evaluate)
155 of 1461 steps (11%) done
Execute 1 jobs...
[Tue Apr 28 13:23:57 2026]
localrule synth_generate:
    output: results/synth/regime=easy/d=10/num_cycles=5/density=0.8/samp_size=100/seed=1/dataset.npz
    jobid: 609
    reason: Missing output files: results/synth/regime=easy/d=10/num_cycles=5/density=0.8/samp_size=100/seed=1/dataset.npz
    wildcards: regime=easy, d=10, num_cycles=5, density=0.8, samp_size=100, seed=1
    resources: tmpdir=/tmp
Select jobs to execute...
[Tue Apr 28 13:23:58 2026]
Finished jobid: 609 (Rule: synth_generate)
156 of 1461 steps (11%) done
Execute 1 jobs...
[Tue Apr 28 13:23:58 2026]
localrule synth_fit:
    input: results/synth/regime=easy/d=10/num_cycles=5/density=0.8/samp_size=100/seed=1/dataset.npz
    output: results/synth/regime=easy/d=10/num_cycles=5/density=0.8/samp_size=100/seed=1/method=lacerda/model.pkl
    jobid: 947
    reason: Missing output files: results/synth/regime=easy/d=10/num_cycles=5/density=0.8/samp_size=100/seed=1/method=lacerda/model.pkl; Input files updated by another job: results/synth/regime=easy/d=10/num_cycles=5/density=0.8/samp_size=100/seed=1/dataset.npz
    wildcards: regime=easy, d=10, num_cycles=5, density=0.8, samp_size=100, seed=1, method=lacerda
    resources: tmpdir=/tmp
Select jobs to execute...
[Tue Apr 28 13:24:00 2026]
Finished jobid: 947 (Rule: synth_fit)
157 of 1461 steps (11%) done
Execute 1 jobs...
[Tue Apr 28 13:24:00 2026]
localrule synth_evaluate:
    input: results/synth/regime=easy/d=10/num_cycles=5/density=0.8/samp_size=100/seed=1/dataset.npz, results/synth/regime=easy/d=10/num_cycles=5/density=0.8/samp_size=100/seed=1/method=lacerda/model.pkl
    output: results/synth/regime=easy/d=10/num_cycles=5/density=0.8/samp_size=100/seed=1/method=lacerda/metrics.csv
    jobid: 946
    reason: Missing output files: results/synth/regime=easy/d=10/num_cycles=5/density=0.8/samp_size=100/seed=1/method=lacerda/metrics.csv; Input files updated by another job: results/synth/regime=easy/d=10/num_cycles=5/density=0.8/samp_size=100/seed=1/dataset.npz, results/synth/regime=easy/d=10/num_cycles=5/density=0.8/samp_size=100/seed=1/method=lacerda/model.pkl
    wildcards: regime=easy, d=10, num_cycles=5, density=0.8, samp_size=100, seed=1, method=lacerda
    resources: tmpdir=/tmp
Select jobs to execute...
[Tue Apr 28 13:24:01 2026]
Finished jobid: 946 (Rule: synth_evaluate)
158 of 1461 steps (11%) done
Execute 1 jobs...
[Tue Apr 28 13:24:01 2026]
localrule synth_generate:
    output: results/synth/regime=easy/d=10/num_cycles=3/density=0.8/samp_size=1000/seed=1/dataset.npz
    jobid: 519
    reason: Missing output files: results/synth/regime=easy/d=10/num_cycles=3/density=0.8/samp_size=1000/seed=1/dataset.npz
    wildcards: regime=easy, d=10, num_cycles=3, density=0.8, samp_size=1000, seed=1
    resources: tmpdir=/tmp
Select jobs to execute...
[Tue Apr 28 13:24:02 2026]
Finished jobid: 519 (Rule: synth_generate)
159 of 1461 steps (11%) done
Execute 1 jobs...
[Tue Apr 28 13:24:02 2026]
localrule synth_fit:
    input: results/synth/regime=easy/d=10/num_cycles=4/density=0.5/samp_size=5000/seed=1/dataset.npz
    output: results/synth/regime=easy/d=10/num_cycles=4/density=0.5/samp_size=5000/seed=1/method=lacerda_repare/model.pkl
    jobid: 1308
    reason: Missing output files: results/synth/regime=easy/d=10/num_cycles=4/density=0.5/samp_size=5000/seed=1/method=lacerda_repare/model.pkl; Input files updated by another job: results/synth/regime=easy/d=10/num_cycles=4/density=0.5/samp_size=5000/seed=1/dataset.npz
    wildcards: regime=easy, d=10, num_cycles=4, density=0.5, samp_size=5000, seed=1, method=lacerda_repare
    resources: tmpdir=/tmp
Select jobs to execute...
[Tue Apr 28 13:25:52 2026]
Finished jobid: 1070 (Rule: synth_fit)
160 of 1461 steps (11%) done
Execute 1 jobs...
[Tue Apr 28 13:25:52 2026]
localrule synth_fit:
    input: results/synth/regime=easy/d=10/num_cycles=3/density=0.3/samp_size=5000/seed=1/dataset.npz
    output: results/synth/regime=easy/d=10/num_cycles=3/density=0.3/samp_size=5000/seed=1/method=oica_scc_repare/model.pkl
    jobid: 42
    reason: Missing output files: results/synth/regime=easy/d=10/num_cycles=3/density=0.3/samp_size=5000/seed=1/method=oica_scc_repare/model.pkl; Input files updated by another job: results/synth/regime=easy/d=10/num_cycles=3/density=0.3/samp_size=5000/seed=1/dataset.npz
    wildcards: regime=easy, d=10, num_cycles=3, density=0.3, samp_size=5000, seed=1, method=oica_scc_repare
    resources: tmpdir=/tmp
Select jobs to execute...
[Tue Apr 28 13:37:12 2026]
Finished jobid: 42 (Rule: synth_fit)
161 of 1461 steps (11%) done
Execute 1 jobs...
[Tue Apr 28 13:37:12 2026]
localrule synth_evaluate:
    input: results/synth/regime=easy/d=10/num_cycles=3/density=0.5/samp_size=500/seed=1/dataset.npz, results/synth/regime=easy/d=10/num_cycles=3/density=0.5/samp_size=500/seed=1/method=lacerda/model.pkl
    output: results/synth/regime=easy/d=10/num_cycles=3/density=0.5/samp_size=500/seed=1/method=lacerda/metrics.csv
    jobid: 1367
    reason: Missing output files: results/synth/regime=easy/d=10/num_cycles=3/density=0.5/samp_size=500/seed=1/method=lacerda/metrics.csv; Input files updated by another job: results/synth/regime=easy/d=10/num_cycles=3/density=0.5/samp_size=500/seed=1/method=lacerda/model.pkl, results/synth/regime=easy/d=10/num_cycles=3/density=0.5/samp_size=500/seed=1/dataset.npz
    wildcards: regime=easy, d=10, num_cycles=3, density=0.5, samp_size=500, seed=1, method=lacerda
    resources: tmpdir=/tmp
Select jobs to execute...
[Tue Apr 28 13:37:13 2026]
Finished jobid: 1367 (Rule: synth_evaluate)
162 of 1461 steps (11%) done
Execute 1 jobs...
[Tue Apr 28 13:37:13 2026]
localrule synth_fit:
    input: results/synth/regime=easy/d=10/num_cycles=5/density=0.3/samp_size=500/seed=1/dataset.npz
    output: results/synth/regime=easy/d=10/num_cycles=5/density=0.3/samp_size=500/seed=1/method=oica_scc_repare/model.pkl
    jobid: 132
    reason: Missing output files: results/synth/regime=easy/d=10/num_cycles=5/density=0.3/samp_size=500/seed=1/method=oica_scc_repare/model.pkl; Input files updated by another job: results/synth/regime=easy/d=10/num_cycles=5/density=0.3/samp_size=500/seed=1/dataset.npz
    wildcards: regime=easy, d=10, num_cycles=5, density=0.3, samp_size=500, seed=1, method=oica_scc_repare
    resources: tmpdir=/tmp
Select jobs to execute...
[Tue Apr 28 13:37:17 2026]
Finished jobid: 132 (Rule: synth_fit)
163 of 1461 steps (11%) done
Execute 1 jobs...
[Tue Apr 28 13:37:17 2026]
localrule synth_fit:
    input: results/synth/regime=easy/d=10/num_cycles=3/density=0.5/samp_size=500/seed=0/dataset.npz
    output: results/synth/regime=easy/d=10/num_cycles=3/density=0.5/samp_size=500/seed=0/method=oica_scc_repare/model.pkl
    jobid: 995
    reason: Missing output files: results/synth/regime=easy/d=10/num_cycles=3/density=0.5/samp_size=500/seed=0/method=oica_scc_repare/model.pkl; Input files updated by another job: results/synth/regime=easy/d=10/num_cycles=3/density=0.5/samp_size=500/seed=0/dataset.npz; Params have changed since last execution: Union of exclusive params before and now across all output: before: <nothing exclusive> now: [0.01, 0.05, 0.1],[0.05, 0.1, 0.15, 0.2] 
    wildcards: regime=easy, d=10, num_cycles=3, density=0.5, samp_size=500, seed=0, method=oica_scc_repare
    resources: tmpdir=/tmp
Select jobs to execute...
[Tue Apr 28 13:37:18 2026]
Finished jobid: 995 (Rule: synth_fit)
164 of 1461 steps (11%) done
Execute 1 jobs...
[Tue Apr 28 13:37:18 2026]
localrule synth_fit:
    input: results/synth/regime=easy/d=10/num_cycles=3/density=0.8/samp_size=1000/seed=1/dataset.npz
    output: results/synth/regime=easy/d=10/num_cycles=3/density=0.8/samp_size=1000/seed=1/method=lacerda/model.pkl
    jobid: 887
    reason: Missing output files: results/synth/regime=easy/d=10/num_cycles=3/density=0.8/samp_size=1000/seed=1/method=lacerda/model.pkl; Input files updated by another job: results/synth/regime=easy/d=10/num_cycles=3/density=0.8/samp_size=1000/seed=1/dataset.npz
    wildcards: regime=easy, d=10, num_cycles=3, density=0.8, samp_size=1000, seed=1, method=lacerda
    resources: tmpdir=/tmp
Select jobs to execute...
[Tue Apr 28 13:37:20 2026]
Finished jobid: 887 (Rule: synth_fit)
165 of 1461 steps (11%) done
Execute 1 jobs...
[Tue Apr 28 13:37:20 2026]
localrule synth_evaluate:
    input: results/synth/regime=easy/d=10/num_cycles=3/density=0.8/samp_size=1000/seed=1/dataset.npz, results/synth/regime=easy/d=10/num_cycles=3/density=0.8/samp_size=1000/seed=1/method=lacerda/model.pkl
    output: results/synth/regime=easy/d=10/num_cycles=3/density=0.8/samp_size=1000/seed=1/method=lacerda/metrics.csv
    jobid: 886
    reason: Missing output files: results/synth/regime=easy/d=10/num_cycles=3/density=0.8/samp_size=1000/seed=1/method=lacerda/metrics.csv; Input files updated by another job: results/synth/regime=easy/d=10/num_cycles=3/density=0.8/samp_size=1000/seed=1/dataset.npz, results/synth/regime=easy/d=10/num_cycles=3/density=0.8/samp_size=1000/seed=1/method=lacerda/model.pkl
    wildcards: regime=easy, d=10, num_cycles=3, density=0.8, samp_size=1000, seed=1, method=lacerda
    resources: tmpdir=/tmp
Select jobs to execute...
[Tue Apr 28 13:37:21 2026]
Finished jobid: 886 (Rule: synth_evaluate)
166 of 1461 steps (11%) done
Execute 1 jobs...
[Tue Apr 28 13:37:21 2026]
localrule synth_fit:
    input: results/synth/regime=easy/d=10/num_cycles=4/density=0.5/samp_size=100/seed=0/dataset.npz
    output: results/synth/regime=easy/d=10/num_cycles=4/density=0.5/samp_size=100/seed=0/method=oica_no_repare/model.pkl
    jobid: 1180
    reason: Missing output files: results/synth/regime=easy/d=10/num_cycles=4/density=0.5/samp_size=100/seed=0/method=oica_no_repare/model.pkl; Input files updated by another job: results/synth/regime=easy/d=10/num_cycles=4/density=0.5/samp_size=100/seed=0/dataset.npz
    wildcards: regime=easy, d=10, num_cycles=4, density=0.5, samp_size=100, seed=0, method=oica_no_repare
    resources: tmpdir=/tmp
Select jobs to execute...
[Tue Apr 28 13:37:23 2026]
Finished jobid: 1180 (Rule: synth_fit)
167 of 1461 steps (11%) done
Execute 1 jobs...
[Tue Apr 28 13:37:23 2026]
localrule synth_evaluate:
    input: results/synth/regime=easy/d=10/num_cycles=4/density=0.5/samp_size=100/seed=0/dataset.npz, results/synth/regime=easy/d=10/num_cycles=4/density=0.5/samp_size=100/seed=0/method=oica_no_repare/model.pkl
    output: results/synth/regime=easy/d=10/num_cycles=4/density=0.5/samp_size=100/seed=0/method=oica_no_repare/metrics.csv
    jobid: 1179
    reason: Missing output files: results/synth/regime=easy/d=10/num_cycles=4/density=0.5/samp_size=100/seed=0/method=oica_no_repare/metrics.csv; Input files updated by another job: results/synth/regime=easy/d=10/num_cycles=4/density=0.5/samp_size=100/seed=0/method=oica_no_repare/model.pkl, results/synth/regime=easy/d=10/num_cycles=4/density=0.5/samp_size=100/seed=0/dataset.npz
    wildcards: regime=easy, d=10, num_cycles=4, density=0.5, samp_size=100, seed=0, method=oica_no_repare
    resources: tmpdir=/tmp
Select jobs to execute...
[Tue Apr 28 13:37:24 2026]
Finished jobid: 1179 (Rule: synth_evaluate)
168 of 1461 steps (11%) done
Execute 1 jobs...
[Tue Apr 28 13:37:24 2026]
localrule synth_fit:
    input: results/synth/regime=easy/d=10/num_cycles=5/density=0.5/samp_size=50/seed=0/dataset.npz
    output: results/synth/regime=easy/d=10/num_cycles=5/density=0.5/samp_size=50/seed=0/method=oica_scc_repare/model.pkl
    jobid: 1085
    reason: Missing output files: results/synth/regime=easy/d=10/num_cycles=5/density=0.5/samp_size=50/seed=0/method=oica_scc_repare/model.pkl; Input files updated by another job: results/synth/regime=easy/d=10/num_cycles=5/density=0.5/samp_size=50/seed=0/dataset.npz
    wildcards: regime=easy, d=10, num_cycles=5, density=0.5, samp_size=50, seed=0, method=oica_scc_repare
    resources: tmpdir=/tmp
Select jobs to execute...
[Tue Apr 28 13:37:26 2026]
Finished jobid: 1085 (Rule: synth_fit)
169 of 1461 steps (12%) done
Execute 1 jobs...
[Tue Apr 28 13:37:26 2026]
localrule synth_evaluate:
    input: results/synth/regime=easy/d=10/num_cycles=5/density=0.5/samp_size=50/seed=0/dataset.npz, results/synth/regime=easy/d=10/num_cycles=5/density=0.5/samp_size=50/seed=0/method=oica_scc_repare/model.pkl
    output: results/synth/regime=easy/d=10/num_cycles=5/density=0.5/samp_size=50/seed=0/method=oica_scc_repare/metrics.csv
    jobid: 1083
    reason: Missing output files: results/synth/regime=easy/d=10/num_cycles=5/density=0.5/samp_size=50/seed=0/method=oica_scc_repare/metrics.csv; Input files updated by another job: results/synth/regime=easy/d=10/num_cycles=5/density=0.5/samp_size=50/seed=0/dataset.npz, results/synth/regime=easy/d=10/num_cycles=5/density=0.5/samp_size=50/seed=0/method=oica_scc_repare/model.pkl
    wildcards: regime=easy, d=10, num_cycles=5, density=0.5, samp_size=50, seed=0, method=oica_scc_repare
    resources: tmpdir=/tmp
Select jobs to execute...
[Tue Apr 28 13:37:27 2026]
Finished jobid: 1083 (Rule: synth_evaluate)
170 of 1461 steps (12%) done
Execute 1 jobs...
[Tue Apr 28 13:37:27 2026]
localrule synth_evaluate:
    input: results/synth/regime=easy/d=10/num_cycles=3/density=0.3/samp_size=1000/seed=0/dataset.npz, results/synth/regime=easy/d=10/num_cycles=3/density=0.3/samp_size=1000/seed=0/method=oica_no_repare/model.pkl
    output: results/synth/regime=easy/d=10/num_cycles=3/density=0.3/samp_size=1000/seed=0/method=oica_no_repare/metrics.csv
    jobid: 181
    reason: Missing output files: results/synth/regime=easy/d=10/num_cycles=3/density=0.3/samp_size=1000/seed=0/method=oica_no_repare/metrics.csv; Input files updated by another job: results/synth/regime=easy/d=10/num_cycles=3/density=0.3/samp_size=1000/seed=0/dataset.npz, results/synth/regime=easy/d=10/num_cycles=3/density=0.3/samp_size=1000/seed=0/method=oica_no_repare/model.pkl
    wildcards: regime=easy, d=10, num_cycles=3, density=0.3, samp_size=1000, seed=0, method=oica_no_repare
    resources: tmpdir=/tmp
Select jobs to execute...
[Tue Apr 28 13:37:29 2026]
Finished jobid: 181 (Rule: synth_evaluate)
171 of 1461 steps (12%) done
Execute 1 jobs...
[Tue Apr 28 13:37:29 2026]
localrule synth_fit:
    input: results/synth/regime=easy/d=10/num_cycles=3/density=0.3/samp_size=50/seed=0/dataset.npz
    output: results/synth/regime=easy/d=10/num_cycles=3/density=0.3/samp_size=50/seed=0/method=lacerda_repare/model.pkl
    jobid: 272
    reason: Missing output files: results/synth/regime=easy/d=10/num_cycles=3/density=0.3/samp_size=50/seed=0/method=lacerda_repare/model.pkl; Input files updated by another job: results/synth/regime=easy/d=10/num_cycles=3/density=0.3/samp_size=50/seed=0/dataset.npz
    wildcards: regime=easy, d=10, num_cycles=3, density=0.3, samp_size=50, seed=0, method=lacerda_repare
    resources: tmpdir=/tmp
Select jobs to execute...
[Tue Apr 28 13:37:31 2026]
Finished jobid: 272 (Rule: synth_fit)
172 of 1461 steps (12%) done
Execute 1 jobs...
[Tue Apr 28 13:37:31 2026]
localrule synth_fit:
    input: results/synth/regime=easy/d=10/num_cycles=4/density=0.5/samp_size=1000/seed=0/dataset.npz
    output: results/synth/regime=easy/d=10/num_cycles=4/density=0.5/samp_size=1000/seed=0/method=lacerda_repare/model.pkl
    jobid: 1300
    reason: Missing output files: results/synth/regime=easy/d=10/num_cycles=4/density=0.5/samp_size=1000/seed=0/method=lacerda_repare/model.pkl; Input files updated by another job: results/synth/regime=easy/d=10/num_cycles=4/density=0.5/samp_size=1000/seed=0/dataset.npz
    wildcards: regime=easy, d=10, num_cycles=4, density=0.5, samp_size=1000, seed=0, method=lacerda_repare
    resources: tmpdir=/tmp
Select jobs to execute...
[Tue Apr 28 13:37:34 2026]
Finished jobid: 1300 (Rule: synth_fit)
173 of 1461 steps (12%) done
Execute 1 jobs...
[Tue Apr 28 13:37:34 2026]
localrule synth_evaluate:
    input: results/synth/regime=easy/d=10/num_cycles=4/density=0.5/samp_size=1000/seed=0/dataset.npz, results/synth/regime=easy/d=10/num_cycles=4/density=0.5/samp_size=1000/seed=0/method=lacerda_repare/model.pkl
    output: results/synth/regime=easy/d=10/num_cycles=4/density=0.5/samp_size=1000/seed=0/method=lacerda_repare/metrics.csv
    jobid: 1299
    reason: Missing output files: results/synth/regime=easy/d=10/num_cycles=4/density=0.5/samp_size=1000/seed=0/method=lacerda_repare/metrics.csv; Input files updated by another job: results/synth/regime=easy/d=10/num_cycles=4/density=0.5/samp_size=1000/seed=0/method=lacerda_repare/model.pkl, results/synth/regime=easy/d=10/num_cycles=4/density=0.5/samp_size=1000/seed=0/dataset.npz
    wildcards: regime=easy, d=10, num_cycles=4, density=0.5, samp_size=1000, seed=0, method=lacerda_repare
    resources: tmpdir=/tmp
Select jobs to execute...
[Tue Apr 28 13:37:36 2026]
Finished jobid: 1299 (Rule: synth_evaluate)
174 of 1461 steps (12%) done
Execute 1 jobs...
[Tue Apr 28 13:37:36 2026]
localrule synth_generate:
    output: results/synth/regime=easy/d=10/num_cycles=3/density=0.8/samp_size=500/seed=2/dataset.npz
    jobid: 513
    reason: Missing output files: results/synth/regime=easy/d=10/num_cycles=3/density=0.8/samp_size=500/seed=2/dataset.npz
    wildcards: regime=easy, d=10, num_cycles=3, density=0.8, samp_size=500, seed=2
    resources: tmpdir=/tmp
Select jobs to execute...
[Tue Apr 28 13:37:37 2026]
Finished jobid: 513 (Rule: synth_generate)
175 of 1461 steps (12%) done
Execute 1 jobs...
[Tue Apr 28 13:37:37 2026]
localrule synth_fit:
    input: results/synth/regime=easy/d=10/num_cycles=3/density=0.8/samp_size=500/seed=2/dataset.npz
    output: results/synth/regime=easy/d=10/num_cycles=3/density=0.8/samp_size=500/seed=2/method=oica_scc_repare/model.pkl
    jobid: 514
    reason: Missing output files: results/synth/regime=easy/d=10/num_cycles=3/density=0.8/samp_size=500/seed=2/method=oica_scc_repare/model.pkl; Input files updated by another job: results/synth/regime=easy/d=10/num_cycles=3/density=0.8/samp_size=500/seed=2/dataset.npz
    wildcards: regime=easy, d=10, num_cycles=3, density=0.8, samp_size=500, seed=2, method=oica_scc_repare
    resources: tmpdir=/tmp
Select jobs to execute...
[Tue Apr 28 13:37:38 2026]
Finished jobid: 514 (Rule: synth_fit)
176 of 1461 steps (12%) done
Execute 1 jobs...
[Tue Apr 28 13:37:38 2026]
localrule synth_fit:
    input: results/synth/regime=easy/d=10/num_cycles=3/density=0.8/samp_size=500/seed=2/dataset.npz
    output: results/synth/regime=easy/d=10/num_cycles=3/density=0.8/samp_size=500/seed=2/method=lacerda_repare/model.pkl
    jobid: 775
    reason: Missing output files: results/synth/regime=easy/d=10/num_cycles=3/density=0.8/samp_size=500/seed=2/method=lacerda_repare/model.pkl; Input files updated by another job: results/synth/regime=easy/d=10/num_cycles=3/density=0.8/samp_size=500/seed=2/dataset.npz
    wildcards: regime=easy, d=10, num_cycles=3, density=0.8, samp_size=500, seed=2, method=lacerda_repare
    resources: tmpdir=/tmp
Select jobs to execute...
[Tue Apr 28 13:37:45 2026]
Finished jobid: 775 (Rule: synth_fit)
177 of 1461 steps (12%) done
Execute 1 jobs...
[Tue Apr 28 13:37:45 2026]
localrule synth_evaluate:
    input: results/synth/regime=easy/d=10/num_cycles=3/density=0.8/samp_size=500/seed=2/dataset.npz, results/synth/regime=easy/d=10/num_cycles=3/density=0.8/samp_size=500/seed=2/method=lacerda_repare/model.pkl
    output: results/synth/regime=easy/d=10/num_cycles=3/density=0.8/samp_size=500/seed=2/method=lacerda_repare/metrics.csv
    jobid: 774
    reason: Missing output files: results/synth/regime=easy/d=10/num_cycles=3/density=0.8/samp_size=500/seed=2/method=lacerda_repare/metrics.csv; Input files updated by another job: results/synth/regime=easy/d=10/num_cycles=3/density=0.8/samp_size=500/seed=2/dataset.npz, results/synth/regime=easy/d=10/num_cycles=3/density=0.8/samp_size=500/seed=2/method=lacerda_repare/model.pkl
    wildcards: regime=easy, d=10, num_cycles=3, density=0.8, samp_size=500, seed=2, method=lacerda_repare
    resources: tmpdir=/tmp
Select jobs to execute...
[Tue Apr 28 13:37:47 2026]
Finished jobid: 774 (Rule: synth_evaluate)
178 of 1461 steps (12%) done
Execute 1 jobs...
[Tue Apr 28 13:37:47 2026]
localrule synth_fit:
    input: results/synth/regime=easy/d=10/num_cycles=3/density=0.8/samp_size=1000/seed=0/dataset.npz
    output: results/synth/regime=easy/d=10/num_cycles=3/density=0.8/samp_size=1000/seed=0/method=lacerda_repare/model.pkl
    jobid: 777
    reason: Missing output files: results/synth/regime=easy/d=10/num_cycles=3/density=0.8/samp_size=1000/seed=0/method=lacerda_repare/model.pkl; Input files updated by another job: results/synth/regime=easy/d=10/num_cycles=3/density=0.8/samp_size=1000/seed=0/dataset.npz
    wildcards: regime=easy, d=10, num_cycles=3, density=0.8, samp_size=1000, seed=0, method=lacerda_repare
    resources: tmpdir=/tmp
Select jobs to execute...
[Tue Apr 28 13:37:48 2026]
Finished jobid: 777 (Rule: synth_fit)
179 of 1461 steps (12%) done
Execute 1 jobs...
[Tue Apr 28 13:37:48 2026]
localrule synth_evaluate:
    input: results/synth/regime=easy/d=10/num_cycles=4/density=0.5/samp_size=50/seed=2/dataset.npz, results/synth/regime=easy/d=10/num_cycles=4/density=0.5/samp_size=50/seed=2/method=oica_scc_repare/model.pkl
    output: results/synth/regime=easy/d=10/num_cycles=4/density=0.5/samp_size=50/seed=2/method=oica_scc_repare/metrics.csv
    jobid: 1035
    reason: Missing output files: results/synth/regime=easy/d=10/num_cycles=4/density=0.5/samp_size=50/seed=2/method=oica_scc_repare/metrics.csv; Input files updated by another job: results/synth/regime=easy/d=10/num_cycles=4/density=0.5/samp_size=50/seed=2/dataset.npz, results/synth/regime=easy/d=10/num_cycles=4/density=0.5/samp_size=50/seed=2/method=oica_scc_repare/model.pkl
    wildcards: regime=easy, d=10, num_cycles=4, density=0.5, samp_size=50, seed=2, method=oica_scc_repare
    resources: tmpdir=/tmp
Select jobs to execute...
[Tue Apr 28 13:37:49 2026]
Finished jobid: 1035 (Rule: synth_evaluate)
180 of 1461 steps (12%) done
Execute 1 jobs...
[Tue Apr 28 13:37:49 2026]
localrule synth_fit:
    input: results/synth/regime=easy/d=10/num_cycles=4/density=0.8/samp_size=500/seed=1/dataset.npz
    output: results/synth/regime=easy/d=10/num_cycles=4/density=0.8/samp_size=500/seed=1/method=oica_scc_repare/model.pkl
    jobid: 565
    reason: Missing output files: results/synth/regime=easy/d=10/num_cycles=4/density=0.8/samp_size=500/seed=1/method=oica_scc_repare/model.pkl; Input files updated by another job: results/synth/regime=easy/d=10/num_cycles=4/density=0.8/samp_size=500/seed=1/dataset.npz
    wildcards: regime=easy, d=10, num_cycles=4, density=0.8, samp_size=500, seed=1, method=oica_scc_repare
    resources: tmpdir=/tmp
Select jobs to execute...
[Tue Apr 28 13:37:55 2026]
Finished jobid: 565 (Rule: synth_fit)
181 of 1461 steps (12%) done
Execute 1 jobs...
[Tue Apr 28 13:37:55 2026]
localrule synth_evaluate:
    input: results/synth/regime=easy/d=10/num_cycles=4/density=0.8/samp_size=500/seed=1/dataset.npz, results/synth/regime=easy/d=10/num_cycles=4/density=0.8/samp_size=500/seed=1/method=oica_scc_repare/model.pkl
    output: results/synth/regime=easy/d=10/num_cycles=4/density=0.8/samp_size=500/seed=1/method=oica_scc_repare/metrics.csv
    jobid: 563
    reason: Missing output files: results/synth/regime=easy/d=10/num_cycles=4/density=0.8/samp_size=500/seed=1/method=oica_scc_repare/metrics.csv; Input files updated by another job: results/synth/regime=easy/d=10/num_cycles=4/density=0.8/samp_size=500/seed=1/method=oica_scc_repare/model.pkl, results/synth/regime=easy/d=10/num_cycles=4/density=0.8/samp_size=500/seed=1/dataset.npz
    wildcards: regime=easy, d=10, num_cycles=4, density=0.8, samp_size=500, seed=1, method=oica_scc_repare
    resources: tmpdir=/tmp
Select jobs to execute...
[Tue Apr 28 13:37:56 2026]
Finished jobid: 563 (Rule: synth_evaluate)
182 of 1461 steps (12%) done
Execute 1 jobs...
[Tue Apr 28 13:37:56 2026]
localrule synth_generate:
    output: results/synth/regime=easy/d=10/num_cycles=5/density=0.8/samp_size=50/seed=2/dataset.npz
    jobid: 603
    reason: Missing output files: results/synth/regime=easy/d=10/num_cycles=5/density=0.8/samp_size=50/seed=2/dataset.npz
    wildcards: regime=easy, d=10, num_cycles=5, density=0.8, samp_size=50, seed=2
    resources: tmpdir=/tmp
Select jobs to execute...
[Tue Apr 28 13:37:58 2026]
Finished jobid: 603 (Rule: synth_generate)
183 of 1461 steps (13%) done
Execute 1 jobs...
[Tue Apr 28 13:37:58 2026]
localrule synth_fit:
    input: results/synth/regime=easy/d=10/num_cycles=5/density=0.8/samp_size=50/seed=2/dataset.npz
    output: results/synth/regime=easy/d=10/num_cycles=5/density=0.8/samp_size=50/seed=2/method=oica_scc_repare/model.pkl
    jobid: 604
    reason: Missing output files: results/synth/regime=easy/d=10/num_cycles=5/density=0.8/samp_size=50/seed=2/method=oica_scc_repare/model.pkl; Input files updated by another job: results/synth/regime=easy/d=10/num_cycles=5/density=0.8/samp_size=50/seed=2/dataset.npz
    wildcards: regime=easy, d=10, num_cycles=5, density=0.8, samp_size=50, seed=2, method=oica_scc_repare
    resources: tmpdir=/tmp
Select jobs to execute...
[Tue Apr 28 13:37:59 2026]
Finished jobid: 604 (Rule: synth_fit)
184 of 1461 steps (13%) done
Execute 1 jobs...
[Tue Apr 28 13:37:59 2026]
localrule synth_fit:
    input: results/synth/regime=easy/d=10/num_cycles=3/density=0.3/samp_size=10000/seed=0/dataset.npz
    output: results/synth/regime=easy/d=10/num_cycles=3/density=0.3/samp_size=10000/seed=0/method=lacerda/model.pkl
    jobid: 410
    reason: Missing output files: results/synth/regime=easy/d=10/num_cycles=3/density=0.3/samp_size=10000/seed=0/method=lacerda/model.pkl; Input files updated by another job: results/synth/regime=easy/d=10/num_cycles=3/density=0.3/samp_size=10000/seed=0/dataset.npz
    wildcards: regime=easy, d=10, num_cycles=3, density=0.3, samp_size=10000, seed=0, method=lacerda
    resources: tmpdir=/tmp
Select jobs to execute...
[Tue Apr 28 13:38:01 2026]
Finished jobid: 410 (Rule: synth_fit)
185 of 1461 steps (13%) done
Execute 1 jobs...
[Tue Apr 28 13:38:01 2026]
localrule synth_evaluate:
    input: results/synth/regime=easy/d=10/num_cycles=4/density=0.3/samp_size=1000/seed=0/dataset.npz, results/synth/regime=easy/d=10/num_cycles=4/density=0.3/samp_size=1000/seed=0/method=lacerda/model.pkl
    output: results/synth/regime=easy/d=10/num_cycles=4/density=0.3/samp_size=1000/seed=0/method=lacerda/metrics.csv
    jobid: 433
    reason: Missing output files: results/synth/regime=easy/d=10/num_cycles=4/density=0.3/samp_size=1000/seed=0/method=lacerda/metrics.csv; Input files updated by another job: results/synth/regime=easy/d=10/num_cycles=4/density=0.3/samp_size=1000/seed=0/dataset.npz, results/synth/regime=easy/d=10/num_cycles=4/density=0.3/samp_size=1000/seed=0/method=lacerda/model.pkl
    wildcards: regime=easy, d=10, num_cycles=4, density=0.3, samp_size=1000, seed=0, method=lacerda
    resources: tmpdir=/tmp
Select jobs to execute...
[Tue Apr 28 13:38:02 2026]
Finished jobid: 433 (Rule: synth_evaluate)
186 of 1461 steps (13%) done
Execute 1 jobs...
[Tue Apr 28 13:38:02 2026]
localrule synth_fit:
    input: results/synth/regime=easy/d=10/num_cycles=5/density=0.8/samp_size=50/seed=2/dataset.npz
    output: results/synth/regime=easy/d=10/num_cycles=5/density=0.8/samp_size=50/seed=2/method=lacerda_repare/model.pkl
    jobid: 835
    reason: Missing output files: results/synth/regime=easy/d=10/num_cycles=5/density=0.8/samp_size=50/seed=2/method=lacerda_repare/model.pkl; Input files updated by another job: results/synth/regime=easy/d=10/num_cycles=5/density=0.8/samp_size=50/seed=2/dataset.npz
    wildcards: regime=easy, d=10, num_cycles=5, density=0.8, samp_size=50, seed=2, method=lacerda_repare
    resources: tmpdir=/tmp
Select jobs to execute...
[Tue Apr 28 13:38:03 2026]
Finished jobid: 835 (Rule: synth_fit)
187 of 1461 steps (13%) done
Execute 1 jobs...
[Tue Apr 28 13:38:03 2026]
localrule synth_evaluate:
    input: results/synth/regime=easy/d=10/num_cycles=5/density=0.8/samp_size=50/seed=2/dataset.npz, results/synth/regime=easy/d=10/num_cycles=5/density=0.8/samp_size=50/seed=2/method=lacerda_repare/model.pkl
    output: results/synth/regime=easy/d=10/num_cycles=5/density=0.8/samp_size=50/seed=2/method=lacerda_repare/metrics.csv
    jobid: 834
    reason: Missing output files: results/synth/regime=easy/d=10/num_cycles=5/density=0.8/samp_size=50/seed=2/method=lacerda_repare/metrics.csv; Input files updated by another job: results/synth/regime=easy/d=10/num_cycles=5/density=0.8/samp_size=50/seed=2/method=lacerda_repare/model.pkl, results/synth/regime=easy/d=10/num_cycles=5/density=0.8/samp_size=50/seed=2/dataset.npz
    wildcards: regime=easy, d=10, num_cycles=5, density=0.8, samp_size=50, seed=2, method=lacerda_repare
    resources: tmpdir=/tmp
Select jobs to execute...
[Tue Apr 28 13:38:05 2026]
Finished jobid: 834 (Rule: synth_evaluate)
188 of 1461 steps (13%) done
Execute 1 jobs...
[Tue Apr 28 13:38:05 2026]
localrule synth_fit:
    input: results/synth/regime=easy/d=10/num_cycles=5/density=0.8/samp_size=100/seed=0/dataset.npz
    output: results/synth/regime=easy/d=10/num_cycles=5/density=0.8/samp_size=100/seed=0/method=lacerda_repare/model.pkl
    jobid: 837
    reason: Missing output files: results/synth/regime=easy/d=10/num_cycles=5/density=0.8/samp_size=100/seed=0/method=lacerda_repare/model.pkl; Input files updated by another job: results/synth/regime=easy/d=10/num_cycles=5/density=0.8/samp_size=100/seed=0/dataset.npz
    wildcards: regime=easy, d=10, num_cycles=5, density=0.8, samp_size=100, seed=0, method=lacerda_repare
    resources: tmpdir=/tmp
Select jobs to execute...
[Tue Apr 28 13:38:06 2026]
Finished jobid: 837 (Rule: synth_fit)
189 of 1461 steps (13%) done
Execute 1 jobs...
[Tue Apr 28 13:38:06 2026]
localrule synth_evaluate:
    input: results/synth/regime=easy/d=10/num_cycles=5/density=0.8/samp_size=100/seed=0/dataset.npz, results/synth/regime=easy/d=10/num_cycles=5/density=0.8/samp_size=100/seed=0/method=lacerda_repare/model.pkl
    output: results/synth/regime=easy/d=10/num_cycles=5/density=0.8/samp_size=100/seed=0/method=lacerda_repare/metrics.csv
    jobid: 836
    reason: Missing output files: results/synth/regime=easy/d=10/num_cycles=5/density=0.8/samp_size=100/seed=0/method=lacerda_repare/metrics.csv; Input files updated by another job: results/synth/regime=easy/d=10/num_cycles=5/density=0.8/samp_size=100/seed=0/method=lacerda_repare/model.pkl, results/synth/regime=easy/d=10/num_cycles=5/density=0.8/samp_size=100/seed=0/dataset.npz
    wildcards: regime=easy, d=10, num_cycles=5, density=0.8, samp_size=100, seed=0, method=lacerda_repare
    resources: tmpdir=/tmp
Select jobs to execute...
[Tue Apr 28 13:38:08 2026]
Finished jobid: 836 (Rule: synth_evaluate)
190 of 1461 steps (13%) done
Execute 1 jobs...
[Tue Apr 28 13:38:08 2026]
localrule synth_fit:
    input: results/synth/regime=easy/d=10/num_cycles=3/density=0.3/samp_size=1000/seed=0/dataset.npz
    output: results/synth/regime=easy/d=10/num_cycles=3/density=0.3/samp_size=1000/seed=0/method=lacerda_repare/model.pkl
    jobid: 290
    reason: Missing output files: results/synth/regime=easy/d=10/num_cycles=3/density=0.3/samp_size=1000/seed=0/method=lacerda_repare/model.pkl; Input files updated by another job: results/synth/regime=easy/d=10/num_cycles=3/density=0.3/samp_size=1000/seed=0/dataset.npz
    wildcards: regime=easy, d=10, num_cycles=3, density=0.3, samp_size=1000, seed=0, method=lacerda_repare
    resources: tmpdir=/tmp
Select jobs to execute...
[Tue Apr 28 13:38:14 2026]
Finished jobid: 290 (Rule: synth_fit)
191 of 1461 steps (13%) done
Execute 1 jobs...
[Tue Apr 28 13:38:14 2026]
localrule synth_generate:
    output: results/synth/regime=easy/d=10/num_cycles=4/density=0.8/samp_size=100/seed=2/dataset.npz
    jobid: 558
    reason: Missing output files: results/synth/regime=easy/d=10/num_cycles=4/density=0.8/samp_size=100/seed=2/dataset.npz
    wildcards: regime=easy, d=10, num_cycles=4, density=0.8, samp_size=100, seed=2
    resources: tmpdir=/tmp
Select jobs to execute...
[Tue Apr 28 13:38:15 2026]
Finished jobid: 558 (Rule: synth_generate)
192 of 1461 steps (13%) done
Execute 1 jobs...
[Tue Apr 28 13:38:15 2026]
localrule synth_generate:
    output: results/synth/regime=easy/d=10/num_cycles=5/density=0.8/samp_size=10000/seed=2/dataset.npz
    jobid: 648
    reason: Missing output files: results/synth/regime=easy/d=10/num_cycles=5/density=0.8/samp_size=10000/seed=2/dataset.npz
    wildcards: regime=easy, d=10, num_cycles=5, density=0.8, samp_size=10000, seed=2
    resources: tmpdir=/tmp
Select jobs to execute...
[Tue Apr 28 13:38:16 2026]
Finished jobid: 648 (Rule: synth_generate)
193 of 1461 steps (13%) done
Execute 1 jobs...
[Tue Apr 28 13:38:16 2026]
localrule synth_fit:
    input: results/synth/regime=easy/d=10/num_cycles=3/density=0.3/samp_size=100/seed=2/dataset.npz
    output: results/synth/regime=easy/d=10/num_cycles=3/density=0.3/samp_size=100/seed=2/method=lacerda_repare/model.pkl
    jobid: 282
    reason: Missing output files: results/synth/regime=easy/d=10/num_cycles=3/density=0.3/samp_size=100/seed=2/method=lacerda_repare/model.pkl; Input files updated by another job: results/synth/regime=easy/d=10/num_cycles=3/density=0.3/samp_size=100/seed=2/dataset.npz
    wildcards: regime=easy, d=10, num_cycles=3, density=0.3, samp_size=100, seed=2, method=lacerda_repare
    resources: tmpdir=/tmp
Select jobs to execute...
[Tue Apr 28 13:38:18 2026]
Finished jobid: 282 (Rule: synth_fit)
194 of 1461 steps (13%) done
Execute 1 jobs...
[Tue Apr 28 13:38:18 2026]
localrule synth_fit:
    input: results/synth/regime=easy/d=10/num_cycles=5/density=0.3/samp_size=10000/seed=2/dataset.npz
    output: results/synth/regime=easy/d=10/num_cycles=5/density=0.3/samp_size=10000/seed=2/method=oica_no_repare/model.pkl
    jobid: 270
    reason: Missing output files: results/synth/regime=easy/d=10/num_cycles=5/density=0.3/samp_size=10000/seed=2/method=oica_no_repare/model.pkl; Input files updated by another job: results/synth/regime=easy/d=10/num_cycles=5/density=0.3/samp_size=10000/seed=2/dataset.npz
    wildcards: regime=easy, d=10, num_cycles=5, density=0.3, samp_size=10000, seed=2, method=oica_no_repare
    resources: tmpdir=/tmp
Select jobs to execute...
[Tue Apr 28 13:38:20 2026]
Finished jobid: 270 (Rule: synth_fit)
195 of 1461 steps (13%) done
Execute 1 jobs...
[Tue Apr 28 13:38:20 2026]
localrule synth_generate:
    output: results/synth/regime=easy/d=10/num_cycles=3/density=0.5/samp_size=100/seed=1/dataset.npz
    jobid: 988
    reason: Missing output files: results/synth/regime=easy/d=10/num_cycles=3/density=0.5/samp_size=100/seed=1/dataset.npz
    wildcards: regime=easy, d=10, num_cycles=3, density=0.5, samp_size=100, seed=1
    resources: tmpdir=/tmp
Select jobs to execute...
[Tue Apr 28 13:38:21 2026]
Finished jobid: 988 (Rule: synth_generate)
196 of 1461 steps (13%) done
Execute 1 jobs...
[Tue Apr 28 13:38:21 2026]
localrule synth_fit:
    input: results/synth/regime=easy/d=10/num_cycles=4/density=0.3/samp_size=1000/seed=1/dataset.npz
    output: results/synth/regime=easy/d=10/num_cycles=4/density=0.3/samp_size=1000/seed=1/method=lacerda_repare/model.pkl
    jobid: 328
    reason: Missing output files: results/synth/regime=easy/d=10/num_cycles=4/density=0.3/samp_size=1000/seed=1/method=lacerda_repare/model.pkl; Input files updated by another job: results/synth/regime=easy/d=10/num_cycles=4/density=0.3/samp_size=1000/seed=1/dataset.npz
    wildcards: regime=easy, d=10, num_cycles=4, density=0.3, samp_size=1000, seed=1, method=lacerda_repare
    resources: tmpdir=/tmp
Select jobs to execute...
[Tue Apr 28 13:38:46 2026]
Finished jobid: 328 (Rule: synth_fit)
197 of 1461 steps (13%) done
Execute 1 jobs...
[Tue Apr 28 13:38:46 2026]
localrule synth_fit:
    input: results/synth/regime=easy/d=10/num_cycles=4/density=0.5/samp_size=50/seed=2/dataset.npz
    output: results/synth/regime=easy/d=10/num_cycles=4/density=0.5/samp_size=50/seed=2/method=lacerda/model.pkl
    jobid: 1394
    reason: Missing output files: results/synth/regime=easy/d=10/num_cycles=4/density=0.5/samp_size=50/seed=2/method=lacerda/model.pkl; Input files updated by another job: results/synth/regime=easy/d=10/num_cycles=4/density=0.5/samp_size=50/seed=2/dataset.npz
    wildcards: regime=easy, d=10, num_cycles=4, density=0.5, samp_size=50, seed=2, method=lacerda
    resources: tmpdir=/tmp
Select jobs to execute...
[Tue Apr 28 13:38:48 2026]
Finished jobid: 1394 (Rule: synth_fit)
198 of 1461 steps (14%) done
Execute 1 jobs...
[Tue Apr 28 13:38:48 2026]
localrule synth_generate:
    output: results/synth/regime=easy/d=10/num_cycles=4/density=0.5/samp_size=1000/seed=1/dataset.npz
    jobid: 1060
    reason: Missing output files: results/synth/regime=easy/d=10/num_cycles=4/density=0.5/samp_size=1000/seed=1/dataset.npz
    wildcards: regime=easy, d=10, num_cycles=4, density=0.5, samp_size=1000, seed=1
    resources: tmpdir=/tmp
Select jobs to execute...
[Tue Apr 28 13:38:49 2026]
Finished jobid: 1060 (Rule: synth_generate)
199 of 1461 steps (14%) done
Execute 1 jobs...
[Tue Apr 28 13:38:49 2026]
localrule synth_evaluate:
    input: results/synth/regime=easy/d=10/num_cycles=4/density=0.5/samp_size=5000/seed=1/dataset.npz, results/synth/regime=easy/d=10/num_cycles=4/density=0.5/samp_size=5000/seed=1/method=oica_scc_repare/model.pkl
    output: results/synth/regime=easy/d=10/num_cycles=4/density=0.5/samp_size=5000/seed=1/method=oica_scc_repare/metrics.csv
    jobid: 1068
    reason: Missing output files: results/synth/regime=easy/d=10/num_cycles=4/density=0.5/samp_size=5000/seed=1/method=oica_scc_repare/metrics.csv; Input files updated by another job: results/synth/regime=easy/d=10/num_cycles=4/density=0.5/samp_size=5000/seed=1/dataset.npz, results/synth/regime=easy/d=10/num_cycles=4/density=0.5/samp_size=5000/seed=1/method=oica_scc_repare/model.pkl
    wildcards: regime=easy, d=10, num_cycles=4, density=0.5, samp_size=5000, seed=1, method=oica_scc_repare
    resources: tmpdir=/tmp
Select jobs to execute...
[Tue Apr 28 13:38:51 2026]
Finished jobid: 1068 (Rule: synth_evaluate)
200 of 1461 steps (14%) done
Execute 1 jobs...
[Tue Apr 28 13:38:51 2026]
localrule synth_fit:
    input: results/synth/regime=easy/d=10/num_cycles=4/density=0.3/samp_size=100/seed=2/dataset.npz
    output: results/synth/regime=easy/d=10/num_cycles=4/density=0.3/samp_size=100/seed=2/method=oica_no_repare/model.pkl
    jobid: 210
    reason: Missing output files: results/synth/regime=easy/d=10/num_cycles=4/density=0.3/samp_size=100/seed=2/method=oica_no_repare/model.pkl; Input files updated by another job: results/synth/regime=easy/d=10/num_cycles=4/density=0.3/samp_size=100/seed=2/dataset.npz
    wildcards: regime=easy, d=10, num_cycles=4, density=0.3, samp_size=100, seed=2, method=oica_no_repare
    resources: tmpdir=/tmp
Select jobs to execute...
[Tue Apr 28 13:38:53 2026]
Finished jobid: 210 (Rule: synth_fit)
201 of 1461 steps (14%) done
Execute 1 jobs...
[Tue Apr 28 13:38:53 2026]
localrule synth_fit:
    input: results/synth/regime=easy/d=10/num_cycles=4/density=0.3/samp_size=10000/seed=2/dataset.npz
    output: results/synth/regime=easy/d=10/num_cycles=4/density=0.3/samp_size=10000/seed=2/method=oica_scc_repare/model.pkl
    jobid: 108
    reason: Missing output files: results/synth/regime=easy/d=10/num_cycles=4/density=0.3/samp_size=10000/seed=2/method=oica_scc_repare/model.pkl; Input files updated by another job: results/synth/regime=easy/d=10/num_cycles=4/density=0.3/samp_size=10000/seed=2/dataset.npz
    wildcards: regime=easy, d=10, num_cycles=4, density=0.3, samp_size=10000, seed=2, method=oica_scc_repare
    resources: tmpdir=/tmp
Select jobs to execute...
[Tue Apr 28 13:47:19 2026]
Finished jobid: 302 (Rule: synth_fit)
202 of 1461 steps (14%) done
Execute 1 jobs...
[Tue Apr 28 13:47:19 2026]
localrule synth_fit:
    input: results/synth/regime=easy/d=10/num_cycles=4/density=0.3/samp_size=1000/seed=2/dataset.npz
    output: results/synth/regime=easy/d=10/num_cycles=4/density=0.3/samp_size=1000/seed=2/method=lacerda_repare/model.pkl
    jobid: 330
    reason: Missing output files: results/synth/regime=easy/d=10/num_cycles=4/density=0.3/samp_size=1000/seed=2/method=lacerda_repare/model.pkl; Input files updated by another job: results/synth/regime=easy/d=10/num_cycles=4/density=0.3/samp_size=1000/seed=2/dataset.npz
    wildcards: regime=easy, d=10, num_cycles=4, density=0.3, samp_size=1000, seed=2, method=lacerda_repare
    resources: tmpdir=/tmp
Select jobs to execute...
[Tue Apr 28 13:47:31 2026]
Finished jobid: 330 (Rule: synth_fit)
203 of 1461 steps (14%) done
Execute 1 jobs...
[Tue Apr 28 13:47:31 2026]
localrule synth_fit:
    input: results/synth/regime=easy/d=10/num_cycles=4/density=0.5/samp_size=100/seed=0/dataset.npz
    output: results/synth/regime=easy/d=10/num_cycles=4/density=0.5/samp_size=100/seed=0/method=lacerda/model.pkl
    jobid: 1396
    reason: Missing output files: results/synth/regime=easy/d=10/num_cycles=4/density=0.5/samp_size=100/seed=0/method=lacerda/model.pkl; Input files updated by another job: results/synth/regime=easy/d=10/num_cycles=4/density=0.5/samp_size=100/seed=0/dataset.npz
    wildcards: regime=easy, d=10, num_cycles=4, density=0.5, samp_size=100, seed=0, method=lacerda
    resources: tmpdir=/tmp
Select jobs to execute...
[Tue Apr 28 13:47:33 2026]
Finished jobid: 1396 (Rule: synth_fit)
204 of 1461 steps (14%) done
Execute 1 jobs...
[Tue Apr 28 13:47:33 2026]
localrule synth_fit:
    input: results/synth/regime=easy/d=10/num_cycles=4/density=0.3/samp_size=1000/seed=0/dataset.npz
    output: results/synth/regime=easy/d=10/num_cycles=4/density=0.3/samp_size=1000/seed=0/method=lacerda_repare/model.pkl
    jobid: 326
    reason: Missing output files: results/synth/regime=easy/d=10/num_cycles=4/density=0.3/samp_size=1000/seed=0/method=lacerda_repare/model.pkl; Input files updated by another job: results/synth/regime=easy/d=10/num_cycles=4/density=0.3/samp_size=1000/seed=0/dataset.npz
    wildcards: regime=easy, d=10, num_cycles=4, density=0.3, samp_size=1000, seed=0, method=lacerda_repare
    resources: tmpdir=/tmp
Select jobs to execute...
[Tue Apr 28 13:47:52 2026]
Finished jobid: 1308 (Rule: synth_fit)
205 of 1461 steps (14%) done
Execute 1 jobs...
[Tue Apr 28 13:47:52 2026]
localrule synth_evaluate:
    input: results/synth/regime=easy/d=10/num_cycles=5/density=0.3/samp_size=10000/seed=2/dataset.npz, results/synth/regime=easy/d=10/num_cycles=5/density=0.3/samp_size=10000/seed=2/method=oica_no_repare/model.pkl
    output: results/synth/regime=easy/d=10/num_cycles=5/density=0.3/samp_size=10000/seed=2/method=oica_no_repare/metrics.csv
    jobid: 269
    reason: Missing output files: results/synth/regime=easy/d=10/num_cycles=5/density=0.3/samp_size=10000/seed=2/method=oica_no_repare/metrics.csv; Input files updated by another job: results/synth/regime=easy/d=10/num_cycles=5/density=0.3/samp_size=10000/seed=2/dataset.npz, results/synth/regime=easy/d=10/num_cycles=5/density=0.3/samp_size=10000/seed=2/method=oica_no_repare/model.pkl
    wildcards: regime=easy, d=10, num_cycles=5, density=0.3, samp_size=10000, seed=2, method=oica_no_repare
    resources: tmpdir=/tmp
Select jobs to execute...
[Tue Apr 28 13:47:54 2026]
Finished jobid: 269 (Rule: synth_evaluate)
206 of 1461 steps (14%) done
Execute 1 jobs...
[Tue Apr 28 13:47:54 2026]
localrule synth_evaluate:
    input: results/synth/regime=easy/d=10/num_cycles=5/density=0.5/samp_size=50/seed=1/dataset.npz, results/synth/regime=easy/d=10/num_cycles=5/density=0.5/samp_size=50/seed=1/method=oica_no_repare/model.pkl
    output: results/synth/regime=easy/d=10/num_cycles=5/density=0.5/samp_size=50/seed=1/method=oica_no_repare/metrics.csv
    jobid: 1211
    reason: Missing output files: results/synth/regime=easy/d=10/num_cycles=5/density=0.5/samp_size=50/seed=1/method=oica_no_repare/metrics.csv; Input files updated by another job: results/synth/regime=easy/d=10/num_cycles=5/density=0.5/samp_size=50/seed=1/method=oica_no_repare/model.pkl, results/synth/regime=easy/d=10/num_cycles=5/density=0.5/samp_size=50/seed=1/dataset.npz
    wildcards: regime=easy, d=10, num_cycles=5, density=0.5, samp_size=50, seed=1, method=oica_no_repare
    resources: tmpdir=/tmp
Select jobs to execute...
[Tue Apr 28 13:47:54 2026]
Finished jobid: 326 (Rule: synth_fit)
207 of 1461 steps (14%) done
Execute 1 jobs...
[Tue Apr 28 13:47:54 2026]
localrule synth_fit:
    input: results/synth/regime=easy/d=10/num_cycles=4/density=0.5/samp_size=1000/seed=1/dataset.npz
    output: results/synth/regime=easy/d=10/num_cycles=4/density=0.5/samp_size=1000/seed=1/method=oica_scc_repare/model.pkl
    jobid: 1061
    reason: Missing output files: results/synth/regime=easy/d=10/num_cycles=4/density=0.5/samp_size=1000/seed=1/method=oica_scc_repare/model.pkl; Input files updated by another job: results/synth/regime=easy/d=10/num_cycles=4/density=0.5/samp_size=1000/seed=1/dataset.npz
    wildcards: regime=easy, d=10, num_cycles=4, density=0.5, samp_size=1000, seed=1, method=oica_scc_repare
    resources: tmpdir=/tmp
Select jobs to execute...
[Tue Apr 28 13:47:55 2026]
Finished jobid: 1211 (Rule: synth_evaluate)
208 of 1461 steps (14%) done
Execute 1 jobs...
[Tue Apr 28 13:47:55 2026]
localrule synth_generate:
    output: results/synth/regime=easy/d=10/num_cycles=5/density=0.3/samp_size=50/seed=0/dataset.npz
    jobid: 110
    reason: Missing output files: results/synth/regime=easy/d=10/num_cycles=5/density=0.3/samp_size=50/seed=0/dataset.npz
    wildcards: regime=easy, d=10, num_cycles=5, density=0.3, samp_size=50, seed=0
    resources: tmpdir=/tmp
Select jobs to execute...
[Tue Apr 28 13:47:56 2026]
Finished jobid: 110 (Rule: synth_generate)
209 of 1461 steps (14%) done
Execute 1 jobs...
[Tue Apr 28 13:47:56 2026]
localrule synth_generate:
    output: results/synth/regime=easy/d=10/num_cycles=4/density=0.5/samp_size=1000/seed=2/dataset.npz
    jobid: 1063
    reason: Missing output files: results/synth/regime=easy/d=10/num_cycles=4/density=0.5/samp_size=1000/seed=2/dataset.npz
    wildcards: regime=easy, d=10, num_cycles=4, density=0.5, samp_size=1000, seed=2
    resources: tmpdir=/tmp
Select jobs to execute...
[Tue Apr 28 13:47:58 2026]
Finished jobid: 1063 (Rule: synth_generate)
210 of 1461 steps (14%) done
Execute 1 jobs...
[Tue Apr 28 13:47:58 2026]
localrule synth_generate:
    output: results/synth/regime=easy/d=10/num_cycles=4/density=0.3/samp_size=10000/seed=1/dataset.npz
    jobid: 104
    reason: Missing output files: results/synth/regime=easy/d=10/num_cycles=4/density=0.3/samp_size=10000/seed=1/dataset.npz
    wildcards: regime=easy, d=10, num_cycles=4, density=0.3, samp_size=10000, seed=1
    resources: tmpdir=/tmp
Select jobs to execute...
[Tue Apr 28 13:47:59 2026]
Finished jobid: 104 (Rule: synth_generate)
211 of 1461 steps (14%) done
Execute 1 jobs...
[Tue Apr 28 13:47:59 2026]
localrule synth_fit:
    input: results/synth/regime=easy/d=10/num_cycles=3/density=0.3/samp_size=100/seed=2/dataset.npz
    output: results/synth/regime=easy/d=10/num_cycles=3/density=0.3/samp_size=100/seed=2/method=oica_scc_repare/model.pkl
    jobid: 18
    reason: Missing output files: results/synth/regime=easy/d=10/num_cycles=3/density=0.3/samp_size=100/seed=2/method=oica_scc_repare/model.pkl; Input files updated by another job: results/synth/regime=easy/d=10/num_cycles=3/density=0.3/samp_size=100/seed=2/dataset.npz
    wildcards: regime=easy, d=10, num_cycles=3, density=0.3, samp_size=100, seed=2, method=oica_scc_repare
    resources: tmpdir=/tmp
Select jobs to execute...
[Tue Apr 28 13:48:01 2026]
Finished jobid: 18 (Rule: synth_fit)
212 of 1461 steps (15%) done
Execute 1 jobs...
[Tue Apr 28 13:48:01 2026]
localrule synth_fit:
    input: results/synth/regime=easy/d=10/num_cycles=4/density=0.3/samp_size=10000/seed=2/dataset.npz
    output: results/synth/regime=easy/d=10/num_cycles=4/density=0.3/samp_size=10000/seed=2/method=lacerda/model.pkl
    jobid: 450
    reason: Missing output files: results/synth/regime=easy/d=10/num_cycles=4/density=0.3/samp_size=10000/seed=2/method=lacerda/model.pkl; Input files updated by another job: results/synth/regime=easy/d=10/num_cycles=4/density=0.3/samp_size=10000/seed=2/dataset.npz
    wildcards: regime=easy, d=10, num_cycles=4, density=0.3, samp_size=10000, seed=2, method=lacerda
    resources: tmpdir=/tmp
Select jobs to execute...
[Tue Apr 28 13:48:03 2026]
Finished jobid: 450 (Rule: synth_fit)
213 of 1461 steps (15%) done
Execute 1 jobs...
[Tue Apr 28 13:48:03 2026]
localrule synth_generate:
    output: results/synth/regime=easy/d=10/num_cycles=3/density=0.3/samp_size=500/seed=0/dataset.npz
    jobid: 20
    reason: Missing output files: results/synth/regime=easy/d=10/num_cycles=3/density=0.3/samp_size=500/seed=0/dataset.npz
    wildcards: regime=easy, d=10, num_cycles=3, density=0.3, samp_size=500, seed=0
    resources: tmpdir=/tmp
Select jobs to execute...
[Tue Apr 28 13:48:04 2026]
Finished jobid: 20 (Rule: synth_generate)
214 of 1461 steps (15%) done
Execute 1 jobs...
[Tue Apr 28 13:48:04 2026]
localrule synth_fit:
    input: results/synth/regime=easy/d=10/num_cycles=4/density=0.3/samp_size=5000/seed=0/dataset.npz
    output: results/synth/regime=easy/d=10/num_cycles=4/density=0.3/samp_size=5000/seed=0/method=lacerda_repare/model.pkl
    jobid: 332
    reason: Missing output files: results/synth/regime=easy/d=10/num_cycles=4/density=0.3/samp_size=5000/seed=0/method=lacerda_repare/model.pkl; Input files updated by another job: results/synth/regime=easy/d=10/num_cycles=4/density=0.3/samp_size=5000/seed=0/dataset.npz
    wildcards: regime=easy, d=10, num_cycles=4, density=0.3, samp_size=5000, seed=0, method=lacerda_repare
    resources: tmpdir=/tmp
Select jobs to execute...
[Tue Apr 28 13:48:19 2026]
Finished jobid: 1061 (Rule: synth_fit)
215 of 1461 steps (15%) done
Execute 1 jobs...
[Tue Apr 28 13:48:19 2026]
localrule synth_fit:
    input: results/synth/regime=easy/d=10/num_cycles=4/density=0.3/samp_size=10000/seed=1/dataset.npz
    output: results/synth/regime=easy/d=10/num_cycles=4/density=0.3/samp_size=10000/seed=1/method=oica_scc_repare/model.pkl
    jobid: 105
    reason: Missing output files: results/synth/regime=easy/d=10/num_cycles=4/density=0.3/samp_size=10000/seed=1/method=oica_scc_repare/model.pkl; Input files updated by another job: results/synth/regime=easy/d=10/num_cycles=4/density=0.3/samp_size=10000/seed=1/dataset.npz
    wildcards: regime=easy, d=10, num_cycles=4, density=0.3, samp_size=10000, seed=1, method=oica_scc_repare
    resources: tmpdir=/tmp
Select jobs to execute...
[Tue Apr 28 13:56:37 2026]
Finished jobid: 306 (Rule: synth_fit)
216 of 1461 steps (15%) done
Execute 1 jobs...
[Tue Apr 28 13:56:37 2026]
localrule synth_fit:
    input: results/synth/regime=easy/d=10/num_cycles=4/density=0.5/samp_size=100/seed=1/dataset.npz
    output: results/synth/regime=easy/d=10/num_cycles=4/density=0.5/samp_size=100/seed=1/method=lacerda/model.pkl
    jobid: 1398
    reason: Missing output files: results/synth/regime=easy/d=10/num_cycles=4/density=0.5/samp_size=100/seed=1/method=lacerda/model.pkl; Input files updated by another job: results/synth/regime=easy/d=10/num_cycles=4/density=0.5/samp_size=100/seed=1/dataset.npz
    wildcards: regime=easy, d=10, num_cycles=4, density=0.5, samp_size=100, seed=1, method=lacerda
    resources: tmpdir=/tmp
Select jobs to execute...
[Tue Apr 28 13:56:38 2026]
Finished jobid: 1398 (Rule: synth_fit)
217 of 1461 steps (15%) done
Execute 1 jobs...
[Tue Apr 28 13:56:38 2026]
localrule synth_evaluate:
    input: results/synth/regime=easy/d=10/num_cycles=5/density=0.3/samp_size=500/seed=1/dataset.npz, results/synth/regime=easy/d=10/num_cycles=5/density=0.3/samp_size=500/seed=1/method=oica_scc_repare/model.pkl
    output: results/synth/regime=easy/d=10/num_cycles=5/density=0.3/samp_size=500/seed=1/method=oica_scc_repare/metrics.csv
    jobid: 130
    reason: Missing output files: results/synth/regime=easy/d=10/num_cycles=5/density=0.3/samp_size=500/seed=1/method=oica_scc_repare/metrics.csv; Input files updated by another job: results/synth/regime=easy/d=10/num_cycles=5/density=0.3/samp_size=500/seed=1/method=oica_scc_repare/model.pkl, results/synth/regime=easy/d=10/num_cycles=5/density=0.3/samp_size=500/seed=1/dataset.npz
    wildcards: regime=easy, d=10, num_cycles=5, density=0.3, samp_size=500, seed=1, method=oica_scc_repare
    resources: tmpdir=/tmp
Select jobs to execute...
[Tue Apr 28 13:56:40 2026]
Finished jobid: 130 (Rule: synth_evaluate)
218 of 1461 steps (15%) done
Execute 1 jobs...
[Tue Apr 28 13:56:40 2026]
localrule synth_fit:
    input: results/synth/regime=easy/d=10/num_cycles=3/density=0.5/samp_size=10000/seed=1/dataset.npz
    output: results/synth/regime=easy/d=10/num_cycles=3/density=0.5/samp_size=10000/seed=1/method=lacerda_repare/model.pkl
    jobid: 1278
    reason: Missing output files: results/synth/regime=easy/d=10/num_cycles=3/density=0.5/samp_size=10000/seed=1/method=lacerda_repare/model.pkl; Input files updated by another job: results/synth/regime=easy/d=10/num_cycles=3/density=0.5/samp_size=10000/seed=1/dataset.npz; Params have changed since last execution: Union of exclusive params before and now across all output: before: <nothing exclusive> now: [0.01, 0.05, 0.1],[0.05, 0.1, 0.15, 0.2] 
    wildcards: regime=easy, d=10, num_cycles=3, density=0.5, samp_size=10000, seed=1, method=lacerda_repare
    resources: tmpdir=/tmp
Select jobs to execute...
[Tue Apr 28 13:57:57 2026]
Finished jobid: 1082 (Rule: synth_fit)
219 of 1461 steps (15%) done
Execute 1 jobs...
[Tue Apr 28 13:57:57 2026]
localrule synth_fit:
    input: results/synth/regime=easy/d=10/num_cycles=4/density=0.8/samp_size=100/seed=2/dataset.npz
    output: results/synth/regime=easy/d=10/num_cycles=4/density=0.8/samp_size=100/seed=2/method=lacerda_repare/model.pkl
    jobid: 805
    reason: Missing output files: results/synth/regime=easy/d=10/num_cycles=4/density=0.8/samp_size=100/seed=2/method=lacerda_repare/model.pkl; Input files updated by another job: results/synth/regime=easy/d=10/num_cycles=4/density=0.8/samp_size=100/seed=2/dataset.npz
    wildcards: regime=easy, d=10, num_cycles=4, density=0.8, samp_size=100, seed=2, method=lacerda_repare
    resources: tmpdir=/tmp
Select jobs to execute...
[Tue Apr 28 13:58:00 2026]
Finished jobid: 805 (Rule: synth_fit)
220 of 1461 steps (15%) done
Execute 1 jobs...
[Tue Apr 28 13:58:00 2026]
localrule synth_fit:
    input: results/synth/regime=easy/d=10/num_cycles=5/density=0.3/samp_size=50/seed=0/dataset.npz
    output: results/synth/regime=easy/d=10/num_cycles=5/density=0.3/samp_size=50/seed=0/method=lacerda/model.pkl
    jobid: 452
    reason: Missing output files: results/synth/regime=easy/d=10/num_cycles=5/density=0.3/samp_size=50/seed=0/method=lacerda/model.pkl; Input files updated by another job: results/synth/regime=easy/d=10/num_cycles=5/density=0.3/samp_size=50/seed=0/dataset.npz
    wildcards: regime=easy, d=10, num_cycles=5, density=0.3, samp_size=50, seed=0, method=lacerda
    resources: tmpdir=/tmp
Select jobs to execute...
[Tue Apr 28 13:58:01 2026]
Finished jobid: 452 (Rule: synth_fit)
221 of 1461 steps (15%) done
Execute 1 jobs...
[Tue Apr 28 13:58:02 2026]
localrule synth_generate:
    output: results/synth/regime=easy/d=10/num_cycles=4/density=0.8/samp_size=10000/seed=0/dataset.npz
    jobid: 588
    reason: Missing output files: results/synth/regime=easy/d=10/num_cycles=4/density=0.8/samp_size=10000/seed=0/dataset.npz
    wildcards: regime=easy, d=10, num_cycles=4, density=0.8, samp_size=10000, seed=0
    resources: tmpdir=/tmp
Select jobs to execute...
[Tue Apr 28 13:58:03 2026]
Finished jobid: 588 (Rule: synth_generate)
222 of 1461 steps (15%) done
Execute 1 jobs...
[Tue Apr 28 13:58:03 2026]
localrule synth_fit:
    input: results/synth/regime=easy/d=10/num_cycles=4/density=0.8/samp_size=500/seed=0/dataset.npz
    output: results/synth/regime=easy/d=10/num_cycles=4/density=0.8/samp_size=500/seed=0/method=lacerda/model.pkl
    jobid: 915
    reason: Missing output files: results/synth/regime=easy/d=10/num_cycles=4/density=0.8/samp_size=500/seed=0/method=lacerda/model.pkl; Input files updated by another job: results/synth/regime=easy/d=10/num_cycles=4/density=0.8/samp_size=500/seed=0/dataset.npz
    wildcards: regime=easy, d=10, num_cycles=4, density=0.8, samp_size=500, seed=0, method=lacerda
    resources: tmpdir=/tmp
Select jobs to execute...
[Tue Apr 28 13:58:04 2026]
Finished jobid: 915 (Rule: synth_fit)
223 of 1461 steps (15%) done
Execute 1 jobs...
[Tue Apr 28 13:58:04 2026]
localrule synth_fit:
    input: results/synth/regime=easy/d=10/num_cycles=3/density=0.8/samp_size=5000/seed=0/dataset.npz
    output: results/synth/regime=easy/d=10/num_cycles=3/density=0.8/samp_size=5000/seed=0/method=oica_no_repare/model.pkl
    jobid: 675
    reason: Missing output files: results/synth/regime=easy/d=10/num_cycles=3/density=0.8/samp_size=5000/seed=0/method=oica_no_repare/model.pkl; Input files updated by another job: results/synth/regime=easy/d=10/num_cycles=3/density=0.8/samp_size=5000/seed=0/dataset.npz
    wildcards: regime=easy, d=10, num_cycles=3, density=0.8, samp_size=5000, seed=0, method=oica_no_repare
    resources: tmpdir=/tmp
Select jobs to execute...
[Tue Apr 28 13:58:05 2026]
Finished jobid: 675 (Rule: synth_fit)
224 of 1461 steps (15%) done
Execute 1 jobs...
[Tue Apr 28 13:58:05 2026]
localrule synth_generate:
    output: results/synth/regime=easy/d=10/num_cycles=4/density=0.8/samp_size=5000/seed=0/dataset.npz
    jobid: 579
    reason: Missing output files: results/synth/regime=easy/d=10/num_cycles=4/density=0.8/samp_size=5000/seed=0/dataset.npz
    wildcards: regime=easy, d=10, num_cycles=4, density=0.8, samp_size=5000, seed=0
    resources: tmpdir=/tmp
Select jobs to execute...
[Tue Apr 28 13:58:07 2026]
Finished jobid: 579 (Rule: synth_generate)
225 of 1461 steps (15%) done
Execute 1 jobs...
[Tue Apr 28 13:58:07 2026]
localrule synth_fit:
    input: results/synth/regime=easy/d=10/num_cycles=4/density=0.8/samp_size=100/seed=2/dataset.npz
    output: results/synth/regime=easy/d=10/num_cycles=4/density=0.8/samp_size=100/seed=2/method=lacerda/model.pkl
    jobid: 913
    reason: Missing output files: results/synth/regime=easy/d=10/num_cycles=4/density=0.8/samp_size=100/seed=2/method=lacerda/model.pkl; Input files updated by another job: results/synth/regime=easy/d=10/num_cycles=4/density=0.8/samp_size=100/seed=2/dataset.npz
    wildcards: regime=easy, d=10, num_cycles=4, density=0.8, samp_size=100, seed=2, method=lacerda
    resources: tmpdir=/tmp
Select jobs to execute...
[Tue Apr 28 13:58:09 2026]
Finished jobid: 913 (Rule: synth_fit)
226 of 1461 steps (15%) done
Execute 1 jobs...
[Tue Apr 28 13:58:09 2026]
localrule synth_evaluate:
    input: results/synth/regime=easy/d=10/num_cycles=5/density=0.3/samp_size=500/seed=0/dataset.npz, results/synth/regime=easy/d=10/num_cycles=5/density=0.3/samp_size=500/seed=0/method=oica_scc_repare/model.pkl
    output: results/synth/regime=easy/d=10/num_cycles=5/density=0.3/samp_size=500/seed=0/method=oica_scc_repare/metrics.csv
    jobid: 127
    reason: Missing output files: results/synth/regime=easy/d=10/num_cycles=5/density=0.3/samp_size=500/seed=0/method=oica_scc_repare/metrics.csv; Input files updated by another job: results/synth/regime=easy/d=10/num_cycles=5/density=0.3/samp_size=500/seed=0/method=oica_scc_repare/model.pkl, results/synth/regime=easy/d=10/num_cycles=5/density=0.3/samp_size=500/seed=0/dataset.npz
    wildcards: regime=easy, d=10, num_cycles=5, density=0.3, samp_size=500, seed=0, method=oica_scc_repare
    resources: tmpdir=/tmp
Select jobs to execute...
[Tue Apr 28 13:58:10 2026]
Finished jobid: 127 (Rule: synth_evaluate)
227 of 1461 steps (16%) done
Execute 1 jobs...
[Tue Apr 28 13:58:10 2026]
localrule synth_evaluate:
    input: results/synth/regime=easy/d=10/num_cycles=4/density=0.5/samp_size=1000/seed=1/dataset.npz, results/synth/regime=easy/d=10/num_cycles=4/density=0.5/samp_size=1000/seed=1/method=oica_scc_repare/model.pkl
    output: results/synth/regime=easy/d=10/num_cycles=4/density=0.5/samp_size=1000/seed=1/method=oica_scc_repare/metrics.csv
    jobid: 1059
    reason: Missing output files: results/synth/regime=easy/d=10/num_cycles=4/density=0.5/samp_size=1000/seed=1/method=oica_scc_repare/metrics.csv; Input files updated by another job: results/synth/regime=easy/d=10/num_cycles=4/density=0.5/samp_size=1000/seed=1/dataset.npz, results/synth/regime=easy/d=10/num_cycles=4/density=0.5/samp_size=1000/seed=1/method=oica_scc_repare/model.pkl
    wildcards: regime=easy, d=10, num_cycles=4, density=0.5, samp_size=1000, seed=1, method=oica_scc_repare
    resources: tmpdir=/tmp
Select jobs to execute...
[Tue Apr 28 13:58:11 2026]
Finished jobid: 1059 (Rule: synth_evaluate)
228 of 1461 steps (16%) done
Execute 1 jobs...
[Tue Apr 28 13:58:11 2026]
localrule synth_fit:
    input: results/synth/regime=easy/d=10/num_cycles=3/density=0.5/samp_size=10000/seed=1/dataset.npz
    output: results/synth/regime=easy/d=10/num_cycles=3/density=0.5/samp_size=10000/seed=1/method=lacerda/model.pkl
    jobid: 1386
    reason: Missing output files: results/synth/regime=easy/d=10/num_cycles=3/density=0.5/samp_size=10000/seed=1/method=lacerda/model.pkl; Input files updated by another job: results/synth/regime=easy/d=10/num_cycles=3/density=0.5/samp_size=10000/seed=1/dataset.npz; Params have changed since last execution: Union of exclusive params before and now across all output: before: <nothing exclusive> now: [0.01, 0.05, 0.1],[0.05, 0.1, 0.15, 0.2] 
    wildcards: regime=easy, d=10, num_cycles=3, density=0.5, samp_size=10000, seed=1, method=lacerda
    resources: tmpdir=/tmp
Select jobs to execute...
[Tue Apr 28 13:58:13 2026]
Finished jobid: 1386 (Rule: synth_fit)
229 of 1461 steps (16%) done
Execute 1 jobs...
[Tue Apr 28 13:58:13 2026]
localrule synth_generate:
    output: results/synth/regime=easy/d=10/num_cycles=4/density=0.3/samp_size=10000/seed=0/dataset.npz
    jobid: 101
    reason: Missing output files: results/synth/regime=easy/d=10/num_cycles=4/density=0.3/samp_size=10000/seed=0/dataset.npz
    wildcards: regime=easy, d=10, num_cycles=4, density=0.3, samp_size=10000, seed=0
    resources: tmpdir=/tmp
Select jobs to execute...
[Tue Apr 28 13:58:14 2026]
Finished jobid: 101 (Rule: synth_generate)
230 of 1461 steps (16%) done
Execute 1 jobs...
[Tue Apr 28 13:58:14 2026]
localrule synth_fit:
    input: results/synth/regime=easy/d=10/num_cycles=4/density=0.3/samp_size=10000/seed=0/dataset.npz
    output: results/synth/regime=easy/d=10/num_cycles=4/density=0.3/samp_size=10000/seed=0/method=oica_scc_repare/model.pkl
    jobid: 102
    reason: Missing output files: results/synth/regime=easy/d=10/num_cycles=4/density=0.3/samp_size=10000/seed=0/method=oica_scc_repare/model.pkl; Input files updated by another job: results/synth/regime=easy/d=10/num_cycles=4/density=0.3/samp_size=10000/seed=0/dataset.npz
    wildcards: regime=easy, d=10, num_cycles=4, density=0.3, samp_size=10000, seed=0, method=oica_scc_repare
    resources: tmpdir=/tmp
Select jobs to execute...
[Tue Apr 28 14:01:10 2026]
Finished jobid: 332 (Rule: synth_fit)
231 of 1461 steps (16%) done
Execute 1 jobs...
[Tue Apr 28 14:01:10 2026]
localrule synth_evaluate:
    input: results/synth/regime=easy/d=10/num_cycles=3/density=0.3/samp_size=50/seed=0/dataset.npz, results/synth/regime=easy/d=10/num_cycles=3/density=0.3/samp_size=50/seed=0/method=lacerda_repare/model.pkl
    output: results/synth/regime=easy/d=10/num_cycles=3/density=0.3/samp_size=50/seed=0/method=lacerda_repare/metrics.csv
    jobid: 271
    reason: Missing output files: results/synth/regime=easy/d=10/num_cycles=3/density=0.3/samp_size=50/seed=0/method=lacerda_repare/metrics.csv; Input files updated by another job: results/synth/regime=easy/d=10/num_cycles=3/density=0.3/samp_size=50/seed=0/dataset.npz, results/synth/regime=easy/d=10/num_cycles=3/density=0.3/samp_size=50/seed=0/method=lacerda_repare/model.pkl
    wildcards: regime=easy, d=10, num_cycles=3, density=0.3, samp_size=50, seed=0, method=lacerda_repare
    resources: tmpdir=/tmp
Select jobs to execute...
[Tue Apr 28 14:01:12 2026]
Finished jobid: 271 (Rule: synth_evaluate)
232 of 1461 steps (16%) done
Execute 1 jobs...
[Tue Apr 28 14:01:12 2026]
localrule synth_generate:
    output: results/synth/regime=easy/d=10/num_cycles=3/density=0.8/samp_size=50/seed=0/dataset.npz
    jobid: 489
    reason: Missing output files: results/synth/regime=easy/d=10/num_cycles=3/density=0.8/samp_size=50/seed=0/dataset.npz
    wildcards: regime=easy, d=10, num_cycles=3, density=0.8, samp_size=50, seed=0
    resources: tmpdir=/tmp
Select jobs to execute...
[Tue Apr 28 14:01:13 2026]
Finished jobid: 489 (Rule: synth_generate)
233 of 1461 steps (16%) done
Execute 1 jobs...
[Tue Apr 28 14:01:13 2026]
localrule synth_evaluate:
    input: results/synth/regime=easy/d=10/num_cycles=4/density=0.5/samp_size=1000/seed=0/dataset.npz, results/synth/regime=easy/d=10/num_cycles=4/density=0.5/samp_size=1000/seed=0/method=oica_scc_repare/model.pkl
    output: results/synth/regime=easy/d=10/num_cycles=4/density=0.5/samp_size=1000/seed=0/method=oica_scc_repare/metrics.csv
    jobid: 1056
    reason: Missing output files: results/synth/regime=easy/d=10/num_cycles=4/density=0.5/samp_size=1000/seed=0/method=oica_scc_repare/metrics.csv; Input files updated by another job: results/synth/regime=easy/d=10/num_cycles=4/density=0.5/samp_size=1000/seed=0/method=oica_scc_repare/model.pkl, results/synth/regime=easy/d=10/num_cycles=4/density=0.5/samp_size=1000/seed=0/dataset.npz
    wildcards: regime=easy, d=10, num_cycles=4, density=0.5, samp_size=1000, seed=0, method=oica_scc_repare
    resources: tmpdir=/tmp
Select jobs to execute...
[Tue Apr 28 14:01:14 2026]
Finished jobid: 1056 (Rule: synth_evaluate)
234 of 1461 steps (16%) done
Execute 1 jobs...
[Tue Apr 28 14:01:14 2026]
localrule synth_fit:
    input: results/synth/regime=easy/d=10/num_cycles=3/density=0.5/samp_size=1000/seed=0/dataset.npz
    output: results/synth/regime=easy/d=10/num_cycles=3/density=0.5/samp_size=1000/seed=0/method=lacerda_repare/model.pkl
    jobid: 1264
    reason: Missing output files: results/synth/regime=easy/d=10/num_cycles=3/density=0.5/samp_size=1000/seed=0/method=lacerda_repare/model.pkl; Input files updated by another job: results/synth/regime=easy/d=10/num_cycles=3/density=0.5/samp_size=1000/seed=0/dataset.npz; Params have changed since last execution: Union of exclusive params before and now across all output: before: <nothing exclusive> now: [0.01, 0.05, 0.1],[0.05, 0.1, 0.15, 0.2] 
    wildcards: regime=easy, d=10, num_cycles=3, density=0.5, samp_size=1000, seed=0, method=lacerda_repare
    resources: tmpdir=/tmp
Select jobs to execute...
[Tue Apr 28 14:01:21 2026]
Finished jobid: 1264 (Rule: synth_fit)
235 of 1461 steps (16%) done
Execute 1 jobs...
[Tue Apr 28 14:01:21 2026]
localrule synth_fit:
    input: results/synth/regime=easy/d=10/num_cycles=3/density=0.8/samp_size=1000/seed=1/dataset.npz
    output: results/synth/regime=easy/d=10/num_cycles=3/density=0.8/samp_size=1000/seed=1/method=oica_no_repare/model.pkl
    jobid: 671
    reason: Missing output files: results/synth/regime=easy/d=10/num_cycles=3/density=0.8/samp_size=1000/seed=1/method=oica_no_repare/model.pkl; Input files updated by another job: results/synth/regime=easy/d=10/num_cycles=3/density=0.8/samp_size=1000/seed=1/dataset.npz
    wildcards: regime=easy, d=10, num_cycles=3, density=0.8, samp_size=1000, seed=1, method=oica_no_repare
    resources: tmpdir=/tmp
Select jobs to execute...
[Tue Apr 28 14:01:22 2026]
Finished jobid: 671 (Rule: synth_fit)
236 of 1461 steps (16%) done
Execute 1 jobs...
[Tue Apr 28 14:01:22 2026]
localrule synth_fit:
    input: results/synth/regime=easy/d=10/num_cycles=4/density=0.3/samp_size=5000/seed=2/dataset.npz
    output: results/synth/regime=easy/d=10/num_cycles=4/density=0.3/samp_size=5000/seed=2/method=oica_scc_repare/model.pkl
    jobid: 99
    reason: Missing output files: results/synth/regime=easy/d=10/num_cycles=4/density=0.3/samp_size=5000/seed=2/method=oica_scc_repare/model.pkl; Input files updated by another job: results/synth/regime=easy/d=10/num_cycles=4/density=0.3/samp_size=5000/seed=2/dataset.npz
    wildcards: regime=easy, d=10, num_cycles=4, density=0.3, samp_size=5000, seed=2, method=oica_scc_repare
    resources: tmpdir=/tmp
Select jobs to execute...
[Tue Apr 28 14:01:38 2026]
Finished jobid: 304 (Rule: synth_fit)
237 of 1461 steps (16%) done
Execute 1 jobs...
[Tue Apr 28 14:01:38 2026]
localrule synth_fit:
    input: results/synth/regime=easy/d=10/num_cycles=4/density=0.3/samp_size=5000/seed=1/dataset.npz
    output: results/synth/regime=easy/d=10/num_cycles=4/density=0.3/samp_size=5000/seed=1/method=lacerda_repare/model.pkl
    jobid: 334
    reason: Missing output files: results/synth/regime=easy/d=10/num_cycles=4/density=0.3/samp_size=5000/seed=1/method=lacerda_repare/model.pkl; Input files updated by another job: results/synth/regime=easy/d=10/num_cycles=4/density=0.3/samp_size=5000/seed=1/dataset.npz
    wildcards: regime=easy, d=10, num_cycles=4, density=0.3, samp_size=5000, seed=1, method=lacerda_repare
    resources: tmpdir=/tmp
Select jobs to execute...
[Tue Apr 28 14:10:25 2026]
Finished jobid: 99 (Rule: synth_fit)
238 of 1461 steps (16%) done
Execute 1 jobs...
[Tue Apr 28 14:10:25 2026]
localrule synth_generate:
    output: results/synth/regime=easy/d=10/num_cycles=4/density=0.8/samp_size=1000/seed=2/dataset.npz
    jobid: 576
    reason: Missing output files: results/synth/regime=easy/d=10/num_cycles=4/density=0.8/samp_size=1000/seed=2/dataset.npz
    wildcards: regime=easy, d=10, num_cycles=4, density=0.8, samp_size=1000, seed=2
    resources: tmpdir=/tmp
Select jobs to execute...
[Tue Apr 28 14:10:26 2026]
Finished jobid: 576 (Rule: synth_generate)
239 of 1461 steps (16%) done
Execute 1 jobs...
[Tue Apr 28 14:10:26 2026]
localrule synth_fit:
    input: results/synth/regime=easy/d=10/num_cycles=3/density=0.5/samp_size=500/seed=2/dataset.npz
    output: results/synth/regime=easy/d=10/num_cycles=3/density=0.5/samp_size=500/seed=2/method=lacerda_repare/model.pkl
    jobid: 1262
    reason: Missing output files: results/synth/regime=easy/d=10/num_cycles=3/density=0.5/samp_size=500/seed=2/method=lacerda_repare/model.pkl; Input files updated by another job: results/synth/regime=easy/d=10/num_cycles=3/density=0.5/samp_size=500/seed=2/dataset.npz; Params have changed since last execution: Union of exclusive params before and now across all output: before: <nothing exclusive> now: [0.01, 0.05, 0.1],[0.05, 0.1, 0.15, 0.2] 
    wildcards: regime=easy, d=10, num_cycles=3, density=0.5, samp_size=500, seed=2, method=lacerda_repare
    resources: tmpdir=/tmp
Select jobs to execute...
[Tue Apr 28 14:10:30 2026]
Finished jobid: 1262 (Rule: synth_fit)
240 of 1461 steps (16%) done
Execute 1 jobs...
[Tue Apr 28 14:10:30 2026]
localrule synth_fit:
    input: results/synth/regime=easy/d=10/num_cycles=3/density=0.8/samp_size=1000/seed=0/dataset.npz
    output: results/synth/regime=easy/d=10/num_cycles=3/density=0.8/samp_size=1000/seed=0/method=oica_no_repare/model.pkl
    jobid: 669
    reason: Missing output files: results/synth/regime=easy/d=10/num_cycles=3/density=0.8/samp_size=1000/seed=0/method=oica_no_repare/model.pkl; Input files updated by another job: results/synth/regime=easy/d=10/num_cycles=3/density=0.8/samp_size=1000/seed=0/dataset.npz
    wildcards: regime=easy, d=10, num_cycles=3, density=0.8, samp_size=1000, seed=0, method=oica_no_repare
    resources: tmpdir=/tmp
Select jobs to execute...
[Tue Apr 28 14:10:32 2026]
Finished jobid: 669 (Rule: synth_fit)
241 of 1461 steps (16%) done
Execute 1 jobs...
[Tue Apr 28 14:10:32 2026]
localrule synth_fit:
    input: results/synth/regime=easy/d=10/num_cycles=3/density=0.8/samp_size=500/seed=2/dataset.npz
    output: results/synth/regime=easy/d=10/num_cycles=3/density=0.8/samp_size=500/seed=2/method=oica_no_repare/model.pkl
    jobid: 667
    reason: Missing output files: results/synth/regime=easy/d=10/num_cycles=3/density=0.8/samp_size=500/seed=2/method=oica_no_repare/model.pkl; Input files updated by another job: results/synth/regime=easy/d=10/num_cycles=3/density=0.8/samp_size=500/seed=2/dataset.npz
    wildcards: regime=easy, d=10, num_cycles=3, density=0.8, samp_size=500, seed=2, method=oica_no_repare
    resources: tmpdir=/tmp
Select jobs to execute...
[Tue Apr 28 14:10:33 2026]
Finished jobid: 667 (Rule: synth_fit)
242 of 1461 steps (17%) done
Execute 1 jobs...
[Tue Apr 28 14:10:33 2026]
localrule synth_fit:
    input: results/synth/regime=easy/d=10/num_cycles=3/density=0.5/samp_size=500/seed=1/dataset.npz
    output: results/synth/regime=easy/d=10/num_cycles=3/density=0.5/samp_size=500/seed=1/method=lacerda_repare/model.pkl
    jobid: 1260
    reason: Missing output files: results/synth/regime=easy/d=10/num_cycles=3/density=0.5/samp_size=500/seed=1/method=lacerda_repare/model.pkl; Input files updated by another job: results/synth/regime=easy/d=10/num_cycles=3/density=0.5/samp_size=500/seed=1/dataset.npz; Params have changed since last execution: Union of exclusive params before and now across all output: before: <nothing exclusive> now: [0.01, 0.05, 0.1],[0.05, 0.1, 0.15, 0.2] 
    wildcards: regime=easy, d=10, num_cycles=3, density=0.5, samp_size=500, seed=1, method=lacerda_repare
    resources: tmpdir=/tmp
Select jobs to execute...
[Tue Apr 28 14:10:37 2026]
Finished jobid: 1260 (Rule: synth_fit)
243 of 1461 steps (17%) done
Execute 1 jobs...
[Tue Apr 28 14:10:37 2026]
localrule synth_fit:
    input: results/synth/regime=easy/d=10/num_cycles=4/density=0.8/samp_size=1000/seed=2/dataset.npz
    output: results/synth/regime=easy/d=10/num_cycles=4/density=0.8/samp_size=1000/seed=2/method=oica_scc_repare/model.pkl
    jobid: 577
    reason: Missing output files: results/synth/regime=easy/d=10/num_cycles=4/density=0.8/samp_size=1000/seed=2/method=oica_scc_repare/model.pkl; Input files updated by another job: results/synth/regime=easy/d=10/num_cycles=4/density=0.8/samp_size=1000/seed=2/dataset.npz
    wildcards: regime=easy, d=10, num_cycles=4, density=0.8, samp_size=1000, seed=2, method=oica_scc_repare
    resources: tmpdir=/tmp
Select jobs to execute...
[Tue Apr 28 14:10:38 2026]
Finished jobid: 577 (Rule: synth_fit)
244 of 1461 steps (17%) done
Execute 1 jobs...
[Tue Apr 28 14:10:38 2026]
localrule synth_fit:
    input: results/synth/regime=easy/d=10/num_cycles=4/density=0.3/samp_size=5000/seed=1/dataset.npz
    output: results/synth/regime=easy/d=10/num_cycles=4/density=0.3/samp_size=5000/seed=1/method=oica_scc_repare/model.pkl
    jobid: 96
    reason: Missing output files: results/synth/regime=easy/d=10/num_cycles=4/density=0.3/samp_size=5000/seed=1/method=oica_scc_repare/model.pkl; Input files updated by another job: results/synth/regime=easy/d=10/num_cycles=4/density=0.3/samp_size=5000/seed=1/dataset.npz
    wildcards: regime=easy, d=10, num_cycles=4, density=0.3, samp_size=5000, seed=1, method=oica_scc_repare
    resources: tmpdir=/tmp
Select jobs to execute...
[Tue Apr 28 14:12:42 2026]
Finished jobid: 1136 (Rule: synth_fit)
245 of 1461 steps (17%) done
Execute 1 jobs...
[Tue Apr 28 14:12:42 2026]
localrule synth_fit:
    input: results/synth/regime=easy/d=10/num_cycles=4/density=0.5/samp_size=100/seed=2/dataset.npz
    output: results/synth/regime=easy/d=10/num_cycles=4/density=0.5/samp_size=100/seed=2/method=lacerda/model.pkl
    jobid: 1400
    reason: Missing output files: results/synth/regime=easy/d=10/num_cycles=4/density=0.5/samp_size=100/seed=2/method=lacerda/model.pkl; Input files updated by another job: results/synth/regime=easy/d=10/num_cycles=4/density=0.5/samp_size=100/seed=2/dataset.npz
    wildcards: regime=easy, d=10, num_cycles=4, density=0.5, samp_size=100, seed=2, method=lacerda
    resources: tmpdir=/tmp
Select jobs to execute...
[Tue Apr 28 14:12:44 2026]
Finished jobid: 1400 (Rule: synth_fit)
246 of 1461 steps (17%) done
Execute 1 jobs...
[Tue Apr 28 14:12:44 2026]
localrule synth_fit:
    input: results/synth/regime=easy/d=10/num_cycles=4/density=0.8/samp_size=50/seed=2/dataset.npz
    output: results/synth/regime=easy/d=10/num_cycles=4/density=0.8/samp_size=50/seed=2/method=lacerda/model.pkl
    jobid: 907
    reason: Missing output files: results/synth/regime=easy/d=10/num_cycles=4/density=0.8/samp_size=50/seed=2/method=lacerda/model.pkl; Input files updated by another job: results/synth/regime=easy/d=10/num_cycles=4/density=0.8/samp_size=50/seed=2/dataset.npz
    wildcards: regime=easy, d=10, num_cycles=4, density=0.8, samp_size=50, seed=2, method=lacerda
    resources: tmpdir=/tmp
Select jobs to execute...
[Tue Apr 28 14:12:46 2026]
Finished jobid: 907 (Rule: synth_fit)
247 of 1461 steps (17%) done
Execute 1 jobs...
[Tue Apr 28 14:12:46 2026]
localrule synth_generate:
    output: results/synth/regime=easy/d=10/num_cycles=4/density=0.8/samp_size=1000/seed=1/dataset.npz
    jobid: 573
    reason: Missing output files: results/synth/regime=easy/d=10/num_cycles=4/density=0.8/samp_size=1000/seed=1/dataset.npz
    wildcards: regime=easy, d=10, num_cycles=4, density=0.8, samp_size=1000, seed=1
    resources: tmpdir=/tmp
Select jobs to execute...
[Tue Apr 28 14:12:47 2026]
Finished jobid: 573 (Rule: synth_generate)
248 of 1461 steps (17%) done
Execute 1 jobs...
[Tue Apr 28 14:12:47 2026]
localrule synth_fit:
    input: results/synth/regime=easy/d=10/num_cycles=3/density=0.5/samp_size=500/seed=0/dataset.npz
    output: results/synth/regime=easy/d=10/num_cycles=3/density=0.5/samp_size=500/seed=0/method=lacerda_repare/model.pkl
    jobid: 1258
    reason: Missing output files: results/synth/regime=easy/d=10/num_cycles=3/density=0.5/samp_size=500/seed=0/method=lacerda_repare/model.pkl; Input files updated by another job: results/synth/regime=easy/d=10/num_cycles=3/density=0.5/samp_size=500/seed=0/dataset.npz; Params have changed since last execution: Union of exclusive params before and now across all output: before: <nothing exclusive> now: [0.01, 0.05, 0.1],[0.05, 0.1, 0.15, 0.2] 
    wildcards: regime=easy, d=10, num_cycles=3, density=0.5, samp_size=500, seed=0, method=lacerda_repare
    resources: tmpdir=/tmp
Select jobs to execute...
[Tue Apr 28 14:12:48 2026]
Finished jobid: 1258 (Rule: synth_fit)
249 of 1461 steps (17%) done
Execute 1 jobs...
[Tue Apr 28 14:12:48 2026]
localrule synth_evaluate:
    input: results/synth/regime=easy/d=10/num_cycles=4/density=0.5/samp_size=500/seed=0/dataset.npz, results/synth/regime=easy/d=10/num_cycles=4/density=0.5/samp_size=500/seed=0/method=oica_scc_repare/model.pkl
    output: results/synth/regime=easy/d=10/num_cycles=4/density=0.5/samp_size=500/seed=0/method=oica_scc_repare/metrics.csv
    jobid: 1047
    reason: Missing output files: results/synth/regime=easy/d=10/num_cycles=4/density=0.5/samp_size=500/seed=0/method=oica_scc_repare/metrics.csv; Input files updated by another job: results/synth/regime=easy/d=10/num_cycles=4/density=0.5/samp_size=500/seed=0/method=oica_scc_repare/model.pkl, results/synth/regime=easy/d=10/num_cycles=4/density=0.5/samp_size=500/seed=0/dataset.npz
    wildcards: regime=easy, d=10, num_cycles=4, density=0.5, samp_size=500, seed=0, method=oica_scc_repare
    resources: tmpdir=/tmp
Select jobs to execute...
[Tue Apr 28 14:12:50 2026]
Finished jobid: 1047 (Rule: synth_evaluate)
250 of 1461 steps (17%) done
Execute 1 jobs...
[Tue Apr 28 14:12:50 2026]
localrule synth_fit:
    input: results/synth/regime=easy/d=10/num_cycles=4/density=0.8/samp_size=1000/seed=1/dataset.npz
    output: results/synth/regime=easy/d=10/num_cycles=4/density=0.8/samp_size=1000/seed=1/method=oica_scc_repare/model.pkl
    jobid: 574
    reason: Missing output files: results/synth/regime=easy/d=10/num_cycles=4/density=0.8/samp_size=1000/seed=1/method=oica_scc_repare/model.pkl; Input files updated by another job: results/synth/regime=easy/d=10/num_cycles=4/density=0.8/samp_size=1000/seed=1/dataset.npz
    wildcards: regime=easy, d=10, num_cycles=4, density=0.8, samp_size=1000, seed=1, method=oica_scc_repare
    resources: tmpdir=/tmp
Select jobs to execute...
[Tue Apr 28 14:13:11 2026]
Finished jobid: 574 (Rule: synth_fit)
251 of 1461 steps (17%) done
Execute 1 jobs...
[Tue Apr 28 14:13:11 2026]
localrule synth_fit:
    input: results/synth/regime=easy/d=10/num_cycles=4/density=0.8/samp_size=50/seed=1/dataset.npz
    output: results/synth/regime=easy/d=10/num_cycles=4/density=0.8/samp_size=50/seed=1/method=lacerda/model.pkl
    jobid: 905
    reason: Missing output files: results/synth/regime=easy/d=10/num_cycles=4/density=0.8/samp_size=50/seed=1/method=lacerda/model.pkl; Input files updated by another job: results/synth/regime=easy/d=10/num_cycles=4/density=0.8/samp_size=50/seed=1/dataset.npz
    wildcards: regime=easy, d=10, num_cycles=4, density=0.8, samp_size=50, seed=1, method=lacerda
    resources: tmpdir=/tmp
Select jobs to execute...
[Tue Apr 28 14:13:12 2026]
Finished jobid: 905 (Rule: synth_fit)
252 of 1461 steps (17%) done
Execute 1 jobs...
[Tue Apr 28 14:13:12 2026]
localrule synth_fit:
    input: results/synth/regime=easy/d=10/num_cycles=4/density=0.8/samp_size=1000/seed=0/dataset.npz
    output: results/synth/regime=easy/d=10/num_cycles=4/density=0.8/samp_size=1000/seed=0/method=oica_scc_repare/model.pkl
    jobid: 571
    reason: Missing output files: results/synth/regime=easy/d=10/num_cycles=4/density=0.8/samp_size=1000/seed=0/method=oica_scc_repare/model.pkl; Input files updated by another job: results/synth/regime=easy/d=10/num_cycles=4/density=0.8/samp_size=1000/seed=0/dataset.npz
    wildcards: regime=easy, d=10, num_cycles=4, density=0.8, samp_size=1000, seed=0, method=oica_scc_repare
    resources: tmpdir=/tmp
Select jobs to execute...
[Tue Apr 28 14:13:14 2026]
Finished jobid: 571 (Rule: synth_fit)
253 of 1461 steps (17%) done
Execute 1 jobs...
[Tue Apr 28 14:13:14 2026]
localrule synth_fit:
    input: results/synth/regime=easy/d=10/num_cycles=3/density=0.5/samp_size=100/seed=2/dataset.npz
    output: results/synth/regime=easy/d=10/num_cycles=3/density=0.5/samp_size=100/seed=2/method=lacerda_repare/model.pkl
    jobid: 1256
    reason: Missing output files: results/synth/regime=easy/d=10/num_cycles=3/density=0.5/samp_size=100/seed=2/method=lacerda_repare/model.pkl; Input files updated by another job: results/synth/regime=easy/d=10/num_cycles=3/density=0.5/samp_size=100/seed=2/dataset.npz; Params have changed since last execution: Union of exclusive params before and now across all output: before: <nothing exclusive> now: [0.01, 0.05, 0.1],[0.05, 0.1, 0.15, 0.2] 
    wildcards: regime=easy, d=10, num_cycles=3, density=0.5, samp_size=100, seed=2, method=lacerda_repare
    resources: tmpdir=/tmp
Select jobs to execute...
[Tue Apr 28 14:13:16 2026]
Finished jobid: 1256 (Rule: synth_fit)
254 of 1461 steps (17%) done
Execute 1 jobs...
[Tue Apr 28 14:13:16 2026]
localrule synth_fit:
    input: results/synth/regime=easy/d=10/num_cycles=5/density=0.3/samp_size=50/seed=0/dataset.npz
    output: results/synth/regime=easy/d=10/num_cycles=5/density=0.3/samp_size=50/seed=0/method=oica_scc_repare/model.pkl
    jobid: 111
    reason: Missing output files: results/synth/regime=easy/d=10/num_cycles=5/density=0.3/samp_size=50/seed=0/method=oica_scc_repare/model.pkl; Input files updated by another job: results/synth/regime=easy/d=10/num_cycles=5/density=0.3/samp_size=50/seed=0/dataset.npz
    wildcards: regime=easy, d=10, num_cycles=5, density=0.3, samp_size=50, seed=0, method=oica_scc_repare
    resources: tmpdir=/tmp
Select jobs to execute...
[Tue Apr 28 14:13:17 2026]
Finished jobid: 111 (Rule: synth_fit)
255 of 1461 steps (17%) done
Execute 1 jobs...
[Tue Apr 28 14:13:17 2026]
localrule synth_fit:
    input: results/synth/regime=easy/d=10/num_cycles=4/density=0.3/samp_size=5000/seed=0/dataset.npz
    output: results/synth/regime=easy/d=10/num_cycles=4/density=0.3/samp_size=5000/seed=0/method=oica_scc_repare/model.pkl
    jobid: 93
    reason: Missing output files: results/synth/regime=easy/d=10/num_cycles=4/density=0.3/samp_size=5000/seed=0/method=oica_scc_repare/model.pkl; Input files updated by another job: results/synth/regime=easy/d=10/num_cycles=4/density=0.3/samp_size=5000/seed=0/dataset.npz
    wildcards: regime=easy, d=10, num_cycles=4, density=0.3, samp_size=5000, seed=0, method=oica_scc_repare
    resources: tmpdir=/tmp
Select jobs to execute...
[Tue Apr 28 14:16:49 2026]
Finished jobid: 1130 (Rule: synth_fit)
256 of 1461 steps (18%) done
Execute 1 jobs...
[Tue Apr 28 14:16:49 2026]
localrule synth_fit:
    input: results/synth/regime=easy/d=10/num_cycles=4/density=0.5/samp_size=1000/seed=2/dataset.npz
    output: results/synth/regime=easy/d=10/num_cycles=4/density=0.5/samp_size=1000/seed=2/method=oica_scc_repare/model.pkl
    jobid: 1064
    reason: Missing output files: results/synth/regime=easy/d=10/num_cycles=4/density=0.5/samp_size=1000/seed=2/method=oica_scc_repare/model.pkl; Input files updated by another job: results/synth/regime=easy/d=10/num_cycles=4/density=0.5/samp_size=1000/seed=2/dataset.npz
    wildcards: regime=easy, d=10, num_cycles=4, density=0.5, samp_size=1000, seed=2, method=oica_scc_repare
    resources: tmpdir=/tmp
Select jobs to execute...
[Tue Apr 28 14:16:54 2026]
Finished jobid: 1064 (Rule: synth_fit)
257 of 1461 steps (18%) done
Execute 1 jobs...
[Tue Apr 28 14:16:54 2026]
localrule synth_evaluate:
    input: results/synth/regime=easy/d=10/num_cycles=4/density=0.5/samp_size=1000/seed=2/dataset.npz, results/synth/regime=easy/d=10/num_cycles=4/density=0.5/samp_size=1000/seed=2/method=oica_scc_repare/model.pkl
    output: results/synth/regime=easy/d=10/num_cycles=4/density=0.5/samp_size=1000/seed=2/method=oica_scc_repare/metrics.csv
    jobid: 1062
    reason: Missing output files: results/synth/regime=easy/d=10/num_cycles=4/density=0.5/samp_size=1000/seed=2/method=oica_scc_repare/metrics.csv; Input files updated by another job: results/synth/regime=easy/d=10/num_cycles=4/density=0.5/samp_size=1000/seed=2/method=oica_scc_repare/model.pkl, results/synth/regime=easy/d=10/num_cycles=4/density=0.5/samp_size=1000/seed=2/dataset.npz
    wildcards: regime=easy, d=10, num_cycles=4, density=0.5, samp_size=1000, seed=2, method=oica_scc_repare
    resources: tmpdir=/tmp
Select jobs to execute...
[Tue Apr 28 14:16:55 2026]
Finished jobid: 1062 (Rule: synth_evaluate)
258 of 1461 steps (18%) done
Execute 1 jobs...
[Tue Apr 28 14:16:55 2026]
localrule synth_evaluate:
    input: results/synth/regime=easy/d=10/num_cycles=5/density=0.3/samp_size=50/seed=0/dataset.npz, results/synth/regime=easy/d=10/num_cycles=5/density=0.3/samp_size=50/seed=0/method=oica_scc_repare/model.pkl
    output: results/synth/regime=easy/d=10/num_cycles=5/density=0.3/samp_size=50/seed=0/method=oica_scc_repare/metrics.csv
    jobid: 109
    reason: Missing output files: results/synth/regime=easy/d=10/num_cycles=5/density=0.3/samp_size=50/seed=0/method=oica_scc_repare/metrics.csv; Input files updated by another job: results/synth/regime=easy/d=10/num_cycles=5/density=0.3/samp_size=50/seed=0/dataset.npz, results/synth/regime=easy/d=10/num_cycles=5/density=0.3/samp_size=50/seed=0/method=oica_scc_repare/model.pkl
    wildcards: regime=easy, d=10, num_cycles=5, density=0.3, samp_size=50, seed=0, method=oica_scc_repare
    resources: tmpdir=/tmp
Select jobs to execute...
[Tue Apr 28 14:16:56 2026]
Finished jobid: 109 (Rule: synth_evaluate)
259 of 1461 steps (18%) done
Execute 1 jobs...
[Tue Apr 28 14:16:56 2026]
localrule synth_evaluate:
    input: results/synth/regime=easy/d=10/num_cycles=4/density=0.5/samp_size=10000/seed=2/dataset.npz, results/synth/regime=easy/d=10/num_cycles=4/density=0.5/samp_size=10000/seed=2/method=oica_scc_repare/model.pkl
    output: results/synth/regime=easy/d=10/num_cycles=4/density=0.5/samp_size=10000/seed=2/method=oica_scc_repare/metrics.csv
    jobid: 1080
    reason: Missing output files: results/synth/regime=easy/d=10/num_cycles=4/density=0.5/samp_size=10000/seed=2/method=oica_scc_repare/metrics.csv; Input files updated by another job: results/synth/regime=easy/d=10/num_cycles=4/density=0.5/samp_size=10000/seed=2/method=oica_scc_repare/model.pkl, results/synth/regime=easy/d=10/num_cycles=4/density=0.5/samp_size=10000/seed=2/dataset.npz
    wildcards: regime=easy, d=10, num_cycles=4, density=0.5, samp_size=10000, seed=2, method=oica_scc_repare
    resources: tmpdir=/tmp
Select jobs to execute...
[Tue Apr 28 14:16:58 2026]
Finished jobid: 1080 (Rule: synth_evaluate)
260 of 1461 steps (18%) done
Execute 1 jobs...
[Tue Apr 28 14:16:58 2026]
localrule synth_generate:
    output: results/synth/regime=easy/d=10/num_cycles=5/density=0.3/samp_size=50/seed=1/dataset.npz
    jobid: 113
    reason: Missing output files: results/synth/regime=easy/d=10/num_cycles=5/density=0.3/samp_size=50/seed=1/dataset.npz
    wildcards: regime=easy, d=10, num_cycles=5, density=0.3, samp_size=50, seed=1
    resources: tmpdir=/tmp
Select jobs to execute...
[Tue Apr 28 14:16:59 2026]
Finished jobid: 113 (Rule: synth_generate)
261 of 1461 steps (18%) done
Execute 1 jobs...
[Tue Apr 28 14:16:59 2026]
localrule synth_generate:
    output: results/synth/regime=easy/d=10/num_cycles=4/density=0.5/samp_size=5000/seed=0/dataset.npz
    jobid: 1066
    reason: Missing output files: results/synth/regime=easy/d=10/num_cycles=4/density=0.5/samp_size=5000/seed=0/dataset.npz
    wildcards: regime=easy, d=10, num_cycles=4, density=0.5, samp_size=5000, seed=0
    resources: tmpdir=/tmp
Select jobs to execute...
[Tue Apr 28 14:17:00 2026]
Finished jobid: 1066 (Rule: synth_generate)
262 of 1461 steps (18%) done
Execute 1 jobs...
[Tue Apr 28 14:17:00 2026]
localrule synth_fit:
    input: results/synth/regime=easy/d=10/num_cycles=3/density=0.5/samp_size=100/seed=1/dataset.npz
    output: results/synth/regime=easy/d=10/num_cycles=3/density=0.5/samp_size=100/seed=1/method=lacerda_repare/model.pkl
    jobid: 1254
    reason: Missing output files: results/synth/regime=easy/d=10/num_cycles=3/density=0.5/samp_size=100/seed=1/method=lacerda_repare/model.pkl; Input files updated by another job: results/synth/regime=easy/d=10/num_cycles=3/density=0.5/samp_size=100/seed=1/dataset.npz; Params have changed since last execution: Union of exclusive params before and now across all output: before: <nothing exclusive> now: [0.01, 0.05, 0.1],[0.05, 0.1, 0.15, 0.2] 
    wildcards: regime=easy, d=10, num_cycles=3, density=0.5, samp_size=100, seed=1, method=lacerda_repare
    resources: tmpdir=/tmp
Select jobs to execute...
[Tue Apr 28 14:17:02 2026]
Finished jobid: 1254 (Rule: synth_fit)
263 of 1461 steps (18%) done
Execute 1 jobs...
[Tue Apr 28 14:17:02 2026]
localrule synth_evaluate:
    input: results/synth/regime=easy/d=10/num_cycles=4/density=0.8/samp_size=1000/seed=2/dataset.npz, results/synth/regime=easy/d=10/num_cycles=4/density=0.8/samp_size=1000/seed=2/method=oica_scc_repare/model.pkl
    output: results/synth/regime=easy/d=10/num_cycles=4/density=0.8/samp_size=1000/seed=2/method=oica_scc_repare/metrics.csv
    jobid: 575
    reason: Missing output files: results/synth/regime=easy/d=10/num_cycles=4/density=0.8/samp_size=1000/seed=2/method=oica_scc_repare/metrics.csv; Input files updated by another job: results/synth/regime=easy/d=10/num_cycles=4/density=0.8/samp_size=1000/seed=2/method=oica_scc_repare/model.pkl, results/synth/regime=easy/d=10/num_cycles=4/density=0.8/samp_size=1000/seed=2/dataset.npz
    wildcards: regime=easy, d=10, num_cycles=4, density=0.8, samp_size=1000, seed=2, method=oica_scc_repare
    resources: tmpdir=/tmp
Select jobs to execute...
[Tue Apr 28 14:17:03 2026]
Finished jobid: 575 (Rule: synth_evaluate)
264 of 1461 steps (18%) done
Execute 1 jobs...
[Tue Apr 28 14:17:03 2026]
localrule synth_generate:
    output: results/synth/regime=easy/d=10/num_cycles=3/density=0.5/samp_size=50/seed=0/dataset.npz
    jobid: 976
    reason: Missing output files: results/synth/regime=easy/d=10/num_cycles=3/density=0.5/samp_size=50/seed=0/dataset.npz
    wildcards: regime=easy, d=10, num_cycles=3, density=0.5, samp_size=50, seed=0
    resources: tmpdir=/tmp
Select jobs to execute...
[Tue Apr 28 14:17:05 2026]
Finished jobid: 976 (Rule: synth_generate)
265 of 1461 steps (18%) done
Execute 1 jobs...
[Tue Apr 28 14:17:05 2026]
localrule synth_fit:
    input: results/synth/regime=easy/d=10/num_cycles=4/density=0.8/samp_size=500/seed=2/dataset.npz
    output: results/synth/regime=easy/d=10/num_cycles=4/density=0.8/samp_size=500/seed=2/method=oica_scc_repare/model.pkl
    jobid: 568
    reason: Missing output files: results/synth/regime=easy/d=10/num_cycles=4/density=0.8/samp_size=500/seed=2/method=oica_scc_repare/model.pkl; Input files updated by another job: results/synth/regime=easy/d=10/num_cycles=4/density=0.8/samp_size=500/seed=2/dataset.npz
    wildcards: regime=easy, d=10, num_cycles=4, density=0.8, samp_size=500, seed=2, method=oica_scc_repare
    resources: tmpdir=/tmp
Select jobs to execute...
[Tue Apr 28 14:17:06 2026]
Finished jobid: 568 (Rule: synth_fit)
266 of 1461 steps (18%) done
Execute 1 jobs...
[Tue Apr 28 14:17:06 2026]
localrule synth_evaluate:
    input: results/synth/regime=easy/d=10/num_cycles=4/density=0.5/samp_size=100/seed=1/dataset.npz, results/synth/regime=easy/d=10/num_cycles=4/density=0.5/samp_size=100/seed=1/method=oica_scc_repare/model.pkl
    output: results/synth/regime=easy/d=10/num_cycles=4/density=0.5/samp_size=100/seed=1/method=oica_scc_repare/metrics.csv
    jobid: 1041
    reason: Missing output files: results/synth/regime=easy/d=10/num_cycles=4/density=0.5/samp_size=100/seed=1/method=oica_scc_repare/metrics.csv; Input files updated by another job: results/synth/regime=easy/d=10/num_cycles=4/density=0.5/samp_size=100/seed=1/dataset.npz, results/synth/regime=easy/d=10/num_cycles=4/density=0.5/samp_size=100/seed=1/method=oica_scc_repare/model.pkl
    wildcards: regime=easy, d=10, num_cycles=4, density=0.5, samp_size=100, seed=1, method=oica_scc_repare
    resources: tmpdir=/tmp
Select jobs to execute...
[Tue Apr 28 14:17:08 2026]
Finished jobid: 1041 (Rule: synth_evaluate)
267 of 1461 steps (18%) done
Execute 1 jobs...
[Tue Apr 28 14:17:08 2026]
localrule synth_fit:
    input: results/synth/regime=easy/d=10/num_cycles=4/density=0.3/samp_size=5000/seed=2/dataset.npz
    output: results/synth/regime=easy/d=10/num_cycles=4/density=0.3/samp_size=5000/seed=2/method=lacerda_repare/model.pkl
    jobid: 336
    reason: Missing output files: results/synth/regime=easy/d=10/num_cycles=4/density=0.3/samp_size=5000/seed=2/method=lacerda_repare/model.pkl; Input files updated by another job: results/synth/regime=easy/d=10/num_cycles=4/density=0.3/samp_size=5000/seed=2/dataset.npz
    wildcards: regime=easy, d=10, num_cycles=4, density=0.3, samp_size=5000, seed=2, method=lacerda_repare
    resources: tmpdir=/tmp
Select jobs to execute...
[Tue Apr 28 14:18:14 2026]
Finished jobid: 334 (Rule: synth_fit)
268 of 1461 steps (18%) done
Execute 1 jobs...
[Tue Apr 28 14:18:14 2026]
localrule synth_evaluate:
    input: results/synth/regime=easy/d=10/num_cycles=3/density=0.3/samp_size=500/seed=2/dataset.npz, results/synth/regime=easy/d=10/num_cycles=3/density=0.3/samp_size=500/seed=2/method=lacerda/model.pkl
    output: results/synth/regime=easy/d=10/num_cycles=3/density=0.3/samp_size=500/seed=2/method=lacerda/metrics.csv
    jobid: 395
    reason: Missing output files: results/synth/regime=easy/d=10/num_cycles=3/density=0.3/samp_size=500/seed=2/method=lacerda/metrics.csv; Input files updated by another job: results/synth/regime=easy/d=10/num_cycles=3/density=0.3/samp_size=500/seed=2/method=lacerda/model.pkl, results/synth/regime=easy/d=10/num_cycles=3/density=0.3/samp_size=500/seed=2/dataset.npz
    wildcards: regime=easy, d=10, num_cycles=3, density=0.3, samp_size=500, seed=2, method=lacerda
    resources: tmpdir=/tmp
Select jobs to execute...
[Tue Apr 28 14:18:15 2026]
Finished jobid: 395 (Rule: synth_evaluate)
269 of 1461 steps (18%) done
Execute 1 jobs...
[Tue Apr 28 14:18:15 2026]
localrule synth_evaluate:
    input: results/synth/regime=easy/d=10/num_cycles=4/density=0.8/samp_size=1000/seed=1/dataset.npz, results/synth/regime=easy/d=10/num_cycles=4/density=0.8/samp_size=1000/seed=1/method=oica_scc_repare/model.pkl
    output: results/synth/regime=easy/d=10/num_cycles=4/density=0.8/samp_size=1000/seed=1/method=oica_scc_repare/metrics.csv
    jobid: 572
    reason: Missing output files: results/synth/regime=easy/d=10/num_cycles=4/density=0.8/samp_size=1000/seed=1/method=oica_scc_repare/metrics.csv; Input files updated by another job: results/synth/regime=easy/d=10/num_cycles=4/density=0.8/samp_size=1000/seed=1/method=oica_scc_repare/model.pkl, results/synth/regime=easy/d=10/num_cycles=4/density=0.8/samp_size=1000/seed=1/dataset.npz
    wildcards: regime=easy, d=10, num_cycles=4, density=0.8, samp_size=1000, seed=1, method=oica_scc_repare
    resources: tmpdir=/tmp
Select jobs to execute...
[Tue Apr 28 14:18:16 2026]
Finished jobid: 572 (Rule: synth_evaluate)
270 of 1461 steps (18%) done
Execute 1 jobs...
[Tue Apr 28 14:18:17 2026]
localrule synth_fit:
    input: results/synth/regime=easy/d=10/num_cycles=4/density=0.3/samp_size=1000/seed=0/dataset.npz
    output: results/synth/regime=easy/d=10/num_cycles=4/density=0.3/samp_size=1000/seed=0/method=oica_no_repare/model.pkl
    jobid: 218
    reason: Missing output files: results/synth/regime=easy/d=10/num_cycles=4/density=0.3/samp_size=1000/seed=0/method=oica_no_repare/model.pkl; Input files updated by another job: results/synth/regime=easy/d=10/num_cycles=4/density=0.3/samp_size=1000/seed=0/dataset.npz
    wildcards: regime=easy, d=10, num_cycles=4, density=0.3, samp_size=1000, seed=0, method=oica_no_repare
    resources: tmpdir=/tmp
Select jobs to execute...
[Tue Apr 28 14:18:18 2026]
Finished jobid: 218 (Rule: synth_fit)
271 of 1461 steps (19%) done
Execute 1 jobs...
[Tue Apr 28 14:18:18 2026]
localrule synth_fit:
    input: results/synth/regime=easy/d=10/num_cycles=4/density=0.3/samp_size=10000/seed=0/dataset.npz
    output: results/synth/regime=easy/d=10/num_cycles=4/density=0.3/samp_size=10000/seed=0/method=lacerda_repare/model.pkl
    jobid: 338
    reason: Missing output files: results/synth/regime=easy/d=10/num_cycles=4/density=0.3/samp_size=10000/seed=0/method=lacerda_repare/model.pkl; Input files updated by another job: results/synth/regime=easy/d=10/num_cycles=4/density=0.3/samp_size=10000/seed=0/dataset.npz
    wildcards: regime=easy, d=10, num_cycles=4, density=0.3, samp_size=10000, seed=0, method=lacerda_repare
    resources: tmpdir=/tmp
Select jobs to execute...
Terminating processes on user request, this might take some time.
RuleException:
CalledProcessError in file "/home/fmfsa/Repositories/repare_cycle/src/expt/workflow/rules/synth.smk", line 64:
Command 'set -euo pipefail;  /opt/miniconda3/bin/python /home/fmfsa/Repositories/repare_cycle/src/expt/workflow/.snakemake/scripts/tmp_7qrdlmu.fit.py' died with <Signals.SIGINT: 2>.
[Tue Apr 28 14:22:08 2026]
Error in rule synth_fit:
    message: None
    jobid: 336
    input: results/synth/regime=easy/d=10/num_cycles=4/density=0.3/samp_size=5000/seed=2/dataset.npz
    output: results/synth/regime=easy/d=10/num_cycles=4/density=0.3/samp_size=5000/seed=2/method=lacerda_repare/model.pkl
RuleException:
CalledProcessError in file "/home/fmfsa/Repositories/repare_cycle/src/expt/workflow/rules/synth.smk", line 64:
Command 'set -euo pipefail;  /opt/miniconda3/bin/python /home/fmfsa/Repositories/repare_cycle/src/expt/workflow/.snakemake/scripts/tmppl55mrz3.fit.py' died with <Signals.SIGINT: 2>.
[Tue Apr 28 14:22:08 2026]
Error in rule synth_fit:
    message: None
    jobid: 96
    input: results/synth/regime=easy/d=10/num_cycles=4/density=0.3/samp_size=5000/seed=1/dataset.npz
    output: results/synth/regime=easy/d=10/num_cycles=4/density=0.3/samp_size=5000/seed=1/method=oica_scc_repare/model.pkl
RuleException:
CalledProcessError in file "/home/fmfsa/Repositories/repare_cycle/src/expt/workflow/rules/synth.smk", line 64:
Command 'set -euo pipefail;  /opt/miniconda3/bin/python /home/fmfsa/Repositories/repare_cycle/src/expt/workflow/.snakemake/scripts/tmp9iav7mbh.fit.py' died with <Signals.SIGINT: 2>.
[Tue Apr 28 14:22:08 2026]
Error in rule synth_fit:
    message: None
    jobid: 338
    input: results/synth/regime=easy/d=10/num_cycles=4/density=0.3/samp_size=10000/seed=0/dataset.npz
    output: results/synth/regime=easy/d=10/num_cycles=4/density=0.3/samp_size=10000/seed=0/method=lacerda_repare/model.pkl
RuleException:
CalledProcessError in file "/home/fmfsa/Repositories/repare_cycle/src/expt/workflow/rules/synth.smk", line 64:
Command 'set -euo pipefail;  /opt/miniconda3/bin/python /home/fmfsa/Repositories/repare_cycle/src/expt/workflow/.snakemake/scripts/tmp_8xza7eu.fit.py' died with <Signals.SIGINT: 2>.
[Tue Apr 28 14:22:08 2026]
Error in rule synth_fit:
    message: None
    jobid: 93
    input: results/synth/regime=easy/d=10/num_cycles=4/density=0.3/samp_size=5000/seed=0/dataset.npz
    output: results/synth/regime=easy/d=10/num_cycles=4/density=0.3/samp_size=5000/seed=0/method=oica_scc_repare/model.pkl
RuleException:
CalledProcessError in file "/home/fmfsa/Repositories/repare_cycle/src/expt/workflow/rules/synth.smk", line 64:
Command 'set -euo pipefail;  /opt/miniconda3/bin/python /home/fmfsa/Repositories/repare_cycle/src/expt/workflow/.snakemake/scripts/tmp6rce0b6l.fit.py' died with <Signals.SIGINT: 2>.
[Tue Apr 28 14:22:08 2026]
Error in rule synth_fit:
    message: None
    jobid: 105
    input: results/synth/regime=easy/d=10/num_cycles=4/density=0.3/samp_size=10000/seed=1/dataset.npz
    output: results/synth/regime=easy/d=10/num_cycles=4/density=0.3/samp_size=10000/seed=1/method=oica_scc_repare/model.pkl
RuleException:
CalledProcessError in file "/home/fmfsa/Repositories/repare_cycle/src/expt/workflow/rules/synth.smk", line 64:
Command 'set -euo pipefail;  /opt/miniconda3/bin/python /home/fmfsa/Repositories/repare_cycle/src/expt/workflow/.snakemake/scripts/tmphnodte9y.fit.py' died with <Signals.SIGINT: 2>.
[Tue Apr 28 14:22:08 2026]
Error in rule synth_fit:
    message: None
    jobid: 102
    input: results/synth/regime=easy/d=10/num_cycles=4/density=0.3/samp_size=10000/seed=0/dataset.npz
    output: results/synth/regime=easy/d=10/num_cycles=4/density=0.3/samp_size=10000/seed=0/method=oica_scc_repare/model.pkl
RuleException:
CalledProcessError in file "/home/fmfsa/Repositories/repare_cycle/src/expt/workflow/rules/synth.smk", line 64:
Command 'set -euo pipefail;  /opt/miniconda3/bin/python /home/fmfsa/Repositories/repare_cycle/src/expt/workflow/.snakemake/scripts/tmp2y8rmt6m.fit.py' died with <Signals.SIGINT: 2>.
[Tue Apr 28 14:22:08 2026]
Error in rule synth_fit:
    message: None
    jobid: 1278
    input: results/synth/regime=easy/d=10/num_cycles=3/density=0.5/samp_size=10000/seed=1/dataset.npz
    output: results/synth/regime=easy/d=10/num_cycles=3/density=0.5/samp_size=10000/seed=1/method=lacerda_repare/model.pkl
RuleException:
CalledProcessError in file "/home/fmfsa/Repositories/repare_cycle/src/expt/workflow/rules/synth.smk", line 64:
Command 'set -euo pipefail;  /opt/miniconda3/bin/python /home/fmfsa/Repositories/repare_cycle/src/expt/workflow/.snakemake/scripts/tmpfowdxpzh.fit.py' died with <Signals.SIGINT: 2>.
[Tue Apr 28 14:22:08 2026]
Error in rule synth_fit:
    message: None
    jobid: 108
    input: results/synth/regime=easy/d=10/num_cycles=4/density=0.3/samp_size=10000/seed=2/dataset.npz
    output: results/synth/regime=easy/d=10/num_cycles=4/density=0.3/samp_size=10000/seed=2/method=oica_scc_repare/model.pkl
Complete log(s): /home/fmfsa/Repositories/repare_cycle/src/expt/workflow/.snakemake/log/2026-04-28T130103.913237.snakemake.log
WorkflowError:
At least one job did not complete successfully.
