Assuming unrestricted shared filesystem usage.
host: AICheetah
Building DAG of jobs...
Using shell: /usr/bin/bash
Provided cores: 8
Rules claiming more threads will be scaled down.
Job stats:
job               count
--------------  -------
synth_fit           216
synth_evaluate      216
synth_plot            3
total               435

Select jobs to execute...
Execute 8 jobs...
[Wed Apr 29 11:40:36 2026]
localrule synth_fit:
    input: results/synth/regime=easy/d=10/num_cycles=4/density=0.3/samp_size=100/seed=0/dataset.npz
    output: results/synth/regime=easy/d=10/num_cycles=4/density=0.3/samp_size=100/seed=0/method=lacerda/model.pkl
    jobid: 229
    reason: Missing output files: results/synth/regime=easy/d=10/num_cycles=4/density=0.3/samp_size=100/seed=0/method=lacerda/model.pkl
    wildcards: regime=easy, d=10, num_cycles=4, density=0.3, samp_size=100, seed=0, method=lacerda
    resources: tmpdir=/tmp
[Wed Apr 29 11:40:36 2026]
localrule synth_fit:
    input: results/synth/regime=easy/d=10/num_cycles=4/density=0.8/samp_size=1000/seed=0/dataset.npz
    output: results/synth/regime=easy/d=10/num_cycles=4/density=0.8/samp_size=1000/seed=0/method=lacerda_prune/model.pkl
    jobid: 514
    reason: Missing output files: results/synth/regime=easy/d=10/num_cycles=4/density=0.8/samp_size=1000/seed=0/method=lacerda_prune/model.pkl
    wildcards: regime=easy, d=10, num_cycles=4, density=0.8, samp_size=1000, seed=0, method=lacerda_prune
    resources: tmpdir=/tmp
[Wed Apr 29 11:40:36 2026]
localrule synth_fit:
    input: results/synth/regime=easy/d=10/num_cycles=5/density=0.8/samp_size=500/seed=1/dataset.npz
    output: results/synth/regime=easy/d=10/num_cycles=5/density=0.8/samp_size=500/seed=1/method=lacerda/model.pkl
    jobid: 458
    reason: Missing output files: results/synth/regime=easy/d=10/num_cycles=5/density=0.8/samp_size=500/seed=1/method=lacerda/model.pkl
    wildcards: regime=easy, d=10, num_cycles=5, density=0.8, samp_size=500, seed=1, method=lacerda
    resources: tmpdir=/tmp
[Wed Apr 29 11:40:36 2026]
localrule synth_fit:
    input: results/synth/regime=easy/d=10/num_cycles=3/density=0.5/samp_size=50/seed=2/dataset.npz
    output: results/synth/regime=easy/d=10/num_cycles=3/density=0.5/samp_size=50/seed=2/method=lacerda/model.pkl
    jobid: 9
    reason: Missing output files: results/synth/regime=easy/d=10/num_cycles=3/density=0.5/samp_size=50/seed=2/method=lacerda/model.pkl
    wildcards: regime=easy, d=10, num_cycles=3, density=0.5, samp_size=50, seed=2, method=lacerda
    resources: tmpdir=/tmp
[Wed Apr 29 11:40:36 2026]
localrule synth_fit:
    input: results/synth/regime=easy/d=10/num_cycles=3/density=0.3/samp_size=50/seed=2/dataset.npz
    output: results/synth/regime=easy/d=10/num_cycles=3/density=0.3/samp_size=50/seed=2/method=lacerda/model.pkl
    jobid: 190
    reason: Missing output files: results/synth/regime=easy/d=10/num_cycles=3/density=0.3/samp_size=50/seed=2/method=lacerda/model.pkl
    wildcards: regime=easy, d=10, num_cycles=3, density=0.3, samp_size=50, seed=2, method=lacerda
    resources: tmpdir=/tmp
[Wed Apr 29 11:40:36 2026]
localrule synth_fit:
    input: results/synth/regime=easy/d=10/num_cycles=5/density=0.3/samp_size=500/seed=2/dataset.npz
    output: results/synth/regime=easy/d=10/num_cycles=5/density=0.3/samp_size=500/seed=2/method=lacerda/model.pkl
    jobid: 280
    reason: Missing output files: results/synth/regime=easy/d=10/num_cycles=5/density=0.3/samp_size=500/seed=2/method=lacerda/model.pkl
    wildcards: regime=easy, d=10, num_cycles=5, density=0.3, samp_size=500, seed=2, method=lacerda
    resources: tmpdir=/tmp
[Wed Apr 29 11:40:36 2026]
localrule synth_fit:
    input: results/synth/regime=easy/d=10/num_cycles=4/density=0.3/samp_size=100/seed=2/dataset.npz
    output: results/synth/regime=easy/d=10/num_cycles=4/density=0.3/samp_size=100/seed=2/method=lacerda/model.pkl
    jobid: 235
    reason: Missing output files: results/synth/regime=easy/d=10/num_cycles=4/density=0.3/samp_size=100/seed=2/method=lacerda/model.pkl
    wildcards: regime=easy, d=10, num_cycles=4, density=0.3, samp_size=100, seed=2, method=lacerda
    resources: tmpdir=/tmp
[Wed Apr 29 11:40:36 2026]
localrule synth_fit:
    input: results/synth/regime=easy/d=10/num_cycles=5/density=0.5/samp_size=50/seed=1/dataset.npz
    output: results/synth/regime=easy/d=10/num_cycles=5/density=0.5/samp_size=50/seed=1/method=lacerda_prune/model.pkl
    jobid: 160
    reason: Missing output files: results/synth/regime=easy/d=10/num_cycles=5/density=0.5/samp_size=50/seed=1/method=lacerda_prune/model.pkl
    wildcards: regime=easy, d=10, num_cycles=5, density=0.5, samp_size=50, seed=1, method=lacerda_prune
    resources: tmpdir=/tmp
[Wed Apr 29 11:40:37 2026]
Finished jobid: 190 (Rule: synth_fit)
1 of 435 steps (0.2%) done
Select jobs to execute...
Execute 1 jobs...
[Wed Apr 29 11:40:37 2026]
localrule synth_fit:
    input: results/synth/regime=easy/d=10/num_cycles=5/density=0.8/samp_size=50/seed=2/dataset.npz
    output: results/synth/regime=easy/d=10/num_cycles=5/density=0.8/samp_size=50/seed=2/method=lacerda/model.pkl
    jobid: 443
    reason: Missing output files: results/synth/regime=easy/d=10/num_cycles=5/density=0.8/samp_size=50/seed=2/method=lacerda/model.pkl
    wildcards: regime=easy, d=10, num_cycles=5, density=0.8, samp_size=50, seed=2, method=lacerda
    resources: tmpdir=/tmp
[Wed Apr 29 11:40:37 2026]
Finished jobid: 514 (Rule: synth_fit)
2 of 435 steps (0.5%) done
Select jobs to execute...
Execute 1 jobs...
[Wed Apr 29 11:40:37 2026]
localrule synth_fit:
    input: results/synth/regime=easy/d=10/num_cycles=4/density=0.5/samp_size=50/seed=1/dataset.npz
    output: results/synth/regime=easy/d=10/num_cycles=4/density=0.5/samp_size=50/seed=1/method=lacerda_prune/model.pkl
    jobid: 136
    reason: Missing output files: results/synth/regime=easy/d=10/num_cycles=4/density=0.5/samp_size=50/seed=1/method=lacerda_prune/model.pkl
    wildcards: regime=easy, d=10, num_cycles=4, density=0.5, samp_size=50, seed=1, method=lacerda_prune
    resources: tmpdir=/tmp
[Wed Apr 29 11:40:37 2026]
Finished jobid: 9 (Rule: synth_fit)
3 of 435 steps (1%) done
[Wed Apr 29 11:40:37 2026]
Finished jobid: 160 (Rule: synth_fit)
4 of 435 steps (1%) done
[Wed Apr 29 11:40:37 2026]
Finished jobid: 458 (Rule: synth_fit)
5 of 435 steps (1%) done
[Wed Apr 29 11:40:37 2026]
Finished jobid: 280 (Rule: synth_fit)
6 of 435 steps (1%) done
Select jobs to execute...
Execute 4 jobs...
[Wed Apr 29 11:40:37 2026]
localrule synth_fit:
    input: results/synth/regime=easy/d=10/num_cycles=4/density=0.5/samp_size=500/seed=2/dataset.npz
    output: results/synth/regime=easy/d=10/num_cycles=4/density=0.5/samp_size=500/seed=2/method=lacerda_prune/model.pkl
    jobid: 150
    reason: Missing output files: results/synth/regime=easy/d=10/num_cycles=4/density=0.5/samp_size=500/seed=2/method=lacerda_prune/model.pkl
    wildcards: regime=easy, d=10, num_cycles=4, density=0.5, samp_size=500, seed=2, method=lacerda_prune
    resources: tmpdir=/tmp
[Wed Apr 29 11:40:37 2026]
localrule synth_fit:
    input: results/synth/regime=easy/d=10/num_cycles=4/density=0.8/samp_size=500/seed=0/dataset.npz
    output: results/synth/regime=easy/d=10/num_cycles=4/density=0.8/samp_size=500/seed=0/method=lacerda_prune/model.pkl
    jobid: 508
    reason: Missing output files: results/synth/regime=easy/d=10/num_cycles=4/density=0.8/samp_size=500/seed=0/method=lacerda_prune/model.pkl
    wildcards: regime=easy, d=10, num_cycles=4, density=0.8, samp_size=500, seed=0, method=lacerda_prune
    resources: tmpdir=/tmp
[Wed Apr 29 11:40:37 2026]
localrule synth_fit:
    input: results/synth/regime=easy/d=10/num_cycles=4/density=0.8/samp_size=1000/seed=1/dataset.npz
    output: results/synth/regime=easy/d=10/num_cycles=4/density=0.8/samp_size=1000/seed=1/method=lacerda_prune/model.pkl
    jobid: 516
    reason: Missing output files: results/synth/regime=easy/d=10/num_cycles=4/density=0.8/samp_size=1000/seed=1/method=lacerda_prune/model.pkl
    wildcards: regime=easy, d=10, num_cycles=4, density=0.8, samp_size=1000, seed=1, method=lacerda_prune
    resources: tmpdir=/tmp
[Wed Apr 29 11:40:37 2026]
localrule synth_fit:
    input: results/synth/regime=easy/d=10/num_cycles=3/density=0.8/samp_size=50/seed=2/dataset.npz
    output: results/synth/regime=easy/d=10/num_cycles=3/density=0.8/samp_size=50/seed=2/method=lacerda/model.pkl
    jobid: 371
    reason: Missing output files: results/synth/regime=easy/d=10/num_cycles=3/density=0.8/samp_size=50/seed=2/method=lacerda/model.pkl
    wildcards: regime=easy, d=10, num_cycles=3, density=0.8, samp_size=50, seed=2, method=lacerda
    resources: tmpdir=/tmp
Select jobs to execute...
[Wed Apr 29 11:40:37 2026]
Finished jobid: 229 (Rule: synth_fit)
7 of 435 steps (2%) done
Execute 1 jobs...
[Wed Apr 29 11:40:37 2026]
localrule synth_fit:
    input: results/synth/regime=easy/d=10/num_cycles=5/density=0.5/samp_size=100/seed=0/dataset.npz
    output: results/synth/regime=easy/d=10/num_cycles=5/density=0.5/samp_size=100/seed=0/method=lacerda/model.pkl
    jobid: 84
    reason: Missing output files: results/synth/regime=easy/d=10/num_cycles=5/density=0.5/samp_size=100/seed=0/method=lacerda/model.pkl
    wildcards: regime=easy, d=10, num_cycles=5, density=0.5, samp_size=100, seed=0, method=lacerda
    resources: tmpdir=/tmp
Select jobs to execute...
[Wed Apr 29 11:40:37 2026]
Finished jobid: 235 (Rule: synth_fit)
8 of 435 steps (2%) done
Execute 1 jobs...
[Wed Apr 29 11:40:37 2026]
localrule synth_fit:
    input: results/synth/regime=easy/d=10/num_cycles=3/density=0.8/samp_size=1000/seed=2/dataset.npz
    output: results/synth/regime=easy/d=10/num_cycles=3/density=0.8/samp_size=1000/seed=2/method=lacerda/model.pkl
    jobid: 398
    reason: Missing output files: results/synth/regime=easy/d=10/num_cycles=3/density=0.8/samp_size=1000/seed=2/method=lacerda/model.pkl
    wildcards: regime=easy, d=10, num_cycles=3, density=0.8, samp_size=1000, seed=2, method=lacerda
    resources: tmpdir=/tmp
[Wed Apr 29 11:40:37 2026]
Finished jobid: 443 (Rule: synth_fit)
9 of 435 steps (2%) done
Select jobs to execute...
Execute 1 jobs...
[Wed Apr 29 11:40:37 2026]
localrule synth_fit:
    input: results/synth/regime=easy/d=10/num_cycles=4/density=0.3/samp_size=50/seed=0/dataset.npz
    output: results/synth/regime=easy/d=10/num_cycles=4/density=0.3/samp_size=50/seed=0/method=lacerda_prune/model.pkl
    jobid: 315
    reason: Missing output files: results/synth/regime=easy/d=10/num_cycles=4/density=0.3/samp_size=50/seed=0/method=lacerda_prune/model.pkl
    wildcards: regime=easy, d=10, num_cycles=4, density=0.3, samp_size=50, seed=0, method=lacerda_prune
    resources: tmpdir=/tmp
[Wed Apr 29 11:40:37 2026]
Finished jobid: 136 (Rule: synth_fit)
10 of 435 steps (2%) done
Select jobs to execute...
Execute 1 jobs...
[Wed Apr 29 11:40:37 2026]
localrule synth_fit:
    input: results/synth/regime=easy/d=10/num_cycles=3/density=0.8/samp_size=1000/seed=1/dataset.npz
    output: results/synth/regime=easy/d=10/num_cycles=3/density=0.8/samp_size=1000/seed=1/method=lacerda_prune/model.pkl
    jobid: 492
    reason: Missing output files: results/synth/regime=easy/d=10/num_cycles=3/density=0.8/samp_size=1000/seed=1/method=lacerda_prune/model.pkl
    wildcards: regime=easy, d=10, num_cycles=3, density=0.8, samp_size=1000, seed=1, method=lacerda_prune
    resources: tmpdir=/tmp
[Wed Apr 29 11:40:37 2026]
Finished jobid: 508 (Rule: synth_fit)
11 of 435 steps (3%) done
[Wed Apr 29 11:40:37 2026]
Finished jobid: 150 (Rule: synth_fit)
12 of 435 steps (3%) done
[Wed Apr 29 11:40:37 2026]
Finished jobid: 371 (Rule: synth_fit)
13 of 435 steps (3%) done
Select jobs to execute...
Execute 3 jobs...
[Wed Apr 29 11:40:38 2026]
localrule synth_fit:
    input: results/synth/regime=easy/d=10/num_cycles=3/density=0.8/samp_size=50/seed=0/dataset.npz
    output: results/synth/regime=easy/d=10/num_cycles=3/density=0.8/samp_size=50/seed=0/method=lacerda/model.pkl
    jobid: 365
    reason: Missing output files: results/synth/regime=easy/d=10/num_cycles=3/density=0.8/samp_size=50/seed=0/method=lacerda/model.pkl
    wildcards: regime=easy, d=10, num_cycles=3, density=0.8, samp_size=50, seed=0, method=lacerda
    resources: tmpdir=/tmp
[Wed Apr 29 11:40:38 2026]
localrule synth_fit:
    input: results/synth/regime=easy/d=10/num_cycles=5/density=0.5/samp_size=1000/seed=0/dataset.npz
    output: results/synth/regime=easy/d=10/num_cycles=5/density=0.5/samp_size=1000/seed=0/method=lacerda/model.pkl
    jobid: 102
    reason: Missing output files: results/synth/regime=easy/d=10/num_cycles=5/density=0.5/samp_size=1000/seed=0/method=lacerda/model.pkl
    wildcards: regime=easy, d=10, num_cycles=5, density=0.5, samp_size=1000, seed=0, method=lacerda
    resources: tmpdir=/tmp
[Wed Apr 29 11:40:38 2026]
localrule synth_fit:
    input: results/synth/regime=easy/d=10/num_cycles=5/density=0.8/samp_size=500/seed=2/dataset.npz
    output: results/synth/regime=easy/d=10/num_cycles=5/density=0.8/samp_size=500/seed=2/method=lacerda/model.pkl
    jobid: 461
    reason: Missing output files: results/synth/regime=easy/d=10/num_cycles=5/density=0.8/samp_size=500/seed=2/method=lacerda/model.pkl
    wildcards: regime=easy, d=10, num_cycles=5, density=0.8, samp_size=500, seed=2, method=lacerda
    resources: tmpdir=/tmp
[Wed Apr 29 11:40:38 2026]
Finished jobid: 84 (Rule: synth_fit)
14 of 435 steps (3%) done
Select jobs to execute...
Execute 1 jobs...
[Wed Apr 29 11:40:38 2026]
localrule synth_fit:
    input: results/synth/regime=easy/d=10/num_cycles=3/density=0.8/samp_size=1000/seed=2/dataset.npz
    output: results/synth/regime=easy/d=10/num_cycles=3/density=0.8/samp_size=1000/seed=2/method=lacerda_prune/model.pkl
    jobid: 494
    reason: Missing output files: results/synth/regime=easy/d=10/num_cycles=3/density=0.8/samp_size=1000/seed=2/method=lacerda_prune/model.pkl
    wildcards: regime=easy, d=10, num_cycles=3, density=0.8, samp_size=1000, seed=2, method=lacerda_prune
    resources: tmpdir=/tmp
Select jobs to execute...
[Wed Apr 29 11:40:38 2026]
Finished jobid: 398 (Rule: synth_fit)
15 of 435 steps (3%) done
Execute 1 jobs...
[Wed Apr 29 11:40:38 2026]
localrule synth_fit:
    input: results/synth/regime=easy/d=10/num_cycles=4/density=0.5/samp_size=50/seed=0/dataset.npz
    output: results/synth/regime=easy/d=10/num_cycles=4/density=0.5/samp_size=50/seed=0/method=lacerda/model.pkl
    jobid: 39
    reason: Missing output files: results/synth/regime=easy/d=10/num_cycles=4/density=0.5/samp_size=50/seed=0/method=lacerda/model.pkl
    wildcards: regime=easy, d=10, num_cycles=4, density=0.5, samp_size=50, seed=0, method=lacerda
    resources: tmpdir=/tmp
Select jobs to execute...
[Wed Apr 29 11:40:38 2026]
Finished jobid: 102 (Rule: synth_fit)
16 of 435 steps (4%) done
Execute 1 jobs...
[Wed Apr 29 11:40:38 2026]
localrule synth_fit:
    input: results/synth/regime=easy/d=10/num_cycles=4/density=0.5/samp_size=50/seed=0/dataset.npz
    output: results/synth/regime=easy/d=10/num_cycles=4/density=0.5/samp_size=50/seed=0/method=lacerda_prune/model.pkl
    jobid: 134
    reason: Missing output files: results/synth/regime=easy/d=10/num_cycles=4/density=0.5/samp_size=50/seed=0/method=lacerda_prune/model.pkl
    wildcards: regime=easy, d=10, num_cycles=4, density=0.5, samp_size=50, seed=0, method=lacerda_prune
    resources: tmpdir=/tmp
[Wed Apr 29 11:40:38 2026]
Finished jobid: 494 (Rule: synth_fit)
17 of 435 steps (4%) done
[Wed Apr 29 11:40:38 2026]
Finished jobid: 461 (Rule: synth_fit)
18 of 435 steps (4%) done
Select jobs to execute...
Execute 2 jobs...
[Wed Apr 29 11:40:38 2026]
localrule synth_evaluate:
    input: results/synth/regime=easy/d=10/num_cycles=4/density=0.5/samp_size=50/seed=1/dataset.npz, results/synth/regime=easy/d=10/num_cycles=4/density=0.5/samp_size=50/seed=1/method=lacerda_prune/model.pkl
    output: results/synth/regime=easy/d=10/num_cycles=4/density=0.5/samp_size=50/seed=1/method=lacerda_prune/metrics.csv
    jobid: 135
    reason: Missing output files: results/synth/regime=easy/d=10/num_cycles=4/density=0.5/samp_size=50/seed=1/method=lacerda_prune/metrics.csv; Input files updated by another job: results/synth/regime=easy/d=10/num_cycles=4/density=0.5/samp_size=50/seed=1/method=lacerda_prune/model.pkl
    wildcards: regime=easy, d=10, num_cycles=4, density=0.5, samp_size=50, seed=1, method=lacerda_prune
    resources: tmpdir=/tmp
[Wed Apr 29 11:40:38 2026]
localrule synth_fit:
    input: results/synth/regime=easy/d=10/num_cycles=3/density=0.5/samp_size=100/seed=1/dataset.npz
    output: results/synth/regime=easy/d=10/num_cycles=3/density=0.5/samp_size=100/seed=1/method=lacerda/model.pkl
    jobid: 15
    reason: Missing output files: results/synth/regime=easy/d=10/num_cycles=3/density=0.5/samp_size=100/seed=1/method=lacerda/model.pkl
    wildcards: regime=easy, d=10, num_cycles=3, density=0.5, samp_size=100, seed=1, method=lacerda
    resources: tmpdir=/tmp
Select jobs to execute...
[Wed Apr 29 11:40:38 2026]
Finished jobid: 315 (Rule: synth_fit)
19 of 435 steps (4%) done
Execute 1 jobs...
[Wed Apr 29 11:40:38 2026]
localrule synth_fit:
    input: results/synth/regime=easy/d=10/num_cycles=5/density=0.3/samp_size=50/seed=2/dataset.npz
    output: results/synth/regime=easy/d=10/num_cycles=5/density=0.3/samp_size=50/seed=2/method=lacerda/model.pkl
    jobid: 262
    reason: Missing output files: results/synth/regime=easy/d=10/num_cycles=5/density=0.3/samp_size=50/seed=2/method=lacerda/model.pkl
    wildcards: regime=easy, d=10, num_cycles=5, density=0.3, samp_size=50, seed=2, method=lacerda
    resources: tmpdir=/tmp
Select jobs to execute...
[Wed Apr 29 11:40:39 2026]
Finished jobid: 365 (Rule: synth_fit)
20 of 435 steps (5%) done
Execute 1 jobs...
[Wed Apr 29 11:40:39 2026]
localrule synth_fit:
    input: results/synth/regime=easy/d=10/num_cycles=3/density=0.3/samp_size=1000/seed=2/dataset.npz
    output: results/synth/regime=easy/d=10/num_cycles=3/density=0.3/samp_size=1000/seed=2/method=lacerda/model.pkl
    jobid: 217
    reason: Missing output files: results/synth/regime=easy/d=10/num_cycles=3/density=0.3/samp_size=1000/seed=2/method=lacerda/model.pkl
    wildcards: regime=easy, d=10, num_cycles=3, density=0.3, samp_size=1000, seed=2, method=lacerda
    resources: tmpdir=/tmp
[Wed Apr 29 11:40:39 2026]
Finished jobid: 516 (Rule: synth_fit)
21 of 435 steps (5%) done
Select jobs to execute...
Execute 1 jobs...
[Wed Apr 29 11:40:39 2026]
localrule synth_fit:
    input: results/synth/regime=easy/d=10/num_cycles=3/density=0.3/samp_size=1000/seed=2/dataset.npz
    output: results/synth/regime=easy/d=10/num_cycles=3/density=0.3/samp_size=1000/seed=2/method=lacerda_prune/model.pkl
    jobid: 313
    reason: Missing output files: results/synth/regime=easy/d=10/num_cycles=3/density=0.3/samp_size=1000/seed=2/method=lacerda_prune/model.pkl
    wildcards: regime=easy, d=10, num_cycles=3, density=0.3, samp_size=1000, seed=2, method=lacerda_prune
    resources: tmpdir=/tmp
[Wed Apr 29 11:40:39 2026]
Finished jobid: 39 (Rule: synth_fit)
22 of 435 steps (5%) done
Select jobs to execute...
Execute 1 jobs...
[Wed Apr 29 11:40:39 2026]
localrule synth_fit:
    input: results/synth/regime=easy/d=10/num_cycles=3/density=0.5/samp_size=500/seed=1/dataset.npz
    output: results/synth/regime=easy/d=10/num_cycles=3/density=0.5/samp_size=500/seed=1/method=lacerda/model.pkl
    jobid: 24
    reason: Missing output files: results/synth/regime=easy/d=10/num_cycles=3/density=0.5/samp_size=500/seed=1/method=lacerda/model.pkl
    wildcards: regime=easy, d=10, num_cycles=3, density=0.5, samp_size=500, seed=1, method=lacerda
    resources: tmpdir=/tmp
Select jobs to execute...
[Wed Apr 29 11:40:39 2026]
Finished jobid: 135 (Rule: synth_evaluate)
23 of 435 steps (5%) done
Execute 1 jobs...
[Wed Apr 29 11:40:39 2026]
localrule synth_fit:
    input: results/synth/regime=easy/d=10/num_cycles=3/density=0.5/samp_size=1000/seed=2/dataset.npz
    output: results/synth/regime=easy/d=10/num_cycles=3/density=0.5/samp_size=1000/seed=2/method=lacerda/model.pkl
    jobid: 36
    reason: Missing output files: results/synth/regime=easy/d=10/num_cycles=3/density=0.5/samp_size=1000/seed=2/method=lacerda/model.pkl
    wildcards: regime=easy, d=10, num_cycles=3, density=0.5, samp_size=1000, seed=2, method=lacerda
    resources: tmpdir=/tmp
[Wed Apr 29 11:40:39 2026]
Finished jobid: 134 (Rule: synth_fit)
24 of 435 steps (6%) done
Select jobs to execute...
Execute 1 jobs...
[Wed Apr 29 11:40:39 2026]
localrule synth_fit:
    input: results/synth/regime=easy/d=10/num_cycles=3/density=0.8/samp_size=1000/seed=0/dataset.npz
    output: results/synth/regime=easy/d=10/num_cycles=3/density=0.8/samp_size=1000/seed=0/method=lacerda_prune/model.pkl
    jobid: 490
    reason: Missing output files: results/synth/regime=easy/d=10/num_cycles=3/density=0.8/samp_size=1000/seed=0/method=lacerda_prune/model.pkl
    wildcards: regime=easy, d=10, num_cycles=3, density=0.8, samp_size=1000, seed=0, method=lacerda_prune
    resources: tmpdir=/tmp
[Wed Apr 29 11:40:39 2026]
Finished jobid: 262 (Rule: synth_fit)
25 of 435 steps (6%) done
Select jobs to execute...
Execute 1 jobs...
[Wed Apr 29 11:40:39 2026]
localrule synth_fit:
    input: results/synth/regime=easy/d=10/num_cycles=5/density=0.8/samp_size=50/seed=1/dataset.npz
    output: results/synth/regime=easy/d=10/num_cycles=5/density=0.8/samp_size=50/seed=1/method=lacerda/model.pkl
    jobid: 440
    reason: Missing output files: results/synth/regime=easy/d=10/num_cycles=5/density=0.8/samp_size=50/seed=1/method=lacerda/model.pkl
    wildcards: regime=easy, d=10, num_cycles=5, density=0.8, samp_size=50, seed=1, method=lacerda
    resources: tmpdir=/tmp
Select jobs to execute...
[Wed Apr 29 11:40:39 2026]
Finished jobid: 492 (Rule: synth_fit)
26 of 435 steps (6%) done
Execute 1 jobs...
[Wed Apr 29 11:40:39 2026]
localrule synth_fit:
    input: results/synth/regime=easy/d=10/num_cycles=3/density=0.5/samp_size=1000/seed=2/dataset.npz
    output: results/synth/regime=easy/d=10/num_cycles=3/density=0.5/samp_size=1000/seed=2/method=lacerda_prune/model.pkl
    jobid: 132
    reason: Missing output files: results/synth/regime=easy/d=10/num_cycles=3/density=0.5/samp_size=1000/seed=2/method=lacerda_prune/model.pkl
    wildcards: regime=easy, d=10, num_cycles=3, density=0.5, samp_size=1000, seed=2, method=lacerda_prune
    resources: tmpdir=/tmp
Select jobs to execute...
[Wed Apr 29 11:40:39 2026]
Finished jobid: 217 (Rule: synth_fit)
27 of 435 steps (6%) done
Execute 1 jobs...
[Wed Apr 29 11:40:39 2026]
localrule synth_fit:
    input: results/synth/regime=easy/d=10/num_cycles=4/density=0.3/samp_size=50/seed=0/dataset.npz
    output: results/synth/regime=easy/d=10/num_cycles=4/density=0.3/samp_size=50/seed=0/method=lacerda/model.pkl
    jobid: 220
    reason: Missing output files: results/synth/regime=easy/d=10/num_cycles=4/density=0.3/samp_size=50/seed=0/method=lacerda/model.pkl
    wildcards: regime=easy, d=10, num_cycles=4, density=0.3, samp_size=50, seed=0, method=lacerda
    resources: tmpdir=/tmp
[Wed Apr 29 11:40:39 2026]
Finished jobid: 15 (Rule: synth_fit)
28 of 435 steps (6%) done
Select jobs to execute...
Execute 1 jobs...
[Wed Apr 29 11:40:39 2026]
localrule synth_fit:
    input: results/synth/regime=easy/d=10/num_cycles=5/density=0.5/samp_size=50/seed=2/dataset.npz
    output: results/synth/regime=easy/d=10/num_cycles=5/density=0.5/samp_size=50/seed=2/method=lacerda/model.pkl
    jobid: 81
    reason: Missing output files: results/synth/regime=easy/d=10/num_cycles=5/density=0.5/samp_size=50/seed=2/method=lacerda/model.pkl
    wildcards: regime=easy, d=10, num_cycles=5, density=0.5, samp_size=50, seed=2, method=lacerda
    resources: tmpdir=/tmp
[Wed Apr 29 11:40:39 2026]
Finished jobid: 24 (Rule: synth_fit)
29 of 435 steps (7%) done
Select jobs to execute...
Execute 1 jobs...
[Wed Apr 29 11:40:39 2026]
localrule synth_evaluate:
    input: results/synth/regime=easy/d=10/num_cycles=3/density=0.5/samp_size=500/seed=1/dataset.npz, results/synth/regime=easy/d=10/num_cycles=3/density=0.5/samp_size=500/seed=1/method=lacerda/model.pkl
    output: results/synth/regime=easy/d=10/num_cycles=3/density=0.5/samp_size=500/seed=1/method=lacerda/metrics.csv
    jobid: 22
    reason: Missing output files: results/synth/regime=easy/d=10/num_cycles=3/density=0.5/samp_size=500/seed=1/method=lacerda/metrics.csv; Input files updated by another job: results/synth/regime=easy/d=10/num_cycles=3/density=0.5/samp_size=500/seed=1/method=lacerda/model.pkl
    wildcards: regime=easy, d=10, num_cycles=3, density=0.5, samp_size=500, seed=1, method=lacerda
    resources: tmpdir=/tmp
Select jobs to execute...
[Wed Apr 29 11:40:40 2026]
Finished jobid: 36 (Rule: synth_fit)
30 of 435 steps (7%) done
Execute 1 jobs...
[Wed Apr 29 11:40:40 2026]
localrule synth_fit:
    input: results/synth/regime=easy/d=10/num_cycles=4/density=0.3/samp_size=50/seed=1/dataset.npz
    output: results/synth/regime=easy/d=10/num_cycles=4/density=0.3/samp_size=50/seed=1/method=lacerda_prune/model.pkl
    jobid: 317
    reason: Missing output files: results/synth/regime=easy/d=10/num_cycles=4/density=0.3/samp_size=50/seed=1/method=lacerda_prune/model.pkl
    wildcards: regime=easy, d=10, num_cycles=4, density=0.3, samp_size=50, seed=1, method=lacerda_prune
    resources: tmpdir=/tmp
[Wed Apr 29 11:40:40 2026]
Finished jobid: 490 (Rule: synth_fit)
31 of 435 steps (7%) done
Select jobs to execute...
Execute 1 jobs...
[Wed Apr 29 11:40:40 2026]
localrule synth_fit:
    input: results/synth/regime=easy/d=10/num_cycles=3/density=0.3/samp_size=1000/seed=1/dataset.npz
    output: results/synth/regime=easy/d=10/num_cycles=3/density=0.3/samp_size=1000/seed=1/method=lacerda_prune/model.pkl
    jobid: 311
    reason: Missing output files: results/synth/regime=easy/d=10/num_cycles=3/density=0.3/samp_size=1000/seed=1/method=lacerda_prune/model.pkl
    wildcards: regime=easy, d=10, num_cycles=3, density=0.3, samp_size=1000, seed=1, method=lacerda_prune
    resources: tmpdir=/tmp
[Wed Apr 29 11:40:40 2026]
Finished jobid: 440 (Rule: synth_fit)
32 of 435 steps (7%) done
Select jobs to execute...
Execute 1 jobs...
[Wed Apr 29 11:40:40 2026]
localrule synth_fit:
    input: results/synth/regime=easy/d=10/num_cycles=3/density=0.8/samp_size=1000/seed=1/dataset.npz
    output: results/synth/regime=easy/d=10/num_cycles=3/density=0.8/samp_size=1000/seed=1/method=lacerda/model.pkl
    jobid: 395
    reason: Missing output files: results/synth/regime=easy/d=10/num_cycles=3/density=0.8/samp_size=1000/seed=1/method=lacerda/model.pkl
    wildcards: regime=easy, d=10, num_cycles=3, density=0.8, samp_size=1000, seed=1, method=lacerda
    resources: tmpdir=/tmp
Select jobs to execute...
[Wed Apr 29 11:40:40 2026]
Finished jobid: 22 (Rule: synth_evaluate)
33 of 435 steps (8%) done
Execute 1 jobs...
[Wed Apr 29 11:40:40 2026]
localrule synth_fit:
    input: results/synth/regime=easy/d=10/num_cycles=4/density=0.5/samp_size=50/seed=2/dataset.npz
    output: results/synth/regime=easy/d=10/num_cycles=4/density=0.5/samp_size=50/seed=2/method=lacerda_prune/model.pkl
    jobid: 138
    reason: Missing output files: results/synth/regime=easy/d=10/num_cycles=4/density=0.5/samp_size=50/seed=2/method=lacerda_prune/model.pkl
    wildcards: regime=easy, d=10, num_cycles=4, density=0.5, samp_size=50, seed=2, method=lacerda_prune
    resources: tmpdir=/tmp
[Wed Apr 29 11:40:40 2026]
Finished jobid: 81 (Rule: synth_fit)
34 of 435 steps (8%) done
Select jobs to execute...
Execute 1 jobs...
[Wed Apr 29 11:40:40 2026]
localrule synth_fit:
    input: results/synth/regime=easy/d=10/num_cycles=4/density=0.8/samp_size=50/seed=0/dataset.npz
    output: results/synth/regime=easy/d=10/num_cycles=4/density=0.8/samp_size=50/seed=0/method=lacerda_prune/model.pkl
    jobid: 496
    reason: Missing output files: results/synth/regime=easy/d=10/num_cycles=4/density=0.8/samp_size=50/seed=0/method=lacerda_prune/model.pkl
    wildcards: regime=easy, d=10, num_cycles=4, density=0.8, samp_size=50, seed=0, method=lacerda_prune
    resources: tmpdir=/tmp
[Wed Apr 29 11:40:40 2026]
Finished jobid: 220 (Rule: synth_fit)
35 of 435 steps (8%) done
Select jobs to execute...
Execute 1 jobs...
[Wed Apr 29 11:40:40 2026]
localrule synth_fit:
    input: results/synth/regime=easy/d=10/num_cycles=5/density=0.3/samp_size=100/seed=0/dataset.npz
    output: results/synth/regime=easy/d=10/num_cycles=5/density=0.3/samp_size=100/seed=0/method=lacerda/model.pkl
    jobid: 265
    reason: Missing output files: results/synth/regime=easy/d=10/num_cycles=5/density=0.3/samp_size=100/seed=0/method=lacerda/model.pkl
    wildcards: regime=easy, d=10, num_cycles=5, density=0.3, samp_size=100, seed=0, method=lacerda
    resources: tmpdir=/tmp
Select jobs to execute...
[Wed Apr 29 11:40:40 2026]
Finished jobid: 313 (Rule: synth_fit)
36 of 435 steps (8%) done
Execute 1 jobs...
[Wed Apr 29 11:40:40 2026]
localrule synth_evaluate:
    input: results/synth/regime=easy/d=10/num_cycles=3/density=0.5/samp_size=100/seed=1/dataset.npz, results/synth/regime=easy/d=10/num_cycles=3/density=0.5/samp_size=100/seed=1/method=lacerda/model.pkl
    output: results/synth/regime=easy/d=10/num_cycles=3/density=0.5/samp_size=100/seed=1/method=lacerda/metrics.csv
    jobid: 13
    reason: Missing output files: results/synth/regime=easy/d=10/num_cycles=3/density=0.5/samp_size=100/seed=1/method=lacerda/metrics.csv; Input files updated by another job: results/synth/regime=easy/d=10/num_cycles=3/density=0.5/samp_size=100/seed=1/method=lacerda/model.pkl
    wildcards: regime=easy, d=10, num_cycles=3, density=0.5, samp_size=100, seed=1, method=lacerda
    resources: tmpdir=/tmp
Select jobs to execute...
[Wed Apr 29 11:40:40 2026]
Finished jobid: 317 (Rule: synth_fit)
37 of 435 steps (9%) done
Execute 1 jobs...
[Wed Apr 29 11:40:40 2026]
localrule synth_evaluate:
    input: results/synth/regime=easy/d=10/num_cycles=5/density=0.8/samp_size=500/seed=2/dataset.npz, results/synth/regime=easy/d=10/num_cycles=5/density=0.8/samp_size=500/seed=2/method=lacerda/model.pkl
    output: results/synth/regime=easy/d=10/num_cycles=5/density=0.8/samp_size=500/seed=2/method=lacerda/metrics.csv
    jobid: 459
    reason: Missing output files: results/synth/regime=easy/d=10/num_cycles=5/density=0.8/samp_size=500/seed=2/method=lacerda/metrics.csv; Input files updated by another job: results/synth/regime=easy/d=10/num_cycles=5/density=0.8/samp_size=500/seed=2/method=lacerda/model.pkl
    wildcards: regime=easy, d=10, num_cycles=5, density=0.8, samp_size=500, seed=2, method=lacerda
    resources: tmpdir=/tmp
Select jobs to execute...
[Wed Apr 29 11:40:40 2026]
Finished jobid: 395 (Rule: synth_fit)
38 of 435 steps (9%) done
Execute 1 jobs...
[Wed Apr 29 11:40:40 2026]
localrule synth_fit:
    input: results/synth/regime=easy/d=10/num_cycles=4/density=0.8/samp_size=50/seed=0/dataset.npz
    output: results/synth/regime=easy/d=10/num_cycles=4/density=0.8/samp_size=50/seed=0/method=lacerda/model.pkl
    jobid: 401
    reason: Missing output files: results/synth/regime=easy/d=10/num_cycles=4/density=0.8/samp_size=50/seed=0/method=lacerda/model.pkl
    wildcards: regime=easy, d=10, num_cycles=4, density=0.8, samp_size=50, seed=0, method=lacerda
    resources: tmpdir=/tmp
Select jobs to execute...
[Wed Apr 29 11:40:41 2026]
Finished jobid: 132 (Rule: synth_fit)
39 of 435 steps (9%) done
Execute 1 jobs...
[Wed Apr 29 11:40:41 2026]
localrule synth_evaluate:
    input: results/synth/regime=easy/d=10/num_cycles=3/density=0.8/samp_size=50/seed=2/dataset.npz, results/synth/regime=easy/d=10/num_cycles=3/density=0.8/samp_size=50/seed=2/method=lacerda/model.pkl
    output: results/synth/regime=easy/d=10/num_cycles=3/density=0.8/samp_size=50/seed=2/method=lacerda/metrics.csv
    jobid: 369
    reason: Missing output files: results/synth/regime=easy/d=10/num_cycles=3/density=0.8/samp_size=50/seed=2/method=lacerda/metrics.csv; Input files updated by another job: results/synth/regime=easy/d=10/num_cycles=3/density=0.8/samp_size=50/seed=2/method=lacerda/model.pkl
    wildcards: regime=easy, d=10, num_cycles=3, density=0.8, samp_size=50, seed=2, method=lacerda
    resources: tmpdir=/tmp
[Wed Apr 29 11:40:41 2026]
Finished jobid: 138 (Rule: synth_fit)
40 of 435 steps (9%) done
Select jobs to execute...
Execute 1 jobs...
[Wed Apr 29 11:40:41 2026]
localrule synth_fit:
    input: results/synth/regime=easy/d=10/num_cycles=3/density=0.8/samp_size=500/seed=2/dataset.npz
    output: results/synth/regime=easy/d=10/num_cycles=3/density=0.8/samp_size=500/seed=2/method=lacerda_prune/model.pkl
    jobid: 488
    reason: Missing output files: results/synth/regime=easy/d=10/num_cycles=3/density=0.8/samp_size=500/seed=2/method=lacerda_prune/model.pkl
    wildcards: regime=easy, d=10, num_cycles=3, density=0.8, samp_size=500, seed=2, method=lacerda_prune
    resources: tmpdir=/tmp
[Wed Apr 29 11:40:41 2026]
Finished jobid: 496 (Rule: synth_fit)
41 of 435 steps (9%) done
Select jobs to execute...
Execute 1 jobs...
[Wed Apr 29 11:40:41 2026]
localrule synth_fit:
    input: results/synth/regime=easy/d=10/num_cycles=3/density=0.5/samp_size=1000/seed=1/dataset.npz
    output: results/synth/regime=easy/d=10/num_cycles=3/density=0.5/samp_size=1000/seed=1/method=lacerda_prune/model.pkl
    jobid: 130
    reason: Missing output files: results/synth/regime=easy/d=10/num_cycles=3/density=0.5/samp_size=1000/seed=1/method=lacerda_prune/model.pkl
    wildcards: regime=easy, d=10, num_cycles=3, density=0.5, samp_size=1000, seed=1, method=lacerda_prune
    resources: tmpdir=/tmp
Select jobs to execute...
[Wed Apr 29 11:40:41 2026]
Finished jobid: 13 (Rule: synth_evaluate)
42 of 435 steps (10%) done
Execute 1 jobs...
[Wed Apr 29 11:40:41 2026]
localrule synth_fit:
    input: results/synth/regime=easy/d=10/num_cycles=5/density=0.3/samp_size=50/seed=1/dataset.npz
    output: results/synth/regime=easy/d=10/num_cycles=5/density=0.3/samp_size=50/seed=1/method=lacerda/model.pkl
    jobid: 259
    reason: Missing output files: results/synth/regime=easy/d=10/num_cycles=5/density=0.3/samp_size=50/seed=1/method=lacerda/model.pkl
    wildcards: regime=easy, d=10, num_cycles=5, density=0.3, samp_size=50, seed=1, method=lacerda
    resources: tmpdir=/tmp
Select jobs to execute...
[Wed Apr 29 11:40:41 2026]
Finished jobid: 265 (Rule: synth_fit)
43 of 435 steps (10%) done
Execute 1 jobs...
[Wed Apr 29 11:40:41 2026]
localrule synth_fit:
    input: results/synth/regime=easy/d=10/num_cycles=3/density=0.3/samp_size=1000/seed=1/dataset.npz
    output: results/synth/regime=easy/d=10/num_cycles=3/density=0.3/samp_size=1000/seed=1/method=lacerda/model.pkl
    jobid: 214
    reason: Missing output files: results/synth/regime=easy/d=10/num_cycles=3/density=0.3/samp_size=1000/seed=1/method=lacerda/model.pkl
    wildcards: regime=easy, d=10, num_cycles=3, density=0.3, samp_size=1000, seed=1, method=lacerda
    resources: tmpdir=/tmp
[Wed Apr 29 11:40:41 2026]
Finished jobid: 459 (Rule: synth_evaluate)
44 of 435 steps (10%) done
Select jobs to execute...
Execute 1 jobs...
[Wed Apr 29 11:40:41 2026]
localrule synth_fit:
    input: results/synth/regime=easy/d=10/num_cycles=4/density=0.3/samp_size=50/seed=2/dataset.npz
    output: results/synth/regime=easy/d=10/num_cycles=4/density=0.3/samp_size=50/seed=2/method=lacerda_prune/model.pkl
    jobid: 319
    reason: Missing output files: results/synth/regime=easy/d=10/num_cycles=4/density=0.3/samp_size=50/seed=2/method=lacerda_prune/model.pkl
    wildcards: regime=easy, d=10, num_cycles=4, density=0.3, samp_size=50, seed=2, method=lacerda_prune
    resources: tmpdir=/tmp
Select jobs to execute...
[Wed Apr 29 11:40:41 2026]
Finished jobid: 401 (Rule: synth_fit)
45 of 435 steps (10%) done
Execute 1 jobs...
[Wed Apr 29 11:40:41 2026]
localrule synth_fit:
    input: results/synth/regime=easy/d=10/num_cycles=3/density=0.3/samp_size=1000/seed=0/dataset.npz
    output: results/synth/regime=easy/d=10/num_cycles=3/density=0.3/samp_size=1000/seed=0/method=lacerda_prune/model.pkl
    jobid: 309
    reason: Missing output files: results/synth/regime=easy/d=10/num_cycles=3/density=0.3/samp_size=1000/seed=0/method=lacerda_prune/model.pkl
    wildcards: regime=easy, d=10, num_cycles=3, density=0.3, samp_size=1000, seed=0, method=lacerda_prune
    resources: tmpdir=/tmp
Select jobs to execute...
[Wed Apr 29 11:40:41 2026]
Finished jobid: 311 (Rule: synth_fit)
46 of 435 steps (11%) done
Execute 1 jobs...
[Wed Apr 29 11:40:41 2026]
localrule synth_evaluate:
    input: results/synth/regime=easy/d=10/num_cycles=3/density=0.5/samp_size=50/seed=2/dataset.npz, results/synth/regime=easy/d=10/num_cycles=3/density=0.5/samp_size=50/seed=2/method=lacerda/model.pkl
    output: results/synth/regime=easy/d=10/num_cycles=3/density=0.5/samp_size=50/seed=2/method=lacerda/metrics.csv
    jobid: 7
    reason: Missing output files: results/synth/regime=easy/d=10/num_cycles=3/density=0.5/samp_size=50/seed=2/method=lacerda/metrics.csv; Input files updated by another job: results/synth/regime=easy/d=10/num_cycles=3/density=0.5/samp_size=50/seed=2/method=lacerda/model.pkl
    wildcards: regime=easy, d=10, num_cycles=3, density=0.5, samp_size=50, seed=2, method=lacerda
    resources: tmpdir=/tmp
Select jobs to execute...
[Wed Apr 29 11:40:41 2026]
Finished jobid: 369 (Rule: synth_evaluate)
47 of 435 steps (11%) done
Execute 1 jobs...
[Wed Apr 29 11:40:41 2026]
localrule synth_evaluate:
    input: results/synth/regime=easy/d=10/num_cycles=3/density=0.3/samp_size=50/seed=2/dataset.npz, results/synth/regime=easy/d=10/num_cycles=3/density=0.3/samp_size=50/seed=2/method=lacerda/model.pkl
    output: results/synth/regime=easy/d=10/num_cycles=3/density=0.3/samp_size=50/seed=2/method=lacerda/metrics.csv
    jobid: 188
    reason: Missing output files: results/synth/regime=easy/d=10/num_cycles=3/density=0.3/samp_size=50/seed=2/method=lacerda/metrics.csv; Input files updated by another job: results/synth/regime=easy/d=10/num_cycles=3/density=0.3/samp_size=50/seed=2/method=lacerda/model.pkl
    wildcards: regime=easy, d=10, num_cycles=3, density=0.3, samp_size=50, seed=2, method=lacerda
    resources: tmpdir=/tmp
Select jobs to execute...
[Wed Apr 29 11:40:41 2026]
Finished jobid: 488 (Rule: synth_fit)
48 of 435 steps (11%) done
Execute 1 jobs...
[Wed Apr 29 11:40:41 2026]
localrule synth_evaluate:
    input: results/synth/regime=easy/d=10/num_cycles=5/density=0.8/samp_size=500/seed=1/dataset.npz, results/synth/regime=easy/d=10/num_cycles=5/density=0.8/samp_size=500/seed=1/method=lacerda/model.pkl
    output: results/synth/regime=easy/d=10/num_cycles=5/density=0.8/samp_size=500/seed=1/method=lacerda/metrics.csv
    jobid: 456
    reason: Missing output files: results/synth/regime=easy/d=10/num_cycles=5/density=0.8/samp_size=500/seed=1/method=lacerda/metrics.csv; Input files updated by another job: results/synth/regime=easy/d=10/num_cycles=5/density=0.8/samp_size=500/seed=1/method=lacerda/model.pkl
    wildcards: regime=easy, d=10, num_cycles=5, density=0.8, samp_size=500, seed=1, method=lacerda
    resources: tmpdir=/tmp
Select jobs to execute...
[Wed Apr 29 11:40:42 2026]
Finished jobid: 259 (Rule: synth_fit)
49 of 435 steps (11%) done
Execute 1 jobs...
[Wed Apr 29 11:40:42 2026]
localrule synth_fit:
    input: results/synth/regime=easy/d=10/num_cycles=3/density=0.5/samp_size=1000/seed=1/dataset.npz
    output: results/synth/regime=easy/d=10/num_cycles=3/density=0.5/samp_size=1000/seed=1/method=lacerda/model.pkl
    jobid: 33
    reason: Missing output files: results/synth/regime=easy/d=10/num_cycles=3/density=0.5/samp_size=1000/seed=1/method=lacerda/model.pkl
    wildcards: regime=easy, d=10, num_cycles=3, density=0.5, samp_size=1000, seed=1, method=lacerda
    resources: tmpdir=/tmp
[Wed Apr 29 11:40:42 2026]
Finished jobid: 214 (Rule: synth_fit)
50 of 435 steps (11%) done
Select jobs to execute...
Execute 1 jobs...
[Wed Apr 29 11:40:42 2026]
localrule synth_fit:
    input: results/synth/regime=easy/d=10/num_cycles=4/density=0.5/samp_size=100/seed=0/dataset.npz
    output: results/synth/regime=easy/d=10/num_cycles=4/density=0.5/samp_size=100/seed=0/method=lacerda_prune/model.pkl
    jobid: 140
    reason: Missing output files: results/synth/regime=easy/d=10/num_cycles=4/density=0.5/samp_size=100/seed=0/method=lacerda_prune/model.pkl
    wildcards: regime=easy, d=10, num_cycles=4, density=0.5, samp_size=100, seed=0, method=lacerda_prune
    resources: tmpdir=/tmp
[Wed Apr 29 11:40:42 2026]
Finished jobid: 319 (Rule: synth_fit)
51 of 435 steps (12%) done
Select jobs to execute...
Execute 1 jobs...
[Wed Apr 29 11:40:42 2026]
localrule synth_fit:
    input: results/synth/regime=easy/d=10/num_cycles=3/density=0.8/samp_size=500/seed=1/dataset.npz
    output: results/synth/regime=easy/d=10/num_cycles=3/density=0.8/samp_size=500/seed=1/method=lacerda_prune/model.pkl
    jobid: 486
    reason: Missing output files: results/synth/regime=easy/d=10/num_cycles=3/density=0.8/samp_size=500/seed=1/method=lacerda_prune/model.pkl
    wildcards: regime=easy, d=10, num_cycles=3, density=0.8, samp_size=500, seed=1, method=lacerda_prune
    resources: tmpdir=/tmp
Select jobs to execute...
[Wed Apr 29 11:40:42 2026]
Finished jobid: 7 (Rule: synth_evaluate)
52 of 435 steps (12%) done
Execute 1 jobs...
[Wed Apr 29 11:40:42 2026]
localrule synth_fit:
    input: results/synth/regime=easy/d=10/num_cycles=4/density=0.8/samp_size=50/seed=1/dataset.npz
    output: results/synth/regime=easy/d=10/num_cycles=4/density=0.8/samp_size=50/seed=1/method=lacerda_prune/model.pkl
    jobid: 498
    reason: Missing output files: results/synth/regime=easy/d=10/num_cycles=4/density=0.8/samp_size=50/seed=1/method=lacerda_prune/model.pkl
    wildcards: regime=easy, d=10, num_cycles=4, density=0.8, samp_size=50, seed=1, method=lacerda_prune
    resources: tmpdir=/tmp
Select jobs to execute...
[Wed Apr 29 11:40:42 2026]
Finished jobid: 188 (Rule: synth_evaluate)
53 of 435 steps (12%) done
Execute 1 jobs...
[Wed Apr 29 11:40:42 2026]
localrule synth_fit:
    input: results/synth/regime=easy/d=10/num_cycles=4/density=0.5/samp_size=50/seed=1/dataset.npz
    output: results/synth/regime=easy/d=10/num_cycles=4/density=0.5/samp_size=50/seed=1/method=lacerda/model.pkl
    jobid: 42
    reason: Missing output files: results/synth/regime=easy/d=10/num_cycles=4/density=0.5/samp_size=50/seed=1/method=lacerda/model.pkl
    wildcards: regime=easy, d=10, num_cycles=4, density=0.5, samp_size=50, seed=1, method=lacerda
    resources: tmpdir=/tmp
Select jobs to execute...
[Wed Apr 29 11:40:42 2026]
Finished jobid: 456 (Rule: synth_evaluate)
54 of 435 steps (12%) done
Execute 1 jobs...
[Wed Apr 29 11:40:42 2026]
localrule synth_fit:
    input: results/synth/regime=easy/d=10/num_cycles=5/density=0.5/samp_size=100/seed=1/dataset.npz
    output: results/synth/regime=easy/d=10/num_cycles=5/density=0.5/samp_size=100/seed=1/method=lacerda/model.pkl
    jobid: 87
    reason: Missing output files: results/synth/regime=easy/d=10/num_cycles=5/density=0.5/samp_size=100/seed=1/method=lacerda/model.pkl
    wildcards: regime=easy, d=10, num_cycles=5, density=0.5, samp_size=100, seed=1, method=lacerda
    resources: tmpdir=/tmp
Select jobs to execute...
[Wed Apr 29 11:40:42 2026]
Finished jobid: 130 (Rule: synth_fit)
55 of 435 steps (13%) done
Execute 1 jobs...
[Wed Apr 29 11:40:42 2026]
localrule synth_fit:
    input: results/synth/regime=easy/d=10/num_cycles=5/density=0.8/samp_size=50/seed=0/dataset.npz
    output: results/synth/regime=easy/d=10/num_cycles=5/density=0.8/samp_size=50/seed=0/method=lacerda/model.pkl
    jobid: 437
    reason: Missing output files: results/synth/regime=easy/d=10/num_cycles=5/density=0.8/samp_size=50/seed=0/method=lacerda/model.pkl
    wildcards: regime=easy, d=10, num_cycles=5, density=0.8, samp_size=50, seed=0, method=lacerda
    resources: tmpdir=/tmp
[Wed Apr 29 11:40:42 2026]
Finished jobid: 33 (Rule: synth_fit)
56 of 435 steps (13%) done
Select jobs to execute...
Execute 1 jobs...
[Wed Apr 29 11:40:42 2026]
localrule synth_fit:
    input: results/synth/regime=easy/d=10/num_cycles=5/density=0.8/samp_size=100/seed=0/dataset.npz
    output: results/synth/regime=easy/d=10/num_cycles=5/density=0.8/samp_size=100/seed=0/method=lacerda/model.pkl
    jobid: 446
    reason: Missing output files: results/synth/regime=easy/d=10/num_cycles=5/density=0.8/samp_size=100/seed=0/method=lacerda/model.pkl
    wildcards: regime=easy, d=10, num_cycles=5, density=0.8, samp_size=100, seed=0, method=lacerda
    resources: tmpdir=/tmp
Select jobs to execute...
[Wed Apr 29 11:40:42 2026]
Finished jobid: 140 (Rule: synth_fit)
57 of 435 steps (13%) done
Execute 1 jobs...
[Wed Apr 29 11:40:42 2026]
localrule synth_fit:
    input: results/synth/regime=easy/d=10/num_cycles=3/density=0.5/samp_size=1000/seed=0/dataset.npz
    output: results/synth/regime=easy/d=10/num_cycles=3/density=0.5/samp_size=1000/seed=0/method=lacerda_prune/model.pkl
    jobid: 128
    reason: Missing output files: results/synth/regime=easy/d=10/num_cycles=3/density=0.5/samp_size=1000/seed=0/method=lacerda_prune/model.pkl
    wildcards: regime=easy, d=10, num_cycles=3, density=0.5, samp_size=1000, seed=0, method=lacerda_prune
    resources: tmpdir=/tmp
Select jobs to execute...
[Wed Apr 29 11:40:42 2026]
Finished jobid: 498 (Rule: synth_fit)
58 of 435 steps (13%) done
Execute 1 jobs...
[Wed Apr 29 11:40:42 2026]
localrule synth_fit:
    input: results/synth/regime=easy/d=10/num_cycles=5/density=0.5/samp_size=50/seed=1/dataset.npz
    output: results/synth/regime=easy/d=10/num_cycles=5/density=0.5/samp_size=50/seed=1/method=lacerda/model.pkl
    jobid: 78
    reason: Missing output files: results/synth/regime=easy/d=10/num_cycles=5/density=0.5/samp_size=50/seed=1/method=lacerda/model.pkl
    wildcards: regime=easy, d=10, num_cycles=5, density=0.5, samp_size=50, seed=1, method=lacerda
    resources: tmpdir=/tmp
Select jobs to execute...
[Wed Apr 29 11:40:42 2026]
Finished jobid: 309 (Rule: synth_fit)
59 of 435 steps (14%) done
Execute 1 jobs...
[Wed Apr 29 11:40:42 2026]
localrule synth_fit:
    input: results/synth/regime=easy/d=10/num_cycles=3/density=0.3/samp_size=500/seed=2/dataset.npz
    output: results/synth/regime=easy/d=10/num_cycles=3/density=0.3/samp_size=500/seed=2/method=lacerda_prune/model.pkl
    jobid: 307
    reason: Missing output files: results/synth/regime=easy/d=10/num_cycles=3/density=0.3/samp_size=500/seed=2/method=lacerda_prune/model.pkl
    wildcards: regime=easy, d=10, num_cycles=3, density=0.3, samp_size=500, seed=2, method=lacerda_prune
    resources: tmpdir=/tmp
Select jobs to execute...
[Wed Apr 29 11:40:43 2026]
Finished jobid: 42 (Rule: synth_fit)
60 of 435 steps (14%) done
Execute 1 jobs...
[Wed Apr 29 11:40:43 2026]
localrule synth_fit:
    input: results/synth/regime=easy/d=10/num_cycles=4/density=0.3/samp_size=100/seed=0/dataset.npz
    output: results/synth/regime=easy/d=10/num_cycles=4/density=0.3/samp_size=100/seed=0/method=lacerda_prune/model.pkl
    jobid: 321
    reason: Missing output files: results/synth/regime=easy/d=10/num_cycles=4/density=0.3/samp_size=100/seed=0/method=lacerda_prune/model.pkl
    wildcards: regime=easy, d=10, num_cycles=4, density=0.3, samp_size=100, seed=0, method=lacerda_prune
    resources: tmpdir=/tmp
Select jobs to execute...
[Wed Apr 29 11:40:43 2026]
Finished jobid: 437 (Rule: synth_fit)
61 of 435 steps (14%) done
Execute 1 jobs...
[Wed Apr 29 11:40:43 2026]
localrule synth_fit:
    input: results/synth/regime=easy/d=10/num_cycles=3/density=0.8/samp_size=1000/seed=0/dataset.npz
    output: results/synth/regime=easy/d=10/num_cycles=3/density=0.8/samp_size=1000/seed=0/method=lacerda/model.pkl
    jobid: 392
    reason: Missing output files: results/synth/regime=easy/d=10/num_cycles=3/density=0.8/samp_size=1000/seed=0/method=lacerda/model.pkl
    wildcards: regime=easy, d=10, num_cycles=3, density=0.8, samp_size=1000, seed=0, method=lacerda
    resources: tmpdir=/tmp
Select jobs to execute...
[Wed Apr 29 11:40:43 2026]
Finished jobid: 446 (Rule: synth_fit)
62 of 435 steps (14%) done
Execute 1 jobs...
[Wed Apr 29 11:40:43 2026]
localrule synth_fit:
    input: results/synth/regime=easy/d=10/num_cycles=4/density=0.3/samp_size=50/seed=1/dataset.npz
    output: results/synth/regime=easy/d=10/num_cycles=4/density=0.3/samp_size=50/seed=1/method=lacerda/model.pkl
    jobid: 223
    reason: Missing output files: results/synth/regime=easy/d=10/num_cycles=4/density=0.3/samp_size=50/seed=1/method=lacerda/model.pkl
    wildcards: regime=easy, d=10, num_cycles=4, density=0.3, samp_size=50, seed=1, method=lacerda
    resources: tmpdir=/tmp
Select jobs to execute...
[Wed Apr 29 11:40:43 2026]
Finished jobid: 128 (Rule: synth_fit)
63 of 435 steps (14%) done
Execute 1 jobs...
[Wed Apr 29 11:40:43 2026]
localrule synth_evaluate:
    input: results/synth/regime=easy/d=10/num_cycles=5/density=0.3/samp_size=500/seed=2/dataset.npz, results/synth/regime=easy/d=10/num_cycles=5/density=0.3/samp_size=500/seed=2/method=lacerda/model.pkl
    output: results/synth/regime=easy/d=10/num_cycles=5/density=0.3/samp_size=500/seed=2/method=lacerda/metrics.csv
    jobid: 278
    reason: Missing output files: results/synth/regime=easy/d=10/num_cycles=5/density=0.3/samp_size=500/seed=2/method=lacerda/metrics.csv; Input files updated by another job: results/synth/regime=easy/d=10/num_cycles=5/density=0.3/samp_size=500/seed=2/method=lacerda/model.pkl
    wildcards: regime=easy, d=10, num_cycles=5, density=0.3, samp_size=500, seed=2, method=lacerda
    resources: tmpdir=/tmp
Select jobs to execute...
[Wed Apr 29 11:40:43 2026]
Finished jobid: 78 (Rule: synth_fit)
64 of 435 steps (15%) done
Execute 1 jobs...
[Wed Apr 29 11:40:43 2026]
localrule synth_evaluate:
    input: results/synth/regime=easy/d=10/num_cycles=5/density=0.5/samp_size=50/seed=1/dataset.npz, results/synth/regime=easy/d=10/num_cycles=5/density=0.5/samp_size=50/seed=1/method=lacerda/model.pkl
    output: results/synth/regime=easy/d=10/num_cycles=5/density=0.5/samp_size=50/seed=1/method=lacerda/metrics.csv
    jobid: 76
    reason: Missing output files: results/synth/regime=easy/d=10/num_cycles=5/density=0.5/samp_size=50/seed=1/method=lacerda/metrics.csv; Input files updated by another job: results/synth/regime=easy/d=10/num_cycles=5/density=0.5/samp_size=50/seed=1/method=lacerda/model.pkl
    wildcards: regime=easy, d=10, num_cycles=5, density=0.5, samp_size=50, seed=1, method=lacerda
    resources: tmpdir=/tmp
Select jobs to execute...
[Wed Apr 29 11:40:43 2026]
Finished jobid: 486 (Rule: synth_fit)
65 of 435 steps (15%) done
Execute 1 jobs...
[Wed Apr 29 11:40:43 2026]
localrule synth_evaluate:
    input: results/synth/regime=easy/d=10/num_cycles=5/density=0.5/samp_size=1000/seed=0/dataset.npz, results/synth/regime=easy/d=10/num_cycles=5/density=0.5/samp_size=1000/seed=0/method=lacerda/model.pkl
    output: results/synth/regime=easy/d=10/num_cycles=5/density=0.5/samp_size=1000/seed=0/method=lacerda/metrics.csv
    jobid: 100
    reason: Missing output files: results/synth/regime=easy/d=10/num_cycles=5/density=0.5/samp_size=1000/seed=0/method=lacerda/metrics.csv; Input files updated by another job: results/synth/regime=easy/d=10/num_cycles=5/density=0.5/samp_size=1000/seed=0/method=lacerda/model.pkl
    wildcards: regime=easy, d=10, num_cycles=5, density=0.5, samp_size=1000, seed=0, method=lacerda
    resources: tmpdir=/tmp
Select jobs to execute...
[Wed Apr 29 11:40:43 2026]
Finished jobid: 87 (Rule: synth_fit)
66 of 435 steps (15%) done
Execute 1 jobs...
[Wed Apr 29 11:40:43 2026]
localrule synth_evaluate:
    input: results/synth/regime=easy/d=10/num_cycles=3/density=0.8/samp_size=50/seed=0/dataset.npz, results/synth/regime=easy/d=10/num_cycles=3/density=0.8/samp_size=50/seed=0/method=lacerda/model.pkl
    output: results/synth/regime=easy/d=10/num_cycles=3/density=0.8/samp_size=50/seed=0/method=lacerda/metrics.csv
    jobid: 363
    reason: Missing output files: results/synth/regime=easy/d=10/num_cycles=3/density=0.8/samp_size=50/seed=0/method=lacerda/metrics.csv; Input files updated by another job: results/synth/regime=easy/d=10/num_cycles=3/density=0.8/samp_size=50/seed=0/method=lacerda/model.pkl
    wildcards: regime=easy, d=10, num_cycles=3, density=0.8, samp_size=50, seed=0, method=lacerda
    resources: tmpdir=/tmp
Select jobs to execute...
[Wed Apr 29 11:40:43 2026]
Finished jobid: 321 (Rule: synth_fit)
67 of 435 steps (15%) done
Execute 1 jobs...
[Wed Apr 29 11:40:43 2026]
localrule synth_fit:
    input: results/synth/regime=easy/d=10/num_cycles=3/density=0.8/samp_size=500/seed=0/dataset.npz
    output: results/synth/regime=easy/d=10/num_cycles=3/density=0.8/samp_size=500/seed=0/method=lacerda_prune/model.pkl
    jobid: 484
    reason: Missing output files: results/synth/regime=easy/d=10/num_cycles=3/density=0.8/samp_size=500/seed=0/method=lacerda_prune/model.pkl
    wildcards: regime=easy, d=10, num_cycles=3, density=0.8, samp_size=500, seed=0, method=lacerda_prune
    resources: tmpdir=/tmp
Select jobs to execute...
[Wed Apr 29 11:40:43 2026]
Finished jobid: 392 (Rule: synth_fit)
68 of 435 steps (16%) done
Execute 1 jobs...
[Wed Apr 29 11:40:43 2026]
localrule synth_fit:
    input: results/synth/regime=easy/d=10/num_cycles=4/density=0.5/samp_size=100/seed=1/dataset.npz
    output: results/synth/regime=easy/d=10/num_cycles=4/density=0.5/samp_size=100/seed=1/method=lacerda_prune/model.pkl
    jobid: 142
    reason: Missing output files: results/synth/regime=easy/d=10/num_cycles=4/density=0.5/samp_size=100/seed=1/method=lacerda_prune/model.pkl
    wildcards: regime=easy, d=10, num_cycles=4, density=0.5, samp_size=100, seed=1, method=lacerda_prune
    resources: tmpdir=/tmp
Select jobs to execute...
[Wed Apr 29 11:40:43 2026]
Finished jobid: 278 (Rule: synth_evaluate)
69 of 435 steps (16%) done
Execute 1 jobs...
[Wed Apr 29 11:40:43 2026]
localrule synth_fit:
    input: results/synth/regime=easy/d=10/num_cycles=3/density=0.5/samp_size=500/seed=2/dataset.npz
    output: results/synth/regime=easy/d=10/num_cycles=3/density=0.5/samp_size=500/seed=2/method=lacerda_prune/model.pkl
    jobid: 126
    reason: Missing output files: results/synth/regime=easy/d=10/num_cycles=3/density=0.5/samp_size=500/seed=2/method=lacerda_prune/model.pkl
    wildcards: regime=easy, d=10, num_cycles=3, density=0.5, samp_size=500, seed=2, method=lacerda_prune
    resources: tmpdir=/tmp
[Wed Apr 29 11:40:43 2026]
Finished jobid: 223 (Rule: synth_fit)
70 of 435 steps (16%) done
Select jobs to execute...
Execute 1 jobs...
[Wed Apr 29 11:40:43 2026]
localrule synth_fit:
    input: results/synth/regime=easy/d=10/num_cycles=5/density=0.3/samp_size=50/seed=0/dataset.npz
    output: results/synth/regime=easy/d=10/num_cycles=5/density=0.3/samp_size=50/seed=0/method=lacerda/model.pkl
    jobid: 256
    reason: Missing output files: results/synth/regime=easy/d=10/num_cycles=5/density=0.3/samp_size=50/seed=0/method=lacerda/model.pkl
    wildcards: regime=easy, d=10, num_cycles=5, density=0.3, samp_size=50, seed=0, method=lacerda
    resources: tmpdir=/tmp
Select jobs to execute...
[Wed Apr 29 11:40:43 2026]
Finished jobid: 76 (Rule: synth_evaluate)
71 of 435 steps (16%) done
Execute 1 jobs...
[Wed Apr 29 11:40:43 2026]
localrule synth_fit:
    input: results/synth/regime=easy/d=10/num_cycles=4/density=0.8/samp_size=50/seed=2/dataset.npz
    output: results/synth/regime=easy/d=10/num_cycles=4/density=0.8/samp_size=50/seed=2/method=lacerda_prune/model.pkl
    jobid: 500
    reason: Missing output files: results/synth/regime=easy/d=10/num_cycles=4/density=0.8/samp_size=50/seed=2/method=lacerda_prune/model.pkl
    wildcards: regime=easy, d=10, num_cycles=4, density=0.8, samp_size=50, seed=2, method=lacerda_prune
    resources: tmpdir=/tmp
[Wed Apr 29 11:40:43 2026]
Finished jobid: 100 (Rule: synth_evaluate)
72 of 435 steps (17%) done
Select jobs to execute...
Execute 1 jobs...
[Wed Apr 29 11:40:43 2026]
localrule synth_fit:
    input: results/synth/regime=easy/d=10/num_cycles=3/density=0.3/samp_size=500/seed=1/dataset.npz
    output: results/synth/regime=easy/d=10/num_cycles=3/density=0.3/samp_size=500/seed=1/method=lacerda_prune/model.pkl
    jobid: 305
    reason: Missing output files: results/synth/regime=easy/d=10/num_cycles=3/density=0.3/samp_size=500/seed=1/method=lacerda_prune/model.pkl
    wildcards: regime=easy, d=10, num_cycles=3, density=0.3, samp_size=500, seed=1, method=lacerda_prune
    resources: tmpdir=/tmp
Select jobs to execute...
[Wed Apr 29 11:40:44 2026]
Finished jobid: 307 (Rule: synth_fit)
73 of 435 steps (17%) done
Execute 1 jobs...
[Wed Apr 29 11:40:44 2026]
localrule synth_fit:
    input: results/synth/regime=easy/d=10/num_cycles=3/density=0.3/samp_size=1000/seed=0/dataset.npz
    output: results/synth/regime=easy/d=10/num_cycles=3/density=0.3/samp_size=1000/seed=0/method=lacerda/model.pkl
    jobid: 211
    reason: Missing output files: results/synth/regime=easy/d=10/num_cycles=3/density=0.3/samp_size=1000/seed=0/method=lacerda/model.pkl
    wildcards: regime=easy, d=10, num_cycles=3, density=0.3, samp_size=1000, seed=0, method=lacerda
    resources: tmpdir=/tmp
Select jobs to execute...
[Wed Apr 29 11:40:44 2026]
Finished jobid: 363 (Rule: synth_evaluate)
74 of 435 steps (17%) done
Execute 1 jobs...
[Wed Apr 29 11:40:44 2026]
localrule synth_fit:
    input: results/synth/regime=easy/d=10/num_cycles=5/density=0.3/samp_size=100/seed=1/dataset.npz
    output: results/synth/regime=easy/d=10/num_cycles=5/density=0.3/samp_size=100/seed=1/method=lacerda/model.pkl
    jobid: 268
    reason: Missing output files: results/synth/regime=easy/d=10/num_cycles=5/density=0.3/samp_size=100/seed=1/method=lacerda/model.pkl
    wildcards: regime=easy, d=10, num_cycles=5, density=0.3, samp_size=100, seed=1, method=lacerda
    resources: tmpdir=/tmp
Select jobs to execute...
[Wed Apr 29 11:40:44 2026]
Finished jobid: 484 (Rule: synth_fit)
75 of 435 steps (17%) done
Execute 1 jobs...
[Wed Apr 29 11:40:44 2026]
localrule synth_evaluate:
    input: results/synth/regime=easy/d=10/num_cycles=5/density=0.5/samp_size=50/seed=1/dataset.npz, results/synth/regime=easy/d=10/num_cycles=5/density=0.5/samp_size=50/seed=1/method=lacerda_prune/model.pkl
    output: results/synth/regime=easy/d=10/num_cycles=5/density=0.5/samp_size=50/seed=1/method=lacerda_prune/metrics.csv
    jobid: 159
    reason: Missing output files: results/synth/regime=easy/d=10/num_cycles=5/density=0.5/samp_size=50/seed=1/method=lacerda_prune/metrics.csv; Input files updated by another job: results/synth/regime=easy/d=10/num_cycles=5/density=0.5/samp_size=50/seed=1/method=lacerda_prune/model.pkl
    wildcards: regime=easy, d=10, num_cycles=5, density=0.5, samp_size=50, seed=1, method=lacerda_prune
    resources: tmpdir=/tmp
Select jobs to execute...
[Wed Apr 29 11:40:44 2026]
Finished jobid: 126 (Rule: synth_fit)
76 of 435 steps (17%) done
Execute 1 jobs...
[Wed Apr 29 11:40:44 2026]
localrule synth_fit:
    input: results/synth/regime=easy/d=10/num_cycles=3/density=0.5/samp_size=1000/seed=0/dataset.npz
    output: results/synth/regime=easy/d=10/num_cycles=3/density=0.5/samp_size=1000/seed=0/method=lacerda/model.pkl
    jobid: 30
    reason: Missing output files: results/synth/regime=easy/d=10/num_cycles=3/density=0.5/samp_size=1000/seed=0/method=lacerda/model.pkl
    wildcards: regime=easy, d=10, num_cycles=3, density=0.5, samp_size=1000, seed=0, method=lacerda
    resources: tmpdir=/tmp
Select jobs to execute...
[Wed Apr 29 11:40:44 2026]
Finished jobid: 256 (Rule: synth_fit)
77 of 435 steps (18%) done
Execute 1 jobs...
[Wed Apr 29 11:40:44 2026]
localrule synth_evaluate:
    input: results/synth/regime=easy/d=10/num_cycles=3/density=0.5/samp_size=1000/seed=1/dataset.npz, results/synth/regime=easy/d=10/num_cycles=3/density=0.5/samp_size=1000/seed=1/method=lacerda/model.pkl
    output: results/synth/regime=easy/d=10/num_cycles=3/density=0.5/samp_size=1000/seed=1/method=lacerda/metrics.csv
    jobid: 31
    reason: Missing output files: results/synth/regime=easy/d=10/num_cycles=3/density=0.5/samp_size=1000/seed=1/method=lacerda/metrics.csv; Input files updated by another job: results/synth/regime=easy/d=10/num_cycles=3/density=0.5/samp_size=1000/seed=1/method=lacerda/model.pkl
    wildcards: regime=easy, d=10, num_cycles=3, density=0.5, samp_size=1000, seed=1, method=lacerda
    resources: tmpdir=/tmp
[Wed Apr 29 11:40:44 2026]
Finished jobid: 500 (Rule: synth_fit)
78 of 435 steps (18%) done
Select jobs to execute...
Execute 1 jobs...
[Wed Apr 29 11:40:44 2026]
localrule synth_fit:
    input: results/synth/regime=easy/d=10/num_cycles=3/density=0.8/samp_size=100/seed=2/dataset.npz
    output: results/synth/regime=easy/d=10/num_cycles=3/density=0.8/samp_size=100/seed=2/method=lacerda_prune/model.pkl
    jobid: 482
    reason: Missing output files: results/synth/regime=easy/d=10/num_cycles=3/density=0.8/samp_size=100/seed=2/method=lacerda_prune/model.pkl
    wildcards: regime=easy, d=10, num_cycles=3, density=0.8, samp_size=100, seed=2, method=lacerda_prune
    resources: tmpdir=/tmp
Select jobs to execute...
[Wed Apr 29 11:40:44 2026]
Finished jobid: 211 (Rule: synth_fit)
79 of 435 steps (18%) done
Execute 1 jobs...
[Wed Apr 29 11:40:44 2026]
localrule synth_evaluate:
    input: results/synth/regime=easy/d=10/num_cycles=3/density=0.3/samp_size=1000/seed=0/dataset.npz, results/synth/regime=easy/d=10/num_cycles=3/density=0.3/samp_size=1000/seed=0/method=lacerda/model.pkl
    output: results/synth/regime=easy/d=10/num_cycles=3/density=0.3/samp_size=1000/seed=0/method=lacerda/metrics.csv
    jobid: 209
    reason: Missing output files: results/synth/regime=easy/d=10/num_cycles=3/density=0.3/samp_size=1000/seed=0/method=lacerda/metrics.csv; Input files updated by another job: results/synth/regime=easy/d=10/num_cycles=3/density=0.3/samp_size=1000/seed=0/method=lacerda/model.pkl
    wildcards: regime=easy, d=10, num_cycles=3, density=0.3, samp_size=1000, seed=0, method=lacerda
    resources: tmpdir=/tmp
Select jobs to execute...
[Wed Apr 29 11:40:44 2026]
Finished jobid: 159 (Rule: synth_evaluate)
80 of 435 steps (18%) done
Execute 1 jobs...
[Wed Apr 29 11:40:44 2026]
localrule synth_fit:
    input: results/synth/regime=easy/d=10/num_cycles=5/density=0.8/samp_size=1000/seed=2/dataset.npz
    output: results/synth/regime=easy/d=10/num_cycles=5/density=0.8/samp_size=1000/seed=2/method=lacerda_prune/model.pkl
    jobid: 542
    reason: Missing output files: results/synth/regime=easy/d=10/num_cycles=5/density=0.8/samp_size=1000/seed=2/method=lacerda_prune/model.pkl
    wildcards: regime=easy, d=10, num_cycles=5, density=0.8, samp_size=1000, seed=2, method=lacerda_prune
    resources: tmpdir=/tmp
Select jobs to execute...
[Wed Apr 29 11:40:45 2026]
Finished jobid: 142 (Rule: synth_fit)
81 of 435 steps (19%) done
Execute 1 jobs...
[Wed Apr 29 11:40:45 2026]
localrule synth_fit:
    input: results/synth/regime=easy/d=10/num_cycles=4/density=0.8/samp_size=1000/seed=2/dataset.npz
    output: results/synth/regime=easy/d=10/num_cycles=4/density=0.8/samp_size=1000/seed=2/method=lacerda/model.pkl
    jobid: 434
    reason: Missing output files: results/synth/regime=easy/d=10/num_cycles=4/density=0.8/samp_size=1000/seed=2/method=lacerda/model.pkl
    wildcards: regime=easy, d=10, num_cycles=4, density=0.8, samp_size=1000, seed=2, method=lacerda
    resources: tmpdir=/tmp
Select jobs to execute...
[Wed Apr 29 11:40:45 2026]
Finished jobid: 31 (Rule: synth_evaluate)
82 of 435 steps (19%) done
Execute 1 jobs...
[Wed Apr 29 11:40:45 2026]
localrule synth_evaluate:
    input: results/synth/regime=easy/d=10/num_cycles=5/density=0.8/samp_size=100/seed=0/dataset.npz, results/synth/regime=easy/d=10/num_cycles=5/density=0.8/samp_size=100/seed=0/method=lacerda/model.pkl
    output: results/synth/regime=easy/d=10/num_cycles=5/density=0.8/samp_size=100/seed=0/method=lacerda/metrics.csv
    jobid: 444
    reason: Missing output files: results/synth/regime=easy/d=10/num_cycles=5/density=0.8/samp_size=100/seed=0/method=lacerda/metrics.csv; Input files updated by another job: results/synth/regime=easy/d=10/num_cycles=5/density=0.8/samp_size=100/seed=0/method=lacerda/model.pkl
    wildcards: regime=easy, d=10, num_cycles=5, density=0.8, samp_size=100, seed=0, method=lacerda
    resources: tmpdir=/tmp
[Wed Apr 29 11:40:45 2026]
Finished jobid: 30 (Rule: synth_fit)
83 of 435 steps (19%) done
Select jobs to execute...
Execute 1 jobs...
[Wed Apr 29 11:40:45 2026]
localrule synth_evaluate:
    input: results/synth/regime=easy/d=10/num_cycles=3/density=0.5/samp_size=1000/seed=0/dataset.npz, results/synth/regime=easy/d=10/num_cycles=3/density=0.5/samp_size=1000/seed=0/method=lacerda/model.pkl
    output: results/synth/regime=easy/d=10/num_cycles=3/density=0.5/samp_size=1000/seed=0/method=lacerda/metrics.csv
    jobid: 28
    reason: Missing output files: results/synth/regime=easy/d=10/num_cycles=3/density=0.5/samp_size=1000/seed=0/method=lacerda/metrics.csv; Input files updated by another job: results/synth/regime=easy/d=10/num_cycles=3/density=0.5/samp_size=1000/seed=0/method=lacerda/model.pkl
    wildcards: regime=easy, d=10, num_cycles=3, density=0.5, samp_size=1000, seed=0, method=lacerda
    resources: tmpdir=/tmp
[Wed Apr 29 11:40:45 2026]
Finished jobid: 209 (Rule: synth_evaluate)
84 of 435 steps (19%) done
Select jobs to execute...
Execute 1 jobs...
[Wed Apr 29 11:40:45 2026]
localrule synth_evaluate:
    input: results/synth/regime=easy/d=10/num_cycles=5/density=0.3/samp_size=50/seed=0/dataset.npz, results/synth/regime=easy/d=10/num_cycles=5/density=0.3/samp_size=50/seed=0/method=lacerda/model.pkl
    output: results/synth/regime=easy/d=10/num_cycles=5/density=0.3/samp_size=50/seed=0/method=lacerda/metrics.csv
    jobid: 254
    reason: Missing output files: results/synth/regime=easy/d=10/num_cycles=5/density=0.3/samp_size=50/seed=0/method=lacerda/metrics.csv; Input files updated by another job: results/synth/regime=easy/d=10/num_cycles=5/density=0.3/samp_size=50/seed=0/method=lacerda/model.pkl
    wildcards: regime=easy, d=10, num_cycles=5, density=0.3, samp_size=50, seed=0, method=lacerda
    resources: tmpdir=/tmp
[Wed Apr 29 11:40:45 2026]
Finished jobid: 305 (Rule: synth_fit)
85 of 435 steps (20%) done
Select jobs to execute...
Execute 1 jobs...
[Wed Apr 29 11:40:45 2026]
localrule synth_fit:
    input: results/synth/regime=easy/d=10/num_cycles=3/density=0.5/samp_size=500/seed=1/dataset.npz
    output: results/synth/regime=easy/d=10/num_cycles=3/density=0.5/samp_size=500/seed=1/method=lacerda_prune/model.pkl
    jobid: 124
    reason: Missing output files: results/synth/regime=easy/d=10/num_cycles=3/density=0.5/samp_size=500/seed=1/method=lacerda_prune/model.pkl
    wildcards: regime=easy, d=10, num_cycles=3, density=0.5, samp_size=500, seed=1, method=lacerda_prune
    resources: tmpdir=/tmp
Select jobs to execute...
[Wed Apr 29 11:40:45 2026]
Finished jobid: 268 (Rule: synth_fit)
86 of 435 steps (20%) done
Execute 1 jobs...
[Wed Apr 29 11:40:45 2026]
localrule synth_fit:
    input: results/synth/regime=easy/d=10/num_cycles=5/density=0.5/samp_size=50/seed=0/dataset.npz
    output: results/synth/regime=easy/d=10/num_cycles=5/density=0.5/samp_size=50/seed=0/method=lacerda/model.pkl
    jobid: 75
    reason: Missing output files: results/synth/regime=easy/d=10/num_cycles=5/density=0.5/samp_size=50/seed=0/method=lacerda/model.pkl
    wildcards: regime=easy, d=10, num_cycles=5, density=0.5, samp_size=50, seed=0, method=lacerda
    resources: tmpdir=/tmp
Select jobs to execute...
[Wed Apr 29 11:40:45 2026]
Finished jobid: 542 (Rule: synth_fit)
87 of 435 steps (20%) done
Execute 1 jobs...
[Wed Apr 29 11:40:45 2026]
localrule synth_fit:
    input: results/synth/regime=easy/d=10/num_cycles=4/density=0.8/samp_size=50/seed=1/dataset.npz
    output: results/synth/regime=easy/d=10/num_cycles=4/density=0.8/samp_size=50/seed=1/method=lacerda/model.pkl
    jobid: 404
    reason: Missing output files: results/synth/regime=easy/d=10/num_cycles=4/density=0.8/samp_size=50/seed=1/method=lacerda/model.pkl
    wildcards: regime=easy, d=10, num_cycles=4, density=0.8, samp_size=50, seed=1, method=lacerda
    resources: tmpdir=/tmp
Select jobs to execute...
[Wed Apr 29 11:40:45 2026]
Finished jobid: 434 (Rule: synth_fit)
88 of 435 steps (20%) done
Execute 1 jobs...
[Wed Apr 29 11:40:45 2026]
localrule synth_fit:
    input: results/synth/regime=easy/d=10/num_cycles=3/density=0.8/samp_size=500/seed=2/dataset.npz
    output: results/synth/regime=easy/d=10/num_cycles=3/density=0.8/samp_size=500/seed=2/method=lacerda/model.pkl
    jobid: 389
    reason: Missing output files: results/synth/regime=easy/d=10/num_cycles=3/density=0.8/samp_size=500/seed=2/method=lacerda/model.pkl
    wildcards: regime=easy, d=10, num_cycles=3, density=0.8, samp_size=500, seed=2, method=lacerda
    resources: tmpdir=/tmp
Select jobs to execute...
[Wed Apr 29 11:40:45 2026]
Finished jobid: 28 (Rule: synth_evaluate)
89 of 435 steps (20%) done
Execute 1 jobs...
[Wed Apr 29 11:40:45 2026]
localrule synth_fit:
    input: results/synth/regime=easy/d=10/num_cycles=4/density=0.3/samp_size=100/seed=1/dataset.npz
    output: results/synth/regime=easy/d=10/num_cycles=4/density=0.3/samp_size=100/seed=1/method=lacerda_prune/model.pkl
    jobid: 323
    reason: Missing output files: results/synth/regime=easy/d=10/num_cycles=4/density=0.3/samp_size=100/seed=1/method=lacerda_prune/model.pkl
    wildcards: regime=easy, d=10, num_cycles=4, density=0.3, samp_size=100, seed=1, method=lacerda_prune
    resources: tmpdir=/tmp
[Wed Apr 29 11:40:45 2026]
Finished jobid: 482 (Rule: synth_fit)
90 of 435 steps (21%) done
Select jobs to execute...
Execute 1 jobs...
[Wed Apr 29 11:40:45 2026]
localrule synth_evaluate:
    input: results/synth/regime=easy/d=10/num_cycles=5/density=0.8/samp_size=1000/seed=2/dataset.npz, results/synth/regime=easy/d=10/num_cycles=5/density=0.8/samp_size=1000/seed=2/method=lacerda_prune/model.pkl
    output: results/synth/regime=easy/d=10/num_cycles=5/density=0.8/samp_size=1000/seed=2/method=lacerda_prune/metrics.csv
    jobid: 541
    reason: Missing output files: results/synth/regime=easy/d=10/num_cycles=5/density=0.8/samp_size=1000/seed=2/method=lacerda_prune/metrics.csv; Input files updated by another job: results/synth/regime=easy/d=10/num_cycles=5/density=0.8/samp_size=1000/seed=2/method=lacerda_prune/model.pkl
    wildcards: regime=easy, d=10, num_cycles=5, density=0.8, samp_size=1000, seed=2, method=lacerda_prune
    resources: tmpdir=/tmp
[Wed Apr 29 11:40:45 2026]
Finished jobid: 444 (Rule: synth_evaluate)
91 of 435 steps (21%) done
Select jobs to execute...
Execute 1 jobs...
[Wed Apr 29 11:40:45 2026]
localrule synth_fit:
    input: results/synth/regime=easy/d=10/num_cycles=3/density=0.3/samp_size=500/seed=0/dataset.npz
    output: results/synth/regime=easy/d=10/num_cycles=3/density=0.3/samp_size=500/seed=0/method=lacerda_prune/model.pkl
    jobid: 303
    reason: Missing output files: results/synth/regime=easy/d=10/num_cycles=3/density=0.3/samp_size=500/seed=0/method=lacerda_prune/model.pkl
    wildcards: regime=easy, d=10, num_cycles=3, density=0.3, samp_size=500, seed=0, method=lacerda_prune
    resources: tmpdir=/tmp
Select jobs to execute...
[Wed Apr 29 11:40:45 2026]
Finished jobid: 254 (Rule: synth_evaluate)
92 of 435 steps (21%) done
Execute 1 jobs...
[Wed Apr 29 11:40:45 2026]
localrule synth_fit:
    input: results/synth/regime=easy/d=10/num_cycles=4/density=0.5/samp_size=100/seed=2/dataset.npz
    output: results/synth/regime=easy/d=10/num_cycles=4/density=0.5/samp_size=100/seed=2/method=lacerda_prune/model.pkl
    jobid: 144
    reason: Missing output files: results/synth/regime=easy/d=10/num_cycles=4/density=0.5/samp_size=100/seed=2/method=lacerda_prune/model.pkl
    wildcards: regime=easy, d=10, num_cycles=4, density=0.5, samp_size=100, seed=2, method=lacerda_prune
    resources: tmpdir=/tmp
Select jobs to execute...
[Wed Apr 29 11:40:45 2026]
Finished jobid: 124 (Rule: synth_fit)
93 of 435 steps (21%) done
Execute 1 jobs...
[Wed Apr 29 11:40:45 2026]
localrule synth_evaluate:
    input: results/synth/regime=easy/d=10/num_cycles=4/density=0.5/samp_size=50/seed=1/dataset.npz, results/synth/regime=easy/d=10/num_cycles=4/density=0.5/samp_size=50/seed=1/method=lacerda/model.pkl
    output: results/synth/regime=easy/d=10/num_cycles=4/density=0.5/samp_size=50/seed=1/method=lacerda/metrics.csv
    jobid: 40
    reason: Missing output files: results/synth/regime=easy/d=10/num_cycles=4/density=0.5/samp_size=50/seed=1/method=lacerda/metrics.csv; Input files updated by another job: results/synth/regime=easy/d=10/num_cycles=4/density=0.5/samp_size=50/seed=1/method=lacerda/model.pkl
    wildcards: regime=easy, d=10, num_cycles=4, density=0.5, samp_size=50, seed=1, method=lacerda
    resources: tmpdir=/tmp
Select jobs to execute...
[Wed Apr 29 11:40:46 2026]
Finished jobid: 404 (Rule: synth_fit)
94 of 435 steps (22%) done
Execute 1 jobs...
[Wed Apr 29 11:40:46 2026]
localrule synth_evaluate:
    input: results/synth/regime=easy/d=10/num_cycles=5/density=0.3/samp_size=100/seed=1/dataset.npz, results/synth/regime=easy/d=10/num_cycles=5/density=0.3/samp_size=100/seed=1/method=lacerda/model.pkl
    output: results/synth/regime=easy/d=10/num_cycles=5/density=0.3/samp_size=100/seed=1/method=lacerda/metrics.csv
    jobid: 266
    reason: Missing output files: results/synth/regime=easy/d=10/num_cycles=5/density=0.3/samp_size=100/seed=1/method=lacerda/metrics.csv; Input files updated by another job: results/synth/regime=easy/d=10/num_cycles=5/density=0.3/samp_size=100/seed=1/method=lacerda/model.pkl
    wildcards: regime=easy, d=10, num_cycles=5, density=0.3, samp_size=100, seed=1, method=lacerda
    resources: tmpdir=/tmp
[Wed Apr 29 11:40:46 2026]
Finished jobid: 389 (Rule: synth_fit)
95 of 435 steps (22%) done
Select jobs to execute...
Execute 1 jobs...
[Wed Apr 29 11:40:46 2026]
localrule synth_evaluate:
    input: results/synth/regime=easy/d=10/num_cycles=3/density=0.8/samp_size=500/seed=2/dataset.npz, results/synth/regime=easy/d=10/num_cycles=3/density=0.8/samp_size=500/seed=2/method=lacerda/model.pkl
    output: results/synth/regime=easy/d=10/num_cycles=3/density=0.8/samp_size=500/seed=2/method=lacerda/metrics.csv
    jobid: 387
    reason: Missing output files: results/synth/regime=easy/d=10/num_cycles=3/density=0.8/samp_size=500/seed=2/method=lacerda/metrics.csv; Input files updated by another job: results/synth/regime=easy/d=10/num_cycles=3/density=0.8/samp_size=500/seed=2/method=lacerda/model.pkl
    wildcards: regime=easy, d=10, num_cycles=3, density=0.8, samp_size=500, seed=2, method=lacerda
    resources: tmpdir=/tmp
Select jobs to execute...
[Wed Apr 29 11:40:46 2026]
Finished jobid: 541 (Rule: synth_evaluate)
96 of 435 steps (22%) done
Execute 1 jobs...
[Wed Apr 29 11:40:46 2026]
localrule synth_evaluate:
    input: results/synth/regime=easy/d=10/num_cycles=5/density=0.8/samp_size=50/seed=1/dataset.npz, results/synth/regime=easy/d=10/num_cycles=5/density=0.8/samp_size=50/seed=1/method=lacerda/model.pkl
    output: results/synth/regime=easy/d=10/num_cycles=5/density=0.8/samp_size=50/seed=1/method=lacerda/metrics.csv
    jobid: 438
    reason: Missing output files: results/synth/regime=easy/d=10/num_cycles=5/density=0.8/samp_size=50/seed=1/method=lacerda/metrics.csv; Input files updated by another job: results/synth/regime=easy/d=10/num_cycles=5/density=0.8/samp_size=50/seed=1/method=lacerda/model.pkl
    wildcards: regime=easy, d=10, num_cycles=5, density=0.8, samp_size=50, seed=1, method=lacerda
    resources: tmpdir=/tmp
Select jobs to execute...
[Wed Apr 29 11:40:46 2026]
Finished jobid: 303 (Rule: synth_fit)
97 of 435 steps (22%) done
Execute 1 jobs...
[Wed Apr 29 11:40:46 2026]
localrule synth_evaluate:
    input: results/synth/regime=easy/d=10/num_cycles=4/density=0.8/samp_size=1000/seed=1/dataset.npz, results/synth/regime=easy/d=10/num_cycles=4/density=0.8/samp_size=1000/seed=1/method=lacerda_prune/model.pkl
    output: results/synth/regime=easy/d=10/num_cycles=4/density=0.8/samp_size=1000/seed=1/method=lacerda_prune/metrics.csv
    jobid: 515
    reason: Missing output files: results/synth/regime=easy/d=10/num_cycles=4/density=0.8/samp_size=1000/seed=1/method=lacerda_prune/metrics.csv; Input files updated by another job: results/synth/regime=easy/d=10/num_cycles=4/density=0.8/samp_size=1000/seed=1/method=lacerda_prune/model.pkl
    wildcards: regime=easy, d=10, num_cycles=4, density=0.8, samp_size=1000, seed=1, method=lacerda_prune
    resources: tmpdir=/tmp
Select jobs to execute...
[Wed Apr 29 11:40:46 2026]
Finished jobid: 75 (Rule: synth_fit)
98 of 435 steps (23%) done
[Wed Apr 29 11:40:46 2026]
Finished jobid: 40 (Rule: synth_evaluate)
99 of 435 steps (23%) done
Execute 2 jobs...
[Wed Apr 29 11:40:46 2026]
localrule synth_evaluate:
    input: results/synth/regime=easy/d=10/num_cycles=3/density=0.8/samp_size=1000/seed=0/dataset.npz, results/synth/regime=easy/d=10/num_cycles=3/density=0.8/samp_size=1000/seed=0/method=lacerda_prune/model.pkl
    output: results/synth/regime=easy/d=10/num_cycles=3/density=0.8/samp_size=1000/seed=0/method=lacerda_prune/metrics.csv
    jobid: 489
    reason: Missing output files: results/synth/regime=easy/d=10/num_cycles=3/density=0.8/samp_size=1000/seed=0/method=lacerda_prune/metrics.csv; Input files updated by another job: results/synth/regime=easy/d=10/num_cycles=3/density=0.8/samp_size=1000/seed=0/method=lacerda_prune/model.pkl
    wildcards: regime=easy, d=10, num_cycles=3, density=0.8, samp_size=1000, seed=0, method=lacerda_prune
    resources: tmpdir=/tmp
[Wed Apr 29 11:40:46 2026]
localrule synth_fit:
    input: results/synth/regime=easy/d=10/num_cycles=4/density=0.5/samp_size=500/seed=0/dataset.npz
    output: results/synth/regime=easy/d=10/num_cycles=4/density=0.5/samp_size=500/seed=0/method=lacerda/model.pkl
    jobid: 57
    reason: Missing output files: results/synth/regime=easy/d=10/num_cycles=4/density=0.5/samp_size=500/seed=0/method=lacerda/model.pkl
    wildcards: regime=easy, d=10, num_cycles=4, density=0.5, samp_size=500, seed=0, method=lacerda
    resources: tmpdir=/tmp
Select jobs to execute...
[Wed Apr 29 11:40:46 2026]
Finished jobid: 266 (Rule: synth_evaluate)
100 of 435 steps (23%) done
Execute 1 jobs...
[Wed Apr 29 11:40:46 2026]
localrule synth_fit:
    input: results/synth/regime=easy/d=10/num_cycles=4/density=0.8/samp_size=100/seed=0/dataset.npz
    output: results/synth/regime=easy/d=10/num_cycles=4/density=0.8/samp_size=100/seed=0/method=lacerda_prune/model.pkl
    jobid: 502
    reason: Missing output files: results/synth/regime=easy/d=10/num_cycles=4/density=0.8/samp_size=100/seed=0/method=lacerda_prune/model.pkl
    wildcards: regime=easy, d=10, num_cycles=4, density=0.8, samp_size=100, seed=0, method=lacerda_prune
    resources: tmpdir=/tmp
Select jobs to execute...
[Wed Apr 29 11:40:46 2026]
Finished jobid: 387 (Rule: synth_evaluate)
101 of 435 steps (23%) done
Execute 1 jobs...
[Wed Apr 29 11:40:46 2026]
localrule synth_fit:
    input: results/synth/regime=easy/d=10/num_cycles=4/density=0.5/samp_size=50/seed=2/dataset.npz
    output: results/synth/regime=easy/d=10/num_cycles=4/density=0.5/samp_size=50/seed=2/method=lacerda/model.pkl
    jobid: 45
    reason: Missing output files: results/synth/regime=easy/d=10/num_cycles=4/density=0.5/samp_size=50/seed=2/method=lacerda/model.pkl
    wildcards: regime=easy, d=10, num_cycles=4, density=0.5, samp_size=50, seed=2, method=lacerda
    resources: tmpdir=/tmp
[Wed Apr 29 11:40:46 2026]
Finished jobid: 323 (Rule: synth_fit)
102 of 435 steps (23%) done
Select jobs to execute...
Execute 1 jobs...
[Wed Apr 29 11:40:46 2026]
localrule synth_fit:
    input: results/synth/regime=easy/d=10/num_cycles=3/density=0.8/samp_size=100/seed=1/dataset.npz
    output: results/synth/regime=easy/d=10/num_cycles=3/density=0.8/samp_size=100/seed=1/method=lacerda_prune/model.pkl
    jobid: 480
    reason: Missing output files: results/synth/regime=easy/d=10/num_cycles=3/density=0.8/samp_size=100/seed=1/method=lacerda_prune/model.pkl
    wildcards: regime=easy, d=10, num_cycles=3, density=0.8, samp_size=100, seed=1, method=lacerda_prune
    resources: tmpdir=/tmp
Select jobs to execute...
[Wed Apr 29 11:40:46 2026]
Finished jobid: 438 (Rule: synth_evaluate)
103 of 435 steps (24%) done
Execute 1 jobs...
[Wed Apr 29 11:40:46 2026]
localrule synth_fit:
    input: results/synth/regime=easy/d=10/num_cycles=5/density=0.5/samp_size=100/seed=2/dataset.npz
    output: results/synth/regime=easy/d=10/num_cycles=5/density=0.5/samp_size=100/seed=2/method=lacerda/model.pkl
    jobid: 90
    reason: Missing output files: results/synth/regime=easy/d=10/num_cycles=5/density=0.5/samp_size=100/seed=2/method=lacerda/model.pkl
    wildcards: regime=easy, d=10, num_cycles=5, density=0.5, samp_size=100, seed=2, method=lacerda
    resources: tmpdir=/tmp
Select jobs to execute...
[Wed Apr 29 11:40:46 2026]
Finished jobid: 515 (Rule: synth_evaluate)
104 of 435 steps (24%) done
Execute 1 jobs...
[Wed Apr 29 11:40:46 2026]
localrule synth_fit:
    input: results/synth/regime=easy/d=10/num_cycles=5/density=0.8/samp_size=100/seed=1/dataset.npz
    output: results/synth/regime=easy/d=10/num_cycles=5/density=0.8/samp_size=100/seed=1/method=lacerda/model.pkl
    jobid: 449
    reason: Missing output files: results/synth/regime=easy/d=10/num_cycles=5/density=0.8/samp_size=100/seed=1/method=lacerda/model.pkl
    wildcards: regime=easy, d=10, num_cycles=5, density=0.8, samp_size=100, seed=1, method=lacerda
    resources: tmpdir=/tmp
[Wed Apr 29 11:40:46 2026]
Finished jobid: 144 (Rule: synth_fit)
105 of 435 steps (24%) done
Select jobs to execute...
Execute 1 jobs...
[Wed Apr 29 11:40:46 2026]
localrule synth_fit:
    input: results/synth/regime=easy/d=10/num_cycles=5/density=0.8/samp_size=1000/seed=1/dataset.npz
    output: results/synth/regime=easy/d=10/num_cycles=5/density=0.8/samp_size=1000/seed=1/method=lacerda_prune/model.pkl
    jobid: 540
    reason: Missing output files: results/synth/regime=easy/d=10/num_cycles=5/density=0.8/samp_size=1000/seed=1/method=lacerda_prune/model.pkl
    wildcards: regime=easy, d=10, num_cycles=5, density=0.8, samp_size=1000, seed=1, method=lacerda_prune
    resources: tmpdir=/tmp
Select jobs to execute...
[Wed Apr 29 11:40:47 2026]
Finished jobid: 489 (Rule: synth_evaluate)
106 of 435 steps (24%) done
Execute 1 jobs...
[Wed Apr 29 11:40:47 2026]
localrule synth_fit:
    input: results/synth/regime=easy/d=10/num_cycles=3/density=0.5/samp_size=50/seed=1/dataset.npz
    output: results/synth/regime=easy/d=10/num_cycles=3/density=0.5/samp_size=50/seed=1/method=lacerda/model.pkl
    jobid: 6
    reason: Missing output files: results/synth/regime=easy/d=10/num_cycles=3/density=0.5/samp_size=50/seed=1/method=lacerda/model.pkl
    wildcards: regime=easy, d=10, num_cycles=3, density=0.5, samp_size=50, seed=1, method=lacerda
    resources: tmpdir=/tmp
Select jobs to execute...
[Wed Apr 29 11:40:47 2026]
Finished jobid: 57 (Rule: synth_fit)
107 of 435 steps (25%) done
Execute 1 jobs...
[Wed Apr 29 11:40:47 2026]
localrule synth_evaluate:
    input: results/synth/regime=easy/d=10/num_cycles=3/density=0.5/samp_size=1000/seed=0/dataset.npz, results/synth/regime=easy/d=10/num_cycles=3/density=0.5/samp_size=1000/seed=0/method=lacerda_prune/model.pkl
    output: results/synth/regime=easy/d=10/num_cycles=3/density=0.5/samp_size=1000/seed=0/method=lacerda_prune/metrics.csv
    jobid: 127
    reason: Missing output files: results/synth/regime=easy/d=10/num_cycles=3/density=0.5/samp_size=1000/seed=0/method=lacerda_prune/metrics.csv; Input files updated by another job: results/synth/regime=easy/d=10/num_cycles=3/density=0.5/samp_size=1000/seed=0/method=lacerda_prune/model.pkl
    wildcards: regime=easy, d=10, num_cycles=3, density=0.5, samp_size=1000, seed=0, method=lacerda_prune
    resources: tmpdir=/tmp
Select jobs to execute...
[Wed Apr 29 11:40:47 2026]
Finished jobid: 502 (Rule: synth_fit)
108 of 435 steps (25%) done
Execute 1 jobs...
[Wed Apr 29 11:40:47 2026]
localrule synth_evaluate:
    input: results/synth/regime=easy/d=10/num_cycles=3/density=0.8/samp_size=500/seed=1/dataset.npz, results/synth/regime=easy/d=10/num_cycles=3/density=0.8/samp_size=500/seed=1/method=lacerda_prune/model.pkl
    output: results/synth/regime=easy/d=10/num_cycles=3/density=0.8/samp_size=500/seed=1/method=lacerda_prune/metrics.csv
    jobid: 485
    reason: Missing output files: results/synth/regime=easy/d=10/num_cycles=3/density=0.8/samp_size=500/seed=1/method=lacerda_prune/metrics.csv; Input files updated by another job: results/synth/regime=easy/d=10/num_cycles=3/density=0.8/samp_size=500/seed=1/method=lacerda_prune/model.pkl
    wildcards: regime=easy, d=10, num_cycles=3, density=0.8, samp_size=500, seed=1, method=lacerda_prune
    resources: tmpdir=/tmp
Select jobs to execute...
[Wed Apr 29 11:40:47 2026]
Finished jobid: 45 (Rule: synth_fit)
109 of 435 steps (25%) done
Execute 1 jobs...
[Wed Apr 29 11:40:47 2026]
localrule synth_fit:
    input: results/synth/regime=easy/d=10/num_cycles=5/density=0.8/samp_size=500/seed=0/dataset.npz
    output: results/synth/regime=easy/d=10/num_cycles=5/density=0.8/samp_size=500/seed=0/method=lacerda/model.pkl
    jobid: 455
    reason: Missing output files: results/synth/regime=easy/d=10/num_cycles=5/density=0.8/samp_size=500/seed=0/method=lacerda/model.pkl
    wildcards: regime=easy, d=10, num_cycles=5, density=0.8, samp_size=500, seed=0, method=lacerda
    resources: tmpdir=/tmp
Select jobs to execute...
[Wed Apr 29 11:40:47 2026]
Finished jobid: 540 (Rule: synth_fit)
110 of 435 steps (25%) done
Execute 1 jobs...
[Wed Apr 29 11:40:47 2026]
localrule synth_evaluate:
    input: results/synth/regime=easy/d=10/num_cycles=3/density=0.3/samp_size=500/seed=2/dataset.npz, results/synth/regime=easy/d=10/num_cycles=3/density=0.3/samp_size=500/seed=2/method=lacerda_prune/model.pkl
    output: results/synth/regime=easy/d=10/num_cycles=3/density=0.3/samp_size=500/seed=2/method=lacerda_prune/metrics.csv
    jobid: 306
    reason: Missing output files: results/synth/regime=easy/d=10/num_cycles=3/density=0.3/samp_size=500/seed=2/method=lacerda_prune/metrics.csv; Input files updated by another job: results/synth/regime=easy/d=10/num_cycles=3/density=0.3/samp_size=500/seed=2/method=lacerda_prune/model.pkl
    wildcards: regime=easy, d=10, num_cycles=3, density=0.3, samp_size=500, seed=2, method=lacerda_prune
    resources: tmpdir=/tmp
Select jobs to execute...
[Wed Apr 29 11:40:47 2026]
Finished jobid: 127 (Rule: synth_evaluate)
111 of 435 steps (26%) done
Execute 1 jobs...
[Wed Apr 29 11:40:47 2026]
localrule synth_fit:
    input: results/synth/regime=easy/d=10/num_cycles=3/density=0.3/samp_size=50/seed=1/dataset.npz
    output: results/synth/regime=easy/d=10/num_cycles=3/density=0.3/samp_size=50/seed=1/method=lacerda/model.pkl
    jobid: 187
    reason: Missing output files: results/synth/regime=easy/d=10/num_cycles=3/density=0.3/samp_size=50/seed=1/method=lacerda/model.pkl
    wildcards: regime=easy, d=10, num_cycles=3, density=0.3, samp_size=50, seed=1, method=lacerda
    resources: tmpdir=/tmp
Select jobs to execute...
[Wed Apr 29 11:40:47 2026]
Finished jobid: 6 (Rule: synth_fit)
112 of 435 steps (26%) done
Execute 1 jobs...
[Wed Apr 29 11:40:47 2026]
localrule synth_fit:
    input: results/synth/regime=easy/d=10/num_cycles=5/density=0.3/samp_size=500/seed=1/dataset.npz
    output: results/synth/regime=easy/d=10/num_cycles=5/density=0.3/samp_size=500/seed=1/method=lacerda/model.pkl
    jobid: 277
    reason: Missing output files: results/synth/regime=easy/d=10/num_cycles=5/density=0.3/samp_size=500/seed=1/method=lacerda/model.pkl
    wildcards: regime=easy, d=10, num_cycles=5, density=0.3, samp_size=500, seed=1, method=lacerda
    resources: tmpdir=/tmp
Select jobs to execute...
[Wed Apr 29 11:40:47 2026]
Finished jobid: 485 (Rule: synth_evaluate)
113 of 435 steps (26%) done
Execute 1 jobs...
[Wed Apr 29 11:40:47 2026]
localrule synth_evaluate:
    input: results/synth/regime=easy/d=10/num_cycles=3/density=0.8/samp_size=1000/seed=0/dataset.npz, results/synth/regime=easy/d=10/num_cycles=3/density=0.8/samp_size=1000/seed=0/method=lacerda/model.pkl
    output: results/synth/regime=easy/d=10/num_cycles=3/density=0.8/samp_size=1000/seed=0/method=lacerda/metrics.csv
    jobid: 390
    reason: Missing output files: results/synth/regime=easy/d=10/num_cycles=3/density=0.8/samp_size=1000/seed=0/method=lacerda/metrics.csv; Input files updated by another job: results/synth/regime=easy/d=10/num_cycles=3/density=0.8/samp_size=1000/seed=0/method=lacerda/model.pkl
    wildcards: regime=easy, d=10, num_cycles=3, density=0.8, samp_size=1000, seed=0, method=lacerda
    resources: tmpdir=/tmp
Select jobs to execute...
[Wed Apr 29 11:40:47 2026]
Finished jobid: 480 (Rule: synth_fit)
114 of 435 steps (26%) done
Execute 1 jobs...
[Wed Apr 29 11:40:47 2026]
localrule synth_evaluate:
    input: results/synth/regime=easy/d=10/num_cycles=3/density=0.8/samp_size=100/seed=1/dataset.npz, results/synth/regime=easy/d=10/num_cycles=3/density=0.8/samp_size=100/seed=1/method=lacerda_prune/model.pkl
    output: results/synth/regime=easy/d=10/num_cycles=3/density=0.8/samp_size=100/seed=1/method=lacerda_prune/metrics.csv
    jobid: 479
    reason: Missing output files: results/synth/regime=easy/d=10/num_cycles=3/density=0.8/samp_size=100/seed=1/method=lacerda_prune/metrics.csv; Input files updated by another job: results/synth/regime=easy/d=10/num_cycles=3/density=0.8/samp_size=100/seed=1/method=lacerda_prune/model.pkl
    wildcards: regime=easy, d=10, num_cycles=3, density=0.8, samp_size=100, seed=1, method=lacerda_prune
    resources: tmpdir=/tmp
Select jobs to execute...
[Wed Apr 29 11:40:48 2026]
Finished jobid: 90 (Rule: synth_fit)
115 of 435 steps (26%) done
Execute 1 jobs...
[Wed Apr 29 11:40:48 2026]
localrule synth_evaluate:
    input: results/synth/regime=easy/d=10/num_cycles=3/density=0.3/samp_size=1000/seed=1/dataset.npz, results/synth/regime=easy/d=10/num_cycles=3/density=0.3/samp_size=1000/seed=1/method=lacerda/model.pkl
    output: results/synth/regime=easy/d=10/num_cycles=3/density=0.3/samp_size=1000/seed=1/method=lacerda/metrics.csv
    jobid: 212
    reason: Missing output files: results/synth/regime=easy/d=10/num_cycles=3/density=0.3/samp_size=1000/seed=1/method=lacerda/metrics.csv; Input files updated by another job: results/synth/regime=easy/d=10/num_cycles=3/density=0.3/samp_size=1000/seed=1/method=lacerda/model.pkl
    wildcards: regime=easy, d=10, num_cycles=3, density=0.3, samp_size=1000, seed=1, method=lacerda
    resources: tmpdir=/tmp
Select jobs to execute...
[Wed Apr 29 11:40:48 2026]
Finished jobid: 455 (Rule: synth_fit)
116 of 435 steps (27%) done
Execute 1 jobs...
[Wed Apr 29 11:40:48 2026]
localrule synth_evaluate:
    input: results/synth/regime=easy/d=10/num_cycles=3/density=0.5/samp_size=1000/seed=2/dataset.npz, results/synth/regime=easy/d=10/num_cycles=3/density=0.5/samp_size=1000/seed=2/method=lacerda/model.pkl
    output: results/synth/regime=easy/d=10/num_cycles=3/density=0.5/samp_size=1000/seed=2/method=lacerda/metrics.csv
    jobid: 34
    reason: Missing output files: results/synth/regime=easy/d=10/num_cycles=3/density=0.5/samp_size=1000/seed=2/method=lacerda/metrics.csv; Input files updated by another job: results/synth/regime=easy/d=10/num_cycles=3/density=0.5/samp_size=1000/seed=2/method=lacerda/model.pkl
    wildcards: regime=easy, d=10, num_cycles=3, density=0.5, samp_size=1000, seed=2, method=lacerda
    resources: tmpdir=/tmp
Select jobs to execute...
[Wed Apr 29 11:40:48 2026]
Finished jobid: 449 (Rule: synth_fit)
117 of 435 steps (27%) done
Execute 1 jobs...
[Wed Apr 29 11:40:48 2026]
localrule synth_evaluate:
    input: results/synth/regime=easy/d=10/num_cycles=5/density=0.8/samp_size=500/seed=0/dataset.npz, results/synth/regime=easy/d=10/num_cycles=5/density=0.8/samp_size=500/seed=0/method=lacerda/model.pkl
    output: results/synth/regime=easy/d=10/num_cycles=5/density=0.8/samp_size=500/seed=0/method=lacerda/metrics.csv
    jobid: 453
    reason: Missing output files: results/synth/regime=easy/d=10/num_cycles=5/density=0.8/samp_size=500/seed=0/method=lacerda/metrics.csv; Input files updated by another job: results/synth/regime=easy/d=10/num_cycles=5/density=0.8/samp_size=500/seed=0/method=lacerda/model.pkl
    wildcards: regime=easy, d=10, num_cycles=5, density=0.8, samp_size=500, seed=0, method=lacerda
    resources: tmpdir=/tmp
Select jobs to execute...
[Wed Apr 29 11:40:48 2026]
Finished jobid: 306 (Rule: synth_evaluate)
118 of 435 steps (27%) done
Execute 1 jobs...
[Wed Apr 29 11:40:48 2026]
localrule synth_fit:
    input: results/synth/regime=easy/d=10/num_cycles=4/density=0.3/samp_size=100/seed=2/dataset.npz
    output: results/synth/regime=easy/d=10/num_cycles=4/density=0.3/samp_size=100/seed=2/method=lacerda_prune/model.pkl
    jobid: 325
    reason: Missing output files: results/synth/regime=easy/d=10/num_cycles=4/density=0.3/samp_size=100/seed=2/method=lacerda_prune/model.pkl
    wildcards: regime=easy, d=10, num_cycles=4, density=0.3, samp_size=100, seed=2, method=lacerda_prune
    resources: tmpdir=/tmp
Select jobs to execute...
[Wed Apr 29 11:40:48 2026]
Finished jobid: 277 (Rule: synth_fit)
119 of 435 steps (27%) done
Execute 1 jobs...
[Wed Apr 29 11:40:48 2026]
localrule synth_evaluate:
    input: results/synth/regime=easy/d=10/num_cycles=5/density=0.3/samp_size=500/seed=1/dataset.npz, results/synth/regime=easy/d=10/num_cycles=5/density=0.3/samp_size=500/seed=1/method=lacerda/model.pkl
    output: results/synth/regime=easy/d=10/num_cycles=5/density=0.3/samp_size=500/seed=1/method=lacerda/metrics.csv
    jobid: 275
    reason: Missing output files: results/synth/regime=easy/d=10/num_cycles=5/density=0.3/samp_size=500/seed=1/method=lacerda/metrics.csv; Input files updated by another job: results/synth/regime=easy/d=10/num_cycles=5/density=0.3/samp_size=500/seed=1/method=lacerda/model.pkl
    wildcards: regime=easy, d=10, num_cycles=5, density=0.3, samp_size=500, seed=1, method=lacerda
    resources: tmpdir=/tmp
[Wed Apr 29 11:40:48 2026]
Finished jobid: 187 (Rule: synth_fit)
120 of 435 steps (28%) done
Select jobs to execute...
Execute 1 jobs...
[Wed Apr 29 11:40:48 2026]
localrule synth_evaluate:
    input: results/synth/regime=easy/d=10/num_cycles=3/density=0.3/samp_size=50/seed=1/dataset.npz, results/synth/regime=easy/d=10/num_cycles=3/density=0.3/samp_size=50/seed=1/method=lacerda/model.pkl
    output: results/synth/regime=easy/d=10/num_cycles=3/density=0.3/samp_size=50/seed=1/method=lacerda/metrics.csv
    jobid: 185
    reason: Missing output files: results/synth/regime=easy/d=10/num_cycles=3/density=0.3/samp_size=50/seed=1/method=lacerda/metrics.csv; Input files updated by another job: results/synth/regime=easy/d=10/num_cycles=3/density=0.3/samp_size=50/seed=1/method=lacerda/model.pkl
    wildcards: regime=easy, d=10, num_cycles=3, density=0.3, samp_size=50, seed=1, method=lacerda
    resources: tmpdir=/tmp
Select jobs to execute...
[Wed Apr 29 11:40:48 2026]
Finished jobid: 390 (Rule: synth_evaluate)
121 of 435 steps (28%) done
Execute 1 jobs...
[Wed Apr 29 11:40:48 2026]
localrule synth_evaluate:
    input: results/synth/regime=easy/d=10/num_cycles=5/density=0.8/samp_size=100/seed=1/dataset.npz, results/synth/regime=easy/d=10/num_cycles=5/density=0.8/samp_size=100/seed=1/method=lacerda/model.pkl
    output: results/synth/regime=easy/d=10/num_cycles=5/density=0.8/samp_size=100/seed=1/method=lacerda/metrics.csv
    jobid: 447
    reason: Missing output files: results/synth/regime=easy/d=10/num_cycles=5/density=0.8/samp_size=100/seed=1/method=lacerda/metrics.csv; Input files updated by another job: results/synth/regime=easy/d=10/num_cycles=5/density=0.8/samp_size=100/seed=1/method=lacerda/model.pkl
    wildcards: regime=easy, d=10, num_cycles=5, density=0.8, samp_size=100, seed=1, method=lacerda
    resources: tmpdir=/tmp
Select jobs to execute...
[Wed Apr 29 11:40:48 2026]
Finished jobid: 479 (Rule: synth_evaluate)
122 of 435 steps (28%) done
Execute 1 jobs...
[Wed Apr 29 11:40:48 2026]
localrule synth_fit:
    input: results/synth/regime=easy/d=10/num_cycles=4/density=0.3/samp_size=50/seed=2/dataset.npz
    output: results/synth/regime=easy/d=10/num_cycles=4/density=0.3/samp_size=50/seed=2/method=lacerda/model.pkl
    jobid: 226
    reason: Missing output files: results/synth/regime=easy/d=10/num_cycles=4/density=0.3/samp_size=50/seed=2/method=lacerda/model.pkl
    wildcards: regime=easy, d=10, num_cycles=4, density=0.3, samp_size=50, seed=2, method=lacerda
    resources: tmpdir=/tmp
Select jobs to execute...
[Wed Apr 29 11:40:48 2026]
Finished jobid: 212 (Rule: synth_evaluate)
123 of 435 steps (28%) done
Execute 1 jobs...
[Wed Apr 29 11:40:48 2026]
localrule synth_fit:
    input: results/synth/regime=easy/d=10/num_cycles=4/density=0.5/samp_size=500/seed=0/dataset.npz
    output: results/synth/regime=easy/d=10/num_cycles=4/density=0.5/samp_size=500/seed=0/method=lacerda_prune/model.pkl
    jobid: 146
    reason: Missing output files: results/synth/regime=easy/d=10/num_cycles=4/density=0.5/samp_size=500/seed=0/method=lacerda_prune/model.pkl
    wildcards: regime=easy, d=10, num_cycles=4, density=0.5, samp_size=500, seed=0, method=lacerda_prune
    resources: tmpdir=/tmp
Select jobs to execute...
[Wed Apr 29 11:40:48 2026]
Finished jobid: 34 (Rule: synth_evaluate)
124 of 435 steps (29%) done
Execute 1 jobs...
[Wed Apr 29 11:40:48 2026]
localrule synth_fit:
    input: results/synth/regime=easy/d=10/num_cycles=4/density=0.8/samp_size=100/seed=1/dataset.npz
    output: results/synth/regime=easy/d=10/num_cycles=4/density=0.8/samp_size=100/seed=1/method=lacerda_prune/model.pkl
    jobid: 504
    reason: Missing output files: results/synth/regime=easy/d=10/num_cycles=4/density=0.8/samp_size=100/seed=1/method=lacerda_prune/model.pkl
    wildcards: regime=easy, d=10, num_cycles=4, density=0.8, samp_size=100, seed=1, method=lacerda_prune
    resources: tmpdir=/tmp
Select jobs to execute...
[Wed Apr 29 11:40:48 2026]
Finished jobid: 453 (Rule: synth_evaluate)
125 of 435 steps (29%) done
Execute 1 jobs...
[Wed Apr 29 11:40:48 2026]
localrule synth_fit:
    input: results/synth/regime=easy/d=10/num_cycles=5/density=0.3/samp_size=1000/seed=2/dataset.npz
    output: results/synth/regime=easy/d=10/num_cycles=5/density=0.3/samp_size=1000/seed=2/method=lacerda_prune/model.pkl
    jobid: 361
    reason: Missing output files: results/synth/regime=easy/d=10/num_cycles=5/density=0.3/samp_size=1000/seed=2/method=lacerda_prune/model.pkl
    wildcards: regime=easy, d=10, num_cycles=5, density=0.3, samp_size=1000, seed=2, method=lacerda_prune
    resources: tmpdir=/tmp
Select jobs to execute...
[Wed Apr 29 11:40:48 2026]
Finished jobid: 185 (Rule: synth_evaluate)
126 of 435 steps (29%) done
Execute 1 jobs...
[Wed Apr 29 11:40:48 2026]
localrule synth_fit:
    input: results/synth/regime=easy/d=10/num_cycles=5/density=0.3/samp_size=100/seed=2/dataset.npz
    output: results/synth/regime=easy/d=10/num_cycles=5/density=0.3/samp_size=100/seed=2/method=lacerda/model.pkl
    jobid: 271
    reason: Missing output files: results/synth/regime=easy/d=10/num_cycles=5/density=0.3/samp_size=100/seed=2/method=lacerda/model.pkl
    wildcards: regime=easy, d=10, num_cycles=5, density=0.3, samp_size=100, seed=2, method=lacerda
    resources: tmpdir=/tmp
[Wed Apr 29 11:40:48 2026]
Finished jobid: 275 (Rule: synth_evaluate)
127 of 435 steps (29%) done
Select jobs to execute...
Execute 1 jobs...
[Wed Apr 29 11:40:48 2026]
localrule synth_fit:
    input: results/synth/regime=easy/d=10/num_cycles=3/density=0.5/samp_size=500/seed=0/dataset.npz
    output: results/synth/regime=easy/d=10/num_cycles=3/density=0.5/samp_size=500/seed=0/method=lacerda_prune/model.pkl
    jobid: 122
    reason: Missing output files: results/synth/regime=easy/d=10/num_cycles=3/density=0.5/samp_size=500/seed=0/method=lacerda_prune/model.pkl
    wildcards: regime=easy, d=10, num_cycles=3, density=0.5, samp_size=500, seed=0, method=lacerda_prune
    resources: tmpdir=/tmp
Select jobs to execute...
[Wed Apr 29 11:40:49 2026]
Finished jobid: 447 (Rule: synth_evaluate)
128 of 435 steps (29%) done
Execute 1 jobs...
[Wed Apr 29 11:40:49 2026]
localrule synth_evaluate:
    input: results/synth/regime=easy/d=10/num_cycles=4/density=0.5/samp_size=50/seed=0/dataset.npz, results/synth/regime=easy/d=10/num_cycles=4/density=0.5/samp_size=50/seed=0/method=lacerda/model.pkl
    output: results/synth/regime=easy/d=10/num_cycles=4/density=0.5/samp_size=50/seed=0/method=lacerda/metrics.csv
    jobid: 37
    reason: Missing output files: results/synth/regime=easy/d=10/num_cycles=4/density=0.5/samp_size=50/seed=0/method=lacerda/metrics.csv; Input files updated by another job: results/synth/regime=easy/d=10/num_cycles=4/density=0.5/samp_size=50/seed=0/method=lacerda/model.pkl
    wildcards: regime=easy, d=10, num_cycles=4, density=0.5, samp_size=50, seed=0, method=lacerda
    resources: tmpdir=/tmp
Select jobs to execute...
[Wed Apr 29 11:40:49 2026]
Finished jobid: 226 (Rule: synth_fit)
129 of 435 steps (30%) done
Execute 1 jobs...
[Wed Apr 29 11:40:49 2026]
localrule synth_fit:
    input: results/synth/regime=easy/d=10/num_cycles=4/density=0.3/samp_size=1000/seed=2/dataset.npz
    output: results/synth/regime=easy/d=10/num_cycles=4/density=0.3/samp_size=1000/seed=2/method=lacerda/model.pkl
    jobid: 253
    reason: Missing output files: results/synth/regime=easy/d=10/num_cycles=4/density=0.3/samp_size=1000/seed=2/method=lacerda/model.pkl
    wildcards: regime=easy, d=10, num_cycles=4, density=0.3, samp_size=1000, seed=2, method=lacerda
    resources: tmpdir=/tmp
Select jobs to execute...
[Wed Apr 29 11:40:49 2026]
Finished jobid: 146 (Rule: synth_fit)
130 of 435 steps (30%) done
Execute 1 jobs...
[Wed Apr 29 11:40:49 2026]
localrule synth_fit:
    input: results/synth/regime=easy/d=10/num_cycles=3/density=0.3/samp_size=100/seed=2/dataset.npz
    output: results/synth/regime=easy/d=10/num_cycles=3/density=0.3/samp_size=100/seed=2/method=lacerda_prune/model.pkl
    jobid: 301
    reason: Missing output files: results/synth/regime=easy/d=10/num_cycles=3/density=0.3/samp_size=100/seed=2/method=lacerda_prune/model.pkl
    wildcards: regime=easy, d=10, num_cycles=3, density=0.3, samp_size=100, seed=2, method=lacerda_prune
    resources: tmpdir=/tmp
Select jobs to execute...
[Wed Apr 29 11:40:49 2026]
Finished jobid: 325 (Rule: synth_fit)
131 of 435 steps (30%) done
Execute 1 jobs...
[Wed Apr 29 11:40:49 2026]
localrule synth_fit:
    input: results/synth/regime=easy/d=10/num_cycles=3/density=0.3/samp_size=500/seed=2/dataset.npz
    output: results/synth/regime=easy/d=10/num_cycles=3/density=0.3/samp_size=500/seed=2/method=lacerda/model.pkl
    jobid: 208
    reason: Missing output files: results/synth/regime=easy/d=10/num_cycles=3/density=0.3/samp_size=500/seed=2/method=lacerda/model.pkl
    wildcards: regime=easy, d=10, num_cycles=3, density=0.3, samp_size=500, seed=2, method=lacerda
    resources: tmpdir=/tmp
Select jobs to execute...
[Wed Apr 29 11:40:49 2026]
Finished jobid: 122 (Rule: synth_fit)
132 of 435 steps (30%) done
Execute 1 jobs...
[Wed Apr 29 11:40:49 2026]
localrule synth_evaluate:
    input: results/synth/regime=easy/d=10/num_cycles=3/density=0.5/samp_size=500/seed=0/dataset.npz, results/synth/regime=easy/d=10/num_cycles=3/density=0.5/samp_size=500/seed=0/method=lacerda_prune/model.pkl
    output: results/synth/regime=easy/d=10/num_cycles=3/density=0.5/samp_size=500/seed=0/method=lacerda_prune/metrics.csv
    jobid: 121
    reason: Missing output files: results/synth/regime=easy/d=10/num_cycles=3/density=0.5/samp_size=500/seed=0/method=lacerda_prune/metrics.csv; Input files updated by another job: results/synth/regime=easy/d=10/num_cycles=3/density=0.5/samp_size=500/seed=0/method=lacerda_prune/model.pkl
    wildcards: regime=easy, d=10, num_cycles=3, density=0.5, samp_size=500, seed=0, method=lacerda_prune
    resources: tmpdir=/tmp
Select jobs to execute...
[Wed Apr 29 11:40:49 2026]
Finished jobid: 37 (Rule: synth_evaluate)
133 of 435 steps (31%) done
Execute 1 jobs...
[Wed Apr 29 11:40:49 2026]
localrule synth_evaluate:
    input: results/synth/regime=easy/d=10/num_cycles=4/density=0.8/samp_size=1000/seed=0/dataset.npz, results/synth/regime=easy/d=10/num_cycles=4/density=0.8/samp_size=1000/seed=0/method=lacerda_prune/model.pkl
    output: results/synth/regime=easy/d=10/num_cycles=4/density=0.8/samp_size=1000/seed=0/method=lacerda_prune/metrics.csv
    jobid: 513
    reason: Missing output files: results/synth/regime=easy/d=10/num_cycles=4/density=0.8/samp_size=1000/seed=0/method=lacerda_prune/metrics.csv; Input files updated by another job: results/synth/regime=easy/d=10/num_cycles=4/density=0.8/samp_size=1000/seed=0/method=lacerda_prune/model.pkl
    wildcards: regime=easy, d=10, num_cycles=4, density=0.8, samp_size=1000, seed=0, method=lacerda_prune
    resources: tmpdir=/tmp
Select jobs to execute...
[Wed Apr 29 11:40:49 2026]
Finished jobid: 504 (Rule: synth_fit)
134 of 435 steps (31%) done
Execute 1 jobs...
[Wed Apr 29 11:40:49 2026]
localrule synth_fit:
    input: results/synth/regime=easy/d=10/num_cycles=3/density=0.8/samp_size=100/seed=0/dataset.npz
    output: results/synth/regime=easy/d=10/num_cycles=3/density=0.8/samp_size=100/seed=0/method=lacerda_prune/model.pkl
    jobid: 478
    reason: Missing output files: results/synth/regime=easy/d=10/num_cycles=3/density=0.8/samp_size=100/seed=0/method=lacerda_prune/model.pkl
    wildcards: regime=easy, d=10, num_cycles=3, density=0.8, samp_size=100, seed=0, method=lacerda_prune
    resources: tmpdir=/tmp
Select jobs to execute...
[Wed Apr 29 11:40:49 2026]
Finished jobid: 253 (Rule: synth_fit)
135 of 435 steps (31%) done
Execute 1 jobs...
[Wed Apr 29 11:40:49 2026]
localrule synth_evaluate:
    input: results/synth/regime=easy/d=10/num_cycles=4/density=0.3/samp_size=1000/seed=2/dataset.npz, results/synth/regime=easy/d=10/num_cycles=4/density=0.3/samp_size=1000/seed=2/method=lacerda/model.pkl
    output: results/synth/regime=easy/d=10/num_cycles=4/density=0.3/samp_size=1000/seed=2/method=lacerda/metrics.csv
    jobid: 251
    reason: Missing output files: results/synth/regime=easy/d=10/num_cycles=4/density=0.3/samp_size=1000/seed=2/method=lacerda/metrics.csv; Input files updated by another job: results/synth/regime=easy/d=10/num_cycles=4/density=0.3/samp_size=1000/seed=2/method=lacerda/model.pkl
    wildcards: regime=easy, d=10, num_cycles=4, density=0.3, samp_size=1000, seed=2, method=lacerda
    resources: tmpdir=/tmp
Select jobs to execute...
[Wed Apr 29 11:40:49 2026]
Finished jobid: 271 (Rule: synth_fit)
136 of 435 steps (31%) done
Execute 1 jobs...
[Wed Apr 29 11:40:49 2026]
localrule synth_evaluate:
    input: results/synth/regime=easy/d=10/num_cycles=5/density=0.3/samp_size=100/seed=2/dataset.npz, results/synth/regime=easy/d=10/num_cycles=5/density=0.3/samp_size=100/seed=2/method=lacerda/model.pkl
    output: results/synth/regime=easy/d=10/num_cycles=5/density=0.3/samp_size=100/seed=2/method=lacerda/metrics.csv
    jobid: 269
    reason: Missing output files: results/synth/regime=easy/d=10/num_cycles=5/density=0.3/samp_size=100/seed=2/method=lacerda/metrics.csv; Input files updated by another job: results/synth/regime=easy/d=10/num_cycles=5/density=0.3/samp_size=100/seed=2/method=lacerda/model.pkl
    wildcards: regime=easy, d=10, num_cycles=5, density=0.3, samp_size=100, seed=2, method=lacerda
    resources: tmpdir=/tmp
Select jobs to execute...
[Wed Apr 29 11:40:49 2026]
Finished jobid: 208 (Rule: synth_fit)
137 of 435 steps (31%) done
Execute 1 jobs...
[Wed Apr 29 11:40:49 2026]
localrule synth_evaluate:
    input: results/synth/regime=easy/d=10/num_cycles=3/density=0.3/samp_size=500/seed=2/dataset.npz, results/synth/regime=easy/d=10/num_cycles=3/density=0.3/samp_size=500/seed=2/method=lacerda/model.pkl
    output: results/synth/regime=easy/d=10/num_cycles=3/density=0.3/samp_size=500/seed=2/method=lacerda/metrics.csv
    jobid: 206
    reason: Missing output files: results/synth/regime=easy/d=10/num_cycles=3/density=0.3/samp_size=500/seed=2/method=lacerda/metrics.csv; Input files updated by another job: results/synth/regime=easy/d=10/num_cycles=3/density=0.3/samp_size=500/seed=2/method=lacerda/model.pkl
    wildcards: regime=easy, d=10, num_cycles=3, density=0.3, samp_size=500, seed=2, method=lacerda
    resources: tmpdir=/tmp
Select jobs to execute...
[Wed Apr 29 11:40:50 2026]
Finished jobid: 121 (Rule: synth_evaluate)
138 of 435 steps (32%) done
Execute 1 jobs...
[Wed Apr 29 11:40:50 2026]
localrule synth_evaluate:
    input: results/synth/regime=easy/d=10/num_cycles=3/density=0.3/samp_size=1000/seed=2/dataset.npz, results/synth/regime=easy/d=10/num_cycles=3/density=0.3/samp_size=1000/seed=2/method=lacerda/model.pkl
    output: results/synth/regime=easy/d=10/num_cycles=3/density=0.3/samp_size=1000/seed=2/method=lacerda/metrics.csv
    jobid: 215
    reason: Missing output files: results/synth/regime=easy/d=10/num_cycles=3/density=0.3/samp_size=1000/seed=2/method=lacerda/metrics.csv; Input files updated by another job: results/synth/regime=easy/d=10/num_cycles=3/density=0.3/samp_size=1000/seed=2/method=lacerda/model.pkl
    wildcards: regime=easy, d=10, num_cycles=3, density=0.3, samp_size=1000, seed=2, method=lacerda
    resources: tmpdir=/tmp
Select jobs to execute...
[Wed Apr 29 11:40:50 2026]
Finished jobid: 361 (Rule: synth_fit)
139 of 435 steps (32%) done
Execute 1 jobs...
[Wed Apr 29 11:40:50 2026]
localrule synth_evaluate:
    input: results/synth/regime=easy/d=10/num_cycles=5/density=0.3/samp_size=1000/seed=2/dataset.npz, results/synth/regime=easy/d=10/num_cycles=5/density=0.3/samp_size=1000/seed=2/method=lacerda_prune/model.pkl
    output: results/synth/regime=easy/d=10/num_cycles=5/density=0.3/samp_size=1000/seed=2/method=lacerda_prune/metrics.csv
    jobid: 360
    reason: Missing output files: results/synth/regime=easy/d=10/num_cycles=5/density=0.3/samp_size=1000/seed=2/method=lacerda_prune/metrics.csv; Input files updated by another job: results/synth/regime=easy/d=10/num_cycles=5/density=0.3/samp_size=1000/seed=2/method=lacerda_prune/model.pkl
    wildcards: regime=easy, d=10, num_cycles=5, density=0.3, samp_size=1000, seed=2, method=lacerda_prune
    resources: tmpdir=/tmp
Select jobs to execute...
[Wed Apr 29 11:40:50 2026]
Finished jobid: 513 (Rule: synth_evaluate)
140 of 435 steps (32%) done
Execute 1 jobs...
[Wed Apr 29 11:40:50 2026]
localrule synth_evaluate:
    input: results/synth/regime=easy/d=10/num_cycles=3/density=0.8/samp_size=1000/seed=1/dataset.npz, results/synth/regime=easy/d=10/num_cycles=3/density=0.8/samp_size=1000/seed=1/method=lacerda/model.pkl
    output: results/synth/regime=easy/d=10/num_cycles=3/density=0.8/samp_size=1000/seed=1/method=lacerda/metrics.csv
    jobid: 393
    reason: Missing output files: results/synth/regime=easy/d=10/num_cycles=3/density=0.8/samp_size=1000/seed=1/method=lacerda/metrics.csv; Input files updated by another job: results/synth/regime=easy/d=10/num_cycles=3/density=0.8/samp_size=1000/seed=1/method=lacerda/model.pkl
    wildcards: regime=easy, d=10, num_cycles=3, density=0.8, samp_size=1000, seed=1, method=lacerda
    resources: tmpdir=/tmp
Select jobs to execute...
[Wed Apr 29 11:40:50 2026]
Finished jobid: 301 (Rule: synth_fit)
141 of 435 steps (32%) done
Execute 1 jobs...
[Wed Apr 29 11:40:50 2026]
localrule synth_evaluate:
    input: results/synth/regime=easy/d=10/num_cycles=3/density=0.3/samp_size=100/seed=2/dataset.npz, results/synth/regime=easy/d=10/num_cycles=3/density=0.3/samp_size=100/seed=2/method=lacerda_prune/model.pkl
    output: results/synth/regime=easy/d=10/num_cycles=3/density=0.3/samp_size=100/seed=2/method=lacerda_prune/metrics.csv
    jobid: 300
    reason: Missing output files: results/synth/regime=easy/d=10/num_cycles=3/density=0.3/samp_size=100/seed=2/method=lacerda_prune/metrics.csv; Input files updated by another job: results/synth/regime=easy/d=10/num_cycles=3/density=0.3/samp_size=100/seed=2/method=lacerda_prune/model.pkl
    wildcards: regime=easy, d=10, num_cycles=3, density=0.3, samp_size=100, seed=2, method=lacerda_prune
    resources: tmpdir=/tmp
Select jobs to execute...
[Wed Apr 29 11:40:50 2026]
Finished jobid: 251 (Rule: synth_evaluate)
142 of 435 steps (33%) done
Execute 1 jobs...
[Wed Apr 29 11:40:50 2026]
localrule synth_evaluate:
    input: results/synth/regime=easy/d=10/num_cycles=5/density=0.8/samp_size=1000/seed=1/dataset.npz, results/synth/regime=easy/d=10/num_cycles=5/density=0.8/samp_size=1000/seed=1/method=lacerda_prune/model.pkl
    output: results/synth/regime=easy/d=10/num_cycles=5/density=0.8/samp_size=1000/seed=1/method=lacerda_prune/metrics.csv
    jobid: 539
    reason: Missing output files: results/synth/regime=easy/d=10/num_cycles=5/density=0.8/samp_size=1000/seed=1/method=lacerda_prune/metrics.csv; Input files updated by another job: results/synth/regime=easy/d=10/num_cycles=5/density=0.8/samp_size=1000/seed=1/method=lacerda_prune/model.pkl
    wildcards: regime=easy, d=10, num_cycles=5, density=0.8, samp_size=1000, seed=1, method=lacerda_prune
    resources: tmpdir=/tmp
Select jobs to execute...
[Wed Apr 29 11:40:50 2026]
Finished jobid: 478 (Rule: synth_fit)
143 of 435 steps (33%) done
Execute 1 jobs...
[Wed Apr 29 11:40:50 2026]
localrule synth_evaluate:
    input: results/synth/regime=easy/d=10/num_cycles=3/density=0.8/samp_size=100/seed=0/dataset.npz, results/synth/regime=easy/d=10/num_cycles=3/density=0.8/samp_size=100/seed=0/method=lacerda_prune/model.pkl
    output: results/synth/regime=easy/d=10/num_cycles=3/density=0.8/samp_size=100/seed=0/method=lacerda_prune/metrics.csv
    jobid: 477
    reason: Missing output files: results/synth/regime=easy/d=10/num_cycles=3/density=0.8/samp_size=100/seed=0/method=lacerda_prune/metrics.csv; Input files updated by another job: results/synth/regime=easy/d=10/num_cycles=3/density=0.8/samp_size=100/seed=0/method=lacerda_prune/model.pkl
    wildcards: regime=easy, d=10, num_cycles=3, density=0.8, samp_size=100, seed=0, method=lacerda_prune
    resources: tmpdir=/tmp
Select jobs to execute...
[Wed Apr 29 11:40:50 2026]
Finished jobid: 269 (Rule: synth_evaluate)
144 of 435 steps (33%) done
Execute 1 jobs...
[Wed Apr 29 11:40:50 2026]
localrule synth_fit:
    input: results/synth/regime=easy/d=10/num_cycles=3/density=0.5/samp_size=500/seed=2/dataset.npz
    output: results/synth/regime=easy/d=10/num_cycles=3/density=0.5/samp_size=500/seed=2/method=lacerda/model.pkl
    jobid: 27
    reason: Missing output files: results/synth/regime=easy/d=10/num_cycles=3/density=0.5/samp_size=500/seed=2/method=lacerda/model.pkl
    wildcards: regime=easy, d=10, num_cycles=3, density=0.5, samp_size=500, seed=2, method=lacerda
    resources: tmpdir=/tmp
Select jobs to execute...
[Wed Apr 29 11:40:50 2026]
Finished jobid: 206 (Rule: synth_evaluate)
145 of 435 steps (33%) done
Execute 1 jobs...
[Wed Apr 29 11:40:50 2026]
localrule synth_evaluate:
    input: results/synth/regime=easy/d=10/num_cycles=5/density=0.5/samp_size=50/seed=2/dataset.npz, results/synth/regime=easy/d=10/num_cycles=5/density=0.5/samp_size=50/seed=2/method=lacerda/model.pkl
    output: results/synth/regime=easy/d=10/num_cycles=5/density=0.5/samp_size=50/seed=2/method=lacerda/metrics.csv
    jobid: 79
    reason: Missing output files: results/synth/regime=easy/d=10/num_cycles=5/density=0.5/samp_size=50/seed=2/method=lacerda/metrics.csv; Input files updated by another job: results/synth/regime=easy/d=10/num_cycles=5/density=0.5/samp_size=50/seed=2/method=lacerda/model.pkl
    wildcards: regime=easy, d=10, num_cycles=5, density=0.5, samp_size=50, seed=2, method=lacerda
    resources: tmpdir=/tmp
Select jobs to execute...
[Wed Apr 29 11:40:50 2026]
Finished jobid: 215 (Rule: synth_evaluate)
146 of 435 steps (34%) done
Execute 1 jobs...
[Wed Apr 29 11:40:50 2026]
localrule synth_fit:
    input: results/synth/regime=easy/d=10/num_cycles=5/density=0.8/samp_size=1000/seed=0/dataset.npz
    output: results/synth/regime=easy/d=10/num_cycles=5/density=0.8/samp_size=1000/seed=0/method=lacerda_prune/model.pkl
    jobid: 538
    reason: Missing output files: results/synth/regime=easy/d=10/num_cycles=5/density=0.8/samp_size=1000/seed=0/method=lacerda_prune/model.pkl
    wildcards: regime=easy, d=10, num_cycles=5, density=0.8, samp_size=1000, seed=0, method=lacerda_prune
    resources: tmpdir=/tmp
Select jobs to execute...
[Wed Apr 29 11:40:50 2026]
Finished jobid: 360 (Rule: synth_evaluate)
147 of 435 steps (34%) done
Execute 1 jobs...
[Wed Apr 29 11:40:50 2026]
localrule synth_evaluate:
    input: results/synth/regime=easy/d=10/num_cycles=3/density=0.8/samp_size=100/seed=2/dataset.npz, results/synth/regime=easy/d=10/num_cycles=3/density=0.8/samp_size=100/seed=2/method=lacerda_prune/model.pkl
    output: results/synth/regime=easy/d=10/num_cycles=3/density=0.8/samp_size=100/seed=2/method=lacerda_prune/metrics.csv
    jobid: 481
    reason: Missing output files: results/synth/regime=easy/d=10/num_cycles=3/density=0.8/samp_size=100/seed=2/method=lacerda_prune/metrics.csv; Input files updated by another job: results/synth/regime=easy/d=10/num_cycles=3/density=0.8/samp_size=100/seed=2/method=lacerda_prune/model.pkl
    wildcards: regime=easy, d=10, num_cycles=3, density=0.8, samp_size=100, seed=2, method=lacerda_prune
    resources: tmpdir=/tmp
Select jobs to execute...
[Wed Apr 29 11:40:50 2026]
Finished jobid: 393 (Rule: synth_evaluate)
148 of 435 steps (34%) done
Execute 1 jobs...
[Wed Apr 29 11:40:50 2026]
localrule synth_evaluate:
    input: results/synth/regime=easy/d=10/num_cycles=3/density=0.5/samp_size=500/seed=1/dataset.npz, results/synth/regime=easy/d=10/num_cycles=3/density=0.5/samp_size=500/seed=1/method=lacerda_prune/model.pkl
    output: results/synth/regime=easy/d=10/num_cycles=3/density=0.5/samp_size=500/seed=1/method=lacerda_prune/metrics.csv
    jobid: 123
    reason: Missing output files: results/synth/regime=easy/d=10/num_cycles=3/density=0.5/samp_size=500/seed=1/method=lacerda_prune/metrics.csv; Input files updated by another job: results/synth/regime=easy/d=10/num_cycles=3/density=0.5/samp_size=500/seed=1/method=lacerda_prune/model.pkl
    wildcards: regime=easy, d=10, num_cycles=3, density=0.5, samp_size=500, seed=1, method=lacerda_prune
    resources: tmpdir=/tmp
Select jobs to execute...
[Wed Apr 29 11:40:51 2026]
Finished jobid: 300 (Rule: synth_evaluate)
149 of 435 steps (34%) done
Execute 1 jobs...
[Wed Apr 29 11:40:51 2026]
localrule synth_evaluate:
    input: results/synth/regime=easy/d=10/num_cycles=3/density=0.3/samp_size=500/seed=0/dataset.npz, results/synth/regime=easy/d=10/num_cycles=3/density=0.3/samp_size=500/seed=0/method=lacerda_prune/model.pkl
    output: results/synth/regime=easy/d=10/num_cycles=3/density=0.3/samp_size=500/seed=0/method=lacerda_prune/metrics.csv
    jobid: 302
    reason: Missing output files: results/synth/regime=easy/d=10/num_cycles=3/density=0.3/samp_size=500/seed=0/method=lacerda_prune/metrics.csv; Input files updated by another job: results/synth/regime=easy/d=10/num_cycles=3/density=0.3/samp_size=500/seed=0/method=lacerda_prune/model.pkl
    wildcards: regime=easy, d=10, num_cycles=3, density=0.3, samp_size=500, seed=0, method=lacerda_prune
    resources: tmpdir=/tmp
Select jobs to execute...
[Wed Apr 29 11:40:51 2026]
Finished jobid: 539 (Rule: synth_evaluate)
150 of 435 steps (34%) done
Execute 1 jobs...
[Wed Apr 29 11:40:51 2026]
localrule synth_fit:
    input: results/synth/regime=easy/d=10/num_cycles=4/density=0.3/samp_size=500/seed=0/dataset.npz
    output: results/synth/regime=easy/d=10/num_cycles=4/density=0.3/samp_size=500/seed=0/method=lacerda_prune/model.pkl
    jobid: 327
    reason: Missing output files: results/synth/regime=easy/d=10/num_cycles=4/density=0.3/samp_size=500/seed=0/method=lacerda_prune/model.pkl
    wildcards: regime=easy, d=10, num_cycles=4, density=0.3, samp_size=500, seed=0, method=lacerda_prune
    resources: tmpdir=/tmp
[Wed Apr 29 11:40:51 2026]
Finished jobid: 477 (Rule: synth_evaluate)
151 of 435 steps (35%) done
Select jobs to execute...
Execute 1 jobs...
[Wed Apr 29 11:40:51 2026]
localrule synth_fit:
    input: results/synth/regime=easy/d=10/num_cycles=4/density=0.8/samp_size=50/seed=2/dataset.npz
    output: results/synth/regime=easy/d=10/num_cycles=4/density=0.8/samp_size=50/seed=2/method=lacerda/model.pkl
    jobid: 407
    reason: Missing output files: results/synth/regime=easy/d=10/num_cycles=4/density=0.8/samp_size=50/seed=2/method=lacerda/model.pkl
    wildcards: regime=easy, d=10, num_cycles=4, density=0.8, samp_size=50, seed=2, method=lacerda
    resources: tmpdir=/tmp
Select jobs to execute...
[Wed Apr 29 11:40:51 2026]
Finished jobid: 79 (Rule: synth_evaluate)
152 of 435 steps (35%) done
Execute 1 jobs...
[Wed Apr 29 11:40:51 2026]
localrule synth_fit:
    input: results/synth/regime=easy/d=10/num_cycles=4/density=0.8/samp_size=1000/seed=1/dataset.npz
    output: results/synth/regime=easy/d=10/num_cycles=4/density=0.8/samp_size=1000/seed=1/method=lacerda/model.pkl
    jobid: 431
    reason: Missing output files: results/synth/regime=easy/d=10/num_cycles=4/density=0.8/samp_size=1000/seed=1/method=lacerda/model.pkl
    wildcards: regime=easy, d=10, num_cycles=4, density=0.8, samp_size=1000, seed=1, method=lacerda
    resources: tmpdir=/tmp
[Wed Apr 29 11:40:51 2026]
Finished jobid: 27 (Rule: synth_fit)
153 of 435 steps (35%) done
Select jobs to execute...
Execute 1 jobs...
[Wed Apr 29 11:40:51 2026]
localrule synth_evaluate:
    input: results/synth/regime=easy/d=10/num_cycles=3/density=0.5/samp_size=500/seed=2/dataset.npz, results/synth/regime=easy/d=10/num_cycles=3/density=0.5/samp_size=500/seed=2/method=lacerda/model.pkl
    output: results/synth/regime=easy/d=10/num_cycles=3/density=0.5/samp_size=500/seed=2/method=lacerda/metrics.csv
    jobid: 25
    reason: Missing output files: results/synth/regime=easy/d=10/num_cycles=3/density=0.5/samp_size=500/seed=2/method=lacerda/metrics.csv; Input files updated by another job: results/synth/regime=easy/d=10/num_cycles=3/density=0.5/samp_size=500/seed=2/method=lacerda/model.pkl
    wildcards: regime=easy, d=10, num_cycles=3, density=0.5, samp_size=500, seed=2, method=lacerda
    resources: tmpdir=/tmp
Select jobs to execute...
[Wed Apr 29 11:40:51 2026]
Finished jobid: 481 (Rule: synth_evaluate)
154 of 435 steps (35%) done
Execute 1 jobs...
[Wed Apr 29 11:40:51 2026]
localrule synth_fit:
    input: results/synth/regime=easy/d=10/num_cycles=4/density=0.5/samp_size=500/seed=1/dataset.npz
    output: results/synth/regime=easy/d=10/num_cycles=4/density=0.5/samp_size=500/seed=1/method=lacerda_prune/model.pkl
    jobid: 148
    reason: Missing output files: results/synth/regime=easy/d=10/num_cycles=4/density=0.5/samp_size=500/seed=1/method=lacerda_prune/model.pkl
    wildcards: regime=easy, d=10, num_cycles=4, density=0.5, samp_size=500, seed=1, method=lacerda_prune
    resources: tmpdir=/tmp
Select jobs to execute...
[Wed Apr 29 11:40:51 2026]
Finished jobid: 123 (Rule: synth_evaluate)
155 of 435 steps (36%) done
Execute 1 jobs...
[Wed Apr 29 11:40:51 2026]
localrule synth_fit:
    input: results/synth/regime=easy/d=10/num_cycles=5/density=0.3/samp_size=1000/seed=1/dataset.npz
    output: results/synth/regime=easy/d=10/num_cycles=5/density=0.3/samp_size=1000/seed=1/method=lacerda_prune/model.pkl
    jobid: 359
    reason: Missing output files: results/synth/regime=easy/d=10/num_cycles=5/density=0.3/samp_size=1000/seed=1/method=lacerda_prune/model.pkl
    wildcards: regime=easy, d=10, num_cycles=5, density=0.3, samp_size=1000, seed=1, method=lacerda_prune
    resources: tmpdir=/tmp
Select jobs to execute...
[Wed Apr 29 11:40:51 2026]
Finished jobid: 302 (Rule: synth_evaluate)
156 of 435 steps (36%) done
Execute 1 jobs...
[Wed Apr 29 11:40:51 2026]
localrule synth_fit:
    input: results/synth/regime=easy/d=10/num_cycles=4/density=0.8/samp_size=100/seed=2/dataset.npz
    output: results/synth/regime=easy/d=10/num_cycles=4/density=0.8/samp_size=100/seed=2/method=lacerda_prune/model.pkl
    jobid: 506
    reason: Missing output files: results/synth/regime=easy/d=10/num_cycles=4/density=0.8/samp_size=100/seed=2/method=lacerda_prune/model.pkl
    wildcards: regime=easy, d=10, num_cycles=4, density=0.8, samp_size=100, seed=2, method=lacerda_prune
    resources: tmpdir=/tmp
Select jobs to execute...
[Wed Apr 29 11:40:51 2026]
Finished jobid: 327 (Rule: synth_fit)
157 of 435 steps (36%) done
[Wed Apr 29 11:40:51 2026]
Finished jobid: 407 (Rule: synth_fit)
158 of 435 steps (36%) done
Execute 2 jobs...
[Wed Apr 29 11:40:51 2026]
localrule synth_fit:
    input: results/synth/regime=easy/d=10/num_cycles=4/density=0.8/samp_size=100/seed=2/dataset.npz
    output: results/synth/regime=easy/d=10/num_cycles=4/density=0.8/samp_size=100/seed=2/method=lacerda/model.pkl
    jobid: 416
    reason: Missing output files: results/synth/regime=easy/d=10/num_cycles=4/density=0.8/samp_size=100/seed=2/method=lacerda/model.pkl
    wildcards: regime=easy, d=10, num_cycles=4, density=0.8, samp_size=100, seed=2, method=lacerda
    resources: tmpdir=/tmp
[Wed Apr 29 11:40:51 2026]
localrule synth_fit:
    input: results/synth/regime=easy/d=10/num_cycles=5/density=0.8/samp_size=50/seed=0/dataset.npz
    output: results/synth/regime=easy/d=10/num_cycles=5/density=0.8/samp_size=50/seed=0/method=lacerda_prune/model.pkl
    jobid: 520
    reason: Missing output files: results/synth/regime=easy/d=10/num_cycles=5/density=0.8/samp_size=50/seed=0/method=lacerda_prune/model.pkl
    wildcards: regime=easy, d=10, num_cycles=5, density=0.8, samp_size=50, seed=0, method=lacerda_prune
    resources: tmpdir=/tmp
Select jobs to execute...
[Wed Apr 29 11:40:51 2026]
Finished jobid: 25 (Rule: synth_evaluate)
159 of 435 steps (37%) done
Execute 1 jobs...
[Wed Apr 29 11:40:51 2026]
localrule synth_fit:
    input: results/synth/regime=easy/d=10/num_cycles=4/density=0.8/samp_size=500/seed=1/dataset.npz
    output: results/synth/regime=easy/d=10/num_cycles=4/density=0.8/samp_size=500/seed=1/method=lacerda_prune/model.pkl
    jobid: 510
    reason: Missing output files: results/synth/regime=easy/d=10/num_cycles=4/density=0.8/samp_size=500/seed=1/method=lacerda_prune/model.pkl
    wildcards: regime=easy, d=10, num_cycles=4, density=0.8, samp_size=500, seed=1, method=lacerda_prune
    resources: tmpdir=/tmp
Select jobs to execute...
[Wed Apr 29 11:40:51 2026]
Finished jobid: 431 (Rule: synth_fit)
160 of 435 steps (37%) done
Execute 1 jobs...
[Wed Apr 29 11:40:51 2026]
localrule synth_evaluate:
    input: results/synth/regime=easy/d=10/num_cycles=4/density=0.3/samp_size=50/seed=2/dataset.npz, results/synth/regime=easy/d=10/num_cycles=4/density=0.3/samp_size=50/seed=2/method=lacerda/model.pkl
    output: results/synth/regime=easy/d=10/num_cycles=4/density=0.3/samp_size=50/seed=2/method=lacerda/metrics.csv
    jobid: 224
    reason: Missing output files: results/synth/regime=easy/d=10/num_cycles=4/density=0.3/samp_size=50/seed=2/method=lacerda/metrics.csv; Input files updated by another job: results/synth/regime=easy/d=10/num_cycles=4/density=0.3/samp_size=50/seed=2/method=lacerda/model.pkl
    wildcards: regime=easy, d=10, num_cycles=4, density=0.3, samp_size=50, seed=2, method=lacerda
    resources: tmpdir=/tmp
Select jobs to execute...
[Wed Apr 29 11:40:51 2026]
Finished jobid: 538 (Rule: synth_fit)
161 of 435 steps (37%) done
Execute 1 jobs...
[Wed Apr 29 11:40:51 2026]
localrule synth_evaluate:
    input: results/synth/regime=easy/d=10/num_cycles=4/density=0.8/samp_size=1000/seed=1/dataset.npz, results/synth/regime=easy/d=10/num_cycles=4/density=0.8/samp_size=1000/seed=1/method=lacerda/model.pkl
    output: results/synth/regime=easy/d=10/num_cycles=4/density=0.8/samp_size=1000/seed=1/method=lacerda/metrics.csv
    jobid: 429
    reason: Missing output files: results/synth/regime=easy/d=10/num_cycles=4/density=0.8/samp_size=1000/seed=1/method=lacerda/metrics.csv; Input files updated by another job: results/synth/regime=easy/d=10/num_cycles=4/density=0.8/samp_size=1000/seed=1/method=lacerda/model.pkl
    wildcards: regime=easy, d=10, num_cycles=4, density=0.8, samp_size=1000, seed=1, method=lacerda
    resources: tmpdir=/tmp
Select jobs to execute...
[Wed Apr 29 11:40:52 2026]
Finished jobid: 224 (Rule: synth_evaluate)
162 of 435 steps (37%) done
Execute 1 jobs...
[Wed Apr 29 11:40:52 2026]
localrule synth_evaluate:
    input: results/synth/regime=easy/d=10/num_cycles=4/density=0.3/samp_size=100/seed=0/dataset.npz, results/synth/regime=easy/d=10/num_cycles=4/density=0.3/samp_size=100/seed=0/method=lacerda/model.pkl
    output: results/synth/regime=easy/d=10/num_cycles=4/density=0.3/samp_size=100/seed=0/method=lacerda/metrics.csv
    jobid: 227
    reason: Missing output files: results/synth/regime=easy/d=10/num_cycles=4/density=0.3/samp_size=100/seed=0/method=lacerda/metrics.csv; Input files updated by another job: results/synth/regime=easy/d=10/num_cycles=4/density=0.3/samp_size=100/seed=0/method=lacerda/model.pkl
    wildcards: regime=easy, d=10, num_cycles=4, density=0.3, samp_size=100, seed=0, method=lacerda
    resources: tmpdir=/tmp
[Wed Apr 29 11:40:52 2026]
Finished jobid: 520 (Rule: synth_fit)
163 of 435 steps (37%) done
Select jobs to execute...
Execute 1 jobs...
[Wed Apr 29 11:40:52 2026]
localrule synth_evaluate:
    input: results/synth/regime=easy/d=10/num_cycles=4/density=0.8/samp_size=50/seed=2/dataset.npz, results/synth/regime=easy/d=10/num_cycles=4/density=0.8/samp_size=50/seed=2/method=lacerda/model.pkl
    output: results/synth/regime=easy/d=10/num_cycles=4/density=0.8/samp_size=50/seed=2/method=lacerda/metrics.csv
    jobid: 405
    reason: Missing output files: results/synth/regime=easy/d=10/num_cycles=4/density=0.8/samp_size=50/seed=2/method=lacerda/metrics.csv; Input files updated by another job: results/synth/regime=easy/d=10/num_cycles=4/density=0.8/samp_size=50/seed=2/method=lacerda/model.pkl
    wildcards: regime=easy, d=10, num_cycles=4, density=0.8, samp_size=50, seed=2, method=lacerda
    resources: tmpdir=/tmp
Select jobs to execute...
[Wed Apr 29 11:40:52 2026]
Finished jobid: 429 (Rule: synth_evaluate)
164 of 435 steps (38%) done
Execute 1 jobs...
[Wed Apr 29 11:40:52 2026]
localrule synth_fit:
    input: results/synth/regime=easy/d=10/num_cycles=4/density=0.3/samp_size=100/seed=1/dataset.npz
    output: results/synth/regime=easy/d=10/num_cycles=4/density=0.3/samp_size=100/seed=1/method=lacerda/model.pkl
    jobid: 232
    reason: Missing output files: results/synth/regime=easy/d=10/num_cycles=4/density=0.3/samp_size=100/seed=1/method=lacerda/model.pkl
    wildcards: regime=easy, d=10, num_cycles=4, density=0.3, samp_size=100, seed=1, method=lacerda
    resources: tmpdir=/tmp
Select jobs to execute...
[Wed Apr 29 11:40:52 2026]
Finished jobid: 148 (Rule: synth_fit)
165 of 435 steps (38%) done
Execute 1 jobs...
[Wed Apr 29 11:40:52 2026]
localrule synth_fit:
    input: results/synth/regime=easy/d=10/num_cycles=4/density=0.5/samp_size=1000/seed=1/dataset.npz
    output: results/synth/regime=easy/d=10/num_cycles=4/density=0.5/samp_size=1000/seed=1/method=lacerda_prune/model.pkl
    jobid: 154
    reason: Missing output files: results/synth/regime=easy/d=10/num_cycles=4/density=0.5/samp_size=1000/seed=1/method=lacerda_prune/model.pkl
    wildcards: regime=easy, d=10, num_cycles=4, density=0.5, samp_size=1000, seed=1, method=lacerda_prune
    resources: tmpdir=/tmp
Select jobs to execute...
[Wed Apr 29 11:40:52 2026]
Finished jobid: 506 (Rule: synth_fit)
166 of 435 steps (38%) done
Execute 1 jobs...
[Wed Apr 29 11:40:52 2026]
localrule synth_fit:
    input: results/synth/regime=easy/d=10/num_cycles=4/density=0.3/samp_size=1000/seed=0/dataset.npz
    output: results/synth/regime=easy/d=10/num_cycles=4/density=0.3/samp_size=1000/seed=0/method=lacerda_prune/model.pkl
    jobid: 333
    reason: Missing output files: results/synth/regime=easy/d=10/num_cycles=4/density=0.3/samp_size=1000/seed=0/method=lacerda_prune/model.pkl
    wildcards: regime=easy, d=10, num_cycles=4, density=0.3, samp_size=1000, seed=0, method=lacerda_prune
    resources: tmpdir=/tmp
Select jobs to execute...
[Wed Apr 29 11:40:52 2026]
Finished jobid: 359 (Rule: synth_fit)
167 of 435 steps (38%) done
Execute 1 jobs...
[Wed Apr 29 11:40:52 2026]
localrule synth_fit:
    input: results/synth/regime=easy/d=10/num_cycles=4/density=0.8/samp_size=500/seed=2/dataset.npz
    output: results/synth/regime=easy/d=10/num_cycles=4/density=0.8/samp_size=500/seed=2/method=lacerda_prune/model.pkl
    jobid: 512
    reason: Missing output files: results/synth/regime=easy/d=10/num_cycles=4/density=0.8/samp_size=500/seed=2/method=lacerda_prune/model.pkl
    wildcards: regime=easy, d=10, num_cycles=4, density=0.8, samp_size=500, seed=2, method=lacerda_prune
    resources: tmpdir=/tmp
Select jobs to execute...
[Wed Apr 29 11:40:52 2026]
Finished jobid: 416 (Rule: synth_fit)
168 of 435 steps (39%) done
Execute 1 jobs...
[Wed Apr 29 11:40:52 2026]
localrule synth_evaluate:
    input: results/synth/regime=easy/d=10/num_cycles=3/density=0.8/samp_size=500/seed=2/dataset.npz, results/synth/regime=easy/d=10/num_cycles=3/density=0.8/samp_size=500/seed=2/method=lacerda_prune/model.pkl
    output: results/synth/regime=easy/d=10/num_cycles=3/density=0.8/samp_size=500/seed=2/method=lacerda_prune/metrics.csv
    jobid: 487
    reason: Missing output files: results/synth/regime=easy/d=10/num_cycles=3/density=0.8/samp_size=500/seed=2/method=lacerda_prune/metrics.csv; Input files updated by another job: results/synth/regime=easy/d=10/num_cycles=3/density=0.8/samp_size=500/seed=2/method=lacerda_prune/model.pkl
    wildcards: regime=easy, d=10, num_cycles=3, density=0.8, samp_size=500, seed=2, method=lacerda_prune
    resources: tmpdir=/tmp
Select jobs to execute...
[Wed Apr 29 11:40:52 2026]
Finished jobid: 405 (Rule: synth_evaluate)
169 of 435 steps (39%) done
[Wed Apr 29 11:40:52 2026]
Finished jobid: 227 (Rule: synth_evaluate)
170 of 435 steps (39%) done
Execute 2 jobs...
[Wed Apr 29 11:40:52 2026]
localrule synth_evaluate:
    input: results/synth/regime=easy/d=10/num_cycles=4/density=0.8/samp_size=50/seed=0/dataset.npz, results/synth/regime=easy/d=10/num_cycles=4/density=0.8/samp_size=50/seed=0/method=lacerda_prune/model.pkl
    output: results/synth/regime=easy/d=10/num_cycles=4/density=0.8/samp_size=50/seed=0/method=lacerda_prune/metrics.csv
    jobid: 495
    reason: Missing output files: results/synth/regime=easy/d=10/num_cycles=4/density=0.8/samp_size=50/seed=0/method=lacerda_prune/metrics.csv; Input files updated by another job: results/synth/regime=easy/d=10/num_cycles=4/density=0.8/samp_size=50/seed=0/method=lacerda_prune/model.pkl
    wildcards: regime=easy, d=10, num_cycles=4, density=0.8, samp_size=50, seed=0, method=lacerda_prune
    resources: tmpdir=/tmp
[Wed Apr 29 11:40:52 2026]
localrule synth_fit:
    input: results/synth/regime=easy/d=10/num_cycles=5/density=0.8/samp_size=50/seed=1/dataset.npz
    output: results/synth/regime=easy/d=10/num_cycles=5/density=0.8/samp_size=50/seed=1/method=lacerda_prune/model.pkl
    jobid: 522
    reason: Missing output files: results/synth/regime=easy/d=10/num_cycles=5/density=0.8/samp_size=50/seed=1/method=lacerda_prune/model.pkl
    wildcards: regime=easy, d=10, num_cycles=5, density=0.8, samp_size=50, seed=1, method=lacerda_prune
    resources: tmpdir=/tmp
Select jobs to execute...
[Wed Apr 29 11:40:53 2026]
Finished jobid: 510 (Rule: synth_fit)
171 of 435 steps (39%) done
Execute 1 jobs...
[Wed Apr 29 11:40:53 2026]
localrule synth_fit:
    input: results/synth/regime=easy/d=10/num_cycles=3/density=0.5/samp_size=50/seed=0/dataset.npz
    output: results/synth/regime=easy/d=10/num_cycles=3/density=0.5/samp_size=50/seed=0/method=lacerda/model.pkl
    jobid: 3
    reason: Missing output files: results/synth/regime=easy/d=10/num_cycles=3/density=0.5/samp_size=50/seed=0/method=lacerda/model.pkl
    wildcards: regime=easy, d=10, num_cycles=3, density=0.5, samp_size=50, seed=0, method=lacerda
    resources: tmpdir=/tmp
Select jobs to execute...
[Wed Apr 29 11:40:53 2026]
Finished jobid: 512 (Rule: synth_fit)
172 of 435 steps (40%) done
Execute 1 jobs...
[Wed Apr 29 11:40:53 2026]
localrule synth_fit:
    input: results/synth/regime=easy/d=10/num_cycles=5/density=0.8/samp_size=100/seed=2/dataset.npz
    output: results/synth/regime=easy/d=10/num_cycles=5/density=0.8/samp_size=100/seed=2/method=lacerda/model.pkl
    jobid: 452
    reason: Missing output files: results/synth/regime=easy/d=10/num_cycles=5/density=0.8/samp_size=100/seed=2/method=lacerda/model.pkl
    wildcards: regime=easy, d=10, num_cycles=5, density=0.8, samp_size=100, seed=2, method=lacerda
    resources: tmpdir=/tmp
Select jobs to execute...
[Wed Apr 29 11:40:53 2026]
Finished jobid: 487 (Rule: synth_evaluate)
173 of 435 steps (40%) done
Execute 1 jobs...
[Wed Apr 29 11:40:53 2026]
localrule synth_evaluate:
    input: results/synth/regime=easy/d=10/num_cycles=3/density=0.8/samp_size=1000/seed=2/dataset.npz, results/synth/regime=easy/d=10/num_cycles=3/density=0.8/samp_size=1000/seed=2/method=lacerda/model.pkl
    output: results/synth/regime=easy/d=10/num_cycles=3/density=0.8/samp_size=1000/seed=2/method=lacerda/metrics.csv
    jobid: 396
    reason: Missing output files: results/synth/regime=easy/d=10/num_cycles=3/density=0.8/samp_size=1000/seed=2/method=lacerda/metrics.csv; Input files updated by another job: results/synth/regime=easy/d=10/num_cycles=3/density=0.8/samp_size=1000/seed=2/method=lacerda/model.pkl
    wildcards: regime=easy, d=10, num_cycles=3, density=0.8, samp_size=1000, seed=2, method=lacerda
    resources: tmpdir=/tmp
Select jobs to execute...
[Wed Apr 29 11:40:53 2026]
Finished jobid: 495 (Rule: synth_evaluate)
174 of 435 steps (40%) done
Execute 1 jobs...
[Wed Apr 29 11:40:53 2026]
localrule synth_fit:
    input: results/synth/regime=easy/d=10/num_cycles=5/density=0.5/samp_size=500/seed=0/dataset.npz
    output: results/synth/regime=easy/d=10/num_cycles=5/density=0.5/samp_size=500/seed=0/method=lacerda/model.pkl
    jobid: 93
    reason: Missing output files: results/synth/regime=easy/d=10/num_cycles=5/density=0.5/samp_size=500/seed=0/method=lacerda/model.pkl
    wildcards: regime=easy, d=10, num_cycles=5, density=0.5, samp_size=500, seed=0, method=lacerda
    resources: tmpdir=/tmp
Select jobs to execute...
[Wed Apr 29 11:40:53 2026]
Finished jobid: 522 (Rule: synth_fit)
175 of 435 steps (40%) done
Execute 1 jobs...
[Wed Apr 29 11:40:53 2026]
localrule synth_fit:
    input: results/synth/regime=easy/d=10/num_cycles=4/density=0.5/samp_size=100/seed=0/dataset.npz
    output: results/synth/regime=easy/d=10/num_cycles=4/density=0.5/samp_size=100/seed=0/method=lacerda/model.pkl
    jobid: 48
    reason: Missing output files: results/synth/regime=easy/d=10/num_cycles=4/density=0.5/samp_size=100/seed=0/method=lacerda/model.pkl
    wildcards: regime=easy, d=10, num_cycles=4, density=0.5, samp_size=100, seed=0, method=lacerda
    resources: tmpdir=/tmp
Select jobs to execute...
[Wed Apr 29 11:40:53 2026]
Finished jobid: 232 (Rule: synth_fit)
176 of 435 steps (40%) done
Execute 1 jobs...
[Wed Apr 29 11:40:53 2026]
localrule synth_fit:
    input: results/synth/regime=easy/d=10/num_cycles=3/density=0.5/samp_size=50/seed=2/dataset.npz
    output: results/synth/regime=easy/d=10/num_cycles=3/density=0.5/samp_size=50/seed=2/method=lacerda_prune/model.pkl
    jobid: 114
    reason: Missing output files: results/synth/regime=easy/d=10/num_cycles=3/density=0.5/samp_size=50/seed=2/method=lacerda_prune/model.pkl
    wildcards: regime=easy, d=10, num_cycles=3, density=0.5, samp_size=50, seed=2, method=lacerda_prune
    resources: tmpdir=/tmp
Select jobs to execute...
[Wed Apr 29 11:40:53 2026]
Finished jobid: 3 (Rule: synth_fit)
177 of 435 steps (41%) done
Execute 1 jobs...
[Wed Apr 29 11:40:53 2026]
localrule synth_evaluate:
    input: results/synth/regime=easy/d=10/num_cycles=5/density=0.3/samp_size=1000/seed=1/dataset.npz, results/synth/regime=easy/d=10/num_cycles=5/density=0.3/samp_size=1000/seed=1/method=lacerda_prune/model.pkl
    output: results/synth/regime=easy/d=10/num_cycles=5/density=0.3/samp_size=1000/seed=1/method=lacerda_prune/metrics.csv
    jobid: 358
    reason: Missing output files: results/synth/regime=easy/d=10/num_cycles=5/density=0.3/samp_size=1000/seed=1/method=lacerda_prune/metrics.csv; Input files updated by another job: results/synth/regime=easy/d=10/num_cycles=5/density=0.3/samp_size=1000/seed=1/method=lacerda_prune/model.pkl
    wildcards: regime=easy, d=10, num_cycles=5, density=0.3, samp_size=1000, seed=1, method=lacerda_prune
    resources: tmpdir=/tmp
Select jobs to execute...
[Wed Apr 29 11:40:54 2026]
Finished jobid: 396 (Rule: synth_evaluate)
178 of 435 steps (41%) done
Execute 1 jobs...
[Wed Apr 29 11:40:54 2026]
localrule synth_evaluate:
    input: results/synth/regime=easy/d=10/num_cycles=4/density=0.3/samp_size=50/seed=0/dataset.npz, results/synth/regime=easy/d=10/num_cycles=4/density=0.3/samp_size=50/seed=0/method=lacerda/model.pkl
    output: results/synth/regime=easy/d=10/num_cycles=4/density=0.3/samp_size=50/seed=0/method=lacerda/metrics.csv
    jobid: 218
    reason: Missing output files: results/synth/regime=easy/d=10/num_cycles=4/density=0.3/samp_size=50/seed=0/method=lacerda/metrics.csv; Input files updated by another job: results/synth/regime=easy/d=10/num_cycles=4/density=0.3/samp_size=50/seed=0/method=lacerda/model.pkl
    wildcards: regime=easy, d=10, num_cycles=4, density=0.3, samp_size=50, seed=0, method=lacerda
    resources: tmpdir=/tmp
Select jobs to execute...
[Wed Apr 29 11:40:54 2026]
Finished jobid: 93 (Rule: synth_fit)
179 of 435 steps (41%) done
Execute 1 jobs...
[Wed Apr 29 11:40:54 2026]
localrule synth_evaluate:
    input: results/synth/regime=easy/d=10/num_cycles=5/density=0.8/samp_size=1000/seed=0/dataset.npz, results/synth/regime=easy/d=10/num_cycles=5/density=0.8/samp_size=1000/seed=0/method=lacerda_prune/model.pkl
    output: results/synth/regime=easy/d=10/num_cycles=5/density=0.8/samp_size=1000/seed=0/method=lacerda_prune/metrics.csv
    jobid: 537
    reason: Missing output files: results/synth/regime=easy/d=10/num_cycles=5/density=0.8/samp_size=1000/seed=0/method=lacerda_prune/metrics.csv; Input files updated by another job: results/synth/regime=easy/d=10/num_cycles=5/density=0.8/samp_size=1000/seed=0/method=lacerda_prune/model.pkl
    wildcards: regime=easy, d=10, num_cycles=5, density=0.8, samp_size=1000, seed=0, method=lacerda_prune
    resources: tmpdir=/tmp
Select jobs to execute...
[Wed Apr 29 11:40:54 2026]
Finished jobid: 154 (Rule: synth_fit)
180 of 435 steps (41%) done
Execute 1 jobs...
[Wed Apr 29 11:40:54 2026]
localrule synth_fit:
    input: results/synth/regime=easy/d=10/num_cycles=3/density=0.8/samp_size=100/seed=2/dataset.npz
    output: results/synth/regime=easy/d=10/num_cycles=3/density=0.8/samp_size=100/seed=2/method=lacerda/model.pkl
    jobid: 380
    reason: Missing output files: results/synth/regime=easy/d=10/num_cycles=3/density=0.8/samp_size=100/seed=2/method=lacerda/model.pkl
    wildcards: regime=easy, d=10, num_cycles=3, density=0.8, samp_size=100, seed=2, method=lacerda
    resources: tmpdir=/tmp
Select jobs to execute...
[Wed Apr 29 11:40:54 2026]
Finished jobid: 333 (Rule: synth_fit)
181 of 435 steps (42%) done
Execute 1 jobs...
[Wed Apr 29 11:40:54 2026]
localrule synth_evaluate:
    input: results/synth/regime=easy/d=10/num_cycles=3/density=0.5/samp_size=50/seed=0/dataset.npz, results/synth/regime=easy/d=10/num_cycles=3/density=0.5/samp_size=50/seed=0/method=lacerda/model.pkl
    output: results/synth/regime=easy/d=10/num_cycles=3/density=0.5/samp_size=50/seed=0/method=lacerda/metrics.csv
    jobid: 1
    reason: Missing output files: results/synth/regime=easy/d=10/num_cycles=3/density=0.5/samp_size=50/seed=0/method=lacerda/metrics.csv; Input files updated by another job: results/synth/regime=easy/d=10/num_cycles=3/density=0.5/samp_size=50/seed=0/method=lacerda/model.pkl
    wildcards: regime=easy, d=10, num_cycles=3, density=0.5, samp_size=50, seed=0, method=lacerda
    resources: tmpdir=/tmp
Select jobs to execute...
[Wed Apr 29 11:40:54 2026]
Finished jobid: 48 (Rule: synth_fit)
182 of 435 steps (42%) done
Execute 1 jobs...
[Wed Apr 29 11:40:54 2026]
localrule synth_fit:
    input: results/synth/regime=easy/d=10/num_cycles=3/density=0.5/samp_size=50/seed=1/dataset.npz
    output: results/synth/regime=easy/d=10/num_cycles=3/density=0.5/samp_size=50/seed=1/method=lacerda_prune/model.pkl
    jobid: 112
    reason: Missing output files: results/synth/regime=easy/d=10/num_cycles=3/density=0.5/samp_size=50/seed=1/method=lacerda_prune/model.pkl
    wildcards: regime=easy, d=10, num_cycles=3, density=0.5, samp_size=50, seed=1, method=lacerda_prune
    resources: tmpdir=/tmp
Select jobs to execute...
[Wed Apr 29 11:40:54 2026]
Finished jobid: 114 (Rule: synth_fit)
183 of 435 steps (42%) done
Execute 1 jobs...
[Wed Apr 29 11:40:54 2026]
localrule synth_evaluate:
    input: results/synth/regime=easy/d=10/num_cycles=3/density=0.5/samp_size=50/seed=2/dataset.npz, results/synth/regime=easy/d=10/num_cycles=3/density=0.5/samp_size=50/seed=2/method=lacerda_prune/model.pkl
    output: results/synth/regime=easy/d=10/num_cycles=3/density=0.5/samp_size=50/seed=2/method=lacerda_prune/metrics.csv
    jobid: 113
    reason: Missing output files: results/synth/regime=easy/d=10/num_cycles=3/density=0.5/samp_size=50/seed=2/method=lacerda_prune/metrics.csv; Input files updated by another job: results/synth/regime=easy/d=10/num_cycles=3/density=0.5/samp_size=50/seed=2/method=lacerda_prune/model.pkl
    wildcards: regime=easy, d=10, num_cycles=3, density=0.5, samp_size=50, seed=2, method=lacerda_prune
    resources: tmpdir=/tmp
Select jobs to execute...
[Wed Apr 29 11:40:54 2026]
Finished jobid: 358 (Rule: synth_evaluate)
184 of 435 steps (42%) done
Execute 1 jobs...
[Wed Apr 29 11:40:54 2026]
localrule synth_fit:
    input: results/synth/regime=easy/d=10/num_cycles=5/density=0.8/samp_size=1000/seed=1/dataset.npz
    output: results/synth/regime=easy/d=10/num_cycles=5/density=0.8/samp_size=1000/seed=1/method=lacerda/model.pkl
    jobid: 467
    reason: Missing output files: results/synth/regime=easy/d=10/num_cycles=5/density=0.8/samp_size=1000/seed=1/method=lacerda/model.pkl
    wildcards: regime=easy, d=10, num_cycles=5, density=0.8, samp_size=1000, seed=1, method=lacerda
    resources: tmpdir=/tmp
Select jobs to execute...
[Wed Apr 29 11:40:54 2026]
Finished jobid: 452 (Rule: synth_fit)
185 of 435 steps (43%) done
Execute 1 jobs...
[Wed Apr 29 11:40:54 2026]
localrule synth_evaluate:
    input: results/synth/regime=easy/d=10/num_cycles=5/density=0.8/samp_size=50/seed=2/dataset.npz, results/synth/regime=easy/d=10/num_cycles=5/density=0.8/samp_size=50/seed=2/method=lacerda/model.pkl
    output: results/synth/regime=easy/d=10/num_cycles=5/density=0.8/samp_size=50/seed=2/method=lacerda/metrics.csv
    jobid: 441
    reason: Missing output files: results/synth/regime=easy/d=10/num_cycles=5/density=0.8/samp_size=50/seed=2/method=lacerda/metrics.csv; Input files updated by another job: results/synth/regime=easy/d=10/num_cycles=5/density=0.8/samp_size=50/seed=2/method=lacerda/model.pkl
    wildcards: regime=easy, d=10, num_cycles=5, density=0.8, samp_size=50, seed=2, method=lacerda
    resources: tmpdir=/tmp
Select jobs to execute...
[Wed Apr 29 11:40:54 2026]
Finished jobid: 218 (Rule: synth_evaluate)
186 of 435 steps (43%) done
Execute 1 jobs...
[Wed Apr 29 11:40:54 2026]
localrule synth_evaluate:
    input: results/synth/regime=easy/d=10/num_cycles=4/density=0.5/samp_size=100/seed=0/dataset.npz, results/synth/regime=easy/d=10/num_cycles=4/density=0.5/samp_size=100/seed=0/method=lacerda/model.pkl
    output: results/synth/regime=easy/d=10/num_cycles=4/density=0.5/samp_size=100/seed=0/method=lacerda/metrics.csv
    jobid: 46
    reason: Missing output files: results/synth/regime=easy/d=10/num_cycles=4/density=0.5/samp_size=100/seed=0/method=lacerda/metrics.csv; Input files updated by another job: results/synth/regime=easy/d=10/num_cycles=4/density=0.5/samp_size=100/seed=0/method=lacerda/model.pkl
    wildcards: regime=easy, d=10, num_cycles=4, density=0.5, samp_size=100, seed=0, method=lacerda
    resources: tmpdir=/tmp
Select jobs to execute...
[Wed Apr 29 11:40:54 2026]
Finished jobid: 537 (Rule: synth_evaluate)
187 of 435 steps (43%) done
Execute 1 jobs...
[Wed Apr 29 11:40:54 2026]
localrule synth_evaluate:
    input: results/synth/regime=easy/d=10/num_cycles=3/density=0.3/samp_size=1000/seed=0/dataset.npz, results/synth/regime=easy/d=10/num_cycles=3/density=0.3/samp_size=1000/seed=0/method=lacerda_prune/model.pkl
    output: results/synth/regime=easy/d=10/num_cycles=3/density=0.3/samp_size=1000/seed=0/method=lacerda_prune/metrics.csv
    jobid: 308
    reason: Missing output files: results/synth/regime=easy/d=10/num_cycles=3/density=0.3/samp_size=1000/seed=0/method=lacerda_prune/metrics.csv; Input files updated by another job: results/synth/regime=easy/d=10/num_cycles=3/density=0.3/samp_size=1000/seed=0/method=lacerda_prune/model.pkl
    wildcards: regime=easy, d=10, num_cycles=3, density=0.3, samp_size=1000, seed=0, method=lacerda_prune
    resources: tmpdir=/tmp
Select jobs to execute...
[Wed Apr 29 11:40:54 2026]
Finished jobid: 1 (Rule: synth_evaluate)
188 of 435 steps (43%) done
Execute 1 jobs...
[Wed Apr 29 11:40:54 2026]
localrule synth_fit:
    input: results/synth/regime=easy/d=10/num_cycles=3/density=0.8/samp_size=50/seed=1/dataset.npz
    output: results/synth/regime=easy/d=10/num_cycles=3/density=0.8/samp_size=50/seed=1/method=lacerda/model.pkl
    jobid: 368
    reason: Missing output files: results/synth/regime=easy/d=10/num_cycles=3/density=0.8/samp_size=50/seed=1/method=lacerda/model.pkl
    wildcards: regime=easy, d=10, num_cycles=3, density=0.8, samp_size=50, seed=1, method=lacerda
    resources: tmpdir=/tmp
Select jobs to execute...
[Wed Apr 29 11:40:54 2026]
Finished jobid: 112 (Rule: synth_fit)
189 of 435 steps (43%) done
Execute 1 jobs...
[Wed Apr 29 11:40:54 2026]
localrule synth_fit:
    input: results/synth/regime=easy/d=10/num_cycles=5/density=0.5/samp_size=500/seed=2/dataset.npz
    output: results/synth/regime=easy/d=10/num_cycles=5/density=0.5/samp_size=500/seed=2/method=lacerda/model.pkl
    jobid: 99
    reason: Missing output files: results/synth/regime=easy/d=10/num_cycles=5/density=0.5/samp_size=500/seed=2/method=lacerda/model.pkl
    wildcards: regime=easy, d=10, num_cycles=5, density=0.5, samp_size=500, seed=2, method=lacerda
    resources: tmpdir=/tmp
Select jobs to execute...
[Wed Apr 29 11:40:55 2026]
Finished jobid: 113 (Rule: synth_evaluate)
190 of 435 steps (44%) done
Execute 1 jobs...
[Wed Apr 29 11:40:55 2026]
localrule synth_evaluate:
    input: results/synth/regime=easy/d=10/num_cycles=3/density=0.5/samp_size=50/seed=1/dataset.npz, results/synth/regime=easy/d=10/num_cycles=3/density=0.5/samp_size=50/seed=1/method=lacerda/model.pkl
    output: results/synth/regime=easy/d=10/num_cycles=3/density=0.5/samp_size=50/seed=1/method=lacerda/metrics.csv
    jobid: 4
    reason: Missing output files: results/synth/regime=easy/d=10/num_cycles=3/density=0.5/samp_size=50/seed=1/method=lacerda/metrics.csv; Input files updated by another job: results/synth/regime=easy/d=10/num_cycles=3/density=0.5/samp_size=50/seed=1/method=lacerda/model.pkl
    wildcards: regime=easy, d=10, num_cycles=3, density=0.5, samp_size=50, seed=1, method=lacerda
    resources: tmpdir=/tmp
Select jobs to execute...
[Wed Apr 29 11:40:55 2026]
Finished jobid: 467 (Rule: synth_fit)
191 of 435 steps (44%) done
Execute 1 jobs...
[Wed Apr 29 11:40:55 2026]
localrule synth_evaluate:
    input: results/synth/regime=easy/d=10/num_cycles=4/density=0.3/samp_size=100/seed=1/dataset.npz, results/synth/regime=easy/d=10/num_cycles=4/density=0.3/samp_size=100/seed=1/method=lacerda/model.pkl
    output: results/synth/regime=easy/d=10/num_cycles=4/density=0.3/samp_size=100/seed=1/method=lacerda/metrics.csv
    jobid: 230
    reason: Missing output files: results/synth/regime=easy/d=10/num_cycles=4/density=0.3/samp_size=100/seed=1/method=lacerda/metrics.csv; Input files updated by another job: results/synth/regime=easy/d=10/num_cycles=4/density=0.3/samp_size=100/seed=1/method=lacerda/model.pkl
    wildcards: regime=easy, d=10, num_cycles=4, density=0.3, samp_size=100, seed=1, method=lacerda
    resources: tmpdir=/tmp
Select jobs to execute...
[Wed Apr 29 11:40:55 2026]
Finished jobid: 441 (Rule: synth_evaluate)
192 of 435 steps (44%) done
Execute 1 jobs...
[Wed Apr 29 11:40:55 2026]
localrule synth_fit:
    input: results/synth/regime=easy/d=10/num_cycles=4/density=0.3/samp_size=1000/seed=1/dataset.npz
    output: results/synth/regime=easy/d=10/num_cycles=4/density=0.3/samp_size=1000/seed=1/method=lacerda_prune/model.pkl
    jobid: 335
    reason: Missing output files: results/synth/regime=easy/d=10/num_cycles=4/density=0.3/samp_size=1000/seed=1/method=lacerda_prune/model.pkl
    wildcards: regime=easy, d=10, num_cycles=4, density=0.3, samp_size=1000, seed=1, method=lacerda_prune
    resources: tmpdir=/tmp
Select jobs to execute...
[Wed Apr 29 11:40:55 2026]
Finished jobid: 46 (Rule: synth_evaluate)
193 of 435 steps (44%) done
Execute 1 jobs...
[Wed Apr 29 11:40:55 2026]
localrule synth_evaluate:
    input: results/synth/regime=easy/d=10/num_cycles=3/density=0.5/samp_size=1000/seed=2/dataset.npz, results/synth/regime=easy/d=10/num_cycles=3/density=0.5/samp_size=1000/seed=2/method=lacerda_prune/model.pkl
    output: results/synth/regime=easy/d=10/num_cycles=3/density=0.5/samp_size=1000/seed=2/method=lacerda_prune/metrics.csv
    jobid: 131
    reason: Missing output files: results/synth/regime=easy/d=10/num_cycles=3/density=0.5/samp_size=1000/seed=2/method=lacerda_prune/metrics.csv; Input files updated by another job: results/synth/regime=easy/d=10/num_cycles=3/density=0.5/samp_size=1000/seed=2/method=lacerda_prune/model.pkl
    wildcards: regime=easy, d=10, num_cycles=3, density=0.5, samp_size=1000, seed=2, method=lacerda_prune
    resources: tmpdir=/tmp
Select jobs to execute...
[Wed Apr 29 11:40:55 2026]
Finished jobid: 380 (Rule: synth_fit)
194 of 435 steps (45%) done
Execute 1 jobs...
[Wed Apr 29 11:40:55 2026]
localrule synth_fit:
    input: results/synth/regime=easy/d=10/num_cycles=4/density=0.5/samp_size=1000/seed=2/dataset.npz
    output: results/synth/regime=easy/d=10/num_cycles=4/density=0.5/samp_size=1000/seed=2/method=lacerda_prune/model.pkl
    jobid: 156
    reason: Missing output files: results/synth/regime=easy/d=10/num_cycles=4/density=0.5/samp_size=1000/seed=2/method=lacerda_prune/model.pkl
    wildcards: regime=easy, d=10, num_cycles=4, density=0.5, samp_size=1000, seed=2, method=lacerda_prune
    resources: tmpdir=/tmp
Select jobs to execute...
[Wed Apr 29 11:40:55 2026]
Finished jobid: 308 (Rule: synth_evaluate)
195 of 435 steps (45%) done
Execute 1 jobs...
[Wed Apr 29 11:40:55 2026]
localrule synth_fit:
    input: results/synth/regime=easy/d=10/num_cycles=4/density=0.8/samp_size=100/seed=1/dataset.npz
    output: results/synth/regime=easy/d=10/num_cycles=4/density=0.8/samp_size=100/seed=1/method=lacerda/model.pkl
    jobid: 413
    reason: Missing output files: results/synth/regime=easy/d=10/num_cycles=4/density=0.8/samp_size=100/seed=1/method=lacerda/model.pkl
    wildcards: regime=easy, d=10, num_cycles=4, density=0.8, samp_size=100, seed=1, method=lacerda
    resources: tmpdir=/tmp
Select jobs to execute...
[Wed Apr 29 11:40:55 2026]
Finished jobid: 368 (Rule: synth_fit)
196 of 435 steps (45%) done
Execute 1 jobs...
[Wed Apr 29 11:40:55 2026]
localrule synth_fit:
    input: results/synth/regime=easy/d=10/num_cycles=3/density=0.5/samp_size=100/seed=2/dataset.npz
    output: results/synth/regime=easy/d=10/num_cycles=3/density=0.5/samp_size=100/seed=2/method=lacerda/model.pkl
    jobid: 18
    reason: Missing output files: results/synth/regime=easy/d=10/num_cycles=3/density=0.5/samp_size=100/seed=2/method=lacerda/model.pkl
    wildcards: regime=easy, d=10, num_cycles=3, density=0.5, samp_size=100, seed=2, method=lacerda
    resources: tmpdir=/tmp
Select jobs to execute...
[Wed Apr 29 11:40:55 2026]
Finished jobid: 99 (Rule: synth_fit)
197 of 435 steps (45%) done
Execute 1 jobs...
[Wed Apr 29 11:40:55 2026]
localrule synth_evaluate:
    input: results/synth/regime=easy/d=10/num_cycles=4/density=0.5/samp_size=500/seed=0/dataset.npz, results/synth/regime=easy/d=10/num_cycles=4/density=0.5/samp_size=500/seed=0/method=lacerda/model.pkl
    output: results/synth/regime=easy/d=10/num_cycles=4/density=0.5/samp_size=500/seed=0/method=lacerda/metrics.csv
    jobid: 55
    reason: Missing output files: results/synth/regime=easy/d=10/num_cycles=4/density=0.5/samp_size=500/seed=0/method=lacerda/metrics.csv; Input files updated by another job: results/synth/regime=easy/d=10/num_cycles=4/density=0.5/samp_size=500/seed=0/method=lacerda/model.pkl
    wildcards: regime=easy, d=10, num_cycles=4, density=0.5, samp_size=500, seed=0, method=lacerda
    resources: tmpdir=/tmp
Select jobs to execute...
[Wed Apr 29 11:40:55 2026]
Finished jobid: 4 (Rule: synth_evaluate)
198 of 435 steps (46%) done
Execute 1 jobs...
[Wed Apr 29 11:40:55 2026]
localrule synth_evaluate:
    input: results/synth/regime=easy/d=10/num_cycles=4/density=0.3/samp_size=100/seed=2/dataset.npz, results/synth/regime=easy/d=10/num_cycles=4/density=0.3/samp_size=100/seed=2/method=lacerda/model.pkl
    output: results/synth/regime=easy/d=10/num_cycles=4/density=0.3/samp_size=100/seed=2/method=lacerda/metrics.csv
    jobid: 233
    reason: Missing output files: results/synth/regime=easy/d=10/num_cycles=4/density=0.3/samp_size=100/seed=2/method=lacerda/metrics.csv; Input files updated by another job: results/synth/regime=easy/d=10/num_cycles=4/density=0.3/samp_size=100/seed=2/method=lacerda/model.pkl
    wildcards: regime=easy, d=10, num_cycles=4, density=0.3, samp_size=100, seed=2, method=lacerda
    resources: tmpdir=/tmp
Select jobs to execute...
[Wed Apr 29 11:40:55 2026]
Finished jobid: 230 (Rule: synth_evaluate)
199 of 435 steps (46%) done
Execute 1 jobs...
[Wed Apr 29 11:40:55 2026]
localrule synth_evaluate:
    input: results/synth/regime=easy/d=10/num_cycles=3/density=0.3/samp_size=500/seed=1/dataset.npz, results/synth/regime=easy/d=10/num_cycles=3/density=0.3/samp_size=500/seed=1/method=lacerda_prune/model.pkl
    output: results/synth/regime=easy/d=10/num_cycles=3/density=0.3/samp_size=500/seed=1/method=lacerda_prune/metrics.csv
    jobid: 304
    reason: Missing output files: results/synth/regime=easy/d=10/num_cycles=3/density=0.3/samp_size=500/seed=1/method=lacerda_prune/metrics.csv; Input files updated by another job: results/synth/regime=easy/d=10/num_cycles=3/density=0.3/samp_size=500/seed=1/method=lacerda_prune/model.pkl
    wildcards: regime=easy, d=10, num_cycles=3, density=0.3, samp_size=500, seed=1, method=lacerda_prune
    resources: tmpdir=/tmp
Select jobs to execute...
[Wed Apr 29 11:40:55 2026]
Finished jobid: 131 (Rule: synth_evaluate)
200 of 435 steps (46%) done
Execute 1 jobs...
[Wed Apr 29 11:40:55 2026]
localrule synth_fit:
    input: results/synth/regime=easy/d=10/num_cycles=4/density=0.3/samp_size=1000/seed=2/dataset.npz
    output: results/synth/regime=easy/d=10/num_cycles=4/density=0.3/samp_size=1000/seed=2/method=lacerda_prune/model.pkl
    jobid: 337
    reason: Missing output files: results/synth/regime=easy/d=10/num_cycles=4/density=0.3/samp_size=1000/seed=2/method=lacerda_prune/model.pkl
    wildcards: regime=easy, d=10, num_cycles=4, density=0.3, samp_size=1000, seed=2, method=lacerda_prune
    resources: tmpdir=/tmp
Select jobs to execute...
[Wed Apr 29 11:40:55 2026]
Finished jobid: 156 (Rule: synth_fit)
201 of 435 steps (46%) done
Execute 1 jobs...
[Wed Apr 29 11:40:56 2026]
localrule synth_evaluate:
    input: results/synth/regime=easy/d=10/num_cycles=3/density=0.8/samp_size=1000/seed=1/dataset.npz, results/synth/regime=easy/d=10/num_cycles=3/density=0.8/samp_size=1000/seed=1/method=lacerda_prune/model.pkl
    output: results/synth/regime=easy/d=10/num_cycles=3/density=0.8/samp_size=1000/seed=1/method=lacerda_prune/metrics.csv
    jobid: 491
    reason: Missing output files: results/synth/regime=easy/d=10/num_cycles=3/density=0.8/samp_size=1000/seed=1/method=lacerda_prune/metrics.csv; Input files updated by another job: results/synth/regime=easy/d=10/num_cycles=3/density=0.8/samp_size=1000/seed=1/method=lacerda_prune/model.pkl
    wildcards: regime=easy, d=10, num_cycles=3, density=0.8, samp_size=1000, seed=1, method=lacerda_prune
    resources: tmpdir=/tmp
Select jobs to execute...
[Wed Apr 29 11:40:56 2026]
Finished jobid: 55 (Rule: synth_evaluate)
202 of 435 steps (46%) done
Execute 1 jobs...
[Wed Apr 29 11:40:56 2026]
localrule synth_fit:
    input: results/synth/regime=easy/d=10/num_cycles=3/density=0.5/samp_size=100/seed=0/dataset.npz
    output: results/synth/regime=easy/d=10/num_cycles=3/density=0.5/samp_size=100/seed=0/method=lacerda/model.pkl
    jobid: 12
    reason: Missing output files: results/synth/regime=easy/d=10/num_cycles=3/density=0.5/samp_size=100/seed=0/method=lacerda/model.pkl
    wildcards: regime=easy, d=10, num_cycles=3, density=0.5, samp_size=100, seed=0, method=lacerda
    resources: tmpdir=/tmp
Select jobs to execute...
[Wed Apr 29 11:40:56 2026]
Finished jobid: 233 (Rule: synth_evaluate)
203 of 435 steps (47%) done
Execute 1 jobs...
[Wed Apr 29 11:40:56 2026]
localrule synth_evaluate:
    input: results/synth/regime=easy/d=10/num_cycles=4/density=0.8/samp_size=100/seed=2/dataset.npz, results/synth/regime=easy/d=10/num_cycles=4/density=0.8/samp_size=100/seed=2/method=lacerda/model.pkl
    output: results/synth/regime=easy/d=10/num_cycles=4/density=0.8/samp_size=100/seed=2/method=lacerda/metrics.csv
    jobid: 414
    reason: Missing output files: results/synth/regime=easy/d=10/num_cycles=4/density=0.8/samp_size=100/seed=2/method=lacerda/metrics.csv; Input files updated by another job: results/synth/regime=easy/d=10/num_cycles=4/density=0.8/samp_size=100/seed=2/method=lacerda/model.pkl
    wildcards: regime=easy, d=10, num_cycles=4, density=0.8, samp_size=100, seed=2, method=lacerda
    resources: tmpdir=/tmp
Select jobs to execute...
[Wed Apr 29 11:40:56 2026]
Finished jobid: 304 (Rule: synth_evaluate)
204 of 435 steps (47%) done
Execute 1 jobs...
[Wed Apr 29 11:40:56 2026]
localrule synth_fit:
    input: results/synth/regime=easy/d=10/num_cycles=5/density=0.3/samp_size=50/seed=0/dataset.npz
    output: results/synth/regime=easy/d=10/num_cycles=5/density=0.3/samp_size=50/seed=0/method=lacerda_prune/model.pkl
    jobid: 339
    reason: Missing output files: results/synth/regime=easy/d=10/num_cycles=5/density=0.3/samp_size=50/seed=0/method=lacerda_prune/model.pkl
    wildcards: regime=easy, d=10, num_cycles=5, density=0.3, samp_size=50, seed=0, method=lacerda_prune
    resources: tmpdir=/tmp
Select jobs to execute...
[Wed Apr 29 11:40:56 2026]
Finished jobid: 413 (Rule: synth_fit)
205 of 435 steps (47%) done
Execute 1 jobs...
[Wed Apr 29 11:40:56 2026]
localrule synth_evaluate:
    input: results/synth/regime=easy/d=10/num_cycles=4/density=0.3/samp_size=50/seed=0/dataset.npz, results/synth/regime=easy/d=10/num_cycles=4/density=0.3/samp_size=50/seed=0/method=lacerda_prune/model.pkl
    output: results/synth/regime=easy/d=10/num_cycles=4/density=0.3/samp_size=50/seed=0/method=lacerda_prune/metrics.csv
    jobid: 314
    reason: Missing output files: results/synth/regime=easy/d=10/num_cycles=4/density=0.3/samp_size=50/seed=0/method=lacerda_prune/metrics.csv; Input files updated by another job: results/synth/regime=easy/d=10/num_cycles=4/density=0.3/samp_size=50/seed=0/method=lacerda_prune/model.pkl
    wildcards: regime=easy, d=10, num_cycles=4, density=0.3, samp_size=50, seed=0, method=lacerda_prune
    resources: tmpdir=/tmp
Select jobs to execute...
[Wed Apr 29 11:40:56 2026]
Finished jobid: 491 (Rule: synth_evaluate)
206 of 435 steps (47%) done
Execute 1 jobs...
[Wed Apr 29 11:40:56 2026]
localrule synth_fit:
    input: results/synth/regime=easy/d=10/num_cycles=4/density=0.8/samp_size=100/seed=0/dataset.npz
    output: results/synth/regime=easy/d=10/num_cycles=4/density=0.8/samp_size=100/seed=0/method=lacerda/model.pkl
    jobid: 410
    reason: Missing output files: results/synth/regime=easy/d=10/num_cycles=4/density=0.8/samp_size=100/seed=0/method=lacerda/model.pkl
    wildcards: regime=easy, d=10, num_cycles=4, density=0.8, samp_size=100, seed=0, method=lacerda
    resources: tmpdir=/tmp
[Wed Apr 29 11:40:56 2026]
Finished jobid: 18 (Rule: synth_fit)
207 of 435 steps (48%) done
Select jobs to execute...
Execute 1 jobs...
[Wed Apr 29 11:40:56 2026]
localrule synth_evaluate:
    input: results/synth/regime=easy/d=10/num_cycles=3/density=0.5/samp_size=1000/seed=1/dataset.npz, results/synth/regime=easy/d=10/num_cycles=3/density=0.5/samp_size=1000/seed=1/method=lacerda_prune/model.pkl
    output: results/synth/regime=easy/d=10/num_cycles=3/density=0.5/samp_size=1000/seed=1/method=lacerda_prune/metrics.csv
    jobid: 129
    reason: Missing output files: results/synth/regime=easy/d=10/num_cycles=3/density=0.5/samp_size=1000/seed=1/method=lacerda_prune/metrics.csv; Input files updated by another job: results/synth/regime=easy/d=10/num_cycles=3/density=0.5/samp_size=1000/seed=1/method=lacerda_prune/model.pkl
    wildcards: regime=easy, d=10, num_cycles=3, density=0.5, samp_size=1000, seed=1, method=lacerda_prune
    resources: tmpdir=/tmp
Select jobs to execute...
[Wed Apr 29 11:40:56 2026]
Finished jobid: 335 (Rule: synth_fit)
208 of 435 steps (48%) done
Execute 1 jobs...
[Wed Apr 29 11:40:56 2026]
localrule synth_fit:
    input: results/synth/regime=easy/d=10/num_cycles=5/density=0.8/samp_size=1000/seed=2/dataset.npz
    output: results/synth/regime=easy/d=10/num_cycles=5/density=0.8/samp_size=1000/seed=2/method=lacerda/model.pkl
    jobid: 470
    reason: Missing output files: results/synth/regime=easy/d=10/num_cycles=5/density=0.8/samp_size=1000/seed=2/method=lacerda/model.pkl
    wildcards: regime=easy, d=10, num_cycles=5, density=0.8, samp_size=1000, seed=2, method=lacerda
    resources: tmpdir=/tmp
Select jobs to execute...
[Wed Apr 29 11:40:56 2026]
Finished jobid: 12 (Rule: synth_fit)
209 of 435 steps (48%) done
Execute 1 jobs...
[Wed Apr 29 11:40:56 2026]
localrule synth_fit:
    input: results/synth/regime=easy/d=10/num_cycles=4/density=0.3/samp_size=500/seed=2/dataset.npz
    output: results/synth/regime=easy/d=10/num_cycles=4/density=0.3/samp_size=500/seed=2/method=lacerda_prune/model.pkl
    jobid: 331
    reason: Missing output files: results/synth/regime=easy/d=10/num_cycles=4/density=0.3/samp_size=500/seed=2/method=lacerda_prune/model.pkl
    wildcards: regime=easy, d=10, num_cycles=4, density=0.3, samp_size=500, seed=2, method=lacerda_prune
    resources: tmpdir=/tmp
Select jobs to execute...
[Wed Apr 29 11:40:56 2026]
Finished jobid: 414 (Rule: synth_evaluate)
210 of 435 steps (48%) done
Execute 1 jobs...
[Wed Apr 29 11:40:56 2026]
localrule synth_fit:
    input: results/synth/regime=easy/d=10/num_cycles=4/density=0.5/samp_size=100/seed=2/dataset.npz
    output: results/synth/regime=easy/d=10/num_cycles=4/density=0.5/samp_size=100/seed=2/method=lacerda/model.pkl
    jobid: 54
    reason: Missing output files: results/synth/regime=easy/d=10/num_cycles=4/density=0.5/samp_size=100/seed=2/method=lacerda/model.pkl
    wildcards: regime=easy, d=10, num_cycles=4, density=0.5, samp_size=100, seed=2, method=lacerda
    resources: tmpdir=/tmp
Select jobs to execute...
[Wed Apr 29 11:40:57 2026]
Finished jobid: 339 (Rule: synth_fit)
211 of 435 steps (49%) done
Execute 1 jobs...
[Wed Apr 29 11:40:57 2026]
localrule synth_evaluate:
    input: results/synth/regime=easy/d=10/num_cycles=3/density=0.3/samp_size=1000/seed=1/dataset.npz, results/synth/regime=easy/d=10/num_cycles=3/density=0.3/samp_size=1000/seed=1/method=lacerda_prune/model.pkl
    output: results/synth/regime=easy/d=10/num_cycles=3/density=0.3/samp_size=1000/seed=1/method=lacerda_prune/metrics.csv
    jobid: 310
    reason: Missing output files: results/synth/regime=easy/d=10/num_cycles=3/density=0.3/samp_size=1000/seed=1/method=lacerda_prune/metrics.csv; Input files updated by another job: results/synth/regime=easy/d=10/num_cycles=3/density=0.3/samp_size=1000/seed=1/method=lacerda_prune/model.pkl
    wildcards: regime=easy, d=10, num_cycles=3, density=0.3, samp_size=1000, seed=1, method=lacerda_prune
    resources: tmpdir=/tmp
Select jobs to execute...
[Wed Apr 29 11:40:57 2026]
Finished jobid: 314 (Rule: synth_evaluate)
212 of 435 steps (49%) done
Execute 1 jobs...
[Wed Apr 29 11:40:57 2026]
localrule synth_evaluate:
    input: results/synth/regime=easy/d=10/num_cycles=5/density=0.8/samp_size=1000/seed=1/dataset.npz, results/synth/regime=easy/d=10/num_cycles=5/density=0.8/samp_size=1000/seed=1/method=lacerda/model.pkl
    output: results/synth/regime=easy/d=10/num_cycles=5/density=0.8/samp_size=1000/seed=1/method=lacerda/metrics.csv
    jobid: 465
    reason: Missing output files: results/synth/regime=easy/d=10/num_cycles=5/density=0.8/samp_size=1000/seed=1/method=lacerda/metrics.csv; Input files updated by another job: results/synth/regime=easy/d=10/num_cycles=5/density=0.8/samp_size=1000/seed=1/method=lacerda/model.pkl
    wildcards: regime=easy, d=10, num_cycles=5, density=0.8, samp_size=1000, seed=1, method=lacerda
    resources: tmpdir=/tmp
Select jobs to execute...
[Wed Apr 29 11:40:57 2026]
Finished jobid: 129 (Rule: synth_evaluate)
213 of 435 steps (49%) done
Execute 1 jobs...
[Wed Apr 29 11:40:57 2026]
localrule synth_evaluate:
    input: results/synth/regime=easy/d=10/num_cycles=3/density=0.5/samp_size=50/seed=1/dataset.npz, results/synth/regime=easy/d=10/num_cycles=3/density=0.5/samp_size=50/seed=1/method=lacerda_prune/model.pkl
    output: results/synth/regime=easy/d=10/num_cycles=3/density=0.5/samp_size=50/seed=1/method=lacerda_prune/metrics.csv
    jobid: 111
    reason: Missing output files: results/synth/regime=easy/d=10/num_cycles=3/density=0.5/samp_size=50/seed=1/method=lacerda_prune/metrics.csv; Input files updated by another job: results/synth/regime=easy/d=10/num_cycles=3/density=0.5/samp_size=50/seed=1/method=lacerda_prune/model.pkl
    wildcards: regime=easy, d=10, num_cycles=3, density=0.5, samp_size=50, seed=1, method=lacerda_prune
    resources: tmpdir=/tmp
Select jobs to execute...
[Wed Apr 29 11:40:57 2026]
Finished jobid: 410 (Rule: synth_fit)
214 of 435 steps (49%) done
Execute 1 jobs...
[Wed Apr 29 11:40:57 2026]
localrule synth_evaluate:
    input: results/synth/regime=easy/d=10/num_cycles=3/density=0.5/samp_size=100/seed=2/dataset.npz, results/synth/regime=easy/d=10/num_cycles=3/density=0.5/samp_size=100/seed=2/method=lacerda/model.pkl
    output: results/synth/regime=easy/d=10/num_cycles=3/density=0.5/samp_size=100/seed=2/method=lacerda/metrics.csv
    jobid: 16
    reason: Missing output files: results/synth/regime=easy/d=10/num_cycles=3/density=0.5/samp_size=100/seed=2/method=lacerda/metrics.csv; Input files updated by another job: results/synth/regime=easy/d=10/num_cycles=3/density=0.5/samp_size=100/seed=2/method=lacerda/model.pkl
    wildcards: regime=easy, d=10, num_cycles=3, density=0.5, samp_size=100, seed=2, method=lacerda
    resources: tmpdir=/tmp
[Wed Apr 29 11:40:57 2026]
Finished jobid: 337 (Rule: synth_fit)
215 of 435 steps (49%) done
Select jobs to execute...
Execute 1 jobs...
[Wed Apr 29 11:40:57 2026]
localrule synth_evaluate:
    input: results/synth/regime=easy/d=10/num_cycles=3/density=0.8/samp_size=50/seed=1/dataset.npz, results/synth/regime=easy/d=10/num_cycles=3/density=0.8/samp_size=50/seed=1/method=lacerda/model.pkl
    output: results/synth/regime=easy/d=10/num_cycles=3/density=0.8/samp_size=50/seed=1/method=lacerda/metrics.csv
    jobid: 366
    reason: Missing output files: results/synth/regime=easy/d=10/num_cycles=3/density=0.8/samp_size=50/seed=1/method=lacerda/metrics.csv; Input files updated by another job: results/synth/regime=easy/d=10/num_cycles=3/density=0.8/samp_size=50/seed=1/method=lacerda/model.pkl
    wildcards: regime=easy, d=10, num_cycles=3, density=0.8, samp_size=50, seed=1, method=lacerda
    resources: tmpdir=/tmp
Select jobs to execute...
[Wed Apr 29 11:40:57 2026]
Finished jobid: 470 (Rule: synth_fit)
216 of 435 steps (50%) done
Execute 1 jobs...
[Wed Apr 29 11:40:57 2026]
localrule synth_evaluate:
    input: results/synth/regime=easy/d=10/num_cycles=5/density=0.8/samp_size=1000/seed=2/dataset.npz, results/synth/regime=easy/d=10/num_cycles=5/density=0.8/samp_size=1000/seed=2/method=lacerda/model.pkl
    output: results/synth/regime=easy/d=10/num_cycles=5/density=0.8/samp_size=1000/seed=2/method=lacerda/metrics.csv
    jobid: 468
    reason: Missing output files: results/synth/regime=easy/d=10/num_cycles=5/density=0.8/samp_size=1000/seed=2/method=lacerda/metrics.csv; Input files updated by another job: results/synth/regime=easy/d=10/num_cycles=5/density=0.8/samp_size=1000/seed=2/method=lacerda/model.pkl
    wildcards: regime=easy, d=10, num_cycles=5, density=0.8, samp_size=1000, seed=2, method=lacerda
    resources: tmpdir=/tmp
Select jobs to execute...
[Wed Apr 29 11:40:57 2026]
Finished jobid: 310 (Rule: synth_evaluate)
217 of 435 steps (50%) done
Execute 1 jobs...
[Wed Apr 29 11:40:57 2026]
localrule synth_evaluate:
    input: results/synth/regime=easy/d=10/num_cycles=3/density=0.8/samp_size=100/seed=2/dataset.npz, results/synth/regime=easy/d=10/num_cycles=3/density=0.8/samp_size=100/seed=2/method=lacerda/model.pkl
    output: results/synth/regime=easy/d=10/num_cycles=3/density=0.8/samp_size=100/seed=2/method=lacerda/metrics.csv
    jobid: 378
    reason: Missing output files: results/synth/regime=easy/d=10/num_cycles=3/density=0.8/samp_size=100/seed=2/method=lacerda/metrics.csv; Input files updated by another job: results/synth/regime=easy/d=10/num_cycles=3/density=0.8/samp_size=100/seed=2/method=lacerda/model.pkl
    wildcards: regime=easy, d=10, num_cycles=3, density=0.8, samp_size=100, seed=2, method=lacerda
    resources: tmpdir=/tmp
Select jobs to execute...
[Wed Apr 29 11:40:57 2026]
Finished jobid: 465 (Rule: synth_evaluate)
218 of 435 steps (50%) done
Execute 1 jobs...
[Wed Apr 29 11:40:57 2026]
localrule synth_evaluate:
    input: results/synth/regime=easy/d=10/num_cycles=4/density=0.8/samp_size=100/seed=0/dataset.npz, results/synth/regime=easy/d=10/num_cycles=4/density=0.8/samp_size=100/seed=0/method=lacerda/model.pkl
    output: results/synth/regime=easy/d=10/num_cycles=4/density=0.8/samp_size=100/seed=0/method=lacerda/metrics.csv
    jobid: 408
    reason: Missing output files: results/synth/regime=easy/d=10/num_cycles=4/density=0.8/samp_size=100/seed=0/method=lacerda/metrics.csv; Input files updated by another job: results/synth/regime=easy/d=10/num_cycles=4/density=0.8/samp_size=100/seed=0/method=lacerda/model.pkl
    wildcards: regime=easy, d=10, num_cycles=4, density=0.8, samp_size=100, seed=0, method=lacerda
    resources: tmpdir=/tmp
Select jobs to execute...
[Wed Apr 29 11:40:57 2026]
Finished jobid: 111 (Rule: synth_evaluate)
219 of 435 steps (50%) done
Execute 1 jobs...
[Wed Apr 29 11:40:57 2026]
localrule synth_evaluate:
    input: results/synth/regime=easy/d=10/num_cycles=4/density=0.8/samp_size=100/seed=1/dataset.npz, results/synth/regime=easy/d=10/num_cycles=4/density=0.8/samp_size=100/seed=1/method=lacerda/model.pkl
    output: results/synth/regime=easy/d=10/num_cycles=4/density=0.8/samp_size=100/seed=1/method=lacerda/metrics.csv
    jobid: 411
    reason: Missing output files: results/synth/regime=easy/d=10/num_cycles=4/density=0.8/samp_size=100/seed=1/method=lacerda/metrics.csv; Input files updated by another job: results/synth/regime=easy/d=10/num_cycles=4/density=0.8/samp_size=100/seed=1/method=lacerda/model.pkl
    wildcards: regime=easy, d=10, num_cycles=4, density=0.8, samp_size=100, seed=1, method=lacerda
    resources: tmpdir=/tmp
Select jobs to execute...
[Wed Apr 29 11:40:57 2026]
Finished jobid: 16 (Rule: synth_evaluate)
220 of 435 steps (51%) done
Execute 1 jobs...
[Wed Apr 29 11:40:57 2026]
localrule synth_fit:
    input: results/synth/regime=easy/d=10/num_cycles=5/density=0.5/samp_size=50/seed=0/dataset.npz
    output: results/synth/regime=easy/d=10/num_cycles=5/density=0.5/samp_size=50/seed=0/method=lacerda_prune/model.pkl
    jobid: 158
    reason: Missing output files: results/synth/regime=easy/d=10/num_cycles=5/density=0.5/samp_size=50/seed=0/method=lacerda_prune/model.pkl
    wildcards: regime=easy, d=10, num_cycles=5, density=0.5, samp_size=50, seed=0, method=lacerda_prune
    resources: tmpdir=/tmp
[Wed Apr 29 11:40:57 2026]
Finished jobid: 366 (Rule: synth_evaluate)
221 of 435 steps (51%) done
Select jobs to execute...
Execute 1 jobs...
[Wed Apr 29 11:40:57 2026]
localrule synth_evaluate:
    input: results/synth/regime=easy/d=10/num_cycles=3/density=0.8/samp_size=1000/seed=2/dataset.npz, results/synth/regime=easy/d=10/num_cycles=3/density=0.8/samp_size=1000/seed=2/method=lacerda_prune/model.pkl
    output: results/synth/regime=easy/d=10/num_cycles=3/density=0.8/samp_size=1000/seed=2/method=lacerda_prune/metrics.csv
    jobid: 493
    reason: Missing output files: results/synth/regime=easy/d=10/num_cycles=3/density=0.8/samp_size=1000/seed=2/method=lacerda_prune/metrics.csv; Input files updated by another job: results/synth/regime=easy/d=10/num_cycles=3/density=0.8/samp_size=1000/seed=2/method=lacerda_prune/model.pkl
    wildcards: regime=easy, d=10, num_cycles=3, density=0.8, samp_size=1000, seed=2, method=lacerda_prune
    resources: tmpdir=/tmp
Select jobs to execute...
[Wed Apr 29 11:40:57 2026]
Finished jobid: 468 (Rule: synth_evaluate)
222 of 435 steps (51%) done
Execute 1 jobs...
[Wed Apr 29 11:40:57 2026]
localrule synth_fit:
    input: results/synth/regime=easy/d=10/num_cycles=3/density=0.3/samp_size=100/seed=0/dataset.npz
    output: results/synth/regime=easy/d=10/num_cycles=3/density=0.3/samp_size=100/seed=0/method=lacerda/model.pkl
    jobid: 193
    reason: Missing output files: results/synth/regime=easy/d=10/num_cycles=3/density=0.3/samp_size=100/seed=0/method=lacerda/model.pkl
    wildcards: regime=easy, d=10, num_cycles=3, density=0.3, samp_size=100, seed=0, method=lacerda
    resources: tmpdir=/tmp
Select jobs to execute...
[Wed Apr 29 11:40:58 2026]
Finished jobid: 54 (Rule: synth_fit)
223 of 435 steps (51%) done
Execute 1 jobs...
[Wed Apr 29 11:40:58 2026]
localrule synth_fit:
    input: results/synth/regime=easy/d=10/num_cycles=4/density=0.8/samp_size=1000/seed=2/dataset.npz
    output: results/synth/regime=easy/d=10/num_cycles=4/density=0.8/samp_size=1000/seed=2/method=lacerda_prune/model.pkl
    jobid: 518
    reason: Missing output files: results/synth/regime=easy/d=10/num_cycles=4/density=0.8/samp_size=1000/seed=2/method=lacerda_prune/model.pkl
    wildcards: regime=easy, d=10, num_cycles=4, density=0.8, samp_size=1000, seed=2, method=lacerda_prune
    resources: tmpdir=/tmp
Select jobs to execute...
[Wed Apr 29 11:40:58 2026]
Finished jobid: 331 (Rule: synth_fit)
224 of 435 steps (51%) done
Execute 1 jobs...
[Wed Apr 29 11:40:58 2026]
localrule synth_evaluate:
    input: results/synth/regime=easy/d=10/num_cycles=3/density=0.3/samp_size=1000/seed=2/dataset.npz, results/synth/regime=easy/d=10/num_cycles=3/density=0.3/samp_size=1000/seed=2/method=lacerda_prune/model.pkl
    output: results/synth/regime=easy/d=10/num_cycles=3/density=0.3/samp_size=1000/seed=2/method=lacerda_prune/metrics.csv
    jobid: 312
    reason: Missing output files: results/synth/regime=easy/d=10/num_cycles=3/density=0.3/samp_size=1000/seed=2/method=lacerda_prune/metrics.csv; Input files updated by another job: results/synth/regime=easy/d=10/num_cycles=3/density=0.3/samp_size=1000/seed=2/method=lacerda_prune/model.pkl
    wildcards: regime=easy, d=10, num_cycles=3, density=0.3, samp_size=1000, seed=2, method=lacerda_prune
    resources: tmpdir=/tmp
Select jobs to execute...
[Wed Apr 29 11:40:58 2026]
Finished jobid: 378 (Rule: synth_evaluate)
225 of 435 steps (52%) done
Execute 1 jobs...
[Wed Apr 29 11:40:58 2026]
localrule synth_fit:
    input: results/synth/regime=easy/d=10/num_cycles=5/density=0.3/samp_size=1000/seed=0/dataset.npz
    output: results/synth/regime=easy/d=10/num_cycles=5/density=0.3/samp_size=1000/seed=0/method=lacerda/model.pkl
    jobid: 283
    reason: Missing output files: results/synth/regime=easy/d=10/num_cycles=5/density=0.3/samp_size=1000/seed=0/method=lacerda/model.pkl
    wildcards: regime=easy, d=10, num_cycles=5, density=0.3, samp_size=1000, seed=0, method=lacerda
    resources: tmpdir=/tmp
Select jobs to execute...
[Wed Apr 29 11:40:58 2026]
Finished jobid: 408 (Rule: synth_evaluate)
226 of 435 steps (52%) done
Execute 1 jobs...
[Wed Apr 29 11:40:58 2026]
localrule synth_fit:
    input: results/synth/regime=easy/d=10/num_cycles=5/density=0.5/samp_size=50/seed=2/dataset.npz
    output: results/synth/regime=easy/d=10/num_cycles=5/density=0.5/samp_size=50/seed=2/method=lacerda_prune/model.pkl
    jobid: 162
    reason: Missing output files: results/synth/regime=easy/d=10/num_cycles=5/density=0.5/samp_size=50/seed=2/method=lacerda_prune/model.pkl
    wildcards: regime=easy, d=10, num_cycles=5, density=0.5, samp_size=50, seed=2, method=lacerda_prune
    resources: tmpdir=/tmp
Select jobs to execute...
[Wed Apr 29 11:40:58 2026]
Finished jobid: 411 (Rule: synth_evaluate)
227 of 435 steps (52%) done
Execute 1 jobs...
[Wed Apr 29 11:40:58 2026]
localrule synth_evaluate:
    input: results/synth/regime=easy/d=10/num_cycles=4/density=0.3/samp_size=50/seed=1/dataset.npz, results/synth/regime=easy/d=10/num_cycles=4/density=0.3/samp_size=50/seed=1/method=lacerda_prune/model.pkl
    output: results/synth/regime=easy/d=10/num_cycles=4/density=0.3/samp_size=50/seed=1/method=lacerda_prune/metrics.csv
    jobid: 316
    reason: Missing output files: results/synth/regime=easy/d=10/num_cycles=4/density=0.3/samp_size=50/seed=1/method=lacerda_prune/metrics.csv; Input files updated by another job: results/synth/regime=easy/d=10/num_cycles=4/density=0.3/samp_size=50/seed=1/method=lacerda_prune/model.pkl
    wildcards: regime=easy, d=10, num_cycles=4, density=0.3, samp_size=50, seed=1, method=lacerda_prune
    resources: tmpdir=/tmp
Select jobs to execute...
[Wed Apr 29 11:40:58 2026]
Finished jobid: 493 (Rule: synth_evaluate)
228 of 435 steps (52%) done
Execute 1 jobs...
[Wed Apr 29 11:40:58 2026]
localrule synth_evaluate:
    input: results/synth/regime=easy/d=10/num_cycles=5/density=0.3/samp_size=50/seed=2/dataset.npz, results/synth/regime=easy/d=10/num_cycles=5/density=0.3/samp_size=50/seed=2/method=lacerda/model.pkl
    output: results/synth/regime=easy/d=10/num_cycles=5/density=0.3/samp_size=50/seed=2/method=lacerda/metrics.csv
    jobid: 260
    reason: Missing output files: results/synth/regime=easy/d=10/num_cycles=5/density=0.3/samp_size=50/seed=2/method=lacerda/metrics.csv; Input files updated by another job: results/synth/regime=easy/d=10/num_cycles=5/density=0.3/samp_size=50/seed=2/method=lacerda/model.pkl
    wildcards: regime=easy, d=10, num_cycles=5, density=0.3, samp_size=50, seed=2, method=lacerda
    resources: tmpdir=/tmp
Select jobs to execute...
[Wed Apr 29 11:40:58 2026]
Finished jobid: 193 (Rule: synth_fit)
229 of 435 steps (53%) done
Execute 1 jobs...
[Wed Apr 29 11:40:58 2026]
localrule synth_fit:
    input: results/synth/regime=easy/d=10/num_cycles=5/density=0.5/samp_size=1000/seed=1/dataset.npz
    output: results/synth/regime=easy/d=10/num_cycles=5/density=0.5/samp_size=1000/seed=1/method=lacerda/model.pkl
    jobid: 105
    reason: Missing output files: results/synth/regime=easy/d=10/num_cycles=5/density=0.5/samp_size=1000/seed=1/method=lacerda/model.pkl
    wildcards: regime=easy, d=10, num_cycles=5, density=0.5, samp_size=1000, seed=1, method=lacerda
    resources: tmpdir=/tmp
Select jobs to execute...
[Wed Apr 29 11:40:58 2026]
Finished jobid: 518 (Rule: synth_fit)
230 of 435 steps (53%) done
Execute 1 jobs...
[Wed Apr 29 11:40:58 2026]
localrule synth_fit:
    input: results/synth/regime=easy/d=10/num_cycles=3/density=0.8/samp_size=100/seed=0/dataset.npz
    output: results/synth/regime=easy/d=10/num_cycles=3/density=0.8/samp_size=100/seed=0/method=lacerda/model.pkl
    jobid: 374
    reason: Missing output files: results/synth/regime=easy/d=10/num_cycles=3/density=0.8/samp_size=100/seed=0/method=lacerda/model.pkl
    wildcards: regime=easy, d=10, num_cycles=3, density=0.8, samp_size=100, seed=0, method=lacerda
    resources: tmpdir=/tmp
Select jobs to execute...
[Wed Apr 29 11:40:58 2026]
Finished jobid: 312 (Rule: synth_evaluate)
231 of 435 steps (53%) done
Execute 1 jobs...
[Wed Apr 29 11:40:58 2026]
localrule synth_fit:
    input: results/synth/regime=easy/d=10/num_cycles=5/density=0.8/samp_size=1000/seed=0/dataset.npz
    output: results/synth/regime=easy/d=10/num_cycles=5/density=0.8/samp_size=1000/seed=0/method=lacerda/model.pkl
    jobid: 464
    reason: Missing output files: results/synth/regime=easy/d=10/num_cycles=5/density=0.8/samp_size=1000/seed=0/method=lacerda/model.pkl
    wildcards: regime=easy, d=10, num_cycles=5, density=0.8, samp_size=1000, seed=0, method=lacerda
    resources: tmpdir=/tmp
Select jobs to execute...
[Wed Apr 29 11:40:58 2026]
Finished jobid: 283 (Rule: synth_fit)
232 of 435 steps (53%) done
Execute 1 jobs...
[Wed Apr 29 11:40:58 2026]
localrule synth_fit:
    input: results/synth/regime=easy/d=10/num_cycles=5/density=0.3/samp_size=50/seed=2/dataset.npz
    output: results/synth/regime=easy/d=10/num_cycles=5/density=0.3/samp_size=50/seed=2/method=lacerda_prune/model.pkl
    jobid: 343
    reason: Missing output files: results/synth/regime=easy/d=10/num_cycles=5/density=0.3/samp_size=50/seed=2/method=lacerda_prune/model.pkl
    wildcards: regime=easy, d=10, num_cycles=5, density=0.3, samp_size=50, seed=2, method=lacerda_prune
    resources: tmpdir=/tmp
Select jobs to execute...
[Wed Apr 29 11:40:58 2026]
Finished jobid: 162 (Rule: synth_fit)
233 of 435 steps (54%) done
Execute 1 jobs...
[Wed Apr 29 11:40:58 2026]
localrule synth_evaluate:
    input: results/synth/regime=easy/d=10/num_cycles=4/density=0.5/samp_size=100/seed=0/dataset.npz, results/synth/regime=easy/d=10/num_cycles=4/density=0.5/samp_size=100/seed=0/method=lacerda_prune/model.pkl
    output: results/synth/regime=easy/d=10/num_cycles=4/density=0.5/samp_size=100/seed=0/method=lacerda_prune/metrics.csv
    jobid: 139
    reason: Missing output files: results/synth/regime=easy/d=10/num_cycles=4/density=0.5/samp_size=100/seed=0/method=lacerda_prune/metrics.csv; Input files updated by another job: results/synth/regime=easy/d=10/num_cycles=4/density=0.5/samp_size=100/seed=0/method=lacerda_prune/model.pkl
    wildcards: regime=easy, d=10, num_cycles=4, density=0.5, samp_size=100, seed=0, method=lacerda_prune
    resources: tmpdir=/tmp
Select jobs to execute...
[Wed Apr 29 11:40:58 2026]
Finished jobid: 158 (Rule: synth_fit)
234 of 435 steps (54%) done
Execute 1 jobs...
[Wed Apr 29 11:40:59 2026]
localrule synth_evaluate:
    input: results/synth/regime=easy/d=10/num_cycles=4/density=0.3/samp_size=50/seed=2/dataset.npz, results/synth/regime=easy/d=10/num_cycles=4/density=0.3/samp_size=50/seed=2/method=lacerda_prune/model.pkl
    output: results/synth/regime=easy/d=10/num_cycles=4/density=0.3/samp_size=50/seed=2/method=lacerda_prune/metrics.csv
    jobid: 318
    reason: Missing output files: results/synth/regime=easy/d=10/num_cycles=4/density=0.3/samp_size=50/seed=2/method=lacerda_prune/metrics.csv; Input files updated by another job: results/synth/regime=easy/d=10/num_cycles=4/density=0.3/samp_size=50/seed=2/method=lacerda_prune/model.pkl
    wildcards: regime=easy, d=10, num_cycles=4, density=0.3, samp_size=50, seed=2, method=lacerda_prune
    resources: tmpdir=/tmp
Select jobs to execute...
[Wed Apr 29 11:40:59 2026]
Finished jobid: 316 (Rule: synth_evaluate)
235 of 435 steps (54%) done
Execute 1 jobs...
[Wed Apr 29 11:40:59 2026]
localrule synth_evaluate:
    input: results/synth/regime=easy/d=10/num_cycles=3/density=0.5/samp_size=100/seed=0/dataset.npz, results/synth/regime=easy/d=10/num_cycles=3/density=0.5/samp_size=100/seed=0/method=lacerda/model.pkl
    output: results/synth/regime=easy/d=10/num_cycles=3/density=0.5/samp_size=100/seed=0/method=lacerda/metrics.csv
    jobid: 10
    reason: Missing output files: results/synth/regime=easy/d=10/num_cycles=3/density=0.5/samp_size=100/seed=0/method=lacerda/metrics.csv; Input files updated by another job: results/synth/regime=easy/d=10/num_cycles=3/density=0.5/samp_size=100/seed=0/method=lacerda/model.pkl
    wildcards: regime=easy, d=10, num_cycles=3, density=0.5, samp_size=100, seed=0, method=lacerda
    resources: tmpdir=/tmp
Select jobs to execute...
[Wed Apr 29 11:40:59 2026]
Finished jobid: 260 (Rule: synth_evaluate)
236 of 435 steps (54%) done
Execute 1 jobs...
[Wed Apr 29 11:40:59 2026]
localrule synth_evaluate:
    input: results/synth/regime=easy/d=10/num_cycles=4/density=0.8/samp_size=50/seed=1/dataset.npz, results/synth/regime=easy/d=10/num_cycles=4/density=0.8/samp_size=50/seed=1/method=lacerda_prune/model.pkl
    output: results/synth/regime=easy/d=10/num_cycles=4/density=0.8/samp_size=50/seed=1/method=lacerda_prune/metrics.csv
    jobid: 497
    reason: Missing output files: results/synth/regime=easy/d=10/num_cycles=4/density=0.8/samp_size=50/seed=1/method=lacerda_prune/metrics.csv; Input files updated by another job: results/synth/regime=easy/d=10/num_cycles=4/density=0.8/samp_size=50/seed=1/method=lacerda_prune/model.pkl
    wildcards: regime=easy, d=10, num_cycles=4, density=0.8, samp_size=50, seed=1, method=lacerda_prune
    resources: tmpdir=/tmp
Select jobs to execute...
[Wed Apr 29 11:40:59 2026]
Finished jobid: 105 (Rule: synth_fit)
237 of 435 steps (54%) done
Execute 1 jobs...
[Wed Apr 29 11:40:59 2026]
localrule synth_fit:
    input: results/synth/regime=easy/d=10/num_cycles=5/density=0.5/samp_size=100/seed=0/dataset.npz
    output: results/synth/regime=easy/d=10/num_cycles=5/density=0.5/samp_size=100/seed=0/method=lacerda_prune/model.pkl
    jobid: 164
    reason: Missing output files: results/synth/regime=easy/d=10/num_cycles=5/density=0.5/samp_size=100/seed=0/method=lacerda_prune/model.pkl
    wildcards: regime=easy, d=10, num_cycles=5, density=0.5, samp_size=100, seed=0, method=lacerda_prune
    resources: tmpdir=/tmp
Select jobs to execute...
[Wed Apr 29 11:40:59 2026]
Finished jobid: 374 (Rule: synth_fit)
238 of 435 steps (55%) done
Execute 1 jobs...
[Wed Apr 29 11:40:59 2026]
localrule synth_fit:
    input: results/synth/regime=easy/d=10/num_cycles=3/density=0.8/samp_size=50/seed=0/dataset.npz
    output: results/synth/regime=easy/d=10/num_cycles=3/density=0.8/samp_size=50/seed=0/method=lacerda_prune/model.pkl
    jobid: 472
    reason: Missing output files: results/synth/regime=easy/d=10/num_cycles=3/density=0.8/samp_size=50/seed=0/method=lacerda_prune/model.pkl
    wildcards: regime=easy, d=10, num_cycles=3, density=0.8, samp_size=50, seed=0, method=lacerda_prune
    resources: tmpdir=/tmp
Select jobs to execute...
[Wed Apr 29 11:40:59 2026]
Finished jobid: 464 (Rule: synth_fit)
239 of 435 steps (55%) done
Execute 1 jobs...
[Wed Apr 29 11:40:59 2026]
localrule synth_fit:
    input: results/synth/regime=easy/d=10/num_cycles=3/density=0.3/samp_size=100/seed=1/dataset.npz
    output: results/synth/regime=easy/d=10/num_cycles=3/density=0.3/samp_size=100/seed=1/method=lacerda/model.pkl
    jobid: 196
    reason: Missing output files: results/synth/regime=easy/d=10/num_cycles=3/density=0.3/samp_size=100/seed=1/method=lacerda/model.pkl
    wildcards: regime=easy, d=10, num_cycles=3, density=0.3, samp_size=100, seed=1, method=lacerda
    resources: tmpdir=/tmp
Select jobs to execute...
[Wed Apr 29 11:40:59 2026]
Finished jobid: 343 (Rule: synth_fit)
240 of 435 steps (55%) done
Execute 1 jobs...
[Wed Apr 29 11:40:59 2026]
localrule synth_fit:
    input: results/synth/regime=easy/d=10/num_cycles=5/density=0.3/samp_size=1000/seed=1/dataset.npz
    output: results/synth/regime=easy/d=10/num_cycles=5/density=0.3/samp_size=1000/seed=1/method=lacerda/model.pkl
    jobid: 286
    reason: Missing output files: results/synth/regime=easy/d=10/num_cycles=5/density=0.3/samp_size=1000/seed=1/method=lacerda/model.pkl
    wildcards: regime=easy, d=10, num_cycles=5, density=0.3, samp_size=1000, seed=1, method=lacerda
    resources: tmpdir=/tmp
Select jobs to execute...
[Wed Apr 29 11:40:59 2026]
Finished jobid: 139 (Rule: synth_evaluate)
241 of 435 steps (55%) done
Execute 1 jobs...
[Wed Apr 29 11:40:59 2026]
localrule synth_fit:
    input: results/synth/regime=easy/d=10/num_cycles=5/density=0.5/samp_size=100/seed=1/dataset.npz
    output: results/synth/regime=easy/d=10/num_cycles=5/density=0.5/samp_size=100/seed=1/method=lacerda_prune/model.pkl
    jobid: 166
    reason: Missing output files: results/synth/regime=easy/d=10/num_cycles=5/density=0.5/samp_size=100/seed=1/method=lacerda_prune/model.pkl
    wildcards: regime=easy, d=10, num_cycles=5, density=0.5, samp_size=100, seed=1, method=lacerda_prune
    resources: tmpdir=/tmp
Select jobs to execute...
[Wed Apr 29 11:40:59 2026]
Finished jobid: 318 (Rule: synth_evaluate)
242 of 435 steps (56%) done
Execute 1 jobs...
[Wed Apr 29 11:40:59 2026]
localrule synth_fit:
    input: results/synth/regime=easy/d=10/num_cycles=5/density=0.3/samp_size=100/seed=0/dataset.npz
    output: results/synth/regime=easy/d=10/num_cycles=5/density=0.3/samp_size=100/seed=0/method=lacerda_prune/model.pkl
    jobid: 345
    reason: Missing output files: results/synth/regime=easy/d=10/num_cycles=5/density=0.3/samp_size=100/seed=0/method=lacerda_prune/model.pkl
    wildcards: regime=easy, d=10, num_cycles=5, density=0.3, samp_size=100, seed=0, method=lacerda_prune
    resources: tmpdir=/tmp
Select jobs to execute...
[Wed Apr 29 11:40:59 2026]
Finished jobid: 10 (Rule: synth_evaluate)
243 of 435 steps (56%) done
Execute 1 jobs...
[Wed Apr 29 11:40:59 2026]
localrule synth_evaluate:
    input: results/synth/regime=easy/d=10/num_cycles=4/density=0.3/samp_size=100/seed=0/dataset.npz, results/synth/regime=easy/d=10/num_cycles=4/density=0.3/samp_size=100/seed=0/method=lacerda_prune/model.pkl
    output: results/synth/regime=easy/d=10/num_cycles=4/density=0.3/samp_size=100/seed=0/method=lacerda_prune/metrics.csv
    jobid: 320
    reason: Missing output files: results/synth/regime=easy/d=10/num_cycles=4/density=0.3/samp_size=100/seed=0/method=lacerda_prune/metrics.csv; Input files updated by another job: results/synth/regime=easy/d=10/num_cycles=4/density=0.3/samp_size=100/seed=0/method=lacerda_prune/model.pkl
    wildcards: regime=easy, d=10, num_cycles=4, density=0.3, samp_size=100, seed=0, method=lacerda_prune
    resources: tmpdir=/tmp
Select jobs to execute...
[Wed Apr 29 11:40:59 2026]
Finished jobid: 497 (Rule: synth_evaluate)
244 of 435 steps (56%) done
Execute 1 jobs...
[Wed Apr 29 11:40:59 2026]
localrule synth_evaluate:
    input: results/synth/regime=easy/d=10/num_cycles=4/density=0.5/samp_size=100/seed=1/dataset.npz, results/synth/regime=easy/d=10/num_cycles=4/density=0.5/samp_size=100/seed=1/method=lacerda_prune/model.pkl
    output: results/synth/regime=easy/d=10/num_cycles=4/density=0.5/samp_size=100/seed=1/method=lacerda_prune/metrics.csv
    jobid: 141
    reason: Missing output files: results/synth/regime=easy/d=10/num_cycles=4/density=0.5/samp_size=100/seed=1/method=lacerda_prune/metrics.csv; Input files updated by another job: results/synth/regime=easy/d=10/num_cycles=4/density=0.5/samp_size=100/seed=1/method=lacerda_prune/model.pkl
    wildcards: regime=easy, d=10, num_cycles=4, density=0.5, samp_size=100, seed=1, method=lacerda_prune
    resources: tmpdir=/tmp
Select jobs to execute...
[Wed Apr 29 11:40:59 2026]
Finished jobid: 164 (Rule: synth_fit)
245 of 435 steps (56%) done
Execute 1 jobs...
[Wed Apr 29 11:40:59 2026]
localrule synth_fit:
    input: results/synth/regime=easy/d=10/num_cycles=3/density=0.5/samp_size=100/seed=1/dataset.npz
    output: results/synth/regime=easy/d=10/num_cycles=3/density=0.5/samp_size=100/seed=1/method=lacerda_prune/model.pkl
    jobid: 118
    reason: Missing output files: results/synth/regime=easy/d=10/num_cycles=3/density=0.5/samp_size=100/seed=1/method=lacerda_prune/model.pkl
    wildcards: regime=easy, d=10, num_cycles=3, density=0.5, samp_size=100, seed=1, method=lacerda_prune
    resources: tmpdir=/tmp
Select jobs to execute...
[Wed Apr 29 11:40:59 2026]
Finished jobid: 286 (Rule: synth_fit)
246 of 435 steps (57%) done
Execute 1 jobs...
[Wed Apr 29 11:40:59 2026]
localrule synth_fit:
    input: results/synth/regime=easy/d=10/num_cycles=3/density=0.8/samp_size=100/seed=1/dataset.npz
    output: results/synth/regime=easy/d=10/num_cycles=3/density=0.8/samp_size=100/seed=1/method=lacerda/model.pkl
    jobid: 377
    reason: Missing output files: results/synth/regime=easy/d=10/num_cycles=3/density=0.8/samp_size=100/seed=1/method=lacerda/model.pkl
    wildcards: regime=easy, d=10, num_cycles=3, density=0.8, samp_size=100, seed=1, method=lacerda
    resources: tmpdir=/tmp
Select jobs to execute...
[Wed Apr 29 11:41:00 2026]
Finished jobid: 320 (Rule: synth_evaluate)
247 of 435 steps (57%) done
Execute 1 jobs...
[Wed Apr 29 11:41:00 2026]
localrule synth_fit:
    input: results/synth/regime=easy/d=10/num_cycles=4/density=0.8/samp_size=500/seed=1/dataset.npz
    output: results/synth/regime=easy/d=10/num_cycles=4/density=0.8/samp_size=500/seed=1/method=lacerda/model.pkl
    jobid: 422
    reason: Missing output files: results/synth/regime=easy/d=10/num_cycles=4/density=0.8/samp_size=500/seed=1/method=lacerda/model.pkl
    wildcards: regime=easy, d=10, num_cycles=4, density=0.8, samp_size=500, seed=1, method=lacerda
    resources: tmpdir=/tmp
Select jobs to execute...
[Wed Apr 29 11:41:00 2026]
Finished jobid: 345 (Rule: synth_fit)
248 of 435 steps (57%) done
Execute 1 jobs...
[Wed Apr 29 11:41:00 2026]
localrule synth_evaluate:
    input: results/synth/regime=easy/d=10/num_cycles=4/density=0.3/samp_size=100/seed=1/dataset.npz, results/synth/regime=easy/d=10/num_cycles=4/density=0.3/samp_size=100/seed=1/method=lacerda_prune/model.pkl
    output: results/synth/regime=easy/d=10/num_cycles=4/density=0.3/samp_size=100/seed=1/method=lacerda_prune/metrics.csv
    jobid: 322
    reason: Missing output files: results/synth/regime=easy/d=10/num_cycles=4/density=0.3/samp_size=100/seed=1/method=lacerda_prune/metrics.csv; Input files updated by another job: results/synth/regime=easy/d=10/num_cycles=4/density=0.3/samp_size=100/seed=1/method=lacerda_prune/model.pkl
    wildcards: regime=easy, d=10, num_cycles=4, density=0.3, samp_size=100, seed=1, method=lacerda_prune
    resources: tmpdir=/tmp
[Wed Apr 29 11:41:00 2026]
Finished jobid: 141 (Rule: synth_evaluate)
249 of 435 steps (57%) done
Select jobs to execute...
Execute 1 jobs...
[Wed Apr 29 11:41:00 2026]
localrule synth_fit:
    input: results/synth/regime=easy/d=10/num_cycles=5/density=0.3/samp_size=100/seed=1/dataset.npz
    output: results/synth/regime=easy/d=10/num_cycles=5/density=0.3/samp_size=100/seed=1/method=lacerda_prune/model.pkl
    jobid: 347
    reason: Missing output files: results/synth/regime=easy/d=10/num_cycles=5/density=0.3/samp_size=100/seed=1/method=lacerda_prune/model.pkl
    wildcards: regime=easy, d=10, num_cycles=5, density=0.3, samp_size=100, seed=1, method=lacerda_prune
    resources: tmpdir=/tmp
Select jobs to execute...
[Wed Apr 29 11:41:00 2026]
Finished jobid: 472 (Rule: synth_fit)
250 of 435 steps (57%) done
Execute 1 jobs...
[Wed Apr 29 11:41:00 2026]
localrule synth_evaluate:
    input: results/synth/regime=easy/d=10/num_cycles=4/density=0.5/samp_size=100/seed=2/dataset.npz, results/synth/regime=easy/d=10/num_cycles=4/density=0.5/samp_size=100/seed=2/method=lacerda_prune/model.pkl
    output: results/synth/regime=easy/d=10/num_cycles=4/density=0.5/samp_size=100/seed=2/method=lacerda_prune/metrics.csv
    jobid: 143
    reason: Missing output files: results/synth/regime=easy/d=10/num_cycles=4/density=0.5/samp_size=100/seed=2/method=lacerda_prune/metrics.csv; Input files updated by another job: results/synth/regime=easy/d=10/num_cycles=4/density=0.5/samp_size=100/seed=2/method=lacerda_prune/model.pkl
    wildcards: regime=easy, d=10, num_cycles=4, density=0.5, samp_size=100, seed=2, method=lacerda_prune
    resources: tmpdir=/tmp
Select jobs to execute...
[Wed Apr 29 11:41:00 2026]
Finished jobid: 196 (Rule: synth_fit)
251 of 435 steps (58%) done
Execute 1 jobs...
[Wed Apr 29 11:41:00 2026]
localrule synth_evaluate:
    input: results/synth/regime=easy/d=10/num_cycles=4/density=0.8/samp_size=100/seed=0/dataset.npz, results/synth/regime=easy/d=10/num_cycles=4/density=0.8/samp_size=100/seed=0/method=lacerda_prune/model.pkl
    output: results/synth/regime=easy/d=10/num_cycles=4/density=0.8/samp_size=100/seed=0/method=lacerda_prune/metrics.csv
    jobid: 501
    reason: Missing output files: results/synth/regime=easy/d=10/num_cycles=4/density=0.8/samp_size=100/seed=0/method=lacerda_prune/metrics.csv; Input files updated by another job: results/synth/regime=easy/d=10/num_cycles=4/density=0.8/samp_size=100/seed=0/method=lacerda_prune/model.pkl
    wildcards: regime=easy, d=10, num_cycles=4, density=0.8, samp_size=100, seed=0, method=lacerda_prune
    resources: tmpdir=/tmp
Select jobs to execute...
[Wed Apr 29 11:41:00 2026]
Finished jobid: 166 (Rule: synth_fit)
252 of 435 steps (58%) done
Execute 1 jobs...
[Wed Apr 29 11:41:00 2026]
localrule synth_fit:
    input: results/synth/regime=easy/d=10/num_cycles=5/density=0.5/samp_size=100/seed=2/dataset.npz
    output: results/synth/regime=easy/d=10/num_cycles=5/density=0.5/samp_size=100/seed=2/method=lacerda_prune/model.pkl
    jobid: 168
    reason: Missing output files: results/synth/regime=easy/d=10/num_cycles=5/density=0.5/samp_size=100/seed=2/method=lacerda_prune/model.pkl
    wildcards: regime=easy, d=10, num_cycles=5, density=0.5, samp_size=100, seed=2, method=lacerda_prune
    resources: tmpdir=/tmp
Select jobs to execute...
[Wed Apr 29 11:41:00 2026]
Finished jobid: 422 (Rule: synth_fit)
253 of 435 steps (58%) done
Execute 1 jobs...
[Wed Apr 29 11:41:00 2026]
localrule synth_fit:
    input: results/synth/regime=easy/d=10/num_cycles=5/density=0.5/samp_size=1000/seed=2/dataset.npz
    output: results/synth/regime=easy/d=10/num_cycles=5/density=0.5/samp_size=1000/seed=2/method=lacerda/model.pkl
    jobid: 108
    reason: Missing output files: results/synth/regime=easy/d=10/num_cycles=5/density=0.5/samp_size=1000/seed=2/method=lacerda/model.pkl
    wildcards: regime=easy, d=10, num_cycles=5, density=0.5, samp_size=1000, seed=2, method=lacerda
    resources: tmpdir=/tmp
Select jobs to execute...
[Wed Apr 29 11:41:00 2026]
Finished jobid: 322 (Rule: synth_evaluate)
254 of 435 steps (58%) done
Execute 1 jobs...
[Wed Apr 29 11:41:00 2026]
localrule synth_fit:
    input: results/synth/regime=easy/d=10/num_cycles=4/density=0.5/samp_size=500/seed=2/dataset.npz
    output: results/synth/regime=easy/d=10/num_cycles=4/density=0.5/samp_size=500/seed=2/method=lacerda/model.pkl
    jobid: 63
    reason: Missing output files: results/synth/regime=easy/d=10/num_cycles=4/density=0.5/samp_size=500/seed=2/method=lacerda/model.pkl
    wildcards: regime=easy, d=10, num_cycles=4, density=0.5, samp_size=500, seed=2, method=lacerda
    resources: tmpdir=/tmp
Select jobs to execute...
[Wed Apr 29 11:41:00 2026]
Finished jobid: 143 (Rule: synth_evaluate)
255 of 435 steps (59%) done
Execute 1 jobs...
[Wed Apr 29 11:41:00 2026]
localrule synth_fit:
    input: results/synth/regime=easy/d=10/num_cycles=5/density=0.3/samp_size=1000/seed=2/dataset.npz
    output: results/synth/regime=easy/d=10/num_cycles=5/density=0.3/samp_size=1000/seed=2/method=lacerda/model.pkl
    jobid: 289
    reason: Missing output files: results/synth/regime=easy/d=10/num_cycles=5/density=0.3/samp_size=1000/seed=2/method=lacerda/model.pkl
    wildcards: regime=easy, d=10, num_cycles=5, density=0.3, samp_size=1000, seed=2, method=lacerda
    resources: tmpdir=/tmp
Select jobs to execute...
[Wed Apr 29 11:41:00 2026]
Finished jobid: 118 (Rule: synth_fit)
256 of 435 steps (59%) done
Execute 1 jobs...
[Wed Apr 29 11:41:00 2026]
localrule synth_fit:
    input: results/synth/regime=easy/d=10/num_cycles=3/density=0.5/samp_size=50/seed=0/dataset.npz
    output: results/synth/regime=easy/d=10/num_cycles=3/density=0.5/samp_size=50/seed=0/method=lacerda_prune/model.pkl
    jobid: 110
    reason: Missing output files: results/synth/regime=easy/d=10/num_cycles=3/density=0.5/samp_size=50/seed=0/method=lacerda_prune/model.pkl
    wildcards: regime=easy, d=10, num_cycles=3, density=0.5, samp_size=50, seed=0, method=lacerda_prune
    resources: tmpdir=/tmp
Select jobs to execute...
[Wed Apr 29 11:41:00 2026]
Finished jobid: 501 (Rule: synth_evaluate)
257 of 435 steps (59%) done
Execute 1 jobs...
[Wed Apr 29 11:41:01 2026]
localrule synth_fit:
    input: results/synth/regime=easy/d=10/num_cycles=4/density=0.3/samp_size=500/seed=2/dataset.npz
    output: results/synth/regime=easy/d=10/num_cycles=4/density=0.3/samp_size=500/seed=2/method=lacerda/model.pkl
    jobid: 244
    reason: Missing output files: results/synth/regime=easy/d=10/num_cycles=4/density=0.3/samp_size=500/seed=2/method=lacerda/model.pkl
    wildcards: regime=easy, d=10, num_cycles=4, density=0.3, samp_size=500, seed=2, method=lacerda
    resources: tmpdir=/tmp
Select jobs to execute...
[Wed Apr 29 11:41:01 2026]
Finished jobid: 377 (Rule: synth_fit)
258 of 435 steps (59%) done
Execute 1 jobs...
[Wed Apr 29 11:41:01 2026]
localrule synth_fit:
    input: results/synth/regime=easy/d=10/num_cycles=5/density=0.5/samp_size=500/seed=0/dataset.npz
    output: results/synth/regime=easy/d=10/num_cycles=5/density=0.5/samp_size=500/seed=0/method=lacerda_prune/model.pkl
    jobid: 170
    reason: Missing output files: results/synth/regime=easy/d=10/num_cycles=5/density=0.5/samp_size=500/seed=0/method=lacerda_prune/model.pkl
    wildcards: regime=easy, d=10, num_cycles=5, density=0.5, samp_size=500, seed=0, method=lacerda_prune
    resources: tmpdir=/tmp
Select jobs to execute...
[Wed Apr 29 11:41:01 2026]
Finished jobid: 347 (Rule: synth_fit)
259 of 435 steps (60%) done
[Wed Apr 29 11:41:01 2026]
Finished jobid: 108 (Rule: synth_fit)
260 of 435 steps (60%) done
Execute 2 jobs...
[Wed Apr 29 11:41:01 2026]
localrule synth_evaluate:
    input: results/synth/regime=easy/d=10/num_cycles=4/density=0.3/samp_size=500/seed=2/dataset.npz, results/synth/regime=easy/d=10/num_cycles=4/density=0.3/samp_size=500/seed=2/method=lacerda_prune/model.pkl
    output: results/synth/regime=easy/d=10/num_cycles=4/density=0.3/samp_size=500/seed=2/method=lacerda_prune/metrics.csv
    jobid: 330
    reason: Missing output files: results/synth/regime=easy/d=10/num_cycles=4/density=0.3/samp_size=500/seed=2/method=lacerda_prune/metrics.csv; Input files updated by another job: results/synth/regime=easy/d=10/num_cycles=4/density=0.3/samp_size=500/seed=2/method=lacerda_prune/model.pkl
    wildcards: regime=easy, d=10, num_cycles=4, density=0.3, samp_size=500, seed=2, method=lacerda_prune
    resources: tmpdir=/tmp
[Wed Apr 29 11:41:01 2026]
localrule synth_fit:
    input: results/synth/regime=easy/d=10/num_cycles=3/density=0.3/samp_size=100/seed=0/dataset.npz
    output: results/synth/regime=easy/d=10/num_cycles=3/density=0.3/samp_size=100/seed=0/method=lacerda_prune/model.pkl
    jobid: 297
    reason: Missing output files: results/synth/regime=easy/d=10/num_cycles=3/density=0.3/samp_size=100/seed=0/method=lacerda_prune/model.pkl
    wildcards: regime=easy, d=10, num_cycles=3, density=0.3, samp_size=100, seed=0, method=lacerda_prune
    resources: tmpdir=/tmp
Select jobs to execute...
[Wed Apr 29 11:41:01 2026]
Finished jobid: 63 (Rule: synth_fit)
261 of 435 steps (60%) done
Execute 1 jobs...
[Wed Apr 29 11:41:01 2026]
localrule synth_fit:
    input: results/synth/regime=easy/d=10/num_cycles=5/density=0.3/samp_size=100/seed=2/dataset.npz
    output: results/synth/regime=easy/d=10/num_cycles=5/density=0.3/samp_size=100/seed=2/method=lacerda_prune/model.pkl
    jobid: 349
    reason: Missing output files: results/synth/regime=easy/d=10/num_cycles=5/density=0.3/samp_size=100/seed=2/method=lacerda_prune/model.pkl
    wildcards: regime=easy, d=10, num_cycles=5, density=0.3, samp_size=100, seed=2, method=lacerda_prune
    resources: tmpdir=/tmp
Select jobs to execute...
[Wed Apr 29 11:41:01 2026]
Finished jobid: 289 (Rule: synth_fit)
262 of 435 steps (60%) done
Execute 1 jobs...
[Wed Apr 29 11:41:01 2026]
localrule synth_fit:
    input: results/synth/regime=easy/d=10/num_cycles=5/density=0.8/samp_size=100/seed=1/dataset.npz
    output: results/synth/regime=easy/d=10/num_cycles=5/density=0.8/samp_size=100/seed=1/method=lacerda_prune/model.pkl
    jobid: 528
    reason: Missing output files: results/synth/regime=easy/d=10/num_cycles=5/density=0.8/samp_size=100/seed=1/method=lacerda_prune/model.pkl
    wildcards: regime=easy, d=10, num_cycles=5, density=0.8, samp_size=100, seed=1, method=lacerda_prune
    resources: tmpdir=/tmp
Select jobs to execute...
[Wed Apr 29 11:41:01 2026]
Finished jobid: 244 (Rule: synth_fit)
263 of 435 steps (60%) done
Execute 1 jobs...
[Wed Apr 29 11:41:01 2026]
localrule synth_evaluate:
    input: results/synth/regime=easy/d=10/num_cycles=5/density=0.5/samp_size=50/seed=0/dataset.npz, results/synth/regime=easy/d=10/num_cycles=5/density=0.5/samp_size=50/seed=0/method=lacerda/model.pkl
    output: results/synth/regime=easy/d=10/num_cycles=5/density=0.5/samp_size=50/seed=0/method=lacerda/metrics.csv
    jobid: 73
    reason: Missing output files: results/synth/regime=easy/d=10/num_cycles=5/density=0.5/samp_size=50/seed=0/method=lacerda/metrics.csv; Input files updated by another job: results/synth/regime=easy/d=10/num_cycles=5/density=0.5/samp_size=50/seed=0/method=lacerda/model.pkl
    wildcards: regime=easy, d=10, num_cycles=5, density=0.5, samp_size=50, seed=0, method=lacerda
    resources: tmpdir=/tmp
Select jobs to execute...
[Wed Apr 29 11:41:01 2026]
Finished jobid: 168 (Rule: synth_fit)
264 of 435 steps (61%) done
Execute 1 jobs...
[Wed Apr 29 11:41:01 2026]
localrule synth_evaluate:
    input: results/synth/regime=easy/d=10/num_cycles=4/density=0.5/samp_size=500/seed=0/dataset.npz, results/synth/regime=easy/d=10/num_cycles=4/density=0.5/samp_size=500/seed=0/method=lacerda_prune/model.pkl
    output: results/synth/regime=easy/d=10/num_cycles=4/density=0.5/samp_size=500/seed=0/method=lacerda_prune/metrics.csv
    jobid: 145
    reason: Missing output files: results/synth/regime=easy/d=10/num_cycles=4/density=0.5/samp_size=500/seed=0/method=lacerda_prune/metrics.csv; Input files updated by another job: results/synth/regime=easy/d=10/num_cycles=4/density=0.5/samp_size=500/seed=0/method=lacerda_prune/model.pkl
    wildcards: regime=easy, d=10, num_cycles=4, density=0.5, samp_size=500, seed=0, method=lacerda_prune
    resources: tmpdir=/tmp
Select jobs to execute...
[Wed Apr 29 11:41:01 2026]
Finished jobid: 170 (Rule: synth_fit)
265 of 435 steps (61%) done
Execute 1 jobs...
[Wed Apr 29 11:41:01 2026]
localrule synth_evaluate:
    input: results/synth/regime=easy/d=10/num_cycles=4/density=0.3/samp_size=100/seed=2/dataset.npz, results/synth/regime=easy/d=10/num_cycles=4/density=0.3/samp_size=100/seed=2/method=lacerda_prune/model.pkl
    output: results/synth/regime=easy/d=10/num_cycles=4/density=0.3/samp_size=100/seed=2/method=lacerda_prune/metrics.csv
    jobid: 324
    reason: Missing output files: results/synth/regime=easy/d=10/num_cycles=4/density=0.3/samp_size=100/seed=2/method=lacerda_prune/metrics.csv; Input files updated by another job: results/synth/regime=easy/d=10/num_cycles=4/density=0.3/samp_size=100/seed=2/method=lacerda_prune/model.pkl
    wildcards: regime=easy, d=10, num_cycles=4, density=0.3, samp_size=100, seed=2, method=lacerda_prune
    resources: tmpdir=/tmp
Select jobs to execute...
[Wed Apr 29 11:41:01 2026]
Finished jobid: 110 (Rule: synth_fit)
266 of 435 steps (61%) done
Execute 1 jobs...
[Wed Apr 29 11:41:01 2026]
localrule synth_evaluate:
    input: results/synth/regime=easy/d=10/num_cycles=4/density=0.8/samp_size=100/seed=1/dataset.npz, results/synth/regime=easy/d=10/num_cycles=4/density=0.8/samp_size=100/seed=1/method=lacerda_prune/model.pkl
    output: results/synth/regime=easy/d=10/num_cycles=4/density=0.8/samp_size=100/seed=1/method=lacerda_prune/metrics.csv
    jobid: 503
    reason: Missing output files: results/synth/regime=easy/d=10/num_cycles=4/density=0.8/samp_size=100/seed=1/method=lacerda_prune/metrics.csv; Input files updated by another job: results/synth/regime=easy/d=10/num_cycles=4/density=0.8/samp_size=100/seed=1/method=lacerda_prune/model.pkl
    wildcards: regime=easy, d=10, num_cycles=4, density=0.8, samp_size=100, seed=1, method=lacerda_prune
    resources: tmpdir=/tmp
Select jobs to execute...
[Wed Apr 29 11:41:01 2026]
Finished jobid: 330 (Rule: synth_evaluate)
267 of 435 steps (61%) done
Execute 1 jobs...
[Wed Apr 29 11:41:01 2026]
localrule synth_evaluate:
    input: results/synth/regime=easy/d=10/num_cycles=4/density=0.8/samp_size=1000/seed=2/dataset.npz, results/synth/regime=easy/d=10/num_cycles=4/density=0.8/samp_size=1000/seed=2/method=lacerda/model.pkl
    output: results/synth/regime=easy/d=10/num_cycles=4/density=0.8/samp_size=1000/seed=2/method=lacerda/metrics.csv
    jobid: 432
    reason: Missing output files: results/synth/regime=easy/d=10/num_cycles=4/density=0.8/samp_size=1000/seed=2/method=lacerda/metrics.csv; Input files updated by another job: results/synth/regime=easy/d=10/num_cycles=4/density=0.8/samp_size=1000/seed=2/method=lacerda/model.pkl
    wildcards: regime=easy, d=10, num_cycles=4, density=0.8, samp_size=1000, seed=2, method=lacerda
    resources: tmpdir=/tmp
Select jobs to execute...
[Wed Apr 29 11:41:01 2026]
Finished jobid: 297 (Rule: synth_fit)
268 of 435 steps (62%) done
Execute 1 jobs...
[Wed Apr 29 11:41:02 2026]
localrule synth_fit:
    input: results/synth/regime=easy/d=10/num_cycles=3/density=0.3/samp_size=50/seed=0/dataset.npz
    output: results/synth/regime=easy/d=10/num_cycles=3/density=0.3/samp_size=50/seed=0/method=lacerda_prune/model.pkl
    jobid: 291
    reason: Missing output files: results/synth/regime=easy/d=10/num_cycles=3/density=0.3/samp_size=50/seed=0/method=lacerda_prune/model.pkl
    wildcards: regime=easy, d=10, num_cycles=3, density=0.3, samp_size=50, seed=0, method=lacerda_prune
    resources: tmpdir=/tmp
Select jobs to execute...
[Wed Apr 29 11:41:02 2026]
Finished jobid: 73 (Rule: synth_evaluate)
269 of 435 steps (62%) done
Execute 1 jobs...
[Wed Apr 29 11:41:02 2026]
localrule synth_fit:
    input: results/synth/regime=easy/d=10/num_cycles=4/density=0.5/samp_size=1000/seed=0/dataset.npz
    output: results/synth/regime=easy/d=10/num_cycles=4/density=0.5/samp_size=1000/seed=0/method=lacerda/model.pkl
    jobid: 66
    reason: Missing output files: results/synth/regime=easy/d=10/num_cycles=4/density=0.5/samp_size=1000/seed=0/method=lacerda/model.pkl
    wildcards: regime=easy, d=10, num_cycles=4, density=0.5, samp_size=1000, seed=0, method=lacerda
    resources: tmpdir=/tmp
Select jobs to execute...
[Wed Apr 29 11:41:02 2026]
Finished jobid: 145 (Rule: synth_evaluate)
270 of 435 steps (62%) done
Execute 1 jobs...
[Wed Apr 29 11:41:02 2026]
localrule synth_fit:
    input: results/synth/regime=easy/d=10/num_cycles=5/density=0.3/samp_size=500/seed=0/dataset.npz
    output: results/synth/regime=easy/d=10/num_cycles=5/density=0.3/samp_size=500/seed=0/method=lacerda_prune/model.pkl
    jobid: 351
    reason: Missing output files: results/synth/regime=easy/d=10/num_cycles=5/density=0.3/samp_size=500/seed=0/method=lacerda_prune/model.pkl
    wildcards: regime=easy, d=10, num_cycles=5, density=0.3, samp_size=500, seed=0, method=lacerda_prune
    resources: tmpdir=/tmp
Select jobs to execute...
[Wed Apr 29 11:41:02 2026]
Finished jobid: 324 (Rule: synth_evaluate)
271 of 435 steps (62%) done
Execute 1 jobs...
[Wed Apr 29 11:41:02 2026]
localrule synth_evaluate:
    input: results/synth/regime=easy/d=10/num_cycles=3/density=0.5/samp_size=500/seed=2/dataset.npz, results/synth/regime=easy/d=10/num_cycles=3/density=0.5/samp_size=500/seed=2/method=lacerda_prune/model.pkl
    output: results/synth/regime=easy/d=10/num_cycles=3/density=0.5/samp_size=500/seed=2/method=lacerda_prune/metrics.csv
    jobid: 125
    reason: Missing output files: results/synth/regime=easy/d=10/num_cycles=3/density=0.5/samp_size=500/seed=2/method=lacerda_prune/metrics.csv; Input files updated by another job: results/synth/regime=easy/d=10/num_cycles=3/density=0.5/samp_size=500/seed=2/method=lacerda_prune/model.pkl
    wildcards: regime=easy, d=10, num_cycles=3, density=0.5, samp_size=500, seed=2, method=lacerda_prune
    resources: tmpdir=/tmp
Select jobs to execute...
[Wed Apr 29 11:41:02 2026]
Finished jobid: 503 (Rule: synth_evaluate)
272 of 435 steps (63%) done
Execute 1 jobs...
[Wed Apr 29 11:41:02 2026]
localrule synth_evaluate:
    input: results/synth/regime=easy/d=10/num_cycles=3/density=0.8/samp_size=500/seed=0/dataset.npz, results/synth/regime=easy/d=10/num_cycles=3/density=0.8/samp_size=500/seed=0/method=lacerda_prune/model.pkl
    output: results/synth/regime=easy/d=10/num_cycles=3/density=0.8/samp_size=500/seed=0/method=lacerda_prune/metrics.csv
    jobid: 483
    reason: Missing output files: results/synth/regime=easy/d=10/num_cycles=3/density=0.8/samp_size=500/seed=0/method=lacerda_prune/metrics.csv; Input files updated by another job: results/synth/regime=easy/d=10/num_cycles=3/density=0.8/samp_size=500/seed=0/method=lacerda_prune/model.pkl
    wildcards: regime=easy, d=10, num_cycles=3, density=0.8, samp_size=500, seed=0, method=lacerda_prune
    resources: tmpdir=/tmp
Select jobs to execute...
[Wed Apr 29 11:41:02 2026]
Finished jobid: 432 (Rule: synth_evaluate)
273 of 435 steps (63%) done
Execute 1 jobs...
[Wed Apr 29 11:41:02 2026]
localrule synth_evaluate:
    input: results/synth/regime=easy/d=10/num_cycles=4/density=0.5/samp_size=500/seed=1/dataset.npz, results/synth/regime=easy/d=10/num_cycles=4/density=0.5/samp_size=500/seed=1/method=lacerda_prune/model.pkl
    output: results/synth/regime=easy/d=10/num_cycles=4/density=0.5/samp_size=500/seed=1/method=lacerda_prune/metrics.csv
    jobid: 147
    reason: Missing output files: results/synth/regime=easy/d=10/num_cycles=4/density=0.5/samp_size=500/seed=1/method=lacerda_prune/metrics.csv; Input files updated by another job: results/synth/regime=easy/d=10/num_cycles=4/density=0.5/samp_size=500/seed=1/method=lacerda_prune/model.pkl
    wildcards: regime=easy, d=10, num_cycles=4, density=0.5, samp_size=500, seed=1, method=lacerda_prune
    resources: tmpdir=/tmp
Select jobs to execute...
[Wed Apr 29 11:41:02 2026]
Finished jobid: 349 (Rule: synth_fit)
274 of 435 steps (63%) done
Execute 1 jobs...
[Wed Apr 29 11:41:02 2026]
localrule synth_evaluate:
    input: results/synth/regime=easy/d=10/num_cycles=4/density=0.8/samp_size=100/seed=2/dataset.npz, results/synth/regime=easy/d=10/num_cycles=4/density=0.8/samp_size=100/seed=2/method=lacerda_prune/model.pkl
    output: results/synth/regime=easy/d=10/num_cycles=4/density=0.8/samp_size=100/seed=2/method=lacerda_prune/metrics.csv
    jobid: 505
    reason: Missing output files: results/synth/regime=easy/d=10/num_cycles=4/density=0.8/samp_size=100/seed=2/method=lacerda_prune/metrics.csv; Input files updated by another job: results/synth/regime=easy/d=10/num_cycles=4/density=0.8/samp_size=100/seed=2/method=lacerda_prune/model.pkl
    wildcards: regime=easy, d=10, num_cycles=4, density=0.8, samp_size=100, seed=2, method=lacerda_prune
    resources: tmpdir=/tmp
Select jobs to execute...
[Wed Apr 29 11:41:02 2026]
Finished jobid: 291 (Rule: synth_fit)
275 of 435 steps (63%) done
Execute 1 jobs...
[Wed Apr 29 11:41:02 2026]
localrule synth_evaluate:
    input: results/synth/regime=easy/d=10/num_cycles=5/density=0.3/samp_size=100/seed=0/dataset.npz, results/synth/regime=easy/d=10/num_cycles=5/density=0.3/samp_size=100/seed=0/method=lacerda/model.pkl
    output: results/synth/regime=easy/d=10/num_cycles=5/density=0.3/samp_size=100/seed=0/method=lacerda/metrics.csv
    jobid: 263
    reason: Missing output files: results/synth/regime=easy/d=10/num_cycles=5/density=0.3/samp_size=100/seed=0/method=lacerda/metrics.csv; Input files updated by another job: results/synth/regime=easy/d=10/num_cycles=5/density=0.3/samp_size=100/seed=0/method=lacerda/model.pkl
    wildcards: regime=easy, d=10, num_cycles=5, density=0.3, samp_size=100, seed=0, method=lacerda
    resources: tmpdir=/tmp
Select jobs to execute...
[Wed Apr 29 11:41:02 2026]
Finished jobid: 528 (Rule: synth_fit)
276 of 435 steps (63%) done
Execute 1 jobs...
[Wed Apr 29 11:41:02 2026]
localrule synth_evaluate:
    input: results/synth/regime=easy/d=10/num_cycles=5/density=0.3/samp_size=50/seed=1/dataset.npz, results/synth/regime=easy/d=10/num_cycles=5/density=0.3/samp_size=50/seed=1/method=lacerda/model.pkl
    output: results/synth/regime=easy/d=10/num_cycles=5/density=0.3/samp_size=50/seed=1/method=lacerda/metrics.csv
    jobid: 257
    reason: Missing output files: results/synth/regime=easy/d=10/num_cycles=5/density=0.3/samp_size=50/seed=1/method=lacerda/metrics.csv; Input files updated by another job: results/synth/regime=easy/d=10/num_cycles=5/density=0.3/samp_size=50/seed=1/method=lacerda/model.pkl
    wildcards: regime=easy, d=10, num_cycles=5, density=0.3, samp_size=50, seed=1, method=lacerda
    resources: tmpdir=/tmp
Select jobs to execute...
[Wed Apr 29 11:41:02 2026]
Finished jobid: 66 (Rule: synth_fit)
277 of 435 steps (64%) done
Execute 1 jobs...
[Wed Apr 29 11:41:02 2026]
localrule synth_evaluate:
    input: results/synth/regime=easy/d=10/num_cycles=4/density=0.3/samp_size=500/seed=0/dataset.npz, results/synth/regime=easy/d=10/num_cycles=4/density=0.3/samp_size=500/seed=0/method=lacerda_prune/model.pkl
    output: results/synth/regime=easy/d=10/num_cycles=4/density=0.3/samp_size=500/seed=0/method=lacerda_prune/metrics.csv
    jobid: 326
    reason: Missing output files: results/synth/regime=easy/d=10/num_cycles=4/density=0.3/samp_size=500/seed=0/method=lacerda_prune/metrics.csv; Input files updated by another job: results/synth/regime=easy/d=10/num_cycles=4/density=0.3/samp_size=500/seed=0/method=lacerda_prune/model.pkl
    wildcards: regime=easy, d=10, num_cycles=4, density=0.3, samp_size=500, seed=0, method=lacerda_prune
    resources: tmpdir=/tmp
Select jobs to execute...
[Wed Apr 29 11:41:02 2026]
Finished jobid: 125 (Rule: synth_evaluate)
278 of 435 steps (64%) done
Execute 1 jobs...
[Wed Apr 29 11:41:02 2026]
localrule synth_fit:
    input: results/synth/regime=easy/d=10/num_cycles=3/density=0.3/samp_size=500/seed=0/dataset.npz
    output: results/synth/regime=easy/d=10/num_cycles=3/density=0.3/samp_size=500/seed=0/method=lacerda/model.pkl
    jobid: 202
    reason: Missing output files: results/synth/regime=easy/d=10/num_cycles=3/density=0.3/samp_size=500/seed=0/method=lacerda/model.pkl
    wildcards: regime=easy, d=10, num_cycles=3, density=0.3, samp_size=500, seed=0, method=lacerda
    resources: tmpdir=/tmp
[Wed Apr 29 11:41:02 2026]
Finished jobid: 351 (Rule: synth_fit)
279 of 435 steps (64%) done
Select jobs to execute...
Execute 1 jobs...
[Wed Apr 29 11:41:02 2026]
localrule synth_fit:
    input: results/synth/regime=easy/d=10/num_cycles=3/density=0.3/samp_size=50/seed=1/dataset.npz
    output: results/synth/regime=easy/d=10/num_cycles=3/density=0.3/samp_size=50/seed=1/method=lacerda_prune/model.pkl
    jobid: 293
    reason: Missing output files: results/synth/regime=easy/d=10/num_cycles=3/density=0.3/samp_size=50/seed=1/method=lacerda_prune/model.pkl
    wildcards: regime=easy, d=10, num_cycles=3, density=0.3, samp_size=50, seed=1, method=lacerda_prune
    resources: tmpdir=/tmp
Select jobs to execute...
[Wed Apr 29 11:41:02 2026]
Finished jobid: 483 (Rule: synth_evaluate)
280 of 435 steps (64%) done
Execute 1 jobs...
[Wed Apr 29 11:41:02 2026]
localrule synth_fit:
    input: results/synth/regime=easy/d=10/num_cycles=5/density=0.5/samp_size=500/seed=2/dataset.npz
    output: results/synth/regime=easy/d=10/num_cycles=5/density=0.5/samp_size=500/seed=2/method=lacerda_prune/model.pkl
    jobid: 174
    reason: Missing output files: results/synth/regime=easy/d=10/num_cycles=5/density=0.5/samp_size=500/seed=2/method=lacerda_prune/model.pkl
    wildcards: regime=easy, d=10, num_cycles=5, density=0.5, samp_size=500, seed=2, method=lacerda_prune
    resources: tmpdir=/tmp
Select jobs to execute...
[Wed Apr 29 11:41:03 2026]
Finished jobid: 147 (Rule: synth_evaluate)
281 of 435 steps (65%) done
Execute 1 jobs...
[Wed Apr 29 11:41:03 2026]
localrule synth_fit:
    input: results/synth/regime=easy/d=10/num_cycles=5/density=0.3/samp_size=500/seed=1/dataset.npz
    output: results/synth/regime=easy/d=10/num_cycles=5/density=0.3/samp_size=500/seed=1/method=lacerda_prune/model.pkl
    jobid: 353
    reason: Missing output files: results/synth/regime=easy/d=10/num_cycles=5/density=0.3/samp_size=500/seed=1/method=lacerda_prune/model.pkl
    wildcards: regime=easy, d=10, num_cycles=5, density=0.3, samp_size=500, seed=1, method=lacerda_prune
    resources: tmpdir=/tmp
Select jobs to execute...
[Wed Apr 29 11:41:03 2026]
Finished jobid: 505 (Rule: synth_evaluate)
282 of 435 steps (65%) done
Execute 1 jobs...
[Wed Apr 29 11:41:03 2026]
localrule synth_fit:
    input: results/synth/regime=easy/d=10/num_cycles=5/density=0.8/samp_size=500/seed=0/dataset.npz
    output: results/synth/regime=easy/d=10/num_cycles=5/density=0.8/samp_size=500/seed=0/method=lacerda_prune/model.pkl
    jobid: 532
    reason: Missing output files: results/synth/regime=easy/d=10/num_cycles=5/density=0.8/samp_size=500/seed=0/method=lacerda_prune/model.pkl
    wildcards: regime=easy, d=10, num_cycles=5, density=0.8, samp_size=500, seed=0, method=lacerda_prune
    resources: tmpdir=/tmp
Select jobs to execute...
[Wed Apr 29 11:41:03 2026]
Finished jobid: 263 (Rule: synth_evaluate)
283 of 435 steps (65%) done
Execute 1 jobs...
[Wed Apr 29 11:41:03 2026]
localrule synth_fit:
    input: results/synth/regime=easy/d=10/num_cycles=4/density=0.3/samp_size=1000/seed=0/dataset.npz
    output: results/synth/regime=easy/d=10/num_cycles=4/density=0.3/samp_size=1000/seed=0/method=lacerda/model.pkl
    jobid: 247
    reason: Missing output files: results/synth/regime=easy/d=10/num_cycles=4/density=0.3/samp_size=1000/seed=0/method=lacerda/model.pkl
    wildcards: regime=easy, d=10, num_cycles=4, density=0.3, samp_size=1000, seed=0, method=lacerda
    resources: tmpdir=/tmp
Select jobs to execute...
[Wed Apr 29 11:41:03 2026]
Finished jobid: 257 (Rule: synth_evaluate)
284 of 435 steps (65%) done
Execute 1 jobs...
[Wed Apr 29 11:41:03 2026]
localrule synth_evaluate:
    input: results/synth/regime=easy/d=10/num_cycles=4/density=0.8/samp_size=500/seed=0/dataset.npz, results/synth/regime=easy/d=10/num_cycles=4/density=0.8/samp_size=500/seed=0/method=lacerda_prune/model.pkl
    output: results/synth/regime=easy/d=10/num_cycles=4/density=0.8/samp_size=500/seed=0/method=lacerda_prune/metrics.csv
    jobid: 507
    reason: Missing output files: results/synth/regime=easy/d=10/num_cycles=4/density=0.8/samp_size=500/seed=0/method=lacerda_prune/metrics.csv; Input files updated by another job: results/synth/regime=easy/d=10/num_cycles=4/density=0.8/samp_size=500/seed=0/method=lacerda_prune/model.pkl
    wildcards: regime=easy, d=10, num_cycles=4, density=0.8, samp_size=500, seed=0, method=lacerda_prune
    resources: tmpdir=/tmp
Select jobs to execute...
[Wed Apr 29 11:41:03 2026]
Finished jobid: 326 (Rule: synth_evaluate)
285 of 435 steps (66%) done
Execute 1 jobs...
[Wed Apr 29 11:41:03 2026]
localrule synth_evaluate:
    input: results/synth/regime=easy/d=10/num_cycles=5/density=0.8/samp_size=50/seed=0/dataset.npz, results/synth/regime=easy/d=10/num_cycles=5/density=0.8/samp_size=50/seed=0/method=lacerda/model.pkl
    output: results/synth/regime=easy/d=10/num_cycles=5/density=0.8/samp_size=50/seed=0/method=lacerda/metrics.csv
    jobid: 435
    reason: Missing output files: results/synth/regime=easy/d=10/num_cycles=5/density=0.8/samp_size=50/seed=0/method=lacerda/metrics.csv; Input files updated by another job: results/synth/regime=easy/d=10/num_cycles=5/density=0.8/samp_size=50/seed=0/method=lacerda/model.pkl
    wildcards: regime=easy, d=10, num_cycles=5, density=0.8, samp_size=50, seed=0, method=lacerda
    resources: tmpdir=/tmp
Select jobs to execute...
[Wed Apr 29 11:41:03 2026]
Finished jobid: 202 (Rule: synth_fit)
286 of 435 steps (66%) done
Execute 1 jobs...
[Wed Apr 29 11:41:03 2026]
localrule synth_evaluate:
    input: results/synth/regime=easy/d=10/num_cycles=4/density=0.5/samp_size=500/seed=2/dataset.npz, results/synth/regime=easy/d=10/num_cycles=4/density=0.5/samp_size=500/seed=2/method=lacerda_prune/model.pkl
    output: results/synth/regime=easy/d=10/num_cycles=4/density=0.5/samp_size=500/seed=2/method=lacerda_prune/metrics.csv
    jobid: 149
    reason: Missing output files: results/synth/regime=easy/d=10/num_cycles=4/density=0.5/samp_size=500/seed=2/method=lacerda_prune/metrics.csv; Input files updated by another job: results/synth/regime=easy/d=10/num_cycles=4/density=0.5/samp_size=500/seed=2/method=lacerda_prune/model.pkl
    wildcards: regime=easy, d=10, num_cycles=4, density=0.5, samp_size=500, seed=2, method=lacerda_prune
    resources: tmpdir=/tmp
Select jobs to execute...
[Wed Apr 29 11:41:03 2026]
Finished jobid: 293 (Rule: synth_fit)
287 of 435 steps (66%) done
Execute 1 jobs...
[Wed Apr 29 11:41:03 2026]
localrule synth_fit:
    input: results/synth/regime=easy/d=10/num_cycles=3/density=0.8/samp_size=500/seed=0/dataset.npz
    output: results/synth/regime=easy/d=10/num_cycles=3/density=0.8/samp_size=500/seed=0/method=lacerda/model.pkl
    jobid: 383
    reason: Missing output files: results/synth/regime=easy/d=10/num_cycles=3/density=0.8/samp_size=500/seed=0/method=lacerda/model.pkl
    wildcards: regime=easy, d=10, num_cycles=3, density=0.8, samp_size=500, seed=0, method=lacerda
    resources: tmpdir=/tmp
Select jobs to execute...
[Wed Apr 29 11:41:03 2026]
Finished jobid: 174 (Rule: synth_fit)
288 of 435 steps (66%) done
Execute 1 jobs...
[Wed Apr 29 11:41:03 2026]
localrule synth_fit:
    input: results/synth/regime=easy/d=10/num_cycles=3/density=0.8/samp_size=50/seed=1/dataset.npz
    output: results/synth/regime=easy/d=10/num_cycles=3/density=0.8/samp_size=50/seed=1/method=lacerda_prune/model.pkl
    jobid: 474
    reason: Missing output files: results/synth/regime=easy/d=10/num_cycles=3/density=0.8/samp_size=50/seed=1/method=lacerda_prune/model.pkl
    wildcards: regime=easy, d=10, num_cycles=3, density=0.8, samp_size=50, seed=1, method=lacerda_prune
    resources: tmpdir=/tmp
Select jobs to execute...
[Wed Apr 29 11:41:03 2026]
Finished jobid: 353 (Rule: synth_fit)
289 of 435 steps (66%) done
Execute 1 jobs...
[Wed Apr 29 11:41:03 2026]
localrule synth_evaluate:
    input: results/synth/regime=easy/d=10/num_cycles=5/density=0.5/samp_size=100/seed=0/dataset.npz, results/synth/regime=easy/d=10/num_cycles=5/density=0.5/samp_size=100/seed=0/method=lacerda/model.pkl
    output: results/synth/regime=easy/d=10/num_cycles=5/density=0.5/samp_size=100/seed=0/method=lacerda/metrics.csv
    jobid: 82
    reason: Missing output files: results/synth/regime=easy/d=10/num_cycles=5/density=0.5/samp_size=100/seed=0/method=lacerda/metrics.csv; Input files updated by another job: results/synth/regime=easy/d=10/num_cycles=5/density=0.5/samp_size=100/seed=0/method=lacerda/model.pkl
    wildcards: regime=easy, d=10, num_cycles=5, density=0.5, samp_size=100, seed=0, method=lacerda
    resources: tmpdir=/tmp
Select jobs to execute...
[Wed Apr 29 11:41:03 2026]
Finished jobid: 532 (Rule: synth_fit)
290 of 435 steps (67%) done
Execute 1 jobs...
[Wed Apr 29 11:41:03 2026]
localrule synth_fit:
    input: results/synth/regime=easy/d=10/num_cycles=3/density=0.5/samp_size=100/seed=0/dataset.npz
    output: results/synth/regime=easy/d=10/num_cycles=3/density=0.5/samp_size=100/seed=0/method=lacerda_prune/model.pkl
    jobid: 116
    reason: Missing output files: results/synth/regime=easy/d=10/num_cycles=3/density=0.5/samp_size=100/seed=0/method=lacerda_prune/model.pkl
    wildcards: regime=easy, d=10, num_cycles=3, density=0.5, samp_size=100, seed=0, method=lacerda_prune
    resources: tmpdir=/tmp
Select jobs to execute...
[Wed Apr 29 11:41:03 2026]
Finished jobid: 507 (Rule: synth_evaluate)
291 of 435 steps (67%) done
Execute 1 jobs...
[Wed Apr 29 11:41:03 2026]
localrule synth_fit:
    input: results/synth/regime=easy/d=10/num_cycles=4/density=0.5/samp_size=1000/seed=1/dataset.npz
    output: results/synth/regime=easy/d=10/num_cycles=4/density=0.5/samp_size=1000/seed=1/method=lacerda/model.pkl
    jobid: 69
    reason: Missing output files: results/synth/regime=easy/d=10/num_cycles=4/density=0.5/samp_size=1000/seed=1/method=lacerda/model.pkl
    wildcards: regime=easy, d=10, num_cycles=4, density=0.5, samp_size=1000, seed=1, method=lacerda
    resources: tmpdir=/tmp
[Wed Apr 29 11:41:03 2026]
Finished jobid: 247 (Rule: synth_fit)
292 of 435 steps (67%) done
Select jobs to execute...
Execute 1 jobs...
[Wed Apr 29 11:41:03 2026]
localrule synth_fit:
    input: results/synth/regime=easy/d=10/num_cycles=3/density=0.3/samp_size=50/seed=2/dataset.npz
    output: results/synth/regime=easy/d=10/num_cycles=3/density=0.3/samp_size=50/seed=2/method=lacerda_prune/model.pkl
    jobid: 295
    reason: Missing output files: results/synth/regime=easy/d=10/num_cycles=3/density=0.3/samp_size=50/seed=2/method=lacerda_prune/model.pkl
    wildcards: regime=easy, d=10, num_cycles=3, density=0.3, samp_size=50, seed=2, method=lacerda_prune
    resources: tmpdir=/tmp
Select jobs to execute...
[Wed Apr 29 11:41:03 2026]
Finished jobid: 435 (Rule: synth_evaluate)
293 of 435 steps (67%) done
Execute 1 jobs...
[Wed Apr 29 11:41:03 2026]
localrule synth_fit:
    input: results/synth/regime=easy/d=10/num_cycles=5/density=0.5/samp_size=1000/seed=0/dataset.npz
    output: results/synth/regime=easy/d=10/num_cycles=5/density=0.5/samp_size=1000/seed=0/method=lacerda_prune/model.pkl
    jobid: 176
    reason: Missing output files: results/synth/regime=easy/d=10/num_cycles=5/density=0.5/samp_size=1000/seed=0/method=lacerda_prune/model.pkl
    wildcards: regime=easy, d=10, num_cycles=5, density=0.5, samp_size=1000, seed=0, method=lacerda_prune
    resources: tmpdir=/tmp
Select jobs to execute...
[Wed Apr 29 11:41:04 2026]
Finished jobid: 149 (Rule: synth_evaluate)
294 of 435 steps (68%) done
Execute 1 jobs...
[Wed Apr 29 11:41:04 2026]
localrule synth_fit:
    input: results/synth/regime=easy/d=10/num_cycles=5/density=0.3/samp_size=500/seed=2/dataset.npz
    output: results/synth/regime=easy/d=10/num_cycles=5/density=0.3/samp_size=500/seed=2/method=lacerda_prune/model.pkl
    jobid: 355
    reason: Missing output files: results/synth/regime=easy/d=10/num_cycles=5/density=0.3/samp_size=500/seed=2/method=lacerda_prune/model.pkl
    wildcards: regime=easy, d=10, num_cycles=5, density=0.3, samp_size=500, seed=2, method=lacerda_prune
    resources: tmpdir=/tmp
Select jobs to execute...
[Wed Apr 29 11:41:04 2026]
Finished jobid: 383 (Rule: synth_fit)
295 of 435 steps (68%) done
Execute 1 jobs...
[Wed Apr 29 11:41:04 2026]
localrule synth_fit:
    input: results/synth/regime=easy/d=10/num_cycles=4/density=0.8/samp_size=1000/seed=0/dataset.npz
    output: results/synth/regime=easy/d=10/num_cycles=4/density=0.8/samp_size=1000/seed=0/method=lacerda/model.pkl
    jobid: 428
    reason: Missing output files: results/synth/regime=easy/d=10/num_cycles=4/density=0.8/samp_size=1000/seed=0/method=lacerda/model.pkl
    wildcards: regime=easy, d=10, num_cycles=4, density=0.8, samp_size=1000, seed=0, method=lacerda
    resources: tmpdir=/tmp
Select jobs to execute...
[Wed Apr 29 11:41:04 2026]
Finished jobid: 474 (Rule: synth_fit)
296 of 435 steps (68%) done
Execute 1 jobs...
[Wed Apr 29 11:41:04 2026]
localrule synth_fit:
    input: results/synth/regime=easy/d=10/num_cycles=5/density=0.8/samp_size=500/seed=1/dataset.npz
    output: results/synth/regime=easy/d=10/num_cycles=5/density=0.8/samp_size=500/seed=1/method=lacerda_prune/model.pkl
    jobid: 534
    reason: Missing output files: results/synth/regime=easy/d=10/num_cycles=5/density=0.8/samp_size=500/seed=1/method=lacerda_prune/model.pkl
    wildcards: regime=easy, d=10, num_cycles=5, density=0.8, samp_size=500, seed=1, method=lacerda_prune
    resources: tmpdir=/tmp
Select jobs to execute...
[Wed Apr 29 11:41:04 2026]
Finished jobid: 82 (Rule: synth_evaluate)
297 of 435 steps (68%) done
Execute 1 jobs...
[Wed Apr 29 11:41:04 2026]
localrule synth_fit:
    input: results/synth/regime=easy/d=10/num_cycles=5/density=0.8/samp_size=100/seed=2/dataset.npz
    output: results/synth/regime=easy/d=10/num_cycles=5/density=0.8/samp_size=100/seed=2/method=lacerda_prune/model.pkl
    jobid: 530
    reason: Missing output files: results/synth/regime=easy/d=10/num_cycles=5/density=0.8/samp_size=100/seed=2/method=lacerda_prune/model.pkl
    wildcards: regime=easy, d=10, num_cycles=5, density=0.8, samp_size=100, seed=2, method=lacerda_prune
    resources: tmpdir=/tmp
Select jobs to execute...
[Wed Apr 29 11:41:04 2026]
Finished jobid: 116 (Rule: synth_fit)
298 of 435 steps (69%) done
Execute 1 jobs...
[Wed Apr 29 11:41:04 2026]
localrule synth_evaluate:
    input: results/synth/regime=easy/d=10/num_cycles=4/density=0.8/samp_size=500/seed=1/dataset.npz, results/synth/regime=easy/d=10/num_cycles=4/density=0.8/samp_size=500/seed=1/method=lacerda_prune/model.pkl
    output: results/synth/regime=easy/d=10/num_cycles=4/density=0.8/samp_size=500/seed=1/method=lacerda_prune/metrics.csv
    jobid: 509
    reason: Missing output files: results/synth/regime=easy/d=10/num_cycles=4/density=0.8/samp_size=500/seed=1/method=lacerda_prune/metrics.csv; Input files updated by another job: results/synth/regime=easy/d=10/num_cycles=4/density=0.8/samp_size=500/seed=1/method=lacerda_prune/model.pkl
    wildcards: regime=easy, d=10, num_cycles=4, density=0.8, samp_size=500, seed=1, method=lacerda_prune
    resources: tmpdir=/tmp
Select jobs to execute...
[Wed Apr 29 11:41:04 2026]
Finished jobid: 69 (Rule: synth_fit)
299 of 435 steps (69%) done
Execute 1 jobs...
[Wed Apr 29 11:41:04 2026]
localrule synth_fit:
    input: results/synth/regime=easy/d=10/num_cycles=4/density=0.8/samp_size=500/seed=2/dataset.npz
    output: results/synth/regime=easy/d=10/num_cycles=4/density=0.8/samp_size=500/seed=2/method=lacerda/model.pkl
    jobid: 425
    reason: Missing output files: results/synth/regime=easy/d=10/num_cycles=4/density=0.8/samp_size=500/seed=2/method=lacerda/model.pkl
    wildcards: regime=easy, d=10, num_cycles=4, density=0.8, samp_size=500, seed=2, method=lacerda
    resources: tmpdir=/tmp
Select jobs to execute...
[Wed Apr 29 11:41:04 2026]
Finished jobid: 295 (Rule: synth_fit)
300 of 435 steps (69%) done
Execute 1 jobs...
[Wed Apr 29 11:41:04 2026]
localrule synth_fit:
    input: results/synth/regime=easy/d=10/num_cycles=3/density=0.8/samp_size=50/seed=2/dataset.npz
    output: results/synth/regime=easy/d=10/num_cycles=3/density=0.8/samp_size=50/seed=2/method=lacerda_prune/model.pkl
    jobid: 476
    reason: Missing output files: results/synth/regime=easy/d=10/num_cycles=3/density=0.8/samp_size=50/seed=2/method=lacerda_prune/model.pkl
    wildcards: regime=easy, d=10, num_cycles=3, density=0.8, samp_size=50, seed=2, method=lacerda_prune
    resources: tmpdir=/tmp
Select jobs to execute...
[Wed Apr 29 11:41:04 2026]
Finished jobid: 355 (Rule: synth_fit)
301 of 435 steps (69%) done
Execute 1 jobs...
[Wed Apr 29 11:41:04 2026]
localrule synth_evaluate:
    input: results/synth/regime=easy/d=10/num_cycles=5/density=0.5/samp_size=100/seed=1/dataset.npz, results/synth/regime=easy/d=10/num_cycles=5/density=0.5/samp_size=100/seed=1/method=lacerda/model.pkl
    output: results/synth/regime=easy/d=10/num_cycles=5/density=0.5/samp_size=100/seed=1/method=lacerda/metrics.csv
    jobid: 85
    reason: Missing output files: results/synth/regime=easy/d=10/num_cycles=5/density=0.5/samp_size=100/seed=1/method=lacerda/metrics.csv; Input files updated by another job: results/synth/regime=easy/d=10/num_cycles=5/density=0.5/samp_size=100/seed=1/method=lacerda/model.pkl
    wildcards: regime=easy, d=10, num_cycles=5, density=0.5, samp_size=100, seed=1, method=lacerda
    resources: tmpdir=/tmp
Select jobs to execute...
[Wed Apr 29 11:41:04 2026]
Finished jobid: 428 (Rule: synth_fit)
302 of 435 steps (69%) done
Execute 1 jobs...
[Wed Apr 29 11:41:04 2026]
localrule synth_fit:
    input: results/synth/regime=easy/d=10/num_cycles=5/density=0.5/samp_size=500/seed=1/dataset.npz
    output: results/synth/regime=easy/d=10/num_cycles=5/density=0.5/samp_size=500/seed=1/method=lacerda_prune/model.pkl
    jobid: 172
    reason: Missing output files: results/synth/regime=easy/d=10/num_cycles=5/density=0.5/samp_size=500/seed=1/method=lacerda_prune/model.pkl
    wildcards: regime=easy, d=10, num_cycles=5, density=0.5, samp_size=500, seed=1, method=lacerda_prune
    resources: tmpdir=/tmp
Select jobs to execute...
[Wed Apr 29 11:41:04 2026]
Finished jobid: 534 (Rule: synth_fit)
303 of 435 steps (70%) done
Execute 1 jobs...
[Wed Apr 29 11:41:04 2026]
localrule synth_fit:
    input: results/synth/regime=easy/d=10/num_cycles=3/density=0.3/samp_size=500/seed=1/dataset.npz
    output: results/synth/regime=easy/d=10/num_cycles=3/density=0.3/samp_size=500/seed=1/method=lacerda/model.pkl
    jobid: 205
    reason: Missing output files: results/synth/regime=easy/d=10/num_cycles=3/density=0.3/samp_size=500/seed=1/method=lacerda/model.pkl
    wildcards: regime=easy, d=10, num_cycles=3, density=0.3, samp_size=500, seed=1, method=lacerda
    resources: tmpdir=/tmp
Select jobs to execute...
[Wed Apr 29 11:41:04 2026]
Finished jobid: 509 (Rule: synth_evaluate)
304 of 435 steps (70%) done
Execute 1 jobs...
[Wed Apr 29 11:41:04 2026]
localrule synth_fit:
    input: results/synth/regime=easy/d=10/num_cycles=4/density=0.3/samp_size=1000/seed=1/dataset.npz
    output: results/synth/regime=easy/d=10/num_cycles=4/density=0.3/samp_size=1000/seed=1/method=lacerda/model.pkl
    jobid: 250
    reason: Missing output files: results/synth/regime=easy/d=10/num_cycles=4/density=0.3/samp_size=1000/seed=1/method=lacerda/model.pkl
    wildcards: regime=easy, d=10, num_cycles=4, density=0.3, samp_size=1000, seed=1, method=lacerda
    resources: tmpdir=/tmp
Select jobs to execute...
[Wed Apr 29 11:41:05 2026]
Finished jobid: 425 (Rule: synth_fit)
305 of 435 steps (70%) done
Execute 1 jobs...
[Wed Apr 29 11:41:05 2026]
localrule synth_fit:
    input: results/synth/regime=easy/d=10/num_cycles=3/density=0.5/samp_size=500/seed=0/dataset.npz
    output: results/synth/regime=easy/d=10/num_cycles=3/density=0.5/samp_size=500/seed=0/method=lacerda/model.pkl
    jobid: 21
    reason: Missing output files: results/synth/regime=easy/d=10/num_cycles=3/density=0.5/samp_size=500/seed=0/method=lacerda/model.pkl
    wildcards: regime=easy, d=10, num_cycles=3, density=0.5, samp_size=500, seed=0, method=lacerda
    resources: tmpdir=/tmp
[Wed Apr 29 11:41:05 2026]
Finished jobid: 476 (Rule: synth_fit)
306 of 435 steps (70%) done
Select jobs to execute...
Execute 1 jobs...
[Wed Apr 29 11:41:05 2026]
localrule synth_fit:
    input: results/synth/regime=easy/d=10/num_cycles=5/density=0.5/samp_size=1000/seed=1/dataset.npz
    output: results/synth/regime=easy/d=10/num_cycles=5/density=0.5/samp_size=1000/seed=1/method=lacerda_prune/model.pkl
    jobid: 178
    reason: Missing output files: results/synth/regime=easy/d=10/num_cycles=5/density=0.5/samp_size=1000/seed=1/method=lacerda_prune/model.pkl
    wildcards: regime=easy, d=10, num_cycles=5, density=0.5, samp_size=1000, seed=1, method=lacerda_prune
    resources: tmpdir=/tmp
Select jobs to execute...
[Wed Apr 29 11:41:05 2026]
Finished jobid: 85 (Rule: synth_evaluate)
307 of 435 steps (71%) done
Execute 1 jobs...
[Wed Apr 29 11:41:05 2026]
localrule synth_fit:
    input: results/synth/regime=easy/d=10/num_cycles=5/density=0.3/samp_size=1000/seed=0/dataset.npz
    output: results/synth/regime=easy/d=10/num_cycles=5/density=0.3/samp_size=1000/seed=0/method=lacerda_prune/model.pkl
    jobid: 357
    reason: Missing output files: results/synth/regime=easy/d=10/num_cycles=5/density=0.3/samp_size=1000/seed=0/method=lacerda_prune/model.pkl
    wildcards: regime=easy, d=10, num_cycles=5, density=0.3, samp_size=1000, seed=0, method=lacerda_prune
    resources: tmpdir=/tmp
Select jobs to execute...
[Wed Apr 29 11:41:05 2026]
Finished jobid: 176 (Rule: synth_fit)
308 of 435 steps (71%) done
Execute 1 jobs...
[Wed Apr 29 11:41:05 2026]
localrule synth_fit:
    input: results/synth/regime=easy/d=10/num_cycles=5/density=0.8/samp_size=500/seed=2/dataset.npz
    output: results/synth/regime=easy/d=10/num_cycles=5/density=0.8/samp_size=500/seed=2/method=lacerda_prune/model.pkl
    jobid: 536
    reason: Missing output files: results/synth/regime=easy/d=10/num_cycles=5/density=0.8/samp_size=500/seed=2/method=lacerda_prune/model.pkl
    wildcards: regime=easy, d=10, num_cycles=5, density=0.8, samp_size=500, seed=2, method=lacerda_prune
    resources: tmpdir=/tmp
Select jobs to execute...
[Wed Apr 29 11:41:05 2026]
Finished jobid: 172 (Rule: synth_fit)
309 of 435 steps (71%) done
Execute 1 jobs...
[Wed Apr 29 11:41:05 2026]
localrule synth_evaluate:
    input: results/synth/regime=easy/d=10/num_cycles=4/density=0.8/samp_size=500/seed=2/dataset.npz, results/synth/regime=easy/d=10/num_cycles=4/density=0.8/samp_size=500/seed=2/method=lacerda_prune/model.pkl
    output: results/synth/regime=easy/d=10/num_cycles=4/density=0.8/samp_size=500/seed=2/method=lacerda_prune/metrics.csv
    jobid: 511
    reason: Missing output files: results/synth/regime=easy/d=10/num_cycles=4/density=0.8/samp_size=500/seed=2/method=lacerda_prune/metrics.csv; Input files updated by another job: results/synth/regime=easy/d=10/num_cycles=4/density=0.8/samp_size=500/seed=2/method=lacerda_prune/model.pkl
    wildcards: regime=easy, d=10, num_cycles=4, density=0.8, samp_size=500, seed=2, method=lacerda_prune
    resources: tmpdir=/tmp
Select jobs to execute...
[Wed Apr 29 11:41:05 2026]
Finished jobid: 205 (Rule: synth_fit)
310 of 435 steps (71%) done
Execute 1 jobs...
[Wed Apr 29 11:41:05 2026]
localrule synth_evaluate:
    input: results/synth/regime=easy/d=10/num_cycles=4/density=0.5/samp_size=1000/seed=1/dataset.npz, results/synth/regime=easy/d=10/num_cycles=4/density=0.5/samp_size=1000/seed=1/method=lacerda_prune/model.pkl
    output: results/synth/regime=easy/d=10/num_cycles=4/density=0.5/samp_size=1000/seed=1/method=lacerda_prune/metrics.csv
    jobid: 153
    reason: Missing output files: results/synth/regime=easy/d=10/num_cycles=4/density=0.5/samp_size=1000/seed=1/method=lacerda_prune/metrics.csv; Input files updated by another job: results/synth/regime=easy/d=10/num_cycles=4/density=0.5/samp_size=1000/seed=1/method=lacerda_prune/model.pkl
    wildcards: regime=easy, d=10, num_cycles=4, density=0.5, samp_size=1000, seed=1, method=lacerda_prune
    resources: tmpdir=/tmp
Select jobs to execute...
[Wed Apr 29 11:41:05 2026]
Finished jobid: 530 (Rule: synth_fit)
311 of 435 steps (71%) done
Execute 1 jobs...
[Wed Apr 29 11:41:05 2026]
localrule synth_evaluate:
    input: results/synth/regime=easy/d=10/num_cycles=4/density=0.3/samp_size=1000/seed=0/dataset.npz, results/synth/regime=easy/d=10/num_cycles=4/density=0.3/samp_size=1000/seed=0/method=lacerda_prune/model.pkl
    output: results/synth/regime=easy/d=10/num_cycles=4/density=0.3/samp_size=1000/seed=0/method=lacerda_prune/metrics.csv
    jobid: 332
    reason: Missing output files: results/synth/regime=easy/d=10/num_cycles=4/density=0.3/samp_size=1000/seed=0/method=lacerda_prune/metrics.csv; Input files updated by another job: results/synth/regime=easy/d=10/num_cycles=4/density=0.3/samp_size=1000/seed=0/method=lacerda_prune/model.pkl
    wildcards: regime=easy, d=10, num_cycles=4, density=0.3, samp_size=1000, seed=0, method=lacerda_prune
    resources: tmpdir=/tmp
Select jobs to execute...
[Wed Apr 29 11:41:05 2026]
Finished jobid: 250 (Rule: synth_fit)
312 of 435 steps (72%) done
Execute 1 jobs...
[Wed Apr 29 11:41:05 2026]
localrule synth_fit:
    input: results/synth/regime=easy/d=10/num_cycles=3/density=0.3/samp_size=100/seed=2/dataset.npz
    output: results/synth/regime=easy/d=10/num_cycles=3/density=0.3/samp_size=100/seed=2/method=lacerda/model.pkl
    jobid: 199
    reason: Missing output files: results/synth/regime=easy/d=10/num_cycles=3/density=0.3/samp_size=100/seed=2/method=lacerda/model.pkl
    wildcards: regime=easy, d=10, num_cycles=3, density=0.3, samp_size=100, seed=2, method=lacerda
    resources: tmpdir=/tmp
Select jobs to execute...
[Wed Apr 29 11:41:05 2026]
Finished jobid: 21 (Rule: synth_fit)
313 of 435 steps (72%) done
Execute 1 jobs...
[Wed Apr 29 11:41:05 2026]
localrule synth_evaluate:
    input: results/synth/regime=easy/d=10/num_cycles=5/density=0.5/samp_size=100/seed=2/dataset.npz, results/synth/regime=easy/d=10/num_cycles=5/density=0.5/samp_size=100/seed=2/method=lacerda/model.pkl
    output: results/synth/regime=easy/d=10/num_cycles=5/density=0.5/samp_size=100/seed=2/method=lacerda/metrics.csv
    jobid: 88
    reason: Missing output files: results/synth/regime=easy/d=10/num_cycles=5/density=0.5/samp_size=100/seed=2/method=lacerda/metrics.csv; Input files updated by another job: results/synth/regime=easy/d=10/num_cycles=5/density=0.5/samp_size=100/seed=2/method=lacerda/model.pkl
    wildcards: regime=easy, d=10, num_cycles=5, density=0.5, samp_size=100, seed=2, method=lacerda
    resources: tmpdir=/tmp
Select jobs to execute...
[Wed Apr 29 11:41:05 2026]
Finished jobid: 536 (Rule: synth_fit)
314 of 435 steps (72%) done
Execute 1 jobs...
[Wed Apr 29 11:41:05 2026]
localrule synth_fit:
    input: results/synth/regime=easy/d=10/num_cycles=3/density=0.3/samp_size=100/seed=1/dataset.npz
    output: results/synth/regime=easy/d=10/num_cycles=3/density=0.3/samp_size=100/seed=1/method=lacerda_prune/model.pkl
    jobid: 299
    reason: Missing output files: results/synth/regime=easy/d=10/num_cycles=3/density=0.3/samp_size=100/seed=1/method=lacerda_prune/model.pkl
    wildcards: regime=easy, d=10, num_cycles=3, density=0.3, samp_size=100, seed=1, method=lacerda_prune
    resources: tmpdir=/tmp
Select jobs to execute...
[Wed Apr 29 11:41:05 2026]
Finished jobid: 511 (Rule: synth_evaluate)
315 of 435 steps (72%) done
Execute 1 jobs...
[Wed Apr 29 11:41:05 2026]
localrule synth_fit:
    input: results/synth/regime=easy/d=10/num_cycles=3/density=0.8/samp_size=500/seed=1/dataset.npz
    output: results/synth/regime=easy/d=10/num_cycles=3/density=0.8/samp_size=500/seed=1/method=lacerda/model.pkl
    jobid: 386
    reason: Missing output files: results/synth/regime=easy/d=10/num_cycles=3/density=0.8/samp_size=500/seed=1/method=lacerda/model.pkl
    wildcards: regime=easy, d=10, num_cycles=3, density=0.8, samp_size=500, seed=1, method=lacerda
    resources: tmpdir=/tmp
Select jobs to execute...
[Wed Apr 29 11:41:06 2026]
Finished jobid: 153 (Rule: synth_evaluate)
316 of 435 steps (73%) done
Execute 1 jobs...
[Wed Apr 29 11:41:06 2026]
localrule synth_evaluate:
    input: results/synth/regime=easy/d=10/num_cycles=4/density=0.3/samp_size=50/seed=1/dataset.npz, results/synth/regime=easy/d=10/num_cycles=4/density=0.3/samp_size=50/seed=1/method=lacerda/model.pkl
    output: results/synth/regime=easy/d=10/num_cycles=4/density=0.3/samp_size=50/seed=1/method=lacerda/metrics.csv
    jobid: 221
    reason: Missing output files: results/synth/regime=easy/d=10/num_cycles=4/density=0.3/samp_size=50/seed=1/method=lacerda/metrics.csv; Input files updated by another job: results/synth/regime=easy/d=10/num_cycles=4/density=0.3/samp_size=50/seed=1/method=lacerda/model.pkl
    wildcards: regime=easy, d=10, num_cycles=4, density=0.3, samp_size=50, seed=1, method=lacerda
    resources: tmpdir=/tmp
Select jobs to execute...
[Wed Apr 29 11:41:06 2026]
Finished jobid: 332 (Rule: synth_evaluate)
317 of 435 steps (73%) done
Execute 1 jobs...
[Wed Apr 29 11:41:06 2026]
localrule synth_evaluate:
    input: results/synth/regime=easy/d=10/num_cycles=4/density=0.8/samp_size=50/seed=0/dataset.npz, results/synth/regime=easy/d=10/num_cycles=4/density=0.8/samp_size=50/seed=0/method=lacerda/model.pkl
    output: results/synth/regime=easy/d=10/num_cycles=4/density=0.8/samp_size=50/seed=0/method=lacerda/metrics.csv
    jobid: 399
    reason: Missing output files: results/synth/regime=easy/d=10/num_cycles=4/density=0.8/samp_size=50/seed=0/method=lacerda/metrics.csv; Input files updated by another job: results/synth/regime=easy/d=10/num_cycles=4/density=0.8/samp_size=50/seed=0/method=lacerda/model.pkl
    wildcards: regime=easy, d=10, num_cycles=4, density=0.8, samp_size=50, seed=0, method=lacerda
    resources: tmpdir=/tmp
Select jobs to execute...
[Wed Apr 29 11:41:06 2026]
Finished jobid: 88 (Rule: synth_evaluate)
318 of 435 steps (73%) done
Execute 1 jobs...
[Wed Apr 29 11:41:06 2026]
localrule synth_evaluate:
    input: results/synth/regime=easy/d=10/num_cycles=4/density=0.5/samp_size=50/seed=2/dataset.npz, results/synth/regime=easy/d=10/num_cycles=4/density=0.5/samp_size=50/seed=2/method=lacerda/model.pkl
    output: results/synth/regime=easy/d=10/num_cycles=4/density=0.5/samp_size=50/seed=2/method=lacerda/metrics.csv
    jobid: 43
    reason: Missing output files: results/synth/regime=easy/d=10/num_cycles=4/density=0.5/samp_size=50/seed=2/method=lacerda/metrics.csv; Input files updated by another job: results/synth/regime=easy/d=10/num_cycles=4/density=0.5/samp_size=50/seed=2/method=lacerda/model.pkl
    wildcards: regime=easy, d=10, num_cycles=4, density=0.5, samp_size=50, seed=2, method=lacerda
    resources: tmpdir=/tmp
Select jobs to execute...
[Wed Apr 29 11:41:06 2026]
Finished jobid: 178 (Rule: synth_fit)
319 of 435 steps (73%) done
Execute 1 jobs...
[Wed Apr 29 11:41:06 2026]
localrule synth_evaluate:
    input: results/synth/regime=easy/d=10/num_cycles=4/density=0.8/samp_size=50/seed=1/dataset.npz, results/synth/regime=easy/d=10/num_cycles=4/density=0.8/samp_size=50/seed=1/method=lacerda/model.pkl
    output: results/synth/regime=easy/d=10/num_cycles=4/density=0.8/samp_size=50/seed=1/method=lacerda/metrics.csv
    jobid: 402
    reason: Missing output files: results/synth/regime=easy/d=10/num_cycles=4/density=0.8/samp_size=50/seed=1/method=lacerda/metrics.csv; Input files updated by another job: results/synth/regime=easy/d=10/num_cycles=4/density=0.8/samp_size=50/seed=1/method=lacerda/model.pkl
    wildcards: regime=easy, d=10, num_cycles=4, density=0.8, samp_size=50, seed=1, method=lacerda
    resources: tmpdir=/tmp
Select jobs to execute...
[Wed Apr 29 11:41:06 2026]
Finished jobid: 357 (Rule: synth_fit)
320 of 435 steps (74%) done
Execute 1 jobs...
[Wed Apr 29 11:41:06 2026]
localrule synth_fit:
    input: results/synth/regime=easy/d=10/num_cycles=5/density=0.5/samp_size=500/seed=1/dataset.npz
    output: results/synth/regime=easy/d=10/num_cycles=5/density=0.5/samp_size=500/seed=1/method=lacerda/model.pkl
    jobid: 96
    reason: Missing output files: results/synth/regime=easy/d=10/num_cycles=5/density=0.5/samp_size=500/seed=1/method=lacerda/model.pkl
    wildcards: regime=easy, d=10, num_cycles=5, density=0.5, samp_size=500, seed=1, method=lacerda
    resources: tmpdir=/tmp
Select jobs to execute...
[Wed Apr 29 11:41:06 2026]
Finished jobid: 386 (Rule: synth_fit)
321 of 435 steps (74%) done
Execute 1 jobs...
[Wed Apr 29 11:41:06 2026]
localrule synth_fit:
    input: results/synth/regime=easy/d=10/num_cycles=4/density=0.5/samp_size=100/seed=1/dataset.npz
    output: results/synth/regime=easy/d=10/num_cycles=4/density=0.5/samp_size=100/seed=1/method=lacerda/model.pkl
    jobid: 51
    reason: Missing output files: results/synth/regime=easy/d=10/num_cycles=4/density=0.5/samp_size=100/seed=1/method=lacerda/model.pkl
    wildcards: regime=easy, d=10, num_cycles=4, density=0.5, samp_size=100, seed=1, method=lacerda
    resources: tmpdir=/tmp
Select jobs to execute...
[Wed Apr 29 11:41:06 2026]
Finished jobid: 221 (Rule: synth_evaluate)
322 of 435 steps (74%) done
Execute 1 jobs...
[Wed Apr 29 11:41:06 2026]
localrule synth_fit:
    input: results/synth/regime=easy/d=10/num_cycles=4/density=0.5/samp_size=1000/seed=0/dataset.npz
    output: results/synth/regime=easy/d=10/num_cycles=4/density=0.5/samp_size=1000/seed=0/method=lacerda_prune/model.pkl
    jobid: 152
    reason: Missing output files: results/synth/regime=easy/d=10/num_cycles=4/density=0.5/samp_size=1000/seed=0/method=lacerda_prune/model.pkl
    wildcards: regime=easy, d=10, num_cycles=4, density=0.5, samp_size=1000, seed=0, method=lacerda_prune
    resources: tmpdir=/tmp
Select jobs to execute...
[Wed Apr 29 11:41:06 2026]
Finished jobid: 399 (Rule: synth_evaluate)
323 of 435 steps (74%) done
Execute 1 jobs...
[Wed Apr 29 11:41:06 2026]
localrule synth_evaluate:
    input: results/synth/regime=easy/d=10/num_cycles=4/density=0.3/samp_size=1000/seed=2/dataset.npz, results/synth/regime=easy/d=10/num_cycles=4/density=0.3/samp_size=1000/seed=2/method=lacerda_prune/model.pkl
    output: results/synth/regime=easy/d=10/num_cycles=4/density=0.3/samp_size=1000/seed=2/method=lacerda_prune/metrics.csv
    jobid: 336
    reason: Missing output files: results/synth/regime=easy/d=10/num_cycles=4/density=0.3/samp_size=1000/seed=2/method=lacerda_prune/metrics.csv; Input files updated by another job: results/synth/regime=easy/d=10/num_cycles=4/density=0.3/samp_size=1000/seed=2/method=lacerda_prune/model.pkl
    wildcards: regime=easy, d=10, num_cycles=4, density=0.3, samp_size=1000, seed=2, method=lacerda_prune
    resources: tmpdir=/tmp
Select jobs to execute...
[Wed Apr 29 11:41:06 2026]
Finished jobid: 199 (Rule: synth_fit)
324 of 435 steps (74%) done
Execute 1 jobs...
[Wed Apr 29 11:41:06 2026]
localrule synth_evaluate:
    input: results/synth/regime=easy/d=10/num_cycles=5/density=0.5/samp_size=50/seed=0/dataset.npz, results/synth/regime=easy/d=10/num_cycles=5/density=0.5/samp_size=50/seed=0/method=lacerda_prune/model.pkl
    output: results/synth/regime=easy/d=10/num_cycles=5/density=0.5/samp_size=50/seed=0/method=lacerda_prune/metrics.csv
    jobid: 157
    reason: Missing output files: results/synth/regime=easy/d=10/num_cycles=5/density=0.5/samp_size=50/seed=0/method=lacerda_prune/metrics.csv; Input files updated by another job: results/synth/regime=easy/d=10/num_cycles=5/density=0.5/samp_size=50/seed=0/method=lacerda_prune/model.pkl
    wildcards: regime=easy, d=10, num_cycles=5, density=0.5, samp_size=50, seed=0, method=lacerda_prune
    resources: tmpdir=/tmp
Select jobs to execute...
[Wed Apr 29 11:41:06 2026]
Finished jobid: 43 (Rule: synth_evaluate)
325 of 435 steps (75%) done
Execute 1 jobs...
[Wed Apr 29 11:41:06 2026]
localrule synth_evaluate:
    input: results/synth/regime=easy/d=10/num_cycles=5/density=0.8/samp_size=100/seed=2/dataset.npz, results/synth/regime=easy/d=10/num_cycles=5/density=0.8/samp_size=100/seed=2/method=lacerda/model.pkl
    output: results/synth/regime=easy/d=10/num_cycles=5/density=0.8/samp_size=100/seed=2/method=lacerda/metrics.csv
    jobid: 450
    reason: Missing output files: results/synth/regime=easy/d=10/num_cycles=5/density=0.8/samp_size=100/seed=2/method=lacerda/metrics.csv; Input files updated by another job: results/synth/regime=easy/d=10/num_cycles=5/density=0.8/samp_size=100/seed=2/method=lacerda/model.pkl
    wildcards: regime=easy, d=10, num_cycles=5, density=0.8, samp_size=100, seed=2, method=lacerda
    resources: tmpdir=/tmp
Select jobs to execute...
[Wed Apr 29 11:41:06 2026]
Finished jobid: 402 (Rule: synth_evaluate)
326 of 435 steps (75%) done
Execute 1 jobs...
[Wed Apr 29 11:41:06 2026]
localrule synth_evaluate:
    input: results/synth/regime=easy/d=10/num_cycles=5/density=0.3/samp_size=50/seed=0/dataset.npz, results/synth/regime=easy/d=10/num_cycles=5/density=0.3/samp_size=50/seed=0/method=lacerda_prune/model.pkl
    output: results/synth/regime=easy/d=10/num_cycles=5/density=0.3/samp_size=50/seed=0/method=lacerda_prune/metrics.csv
    jobid: 338
    reason: Missing output files: results/synth/regime=easy/d=10/num_cycles=5/density=0.3/samp_size=50/seed=0/method=lacerda_prune/metrics.csv; Input files updated by another job: results/synth/regime=easy/d=10/num_cycles=5/density=0.3/samp_size=50/seed=0/method=lacerda_prune/model.pkl
    wildcards: regime=easy, d=10, num_cycles=5, density=0.3, samp_size=50, seed=0, method=lacerda_prune
    resources: tmpdir=/tmp
Select jobs to execute...
[Wed Apr 29 11:41:07 2026]
Finished jobid: 299 (Rule: synth_fit)
327 of 435 steps (75%) done
Execute 1 jobs...
[Wed Apr 29 11:41:07 2026]
localrule synth_evaluate:
    input: results/synth/regime=easy/d=10/num_cycles=4/density=0.8/samp_size=1000/seed=2/dataset.npz, results/synth/regime=easy/d=10/num_cycles=4/density=0.8/samp_size=1000/seed=2/method=lacerda_prune/model.pkl
    output: results/synth/regime=easy/d=10/num_cycles=4/density=0.8/samp_size=1000/seed=2/method=lacerda_prune/metrics.csv
    jobid: 517
    reason: Missing output files: results/synth/regime=easy/d=10/num_cycles=4/density=0.8/samp_size=1000/seed=2/method=lacerda_prune/metrics.csv; Input files updated by another job: results/synth/regime=easy/d=10/num_cycles=4/density=0.8/samp_size=1000/seed=2/method=lacerda_prune/model.pkl
    wildcards: regime=easy, d=10, num_cycles=4, density=0.8, samp_size=1000, seed=2, method=lacerda_prune
    resources: tmpdir=/tmp
Select jobs to execute...
[Wed Apr 29 11:41:07 2026]
Finished jobid: 96 (Rule: synth_fit)
328 of 435 steps (75%) done
Execute 1 jobs...
[Wed Apr 29 11:41:07 2026]
localrule synth_evaluate:
    input: results/synth/regime=easy/d=10/num_cycles=5/density=0.5/samp_size=500/seed=1/dataset.npz, results/synth/regime=easy/d=10/num_cycles=5/density=0.5/samp_size=500/seed=1/method=lacerda/model.pkl
    output: results/synth/regime=easy/d=10/num_cycles=5/density=0.5/samp_size=500/seed=1/method=lacerda/metrics.csv
    jobid: 94
    reason: Missing output files: results/synth/regime=easy/d=10/num_cycles=5/density=0.5/samp_size=500/seed=1/method=lacerda/metrics.csv; Input files updated by another job: results/synth/regime=easy/d=10/num_cycles=5/density=0.5/samp_size=500/seed=1/method=lacerda/model.pkl
    wildcards: regime=easy, d=10, num_cycles=5, density=0.5, samp_size=500, seed=1, method=lacerda
    resources: tmpdir=/tmp
Select jobs to execute...
[Wed Apr 29 11:41:07 2026]
Finished jobid: 336 (Rule: synth_evaluate)
329 of 435 steps (76%) done
Execute 1 jobs...
[Wed Apr 29 11:41:07 2026]
localrule synth_evaluate:
    input: results/synth/regime=easy/d=10/num_cycles=5/density=0.5/samp_size=500/seed=2/dataset.npz, results/synth/regime=easy/d=10/num_cycles=5/density=0.5/samp_size=500/seed=2/method=lacerda/model.pkl
    output: results/synth/regime=easy/d=10/num_cycles=5/density=0.5/samp_size=500/seed=2/method=lacerda/metrics.csv
    jobid: 97
    reason: Missing output files: results/synth/regime=easy/d=10/num_cycles=5/density=0.5/samp_size=500/seed=2/method=lacerda/metrics.csv; Input files updated by another job: results/synth/regime=easy/d=10/num_cycles=5/density=0.5/samp_size=500/seed=2/method=lacerda/model.pkl
    wildcards: regime=easy, d=10, num_cycles=5, density=0.5, samp_size=500, seed=2, method=lacerda
    resources: tmpdir=/tmp
Select jobs to execute...
[Wed Apr 29 11:41:07 2026]
Finished jobid: 157 (Rule: synth_evaluate)
330 of 435 steps (76%) done
Execute 1 jobs...
[Wed Apr 29 11:41:07 2026]
localrule synth_evaluate:
    input: results/synth/regime=easy/d=10/num_cycles=5/density=0.5/samp_size=500/seed=0/dataset.npz, results/synth/regime=easy/d=10/num_cycles=5/density=0.5/samp_size=500/seed=0/method=lacerda/model.pkl
    output: results/synth/regime=easy/d=10/num_cycles=5/density=0.5/samp_size=500/seed=0/method=lacerda/metrics.csv
    jobid: 91
    reason: Missing output files: results/synth/regime=easy/d=10/num_cycles=5/density=0.5/samp_size=500/seed=0/method=lacerda/metrics.csv; Input files updated by another job: results/synth/regime=easy/d=10/num_cycles=5/density=0.5/samp_size=500/seed=0/method=lacerda/model.pkl
    wildcards: regime=easy, d=10, num_cycles=5, density=0.5, samp_size=500, seed=0, method=lacerda
    resources: tmpdir=/tmp
Select jobs to execute...
[Wed Apr 29 11:41:07 2026]
Finished jobid: 450 (Rule: synth_evaluate)
331 of 435 steps (76%) done
Execute 1 jobs...
[Wed Apr 29 11:41:07 2026]
localrule synth_evaluate:
    input: results/synth/regime=easy/d=10/num_cycles=5/density=0.8/samp_size=50/seed=0/dataset.npz, results/synth/regime=easy/d=10/num_cycles=5/density=0.8/samp_size=50/seed=0/method=lacerda_prune/model.pkl
    output: results/synth/regime=easy/d=10/num_cycles=5/density=0.8/samp_size=50/seed=0/method=lacerda_prune/metrics.csv
    jobid: 519
    reason: Missing output files: results/synth/regime=easy/d=10/num_cycles=5/density=0.8/samp_size=50/seed=0/method=lacerda_prune/metrics.csv; Input files updated by another job: results/synth/regime=easy/d=10/num_cycles=5/density=0.8/samp_size=50/seed=0/method=lacerda_prune/model.pkl
    wildcards: regime=easy, d=10, num_cycles=5, density=0.8, samp_size=50, seed=0, method=lacerda_prune
    resources: tmpdir=/tmp
Select jobs to execute...
[Wed Apr 29 11:41:07 2026]
Finished jobid: 338 (Rule: synth_evaluate)
332 of 435 steps (76%) done
Execute 1 jobs...
[Wed Apr 29 11:41:07 2026]
localrule synth_evaluate:
    input: results/synth/regime=easy/d=10/num_cycles=5/density=0.5/samp_size=50/seed=2/dataset.npz, results/synth/regime=easy/d=10/num_cycles=5/density=0.5/samp_size=50/seed=2/method=lacerda_prune/model.pkl
    output: results/synth/regime=easy/d=10/num_cycles=5/density=0.5/samp_size=50/seed=2/method=lacerda_prune/metrics.csv
    jobid: 161
    reason: Missing output files: results/synth/regime=easy/d=10/num_cycles=5/density=0.5/samp_size=50/seed=2/method=lacerda_prune/metrics.csv; Input files updated by another job: results/synth/regime=easy/d=10/num_cycles=5/density=0.5/samp_size=50/seed=2/method=lacerda_prune/model.pkl
    wildcards: regime=easy, d=10, num_cycles=5, density=0.5, samp_size=50, seed=2, method=lacerda_prune
    resources: tmpdir=/tmp
Select jobs to execute...
[Wed Apr 29 11:41:07 2026]
Finished jobid: 517 (Rule: synth_evaluate)
333 of 435 steps (77%) done
Execute 1 jobs...
[Wed Apr 29 11:41:07 2026]
localrule synth_evaluate:
    input: results/synth/regime=easy/d=10/num_cycles=5/density=0.8/samp_size=50/seed=1/dataset.npz, results/synth/regime=easy/d=10/num_cycles=5/density=0.8/samp_size=50/seed=1/method=lacerda_prune/model.pkl
    output: results/synth/regime=easy/d=10/num_cycles=5/density=0.8/samp_size=50/seed=1/method=lacerda_prune/metrics.csv
    jobid: 521
    reason: Missing output files: results/synth/regime=easy/d=10/num_cycles=5/density=0.8/samp_size=50/seed=1/method=lacerda_prune/metrics.csv; Input files updated by another job: results/synth/regime=easy/d=10/num_cycles=5/density=0.8/samp_size=50/seed=1/method=lacerda_prune/model.pkl
    wildcards: regime=easy, d=10, num_cycles=5, density=0.8, samp_size=50, seed=1, method=lacerda_prune
    resources: tmpdir=/tmp
Select jobs to execute...
[Wed Apr 29 11:41:07 2026]
Finished jobid: 51 (Rule: synth_fit)
334 of 435 steps (77%) done
Execute 1 jobs...
[Wed Apr 29 11:41:07 2026]
localrule synth_evaluate:
    input: results/synth/regime=easy/d=10/num_cycles=4/density=0.3/samp_size=1000/seed=1/dataset.npz, results/synth/regime=easy/d=10/num_cycles=4/density=0.3/samp_size=1000/seed=1/method=lacerda_prune/model.pkl
    output: results/synth/regime=easy/d=10/num_cycles=4/density=0.3/samp_size=1000/seed=1/method=lacerda_prune/metrics.csv
    jobid: 334
    reason: Missing output files: results/synth/regime=easy/d=10/num_cycles=4/density=0.3/samp_size=1000/seed=1/method=lacerda_prune/metrics.csv; Input files updated by another job: results/synth/regime=easy/d=10/num_cycles=4/density=0.3/samp_size=1000/seed=1/method=lacerda_prune/model.pkl
    wildcards: regime=easy, d=10, num_cycles=4, density=0.3, samp_size=1000, seed=1, method=lacerda_prune
    resources: tmpdir=/tmp
Select jobs to execute...
[Wed Apr 29 11:41:07 2026]
Finished jobid: 94 (Rule: synth_evaluate)
335 of 435 steps (77%) done
Execute 1 jobs...
[Wed Apr 29 11:41:07 2026]
localrule synth_evaluate:
    input: results/synth/regime=easy/d=10/num_cycles=4/density=0.8/samp_size=1000/seed=0/dataset.npz, results/synth/regime=easy/d=10/num_cycles=4/density=0.8/samp_size=1000/seed=0/method=lacerda/model.pkl
    output: results/synth/regime=easy/d=10/num_cycles=4/density=0.8/samp_size=1000/seed=0/method=lacerda/metrics.csv
    jobid: 426
    reason: Missing output files: results/synth/regime=easy/d=10/num_cycles=4/density=0.8/samp_size=1000/seed=0/method=lacerda/metrics.csv; Input files updated by another job: results/synth/regime=easy/d=10/num_cycles=4/density=0.8/samp_size=1000/seed=0/method=lacerda/model.pkl
    wildcards: regime=easy, d=10, num_cycles=4, density=0.8, samp_size=1000, seed=0, method=lacerda
    resources: tmpdir=/tmp
Select jobs to execute...
[Wed Apr 29 11:41:07 2026]
Finished jobid: 97 (Rule: synth_evaluate)
336 of 435 steps (77%) done
Execute 1 jobs...
[Wed Apr 29 11:41:07 2026]
localrule synth_evaluate:
    input: results/synth/regime=easy/d=10/num_cycles=3/density=0.3/samp_size=50/seed=1/dataset.npz, results/synth/regime=easy/d=10/num_cycles=3/density=0.3/samp_size=50/seed=1/method=lacerda_prune/model.pkl
    output: results/synth/regime=easy/d=10/num_cycles=3/density=0.3/samp_size=50/seed=1/method=lacerda_prune/metrics.csv
    jobid: 292
    reason: Missing output files: results/synth/regime=easy/d=10/num_cycles=3/density=0.3/samp_size=50/seed=1/method=lacerda_prune/metrics.csv; Input files updated by another job: results/synth/regime=easy/d=10/num_cycles=3/density=0.3/samp_size=50/seed=1/method=lacerda_prune/model.pkl
    wildcards: regime=easy, d=10, num_cycles=3, density=0.3, samp_size=50, seed=1, method=lacerda_prune
    resources: tmpdir=/tmp
Select jobs to execute...
[Wed Apr 29 11:41:07 2026]
Finished jobid: 152 (Rule: synth_fit)
337 of 435 steps (77%) done
Execute 1 jobs...
[Wed Apr 29 11:41:07 2026]
localrule synth_evaluate:
    input: results/synth/regime=easy/d=10/num_cycles=5/density=0.3/samp_size=1000/seed=1/dataset.npz, results/synth/regime=easy/d=10/num_cycles=5/density=0.3/samp_size=1000/seed=1/method=lacerda/model.pkl
    output: results/synth/regime=easy/d=10/num_cycles=5/density=0.3/samp_size=1000/seed=1/method=lacerda/metrics.csv
    jobid: 284
    reason: Missing output files: results/synth/regime=easy/d=10/num_cycles=5/density=0.3/samp_size=1000/seed=1/method=lacerda/metrics.csv; Input files updated by another job: results/synth/regime=easy/d=10/num_cycles=5/density=0.3/samp_size=1000/seed=1/method=lacerda/model.pkl
    wildcards: regime=easy, d=10, num_cycles=5, density=0.3, samp_size=1000, seed=1, method=lacerda
    resources: tmpdir=/tmp
Select jobs to execute...
[Wed Apr 29 11:41:07 2026]
Finished jobid: 91 (Rule: synth_evaluate)
338 of 435 steps (78%) done
Execute 1 jobs...
[Wed Apr 29 11:41:07 2026]
localrule synth_evaluate:
    input: results/synth/regime=easy/d=10/num_cycles=4/density=0.5/samp_size=100/seed=1/dataset.npz, results/synth/regime=easy/d=10/num_cycles=4/density=0.5/samp_size=100/seed=1/method=lacerda/model.pkl
    output: results/synth/regime=easy/d=10/num_cycles=4/density=0.5/samp_size=100/seed=1/method=lacerda/metrics.csv
    jobid: 49
    reason: Missing output files: results/synth/regime=easy/d=10/num_cycles=4/density=0.5/samp_size=100/seed=1/method=lacerda/metrics.csv; Input files updated by another job: results/synth/regime=easy/d=10/num_cycles=4/density=0.5/samp_size=100/seed=1/method=lacerda/model.pkl
    wildcards: regime=easy, d=10, num_cycles=4, density=0.5, samp_size=100, seed=1, method=lacerda
    resources: tmpdir=/tmp
Select jobs to execute...
[Wed Apr 29 11:41:08 2026]
Finished jobid: 519 (Rule: synth_evaluate)
339 of 435 steps (78%) done
Execute 1 jobs...
[Wed Apr 29 11:41:08 2026]
localrule synth_evaluate:
    input: results/synth/regime=easy/d=10/num_cycles=3/density=0.8/samp_size=50/seed=1/dataset.npz, results/synth/regime=easy/d=10/num_cycles=3/density=0.8/samp_size=50/seed=1/method=lacerda_prune/model.pkl
    output: results/synth/regime=easy/d=10/num_cycles=3/density=0.8/samp_size=50/seed=1/method=lacerda_prune/metrics.csv
    jobid: 473
    reason: Missing output files: results/synth/regime=easy/d=10/num_cycles=3/density=0.8/samp_size=50/seed=1/method=lacerda_prune/metrics.csv; Input files updated by another job: results/synth/regime=easy/d=10/num_cycles=3/density=0.8/samp_size=50/seed=1/method=lacerda_prune/model.pkl
    wildcards: regime=easy, d=10, num_cycles=3, density=0.8, samp_size=50, seed=1, method=lacerda_prune
    resources: tmpdir=/tmp
Select jobs to execute...
[Wed Apr 29 11:41:08 2026]
Finished jobid: 161 (Rule: synth_evaluate)
340 of 435 steps (78%) done
Execute 1 jobs...
[Wed Apr 29 11:41:08 2026]
localrule synth_evaluate:
    input: results/synth/regime=easy/d=10/num_cycles=3/density=0.3/samp_size=500/seed=1/dataset.npz, results/synth/regime=easy/d=10/num_cycles=3/density=0.3/samp_size=500/seed=1/method=lacerda/model.pkl
    output: results/synth/regime=easy/d=10/num_cycles=3/density=0.3/samp_size=500/seed=1/method=lacerda/metrics.csv
    jobid: 203
    reason: Missing output files: results/synth/regime=easy/d=10/num_cycles=3/density=0.3/samp_size=500/seed=1/method=lacerda/metrics.csv; Input files updated by another job: results/synth/regime=easy/d=10/num_cycles=3/density=0.3/samp_size=500/seed=1/method=lacerda/model.pkl
    wildcards: regime=easy, d=10, num_cycles=3, density=0.3, samp_size=500, seed=1, method=lacerda
    resources: tmpdir=/tmp
Select jobs to execute...
[Wed Apr 29 11:41:08 2026]
Finished jobid: 521 (Rule: synth_evaluate)
341 of 435 steps (78%) done
Execute 1 jobs...
[Wed Apr 29 11:41:08 2026]
localrule synth_evaluate:
    input: results/synth/regime=easy/d=10/num_cycles=3/density=0.5/samp_size=100/seed=0/dataset.npz, results/synth/regime=easy/d=10/num_cycles=3/density=0.5/samp_size=100/seed=0/method=lacerda_prune/model.pkl
    output: results/synth/regime=easy/d=10/num_cycles=3/density=0.5/samp_size=100/seed=0/method=lacerda_prune/metrics.csv
    jobid: 115
    reason: Missing output files: results/synth/regime=easy/d=10/num_cycles=3/density=0.5/samp_size=100/seed=0/method=lacerda_prune/metrics.csv; Input files updated by another job: results/synth/regime=easy/d=10/num_cycles=3/density=0.5/samp_size=100/seed=0/method=lacerda_prune/model.pkl
    wildcards: regime=easy, d=10, num_cycles=3, density=0.5, samp_size=100, seed=0, method=lacerda_prune
    resources: tmpdir=/tmp
Select jobs to execute...
[Wed Apr 29 11:41:08 2026]
Finished jobid: 334 (Rule: synth_evaluate)
342 of 435 steps (79%) done
Execute 1 jobs...
[Wed Apr 29 11:41:08 2026]
localrule synth_evaluate:
    input: results/synth/regime=easy/d=10/num_cycles=3/density=0.3/samp_size=50/seed=2/dataset.npz, results/synth/regime=easy/d=10/num_cycles=3/density=0.3/samp_size=50/seed=2/method=lacerda_prune/model.pkl
    output: results/synth/regime=easy/d=10/num_cycles=3/density=0.3/samp_size=50/seed=2/method=lacerda_prune/metrics.csv
    jobid: 294
    reason: Missing output files: results/synth/regime=easy/d=10/num_cycles=3/density=0.3/samp_size=50/seed=2/method=lacerda_prune/metrics.csv; Input files updated by another job: results/synth/regime=easy/d=10/num_cycles=3/density=0.3/samp_size=50/seed=2/method=lacerda_prune/model.pkl
    wildcards: regime=easy, d=10, num_cycles=3, density=0.3, samp_size=50, seed=2, method=lacerda_prune
    resources: tmpdir=/tmp
Select jobs to execute...
[Wed Apr 29 11:41:08 2026]
Finished jobid: 426 (Rule: synth_evaluate)
343 of 435 steps (79%) done
Execute 1 jobs...
[Wed Apr 29 11:41:08 2026]
localrule synth_evaluate:
    input: results/synth/regime=easy/d=10/num_cycles=5/density=0.3/samp_size=500/seed=2/dataset.npz, results/synth/regime=easy/d=10/num_cycles=5/density=0.3/samp_size=500/seed=2/method=lacerda_prune/model.pkl
    output: results/synth/regime=easy/d=10/num_cycles=5/density=0.3/samp_size=500/seed=2/method=lacerda_prune/metrics.csv
    jobid: 354
    reason: Missing output files: results/synth/regime=easy/d=10/num_cycles=5/density=0.3/samp_size=500/seed=2/method=lacerda_prune/metrics.csv; Input files updated by another job: results/synth/regime=easy/d=10/num_cycles=5/density=0.3/samp_size=500/seed=2/method=lacerda_prune/model.pkl
    wildcards: regime=easy, d=10, num_cycles=5, density=0.3, samp_size=500, seed=2, method=lacerda_prune
    resources: tmpdir=/tmp
Select jobs to execute...
[Wed Apr 29 11:41:08 2026]
Finished jobid: 292 (Rule: synth_evaluate)
344 of 435 steps (79%) done
Execute 1 jobs...
[Wed Apr 29 11:41:08 2026]
localrule synth_evaluate:
    input: results/synth/regime=easy/d=10/num_cycles=3/density=0.8/samp_size=500/seed=0/dataset.npz, results/synth/regime=easy/d=10/num_cycles=3/density=0.8/samp_size=500/seed=0/method=lacerda/model.pkl
    output: results/synth/regime=easy/d=10/num_cycles=3/density=0.8/samp_size=500/seed=0/method=lacerda/metrics.csv
    jobid: 381
    reason: Missing output files: results/synth/regime=easy/d=10/num_cycles=3/density=0.8/samp_size=500/seed=0/method=lacerda/metrics.csv; Input files updated by another job: results/synth/regime=easy/d=10/num_cycles=3/density=0.8/samp_size=500/seed=0/method=lacerda/model.pkl
    wildcards: regime=easy, d=10, num_cycles=3, density=0.8, samp_size=500, seed=0, method=lacerda
    resources: tmpdir=/tmp
Select jobs to execute...
[Wed Apr 29 11:41:08 2026]
Finished jobid: 284 (Rule: synth_evaluate)
345 of 435 steps (79%) done
Execute 1 jobs...
[Wed Apr 29 11:41:08 2026]
localrule synth_evaluate:
    input: results/synth/regime=easy/d=10/num_cycles=5/density=0.8/samp_size=500/seed=1/dataset.npz, results/synth/regime=easy/d=10/num_cycles=5/density=0.8/samp_size=500/seed=1/method=lacerda_prune/model.pkl
    output: results/synth/regime=easy/d=10/num_cycles=5/density=0.8/samp_size=500/seed=1/method=lacerda_prune/metrics.csv
    jobid: 533
    reason: Missing output files: results/synth/regime=easy/d=10/num_cycles=5/density=0.8/samp_size=500/seed=1/method=lacerda_prune/metrics.csv; Input files updated by another job: results/synth/regime=easy/d=10/num_cycles=5/density=0.8/samp_size=500/seed=1/method=lacerda_prune/model.pkl
    wildcards: regime=easy, d=10, num_cycles=5, density=0.8, samp_size=500, seed=1, method=lacerda_prune
    resources: tmpdir=/tmp
Select jobs to execute...
[Wed Apr 29 11:41:08 2026]
Finished jobid: 49 (Rule: synth_evaluate)
346 of 435 steps (80%) done
Execute 1 jobs...
[Wed Apr 29 11:41:08 2026]
localrule synth_evaluate:
    input: results/synth/regime=easy/d=10/num_cycles=5/density=0.3/samp_size=50/seed=2/dataset.npz, results/synth/regime=easy/d=10/num_cycles=5/density=0.3/samp_size=50/seed=2/method=lacerda_prune/model.pkl
    output: results/synth/regime=easy/d=10/num_cycles=5/density=0.3/samp_size=50/seed=2/method=lacerda_prune/metrics.csv
    jobid: 342
    reason: Missing output files: results/synth/regime=easy/d=10/num_cycles=5/density=0.3/samp_size=50/seed=2/method=lacerda_prune/metrics.csv; Input files updated by another job: results/synth/regime=easy/d=10/num_cycles=5/density=0.3/samp_size=50/seed=2/method=lacerda_prune/model.pkl
    wildcards: regime=easy, d=10, num_cycles=5, density=0.3, samp_size=50, seed=2, method=lacerda_prune
    resources: tmpdir=/tmp
Select jobs to execute...
[Wed Apr 29 11:41:08 2026]
Finished jobid: 473 (Rule: synth_evaluate)
347 of 435 steps (80%) done
Execute 1 jobs...
[Wed Apr 29 11:41:08 2026]
localrule synth_evaluate:
    input: results/synth/regime=easy/d=10/num_cycles=5/density=0.5/samp_size=100/seed=0/dataset.npz, results/synth/regime=easy/d=10/num_cycles=5/density=0.5/samp_size=100/seed=0/method=lacerda_prune/model.pkl
    output: results/synth/regime=easy/d=10/num_cycles=5/density=0.5/samp_size=100/seed=0/method=lacerda_prune/metrics.csv
    jobid: 163
    reason: Missing output files: results/synth/regime=easy/d=10/num_cycles=5/density=0.5/samp_size=100/seed=0/method=lacerda_prune/metrics.csv; Input files updated by another job: results/synth/regime=easy/d=10/num_cycles=5/density=0.5/samp_size=100/seed=0/method=lacerda_prune/model.pkl
    wildcards: regime=easy, d=10, num_cycles=5, density=0.5, samp_size=100, seed=0, method=lacerda_prune
    resources: tmpdir=/tmp
Select jobs to execute...
[Wed Apr 29 11:41:08 2026]
Finished jobid: 203 (Rule: synth_evaluate)
348 of 435 steps (80%) done
Execute 1 jobs...
[Wed Apr 29 11:41:08 2026]
localrule synth_evaluate:
    input: results/synth/regime=easy/d=10/num_cycles=3/density=0.8/samp_size=50/seed=2/dataset.npz, results/synth/regime=easy/d=10/num_cycles=3/density=0.8/samp_size=50/seed=2/method=lacerda_prune/model.pkl
    output: results/synth/regime=easy/d=10/num_cycles=3/density=0.8/samp_size=50/seed=2/method=lacerda_prune/metrics.csv
    jobid: 475
    reason: Missing output files: results/synth/regime=easy/d=10/num_cycles=3/density=0.8/samp_size=50/seed=2/method=lacerda_prune/metrics.csv; Input files updated by another job: results/synth/regime=easy/d=10/num_cycles=3/density=0.8/samp_size=50/seed=2/method=lacerda_prune/model.pkl
    wildcards: regime=easy, d=10, num_cycles=3, density=0.8, samp_size=50, seed=2, method=lacerda_prune
    resources: tmpdir=/tmp
Select jobs to execute...
[Wed Apr 29 11:41:08 2026]
Finished jobid: 115 (Rule: synth_evaluate)
349 of 435 steps (80%) done
Execute 1 jobs...
[Wed Apr 29 11:41:08 2026]
localrule synth_evaluate:
    input: results/synth/regime=easy/d=10/num_cycles=4/density=0.5/samp_size=50/seed=0/dataset.npz, results/synth/regime=easy/d=10/num_cycles=4/density=0.5/samp_size=50/seed=0/method=lacerda_prune/model.pkl
    output: results/synth/regime=easy/d=10/num_cycles=4/density=0.5/samp_size=50/seed=0/method=lacerda_prune/metrics.csv
    jobid: 133
    reason: Missing output files: results/synth/regime=easy/d=10/num_cycles=4/density=0.5/samp_size=50/seed=0/method=lacerda_prune/metrics.csv; Input files updated by another job: results/synth/regime=easy/d=10/num_cycles=4/density=0.5/samp_size=50/seed=0/method=lacerda_prune/model.pkl
    wildcards: regime=easy, d=10, num_cycles=4, density=0.5, samp_size=50, seed=0, method=lacerda_prune
    resources: tmpdir=/tmp
[Wed Apr 29 11:41:08 2026]
Finished jobid: 354 (Rule: synth_evaluate)
350 of 435 steps (80%) done
Select jobs to execute...
Execute 1 jobs...
[Wed Apr 29 11:41:08 2026]
localrule synth_evaluate:
    input: results/synth/regime=easy/d=10/num_cycles=5/density=0.3/samp_size=1000/seed=0/dataset.npz, results/synth/regime=easy/d=10/num_cycles=5/density=0.3/samp_size=1000/seed=0/method=lacerda_prune/model.pkl
    output: results/synth/regime=easy/d=10/num_cycles=5/density=0.3/samp_size=1000/seed=0/method=lacerda_prune/metrics.csv
    jobid: 356
    reason: Missing output files: results/synth/regime=easy/d=10/num_cycles=5/density=0.3/samp_size=1000/seed=0/method=lacerda_prune/metrics.csv; Input files updated by another job: results/synth/regime=easy/d=10/num_cycles=5/density=0.3/samp_size=1000/seed=0/method=lacerda_prune/model.pkl
    wildcards: regime=easy, d=10, num_cycles=5, density=0.3, samp_size=1000, seed=0, method=lacerda_prune
    resources: tmpdir=/tmp
Select jobs to execute...
[Wed Apr 29 11:41:08 2026]
Finished jobid: 294 (Rule: synth_evaluate)
351 of 435 steps (81%) done
Execute 1 jobs...
[Wed Apr 29 11:41:08 2026]
localrule synth_evaluate:
    input: results/synth/regime=easy/d=10/num_cycles=3/density=0.3/samp_size=100/seed=1/dataset.npz, results/synth/regime=easy/d=10/num_cycles=3/density=0.3/samp_size=100/seed=1/method=lacerda_prune/model.pkl
    output: results/synth/regime=easy/d=10/num_cycles=3/density=0.3/samp_size=100/seed=1/method=lacerda_prune/metrics.csv
    jobid: 298
    reason: Missing output files: results/synth/regime=easy/d=10/num_cycles=3/density=0.3/samp_size=100/seed=1/method=lacerda_prune/metrics.csv; Input files updated by another job: results/synth/regime=easy/d=10/num_cycles=3/density=0.3/samp_size=100/seed=1/method=lacerda_prune/model.pkl
    wildcards: regime=easy, d=10, num_cycles=3, density=0.3, samp_size=100, seed=1, method=lacerda_prune
    resources: tmpdir=/tmp
Select jobs to execute...
[Wed Apr 29 11:41:08 2026]
Finished jobid: 381 (Rule: synth_evaluate)
352 of 435 steps (81%) done
Execute 1 jobs...
[Wed Apr 29 11:41:08 2026]
localrule synth_evaluate:
    input: results/synth/regime=easy/d=10/num_cycles=5/density=0.5/samp_size=1000/seed=1/dataset.npz, results/synth/regime=easy/d=10/num_cycles=5/density=0.5/samp_size=1000/seed=1/method=lacerda_prune/model.pkl
    output: results/synth/regime=easy/d=10/num_cycles=5/density=0.5/samp_size=1000/seed=1/method=lacerda_prune/metrics.csv
    jobid: 177
    reason: Missing output files: results/synth/regime=easy/d=10/num_cycles=5/density=0.5/samp_size=1000/seed=1/method=lacerda_prune/metrics.csv; Input files updated by another job: results/synth/regime=easy/d=10/num_cycles=5/density=0.5/samp_size=1000/seed=1/method=lacerda_prune/model.pkl
    wildcards: regime=easy, d=10, num_cycles=5, density=0.5, samp_size=1000, seed=1, method=lacerda_prune
    resources: tmpdir=/tmp
Select jobs to execute...
[Wed Apr 29 11:41:09 2026]
Finished jobid: 533 (Rule: synth_evaluate)
353 of 435 steps (81%) done
Execute 1 jobs...
[Wed Apr 29 11:41:09 2026]
localrule synth_evaluate:
    input: results/synth/regime=easy/d=10/num_cycles=5/density=0.3/samp_size=1000/seed=0/dataset.npz, results/synth/regime=easy/d=10/num_cycles=5/density=0.3/samp_size=1000/seed=0/method=lacerda/model.pkl
    output: results/synth/regime=easy/d=10/num_cycles=5/density=0.3/samp_size=1000/seed=0/method=lacerda/metrics.csv
    jobid: 281
    reason: Missing output files: results/synth/regime=easy/d=10/num_cycles=5/density=0.3/samp_size=1000/seed=0/method=lacerda/metrics.csv; Input files updated by another job: results/synth/regime=easy/d=10/num_cycles=5/density=0.3/samp_size=1000/seed=0/method=lacerda/model.pkl
    wildcards: regime=easy, d=10, num_cycles=5, density=0.3, samp_size=1000, seed=0, method=lacerda
    resources: tmpdir=/tmp
Select jobs to execute...
[Wed Apr 29 11:41:09 2026]
Finished jobid: 342 (Rule: synth_evaluate)
354 of 435 steps (81%) done
Execute 1 jobs...
[Wed Apr 29 11:41:09 2026]
localrule synth_evaluate:
    input: results/synth/regime=easy/d=10/num_cycles=5/density=0.8/samp_size=500/seed=2/dataset.npz, results/synth/regime=easy/d=10/num_cycles=5/density=0.8/samp_size=500/seed=2/method=lacerda_prune/model.pkl
    output: results/synth/regime=easy/d=10/num_cycles=5/density=0.8/samp_size=500/seed=2/method=lacerda_prune/metrics.csv
    jobid: 535
    reason: Missing output files: results/synth/regime=easy/d=10/num_cycles=5/density=0.8/samp_size=500/seed=2/method=lacerda_prune/metrics.csv; Input files updated by another job: results/synth/regime=easy/d=10/num_cycles=5/density=0.8/samp_size=500/seed=2/method=lacerda_prune/model.pkl
    wildcards: regime=easy, d=10, num_cycles=5, density=0.8, samp_size=500, seed=2, method=lacerda_prune
    resources: tmpdir=/tmp
Select jobs to execute...
[Wed Apr 29 11:41:09 2026]
Finished jobid: 163 (Rule: synth_evaluate)
355 of 435 steps (82%) done
Execute 1 jobs...
[Wed Apr 29 11:41:09 2026]
localrule synth_evaluate:
    input: results/synth/regime=easy/d=10/num_cycles=5/density=0.5/samp_size=1000/seed=1/dataset.npz, results/synth/regime=easy/d=10/num_cycles=5/density=0.5/samp_size=1000/seed=1/method=lacerda/model.pkl
    output: results/synth/regime=easy/d=10/num_cycles=5/density=0.5/samp_size=1000/seed=1/method=lacerda/metrics.csv
    jobid: 103
    reason: Missing output files: results/synth/regime=easy/d=10/num_cycles=5/density=0.5/samp_size=1000/seed=1/method=lacerda/metrics.csv; Input files updated by another job: results/synth/regime=easy/d=10/num_cycles=5/density=0.5/samp_size=1000/seed=1/method=lacerda/model.pkl
    wildcards: regime=easy, d=10, num_cycles=5, density=0.5, samp_size=1000, seed=1, method=lacerda
    resources: tmpdir=/tmp
Select jobs to execute...
[Wed Apr 29 11:41:09 2026]
Finished jobid: 475 (Rule: synth_evaluate)
356 of 435 steps (82%) done
Execute 1 jobs...
[Wed Apr 29 11:41:09 2026]
localrule synth_evaluate:
    input: results/synth/regime=easy/d=10/num_cycles=3/density=0.3/samp_size=100/seed=0/dataset.npz, results/synth/regime=easy/d=10/num_cycles=3/density=0.3/samp_size=100/seed=0/method=lacerda_prune/model.pkl
    output: results/synth/regime=easy/d=10/num_cycles=3/density=0.3/samp_size=100/seed=0/method=lacerda_prune/metrics.csv
    jobid: 296
    reason: Missing output files: results/synth/regime=easy/d=10/num_cycles=3/density=0.3/samp_size=100/seed=0/method=lacerda_prune/metrics.csv; Input files updated by another job: results/synth/regime=easy/d=10/num_cycles=3/density=0.3/samp_size=100/seed=0/method=lacerda_prune/model.pkl
    wildcards: regime=easy, d=10, num_cycles=3, density=0.3, samp_size=100, seed=0, method=lacerda_prune
    resources: tmpdir=/tmp
Select jobs to execute...
[Wed Apr 29 11:41:09 2026]
Finished jobid: 133 (Rule: synth_evaluate)
357 of 435 steps (82%) done
Execute 1 jobs...
[Wed Apr 29 11:41:09 2026]
localrule synth_evaluate:
    input: results/synth/regime=easy/d=10/num_cycles=5/density=0.3/samp_size=100/seed=0/dataset.npz, results/synth/regime=easy/d=10/num_cycles=5/density=0.3/samp_size=100/seed=0/method=lacerda_prune/model.pkl
    output: results/synth/regime=easy/d=10/num_cycles=5/density=0.3/samp_size=100/seed=0/method=lacerda_prune/metrics.csv
    jobid: 344
    reason: Missing output files: results/synth/regime=easy/d=10/num_cycles=5/density=0.3/samp_size=100/seed=0/method=lacerda_prune/metrics.csv; Input files updated by another job: results/synth/regime=easy/d=10/num_cycles=5/density=0.3/samp_size=100/seed=0/method=lacerda_prune/model.pkl
    wildcards: regime=easy, d=10, num_cycles=5, density=0.3, samp_size=100, seed=0, method=lacerda_prune
    resources: tmpdir=/tmp
[Wed Apr 29 11:41:09 2026]
Finished jobid: 356 (Rule: synth_evaluate)
358 of 435 steps (82%) done
Select jobs to execute...
Execute 1 jobs...
[Wed Apr 29 11:41:09 2026]
localrule synth_evaluate:
    input: results/synth/regime=easy/d=10/num_cycles=3/density=0.5/samp_size=100/seed=1/dataset.npz, results/synth/regime=easy/d=10/num_cycles=3/density=0.5/samp_size=100/seed=1/method=lacerda_prune/model.pkl
    output: results/synth/regime=easy/d=10/num_cycles=3/density=0.5/samp_size=100/seed=1/method=lacerda_prune/metrics.csv
    jobid: 117
    reason: Missing output files: results/synth/regime=easy/d=10/num_cycles=3/density=0.5/samp_size=100/seed=1/method=lacerda_prune/metrics.csv; Input files updated by another job: results/synth/regime=easy/d=10/num_cycles=3/density=0.5/samp_size=100/seed=1/method=lacerda_prune/model.pkl
    wildcards: regime=easy, d=10, num_cycles=3, density=0.5, samp_size=100, seed=1, method=lacerda_prune
    resources: tmpdir=/tmp
Select jobs to execute...
[Wed Apr 29 11:41:09 2026]
Finished jobid: 177 (Rule: synth_evaluate)
359 of 435 steps (83%) done
Execute 1 jobs...
[Wed Apr 29 11:41:09 2026]
localrule synth_evaluate:
    input: results/synth/regime=easy/d=10/num_cycles=5/density=0.5/samp_size=100/seed=1/dataset.npz, results/synth/regime=easy/d=10/num_cycles=5/density=0.5/samp_size=100/seed=1/method=lacerda_prune/model.pkl
    output: results/synth/regime=easy/d=10/num_cycles=5/density=0.5/samp_size=100/seed=1/method=lacerda_prune/metrics.csv
    jobid: 165
    reason: Missing output files: results/synth/regime=easy/d=10/num_cycles=5/density=0.5/samp_size=100/seed=1/method=lacerda_prune/metrics.csv; Input files updated by another job: results/synth/regime=easy/d=10/num_cycles=5/density=0.5/samp_size=100/seed=1/method=lacerda_prune/model.pkl
    wildcards: regime=easy, d=10, num_cycles=5, density=0.5, samp_size=100, seed=1, method=lacerda_prune
    resources: tmpdir=/tmp
[Wed Apr 29 11:41:09 2026]
Finished jobid: 298 (Rule: synth_evaluate)
360 of 435 steps (83%) done
Select jobs to execute...
Execute 1 jobs...
[Wed Apr 29 11:41:09 2026]
localrule synth_evaluate:
    input: results/synth/regime=easy/d=10/num_cycles=3/density=0.5/samp_size=50/seed=0/dataset.npz, results/synth/regime=easy/d=10/num_cycles=3/density=0.5/samp_size=50/seed=0/method=lacerda_prune/model.pkl
    output: results/synth/regime=easy/d=10/num_cycles=3/density=0.5/samp_size=50/seed=0/method=lacerda_prune/metrics.csv
    jobid: 109
    reason: Missing output files: results/synth/regime=easy/d=10/num_cycles=3/density=0.5/samp_size=50/seed=0/method=lacerda_prune/metrics.csv; Input files updated by another job: results/synth/regime=easy/d=10/num_cycles=3/density=0.5/samp_size=50/seed=0/method=lacerda_prune/model.pkl
    wildcards: regime=easy, d=10, num_cycles=3, density=0.5, samp_size=50, seed=0, method=lacerda_prune
    resources: tmpdir=/tmp
Select jobs to execute...
[Wed Apr 29 11:41:09 2026]
Finished jobid: 281 (Rule: synth_evaluate)
361 of 435 steps (83%) done
Execute 1 jobs...
[Wed Apr 29 11:41:09 2026]
localrule synth_evaluate:
    input: results/synth/regime=easy/d=10/num_cycles=3/density=0.3/samp_size=100/seed=0/dataset.npz, results/synth/regime=easy/d=10/num_cycles=3/density=0.3/samp_size=100/seed=0/method=lacerda/model.pkl
    output: results/synth/regime=easy/d=10/num_cycles=3/density=0.3/samp_size=100/seed=0/method=lacerda/metrics.csv
    jobid: 191
    reason: Missing output files: results/synth/regime=easy/d=10/num_cycles=3/density=0.3/samp_size=100/seed=0/method=lacerda/metrics.csv; Input files updated by another job: results/synth/regime=easy/d=10/num_cycles=3/density=0.3/samp_size=100/seed=0/method=lacerda/model.pkl
    wildcards: regime=easy, d=10, num_cycles=3, density=0.3, samp_size=100, seed=0, method=lacerda
    resources: tmpdir=/tmp
Select jobs to execute...
[Wed Apr 29 11:41:09 2026]
Finished jobid: 535 (Rule: synth_evaluate)
362 of 435 steps (83%) done
Execute 1 jobs...
[Wed Apr 29 11:41:09 2026]
localrule synth_evaluate:
    input: results/synth/regime=easy/d=10/num_cycles=4/density=0.5/samp_size=100/seed=2/dataset.npz, results/synth/regime=easy/d=10/num_cycles=4/density=0.5/samp_size=100/seed=2/method=lacerda/model.pkl
    output: results/synth/regime=easy/d=10/num_cycles=4/density=0.5/samp_size=100/seed=2/method=lacerda/metrics.csv
    jobid: 52
    reason: Missing output files: results/synth/regime=easy/d=10/num_cycles=4/density=0.5/samp_size=100/seed=2/method=lacerda/metrics.csv; Input files updated by another job: results/synth/regime=easy/d=10/num_cycles=4/density=0.5/samp_size=100/seed=2/method=lacerda/model.pkl
    wildcards: regime=easy, d=10, num_cycles=4, density=0.5, samp_size=100, seed=2, method=lacerda
    resources: tmpdir=/tmp
Select jobs to execute...
[Wed Apr 29 11:41:09 2026]
Finished jobid: 103 (Rule: synth_evaluate)
363 of 435 steps (83%) done
Execute 1 jobs...
[Wed Apr 29 11:41:09 2026]
localrule synth_evaluate:
    input: results/synth/regime=easy/d=10/num_cycles=4/density=0.5/samp_size=1000/seed=0/dataset.npz, results/synth/regime=easy/d=10/num_cycles=4/density=0.5/samp_size=1000/seed=0/method=lacerda_prune/model.pkl
    output: results/synth/regime=easy/d=10/num_cycles=4/density=0.5/samp_size=1000/seed=0/method=lacerda_prune/metrics.csv
    jobid: 151
    reason: Missing output files: results/synth/regime=easy/d=10/num_cycles=4/density=0.5/samp_size=1000/seed=0/method=lacerda_prune/metrics.csv; Input files updated by another job: results/synth/regime=easy/d=10/num_cycles=4/density=0.5/samp_size=1000/seed=0/method=lacerda_prune/model.pkl
    wildcards: regime=easy, d=10, num_cycles=4, density=0.5, samp_size=1000, seed=0, method=lacerda_prune
    resources: tmpdir=/tmp
Select jobs to execute...
[Wed Apr 29 11:41:09 2026]
Finished jobid: 296 (Rule: synth_evaluate)
364 of 435 steps (84%) done
Execute 1 jobs...
[Wed Apr 29 11:41:09 2026]
localrule synth_fit:
    input: results/synth/regime=easy/d=10/num_cycles=4/density=0.3/samp_size=500/seed=1/dataset.npz
    output: results/synth/regime=easy/d=10/num_cycles=4/density=0.3/samp_size=500/seed=1/method=lacerda_prune/model.pkl
    jobid: 329
    reason: Missing output files: results/synth/regime=easy/d=10/num_cycles=4/density=0.3/samp_size=500/seed=1/method=lacerda_prune/model.pkl
    wildcards: regime=easy, d=10, num_cycles=4, density=0.3, samp_size=500, seed=1, method=lacerda_prune
    resources: tmpdir=/tmp
Select jobs to execute...
[Wed Apr 29 11:41:10 2026]
Finished jobid: 117 (Rule: synth_evaluate)
365 of 435 steps (84%) done
Execute 1 jobs...
[Wed Apr 29 11:41:10 2026]
localrule synth_fit:
    input: results/synth/regime=easy/d=10/num_cycles=5/density=0.5/samp_size=1000/seed=2/dataset.npz
    output: results/synth/regime=easy/d=10/num_cycles=5/density=0.5/samp_size=1000/seed=2/method=lacerda_prune/model.pkl
    jobid: 180
    reason: Missing output files: results/synth/regime=easy/d=10/num_cycles=5/density=0.5/samp_size=1000/seed=2/method=lacerda_prune/model.pkl
    wildcards: regime=easy, d=10, num_cycles=5, density=0.5, samp_size=1000, seed=2, method=lacerda_prune
    resources: tmpdir=/tmp
[Wed Apr 29 11:41:10 2026]
Finished jobid: 344 (Rule: synth_evaluate)
366 of 435 steps (84%) done
Select jobs to execute...
Execute 1 jobs...
[Wed Apr 29 11:41:10 2026]
localrule synth_evaluate:
    input: results/synth/regime=easy/d=10/num_cycles=5/density=0.8/samp_size=1000/seed=0/dataset.npz, results/synth/regime=easy/d=10/num_cycles=5/density=0.8/samp_size=1000/seed=0/method=lacerda/model.pkl
    output: results/synth/regime=easy/d=10/num_cycles=5/density=0.8/samp_size=1000/seed=0/method=lacerda/metrics.csv
    jobid: 462
    reason: Missing output files: results/synth/regime=easy/d=10/num_cycles=5/density=0.8/samp_size=1000/seed=0/method=lacerda/metrics.csv; Input files updated by another job: results/synth/regime=easy/d=10/num_cycles=5/density=0.8/samp_size=1000/seed=0/method=lacerda/model.pkl
    wildcards: regime=easy, d=10, num_cycles=5, density=0.8, samp_size=1000, seed=0, method=lacerda
    resources: tmpdir=/tmp
[Wed Apr 29 11:41:10 2026]
Finished jobid: 165 (Rule: synth_evaluate)
367 of 435 steps (84%) done
Select jobs to execute...
Execute 1 jobs...
[Wed Apr 29 11:41:10 2026]
localrule synth_evaluate:
    input: results/synth/regime=easy/d=10/num_cycles=4/density=0.5/samp_size=500/seed=2/dataset.npz, results/synth/regime=easy/d=10/num_cycles=4/density=0.5/samp_size=500/seed=2/method=lacerda/model.pkl
    output: results/synth/regime=easy/d=10/num_cycles=4/density=0.5/samp_size=500/seed=2/method=lacerda/metrics.csv
    jobid: 61
    reason: Missing output files: results/synth/regime=easy/d=10/num_cycles=4/density=0.5/samp_size=500/seed=2/method=lacerda/metrics.csv; Input files updated by another job: results/synth/regime=easy/d=10/num_cycles=4/density=0.5/samp_size=500/seed=2/method=lacerda/model.pkl
    wildcards: regime=easy, d=10, num_cycles=4, density=0.5, samp_size=500, seed=2, method=lacerda
    resources: tmpdir=/tmp
Select jobs to execute...
[Wed Apr 29 11:41:10 2026]
Finished jobid: 109 (Rule: synth_evaluate)
368 of 435 steps (85%) done
Execute 1 jobs...
[Wed Apr 29 11:41:10 2026]
localrule synth_evaluate:
    input: results/synth/regime=easy/d=10/num_cycles=5/density=0.5/samp_size=1000/seed=2/dataset.npz, results/synth/regime=easy/d=10/num_cycles=5/density=0.5/samp_size=1000/seed=2/method=lacerda/model.pkl
    output: results/synth/regime=easy/d=10/num_cycles=5/density=0.5/samp_size=1000/seed=2/method=lacerda/metrics.csv
    jobid: 106
    reason: Missing output files: results/synth/regime=easy/d=10/num_cycles=5/density=0.5/samp_size=1000/seed=2/method=lacerda/metrics.csv; Input files updated by another job: results/synth/regime=easy/d=10/num_cycles=5/density=0.5/samp_size=1000/seed=2/method=lacerda/model.pkl
    wildcards: regime=easy, d=10, num_cycles=5, density=0.5, samp_size=1000, seed=2, method=lacerda
    resources: tmpdir=/tmp
Select jobs to execute...
[Wed Apr 29 11:41:10 2026]
Finished jobid: 191 (Rule: synth_evaluate)
369 of 435 steps (85%) done
Execute 1 jobs...
[Wed Apr 29 11:41:10 2026]
localrule synth_evaluate:
    input: results/synth/regime=easy/d=10/num_cycles=5/density=0.5/samp_size=100/seed=2/dataset.npz, results/synth/regime=easy/d=10/num_cycles=5/density=0.5/samp_size=100/seed=2/method=lacerda_prune/model.pkl
    output: results/synth/regime=easy/d=10/num_cycles=5/density=0.5/samp_size=100/seed=2/method=lacerda_prune/metrics.csv
    jobid: 167
    reason: Missing output files: results/synth/regime=easy/d=10/num_cycles=5/density=0.5/samp_size=100/seed=2/method=lacerda_prune/metrics.csv; Input files updated by another job: results/synth/regime=easy/d=10/num_cycles=5/density=0.5/samp_size=100/seed=2/method=lacerda_prune/model.pkl
    wildcards: regime=easy, d=10, num_cycles=5, density=0.5, samp_size=100, seed=2, method=lacerda_prune
    resources: tmpdir=/tmp
Select jobs to execute...
[Wed Apr 29 11:41:10 2026]
Finished jobid: 52 (Rule: synth_evaluate)
370 of 435 steps (85%) done
Execute 1 jobs...
[Wed Apr 29 11:41:10 2026]
localrule synth_fit:
    input: results/synth/regime=easy/d=10/num_cycles=4/density=0.8/samp_size=500/seed=0/dataset.npz
    output: results/synth/regime=easy/d=10/num_cycles=4/density=0.8/samp_size=500/seed=0/method=lacerda/model.pkl
    jobid: 419
    reason: Missing output files: results/synth/regime=easy/d=10/num_cycles=4/density=0.8/samp_size=500/seed=0/method=lacerda/model.pkl
    wildcards: regime=easy, d=10, num_cycles=4, density=0.8, samp_size=500, seed=0, method=lacerda
    resources: tmpdir=/tmp
Select jobs to execute...
[Wed Apr 29 11:41:10 2026]
Finished jobid: 151 (Rule: synth_evaluate)
371 of 435 steps (85%) done
Execute 1 jobs...
[Wed Apr 29 11:41:10 2026]
localrule synth_evaluate:
    input: results/synth/regime=easy/d=10/num_cycles=3/density=0.8/samp_size=100/seed=0/dataset.npz, results/synth/regime=easy/d=10/num_cycles=3/density=0.8/samp_size=100/seed=0/method=lacerda/model.pkl
    output: results/synth/regime=easy/d=10/num_cycles=3/density=0.8/samp_size=100/seed=0/method=lacerda/metrics.csv
    jobid: 372
    reason: Missing output files: results/synth/regime=easy/d=10/num_cycles=3/density=0.8/samp_size=100/seed=0/method=lacerda/metrics.csv; Input files updated by another job: results/synth/regime=easy/d=10/num_cycles=3/density=0.8/samp_size=100/seed=0/method=lacerda/model.pkl
    wildcards: regime=easy, d=10, num_cycles=3, density=0.8, samp_size=100, seed=0, method=lacerda
    resources: tmpdir=/tmp
Select jobs to execute...
[Wed Apr 29 11:41:10 2026]
Finished jobid: 462 (Rule: synth_evaluate)
372 of 435 steps (86%) done
Execute 1 jobs...
[Wed Apr 29 11:41:10 2026]
localrule synth_evaluate:
    input: results/synth/regime=easy/d=10/num_cycles=3/density=0.5/samp_size=500/seed=0/dataset.npz, results/synth/regime=easy/d=10/num_cycles=3/density=0.5/samp_size=500/seed=0/method=lacerda/model.pkl
    output: results/synth/regime=easy/d=10/num_cycles=3/density=0.5/samp_size=500/seed=0/method=lacerda/metrics.csv
    jobid: 19
    reason: Missing output files: results/synth/regime=easy/d=10/num_cycles=3/density=0.5/samp_size=500/seed=0/method=lacerda/metrics.csv; Input files updated by another job: results/synth/regime=easy/d=10/num_cycles=3/density=0.5/samp_size=500/seed=0/method=lacerda/model.pkl
    wildcards: regime=easy, d=10, num_cycles=3, density=0.5, samp_size=500, seed=0, method=lacerda
    resources: tmpdir=/tmp
[Wed Apr 29 11:41:10 2026]
Finished jobid: 61 (Rule: synth_evaluate)
373 of 435 steps (86%) done
Select jobs to execute...
Execute 1 jobs...
[Wed Apr 29 11:41:10 2026]
localrule synth_evaluate:
    input: results/synth/regime=easy/d=10/num_cycles=3/density=0.3/samp_size=100/seed=1/dataset.npz, results/synth/regime=easy/d=10/num_cycles=3/density=0.3/samp_size=100/seed=1/method=lacerda/model.pkl
    output: results/synth/regime=easy/d=10/num_cycles=3/density=0.3/samp_size=100/seed=1/method=lacerda/metrics.csv
    jobid: 194
    reason: Missing output files: results/synth/regime=easy/d=10/num_cycles=3/density=0.3/samp_size=100/seed=1/method=lacerda/metrics.csv; Input files updated by another job: results/synth/regime=easy/d=10/num_cycles=3/density=0.3/samp_size=100/seed=1/method=lacerda/model.pkl
    wildcards: regime=easy, d=10, num_cycles=3, density=0.3, samp_size=100, seed=1, method=lacerda
    resources: tmpdir=/tmp
Select jobs to execute...
[Wed Apr 29 11:41:10 2026]
Finished jobid: 106 (Rule: synth_evaluate)
374 of 435 steps (86%) done
Execute 1 jobs...
[Wed Apr 29 11:41:10 2026]
localrule synth_evaluate:
    input: results/synth/regime=easy/d=10/num_cycles=5/density=0.3/samp_size=100/seed=2/dataset.npz, results/synth/regime=easy/d=10/num_cycles=5/density=0.3/samp_size=100/seed=2/method=lacerda_prune/model.pkl
    output: results/synth/regime=easy/d=10/num_cycles=5/density=0.3/samp_size=100/seed=2/method=lacerda_prune/metrics.csv
    jobid: 348
    reason: Missing output files: results/synth/regime=easy/d=10/num_cycles=5/density=0.3/samp_size=100/seed=2/method=lacerda_prune/metrics.csv; Input files updated by another job: results/synth/regime=easy/d=10/num_cycles=5/density=0.3/samp_size=100/seed=2/method=lacerda_prune/model.pkl
    wildcards: regime=easy, d=10, num_cycles=5, density=0.3, samp_size=100, seed=2, method=lacerda_prune
    resources: tmpdir=/tmp
Select jobs to execute...
[Wed Apr 29 11:41:10 2026]
Finished jobid: 167 (Rule: synth_evaluate)
375 of 435 steps (86%) done
Execute 1 jobs...
[Wed Apr 29 11:41:10 2026]
localrule synth_evaluate:
    input: results/synth/regime=easy/d=10/num_cycles=5/density=0.3/samp_size=100/seed=1/dataset.npz, results/synth/regime=easy/d=10/num_cycles=5/density=0.3/samp_size=100/seed=1/method=lacerda_prune/model.pkl
    output: results/synth/regime=easy/d=10/num_cycles=5/density=0.3/samp_size=100/seed=1/method=lacerda_prune/metrics.csv
    jobid: 346
    reason: Missing output files: results/synth/regime=easy/d=10/num_cycles=5/density=0.3/samp_size=100/seed=1/method=lacerda_prune/metrics.csv; Input files updated by another job: results/synth/regime=easy/d=10/num_cycles=5/density=0.3/samp_size=100/seed=1/method=lacerda_prune/model.pkl
    wildcards: regime=easy, d=10, num_cycles=5, density=0.3, samp_size=100, seed=1, method=lacerda_prune
    resources: tmpdir=/tmp
Select jobs to execute...
[Wed Apr 29 11:41:10 2026]
Finished jobid: 419 (Rule: synth_fit)
376 of 435 steps (86%) done
Execute 1 jobs...
[Wed Apr 29 11:41:10 2026]
localrule synth_evaluate:
    input: results/synth/regime=easy/d=10/num_cycles=4/density=0.8/samp_size=500/seed=0/dataset.npz, results/synth/regime=easy/d=10/num_cycles=4/density=0.8/samp_size=500/seed=0/method=lacerda/model.pkl
    output: results/synth/regime=easy/d=10/num_cycles=4/density=0.8/samp_size=500/seed=0/method=lacerda/metrics.csv
    jobid: 417
    reason: Missing output files: results/synth/regime=easy/d=10/num_cycles=4/density=0.8/samp_size=500/seed=0/method=lacerda/metrics.csv; Input files updated by another job: results/synth/regime=easy/d=10/num_cycles=4/density=0.8/samp_size=500/seed=0/method=lacerda/model.pkl
    wildcards: regime=easy, d=10, num_cycles=4, density=0.8, samp_size=500, seed=0, method=lacerda
    resources: tmpdir=/tmp
Select jobs to execute...
[Wed Apr 29 11:41:10 2026]
Finished jobid: 372 (Rule: synth_evaluate)
377 of 435 steps (87%) done
Execute 1 jobs...
[Wed Apr 29 11:41:10 2026]
localrule synth_evaluate:
    input: results/synth/regime=easy/d=10/num_cycles=3/density=0.8/samp_size=500/seed=1/dataset.npz, results/synth/regime=easy/d=10/num_cycles=3/density=0.8/samp_size=500/seed=1/method=lacerda/model.pkl
    output: results/synth/regime=easy/d=10/num_cycles=3/density=0.8/samp_size=500/seed=1/method=lacerda/metrics.csv
    jobid: 384
    reason: Missing output files: results/synth/regime=easy/d=10/num_cycles=3/density=0.8/samp_size=500/seed=1/method=lacerda/metrics.csv; Input files updated by another job: results/synth/regime=easy/d=10/num_cycles=3/density=0.8/samp_size=500/seed=1/method=lacerda/model.pkl
    wildcards: regime=easy, d=10, num_cycles=3, density=0.8, samp_size=500, seed=1, method=lacerda
    resources: tmpdir=/tmp
Select jobs to execute...
[Wed Apr 29 11:41:11 2026]
Finished jobid: 329 (Rule: synth_fit)
378 of 435 steps (87%) done
Execute 1 jobs...
[Wed Apr 29 11:41:11 2026]
localrule synth_evaluate:
    input: results/synth/regime=easy/d=10/num_cycles=4/density=0.3/samp_size=500/seed=1/dataset.npz, results/synth/regime=easy/d=10/num_cycles=4/density=0.3/samp_size=500/seed=1/method=lacerda_prune/model.pkl
    output: results/synth/regime=easy/d=10/num_cycles=4/density=0.3/samp_size=500/seed=1/method=lacerda_prune/metrics.csv
    jobid: 328
    reason: Missing output files: results/synth/regime=easy/d=10/num_cycles=4/density=0.3/samp_size=500/seed=1/method=lacerda_prune/metrics.csv; Input files updated by another job: results/synth/regime=easy/d=10/num_cycles=4/density=0.3/samp_size=500/seed=1/method=lacerda_prune/model.pkl
    wildcards: regime=easy, d=10, num_cycles=4, density=0.3, samp_size=500, seed=1, method=lacerda_prune
    resources: tmpdir=/tmp
Select jobs to execute...
[Wed Apr 29 11:41:11 2026]
Finished jobid: 19 (Rule: synth_evaluate)
379 of 435 steps (87%) done
Execute 1 jobs...
[Wed Apr 29 11:41:11 2026]
localrule synth_evaluate:
    input: results/synth/regime=easy/d=10/num_cycles=4/density=0.5/samp_size=50/seed=2/dataset.npz, results/synth/regime=easy/d=10/num_cycles=4/density=0.5/samp_size=50/seed=2/method=lacerda_prune/model.pkl
    output: results/synth/regime=easy/d=10/num_cycles=4/density=0.5/samp_size=50/seed=2/method=lacerda_prune/metrics.csv
    jobid: 137
    reason: Missing output files: results/synth/regime=easy/d=10/num_cycles=4/density=0.5/samp_size=50/seed=2/method=lacerda_prune/metrics.csv; Input files updated by another job: results/synth/regime=easy/d=10/num_cycles=4/density=0.5/samp_size=50/seed=2/method=lacerda_prune/model.pkl
    wildcards: regime=easy, d=10, num_cycles=4, density=0.5, samp_size=50, seed=2, method=lacerda_prune
    resources: tmpdir=/tmp
Select jobs to execute...
[Wed Apr 29 11:41:11 2026]
Finished jobid: 194 (Rule: synth_evaluate)
380 of 435 steps (87%) done
Execute 1 jobs...
[Wed Apr 29 11:41:11 2026]
localrule synth_evaluate:
    input: results/synth/regime=easy/d=10/num_cycles=5/density=0.5/samp_size=1000/seed=0/dataset.npz, results/synth/regime=easy/d=10/num_cycles=5/density=0.5/samp_size=1000/seed=0/method=lacerda_prune/model.pkl
    output: results/synth/regime=easy/d=10/num_cycles=5/density=0.5/samp_size=1000/seed=0/method=lacerda_prune/metrics.csv
    jobid: 175
    reason: Missing output files: results/synth/regime=easy/d=10/num_cycles=5/density=0.5/samp_size=1000/seed=0/method=lacerda_prune/metrics.csv; Input files updated by another job: results/synth/regime=easy/d=10/num_cycles=5/density=0.5/samp_size=1000/seed=0/method=lacerda_prune/model.pkl
    wildcards: regime=easy, d=10, num_cycles=5, density=0.5, samp_size=1000, seed=0, method=lacerda_prune
    resources: tmpdir=/tmp
Select jobs to execute...
[Wed Apr 29 11:41:11 2026]
Finished jobid: 348 (Rule: synth_evaluate)
381 of 435 steps (88%) done
Execute 1 jobs...
[Wed Apr 29 11:41:11 2026]
localrule synth_fit:
    input: results/synth/regime=easy/d=10/num_cycles=4/density=0.3/samp_size=500/seed=0/dataset.npz
    output: results/synth/regime=easy/d=10/num_cycles=4/density=0.3/samp_size=500/seed=0/method=lacerda/model.pkl
    jobid: 238
    reason: Missing output files: results/synth/regime=easy/d=10/num_cycles=4/density=0.3/samp_size=500/seed=0/method=lacerda/model.pkl
    wildcards: regime=easy, d=10, num_cycles=4, density=0.3, samp_size=500, seed=0, method=lacerda
    resources: tmpdir=/tmp
Select jobs to execute...
[Wed Apr 29 11:41:11 2026]
Finished jobid: 346 (Rule: synth_evaluate)
382 of 435 steps (88%) done
Execute 1 jobs...
[Wed Apr 29 11:41:11 2026]
localrule synth_fit:
    input: results/synth/regime=easy/d=10/num_cycles=3/density=0.3/samp_size=50/seed=0/dataset.npz
    output: results/synth/regime=easy/d=10/num_cycles=3/density=0.3/samp_size=50/seed=0/method=lacerda/model.pkl
    jobid: 184
    reason: Missing output files: results/synth/regime=easy/d=10/num_cycles=3/density=0.3/samp_size=50/seed=0/method=lacerda/model.pkl
    wildcards: regime=easy, d=10, num_cycles=3, density=0.3, samp_size=50, seed=0, method=lacerda
    resources: tmpdir=/tmp
Select jobs to execute...
[Wed Apr 29 11:41:11 2026]
Finished jobid: 417 (Rule: synth_evaluate)
383 of 435 steps (88%) done
Execute 1 jobs...
[Wed Apr 29 11:41:11 2026]
localrule synth_fit:
    input: results/synth/regime=easy/d=10/num_cycles=5/density=0.3/samp_size=500/seed=0/dataset.npz
    output: results/synth/regime=easy/d=10/num_cycles=5/density=0.3/samp_size=500/seed=0/method=lacerda/model.pkl
    jobid: 274
    reason: Missing output files: results/synth/regime=easy/d=10/num_cycles=5/density=0.3/samp_size=500/seed=0/method=lacerda/model.pkl
    wildcards: regime=easy, d=10, num_cycles=5, density=0.3, samp_size=500, seed=0, method=lacerda
    resources: tmpdir=/tmp
Select jobs to execute...
[Wed Apr 29 11:41:11 2026]
Finished jobid: 384 (Rule: synth_evaluate)
384 of 435 steps (88%) done
Execute 1 jobs...
[Wed Apr 29 11:41:11 2026]
localrule synth_fit:
    input: results/synth/regime=easy/d=10/num_cycles=4/density=0.5/samp_size=1000/seed=2/dataset.npz
    output: results/synth/regime=easy/d=10/num_cycles=4/density=0.5/samp_size=1000/seed=2/method=lacerda/model.pkl
    jobid: 72
    reason: Missing output files: results/synth/regime=easy/d=10/num_cycles=4/density=0.5/samp_size=1000/seed=2/method=lacerda/model.pkl
    wildcards: regime=easy, d=10, num_cycles=4, density=0.5, samp_size=1000, seed=2, method=lacerda
    resources: tmpdir=/tmp
Select jobs to execute...
[Wed Apr 29 11:41:11 2026]
Finished jobid: 180 (Rule: synth_fit)
385 of 435 steps (89%) done
Execute 1 jobs...
[Wed Apr 29 11:41:11 2026]
localrule synth_evaluate:
    input: results/synth/regime=easy/d=10/num_cycles=4/density=0.5/samp_size=1000/seed=2/dataset.npz, results/synth/regime=easy/d=10/num_cycles=4/density=0.5/samp_size=1000/seed=2/method=lacerda_prune/model.pkl
    output: results/synth/regime=easy/d=10/num_cycles=4/density=0.5/samp_size=1000/seed=2/method=lacerda_prune/metrics.csv
    jobid: 155
    reason: Missing output files: results/synth/regime=easy/d=10/num_cycles=4/density=0.5/samp_size=1000/seed=2/method=lacerda_prune/metrics.csv; Input files updated by another job: results/synth/regime=easy/d=10/num_cycles=4/density=0.5/samp_size=1000/seed=2/method=lacerda_prune/model.pkl
    wildcards: regime=easy, d=10, num_cycles=4, density=0.5, samp_size=1000, seed=2, method=lacerda_prune
    resources: tmpdir=/tmp
Select jobs to execute...
[Wed Apr 29 11:41:11 2026]
Finished jobid: 328 (Rule: synth_evaluate)
386 of 435 steps (89%) done
Execute 1 jobs...
[Wed Apr 29 11:41:11 2026]
localrule synth_evaluate:
    input: results/synth/regime=easy/d=10/num_cycles=3/density=0.3/samp_size=50/seed=0/dataset.npz, results/synth/regime=easy/d=10/num_cycles=3/density=0.3/samp_size=50/seed=0/method=lacerda_prune/model.pkl
    output: results/synth/regime=easy/d=10/num_cycles=3/density=0.3/samp_size=50/seed=0/method=lacerda_prune/metrics.csv
    jobid: 290
    reason: Missing output files: results/synth/regime=easy/d=10/num_cycles=3/density=0.3/samp_size=50/seed=0/method=lacerda_prune/metrics.csv; Input files updated by another job: results/synth/regime=easy/d=10/num_cycles=3/density=0.3/samp_size=50/seed=0/method=lacerda_prune/model.pkl
    wildcards: regime=easy, d=10, num_cycles=3, density=0.3, samp_size=50, seed=0, method=lacerda_prune
    resources: tmpdir=/tmp
Select jobs to execute...
[Wed Apr 29 11:41:11 2026]
Finished jobid: 137 (Rule: synth_evaluate)
387 of 435 steps (89%) done
Execute 1 jobs...
[Wed Apr 29 11:41:11 2026]
localrule synth_evaluate:
    input: results/synth/regime=easy/d=10/num_cycles=4/density=0.5/samp_size=1000/seed=1/dataset.npz, results/synth/regime=easy/d=10/num_cycles=4/density=0.5/samp_size=1000/seed=1/method=lacerda/model.pkl
    output: results/synth/regime=easy/d=10/num_cycles=4/density=0.5/samp_size=1000/seed=1/method=lacerda/metrics.csv
    jobid: 67
    reason: Missing output files: results/synth/regime=easy/d=10/num_cycles=4/density=0.5/samp_size=1000/seed=1/method=lacerda/metrics.csv; Input files updated by another job: results/synth/regime=easy/d=10/num_cycles=4/density=0.5/samp_size=1000/seed=1/method=lacerda/model.pkl
    wildcards: regime=easy, d=10, num_cycles=4, density=0.5, samp_size=1000, seed=1, method=lacerda
    resources: tmpdir=/tmp
Select jobs to execute...
[Wed Apr 29 11:41:11 2026]
Finished jobid: 175 (Rule: synth_evaluate)
388 of 435 steps (89%) done
Execute 1 jobs...
[Wed Apr 29 11:41:11 2026]
localrule synth_evaluate:
    input: results/synth/regime=easy/d=10/num_cycles=4/density=0.3/samp_size=1000/seed=0/dataset.npz, results/synth/regime=easy/d=10/num_cycles=4/density=0.3/samp_size=1000/seed=0/method=lacerda/model.pkl
    output: results/synth/regime=easy/d=10/num_cycles=4/density=0.3/samp_size=1000/seed=0/method=lacerda/metrics.csv
    jobid: 245
    reason: Missing output files: results/synth/regime=easy/d=10/num_cycles=4/density=0.3/samp_size=1000/seed=0/method=lacerda/metrics.csv; Input files updated by another job: results/synth/regime=easy/d=10/num_cycles=4/density=0.3/samp_size=1000/seed=0/method=lacerda/model.pkl
    wildcards: regime=easy, d=10, num_cycles=4, density=0.3, samp_size=1000, seed=0, method=lacerda
    resources: tmpdir=/tmp
Select jobs to execute...
[Wed Apr 29 11:41:12 2026]
Finished jobid: 238 (Rule: synth_fit)
389 of 435 steps (89%) done
Execute 1 jobs...
[Wed Apr 29 11:41:12 2026]
localrule synth_evaluate:
    input: results/synth/regime=easy/d=10/num_cycles=4/density=0.8/samp_size=500/seed=2/dataset.npz, results/synth/regime=easy/d=10/num_cycles=4/density=0.8/samp_size=500/seed=2/method=lacerda/model.pkl
    output: results/synth/regime=easy/d=10/num_cycles=4/density=0.8/samp_size=500/seed=2/method=lacerda/metrics.csv
    jobid: 423
    reason: Missing output files: results/synth/regime=easy/d=10/num_cycles=4/density=0.8/samp_size=500/seed=2/method=lacerda/metrics.csv; Input files updated by another job: results/synth/regime=easy/d=10/num_cycles=4/density=0.8/samp_size=500/seed=2/method=lacerda/model.pkl
    wildcards: regime=easy, d=10, num_cycles=4, density=0.8, samp_size=500, seed=2, method=lacerda
    resources: tmpdir=/tmp
Select jobs to execute...
[Wed Apr 29 11:41:12 2026]
Finished jobid: 184 (Rule: synth_fit)
390 of 435 steps (90%) done
Execute 1 jobs...
[Wed Apr 29 11:41:12 2026]
localrule synth_evaluate:
    input: results/synth/regime=easy/d=10/num_cycles=5/density=0.3/samp_size=500/seed=0/dataset.npz, results/synth/regime=easy/d=10/num_cycles=5/density=0.3/samp_size=500/seed=0/method=lacerda_prune/model.pkl
    output: results/synth/regime=easy/d=10/num_cycles=5/density=0.3/samp_size=500/seed=0/method=lacerda_prune/metrics.csv
    jobid: 350
    reason: Missing output files: results/synth/regime=easy/d=10/num_cycles=5/density=0.3/samp_size=500/seed=0/method=lacerda_prune/metrics.csv; Input files updated by another job: results/synth/regime=easy/d=10/num_cycles=5/density=0.3/samp_size=500/seed=0/method=lacerda_prune/model.pkl
    wildcards: regime=easy, d=10, num_cycles=5, density=0.3, samp_size=500, seed=0, method=lacerda_prune
    resources: tmpdir=/tmp
Select jobs to execute...
[Wed Apr 29 11:41:12 2026]
Finished jobid: 274 (Rule: synth_fit)
391 of 435 steps (90%) done
Execute 1 jobs...
[Wed Apr 29 11:41:12 2026]
localrule synth_evaluate:
    input: results/synth/regime=easy/d=10/num_cycles=3/density=0.3/samp_size=500/seed=0/dataset.npz, results/synth/regime=easy/d=10/num_cycles=3/density=0.3/samp_size=500/seed=0/method=lacerda/model.pkl
    output: results/synth/regime=easy/d=10/num_cycles=3/density=0.3/samp_size=500/seed=0/method=lacerda/metrics.csv
    jobid: 200
    reason: Missing output files: results/synth/regime=easy/d=10/num_cycles=3/density=0.3/samp_size=500/seed=0/method=lacerda/metrics.csv; Input files updated by another job: results/synth/regime=easy/d=10/num_cycles=3/density=0.3/samp_size=500/seed=0/method=lacerda/model.pkl
    wildcards: regime=easy, d=10, num_cycles=3, density=0.3, samp_size=500, seed=0, method=lacerda
    resources: tmpdir=/tmp
Select jobs to execute...
[Wed Apr 29 11:41:12 2026]
Finished jobid: 72 (Rule: synth_fit)
392 of 435 steps (90%) done
Execute 1 jobs...
[Wed Apr 29 11:41:12 2026]
localrule synth_evaluate:
    input: results/synth/regime=easy/d=10/num_cycles=5/density=0.5/samp_size=500/seed=1/dataset.npz, results/synth/regime=easy/d=10/num_cycles=5/density=0.5/samp_size=500/seed=1/method=lacerda_prune/model.pkl
    output: results/synth/regime=easy/d=10/num_cycles=5/density=0.5/samp_size=500/seed=1/method=lacerda_prune/metrics.csv
    jobid: 171
    reason: Missing output files: results/synth/regime=easy/d=10/num_cycles=5/density=0.5/samp_size=500/seed=1/method=lacerda_prune/metrics.csv; Input files updated by another job: results/synth/regime=easy/d=10/num_cycles=5/density=0.5/samp_size=500/seed=1/method=lacerda_prune/model.pkl
    wildcards: regime=easy, d=10, num_cycles=5, density=0.5, samp_size=500, seed=1, method=lacerda_prune
    resources: tmpdir=/tmp
Select jobs to execute...
[Wed Apr 29 11:41:12 2026]
Finished jobid: 155 (Rule: synth_evaluate)
393 of 435 steps (90%) done
Execute 1 jobs...
[Wed Apr 29 11:41:12 2026]
localrule synth_evaluate:
    input: results/synth/regime=easy/d=10/num_cycles=5/density=0.8/samp_size=100/seed=2/dataset.npz, results/synth/regime=easy/d=10/num_cycles=5/density=0.8/samp_size=100/seed=2/method=lacerda_prune/model.pkl
    output: results/synth/regime=easy/d=10/num_cycles=5/density=0.8/samp_size=100/seed=2/method=lacerda_prune/metrics.csv
    jobid: 529
    reason: Missing output files: results/synth/regime=easy/d=10/num_cycles=5/density=0.8/samp_size=100/seed=2/method=lacerda_prune/metrics.csv; Input files updated by another job: results/synth/regime=easy/d=10/num_cycles=5/density=0.8/samp_size=100/seed=2/method=lacerda_prune/model.pkl
    wildcards: regime=easy, d=10, num_cycles=5, density=0.8, samp_size=100, seed=2, method=lacerda_prune
    resources: tmpdir=/tmp
Select jobs to execute...
[Wed Apr 29 11:41:12 2026]
Finished jobid: 290 (Rule: synth_evaluate)
394 of 435 steps (91%) done
Execute 1 jobs...
[Wed Apr 29 11:41:12 2026]
localrule synth_fit:
    input: results/synth/regime=easy/d=10/num_cycles=4/density=0.3/samp_size=500/seed=1/dataset.npz
    output: results/synth/regime=easy/d=10/num_cycles=4/density=0.3/samp_size=500/seed=1/method=lacerda/model.pkl
    jobid: 241
    reason: Missing output files: results/synth/regime=easy/d=10/num_cycles=4/density=0.3/samp_size=500/seed=1/method=lacerda/model.pkl
    wildcards: regime=easy, d=10, num_cycles=4, density=0.3, samp_size=500, seed=1, method=lacerda
    resources: tmpdir=/tmp
Select jobs to execute...
[Wed Apr 29 11:41:12 2026]
Finished jobid: 67 (Rule: synth_evaluate)
395 of 435 steps (91%) done
Execute 1 jobs...
[Wed Apr 29 11:41:12 2026]
localrule synth_fit:
    input: results/synth/regime=easy/d=10/num_cycles=5/density=0.8/samp_size=50/seed=2/dataset.npz
    output: results/synth/regime=easy/d=10/num_cycles=5/density=0.8/samp_size=50/seed=2/method=lacerda_prune/model.pkl
    jobid: 524
    reason: Missing output files: results/synth/regime=easy/d=10/num_cycles=5/density=0.8/samp_size=50/seed=2/method=lacerda_prune/model.pkl
    wildcards: regime=easy, d=10, num_cycles=5, density=0.8, samp_size=50, seed=2, method=lacerda_prune
    resources: tmpdir=/tmp
Select jobs to execute...
[Wed Apr 29 11:41:12 2026]
Finished jobid: 245 (Rule: synth_evaluate)
396 of 435 steps (91%) done
Execute 1 jobs...
[Wed Apr 29 11:41:12 2026]
localrule synth_evaluate:
    input: results/synth/regime=easy/d=10/num_cycles=4/density=0.8/samp_size=50/seed=2/dataset.npz, results/synth/regime=easy/d=10/num_cycles=4/density=0.8/samp_size=50/seed=2/method=lacerda_prune/model.pkl
    output: results/synth/regime=easy/d=10/num_cycles=4/density=0.8/samp_size=50/seed=2/method=lacerda_prune/metrics.csv
    jobid: 499
    reason: Missing output files: results/synth/regime=easy/d=10/num_cycles=4/density=0.8/samp_size=50/seed=2/method=lacerda_prune/metrics.csv; Input files updated by another job: results/synth/regime=easy/d=10/num_cycles=4/density=0.8/samp_size=50/seed=2/method=lacerda_prune/model.pkl
    wildcards: regime=easy, d=10, num_cycles=4, density=0.8, samp_size=50, seed=2, method=lacerda_prune
    resources: tmpdir=/tmp
Select jobs to execute...
[Wed Apr 29 11:41:12 2026]
Finished jobid: 423 (Rule: synth_evaluate)
397 of 435 steps (91%) done
Execute 1 jobs...
[Wed Apr 29 11:41:12 2026]
localrule synth_evaluate:
    input: results/synth/regime=easy/d=10/num_cycles=3/density=0.8/samp_size=100/seed=1/dataset.npz, results/synth/regime=easy/d=10/num_cycles=3/density=0.8/samp_size=100/seed=1/method=lacerda/model.pkl
    output: results/synth/regime=easy/d=10/num_cycles=3/density=0.8/samp_size=100/seed=1/method=lacerda/metrics.csv
    jobid: 375
    reason: Missing output files: results/synth/regime=easy/d=10/num_cycles=3/density=0.8/samp_size=100/seed=1/method=lacerda/metrics.csv; Input files updated by another job: results/synth/regime=easy/d=10/num_cycles=3/density=0.8/samp_size=100/seed=1/method=lacerda/model.pkl
    wildcards: regime=easy, d=10, num_cycles=3, density=0.8, samp_size=100, seed=1, method=lacerda
    resources: tmpdir=/tmp
Select jobs to execute...
[Wed Apr 29 11:41:12 2026]
Finished jobid: 350 (Rule: synth_evaluate)
398 of 435 steps (91%) done
Execute 1 jobs...
[Wed Apr 29 11:41:12 2026]
localrule synth_evaluate:
    input: results/synth/regime=easy/d=10/num_cycles=5/density=0.5/samp_size=500/seed=0/dataset.npz, results/synth/regime=easy/d=10/num_cycles=5/density=0.5/samp_size=500/seed=0/method=lacerda_prune/model.pkl
    output: results/synth/regime=easy/d=10/num_cycles=5/density=0.5/samp_size=500/seed=0/method=lacerda_prune/metrics.csv
    jobid: 169
    reason: Missing output files: results/synth/regime=easy/d=10/num_cycles=5/density=0.5/samp_size=500/seed=0/method=lacerda_prune/metrics.csv; Input files updated by another job: results/synth/regime=easy/d=10/num_cycles=5/density=0.5/samp_size=500/seed=0/method=lacerda_prune/model.pkl
    wildcards: regime=easy, d=10, num_cycles=5, density=0.5, samp_size=500, seed=0, method=lacerda_prune
    resources: tmpdir=/tmp
Select jobs to execute...
[Wed Apr 29 11:41:12 2026]
Finished jobid: 200 (Rule: synth_evaluate)
399 of 435 steps (92%) done
Execute 1 jobs...
[Wed Apr 29 11:41:12 2026]
localrule synth_evaluate:
    input: results/synth/regime=easy/d=10/num_cycles=4/density=0.8/samp_size=500/seed=1/dataset.npz, results/synth/regime=easy/d=10/num_cycles=4/density=0.8/samp_size=500/seed=1/method=lacerda/model.pkl
    output: results/synth/regime=easy/d=10/num_cycles=4/density=0.8/samp_size=500/seed=1/method=lacerda/metrics.csv
    jobid: 420
    reason: Missing output files: results/synth/regime=easy/d=10/num_cycles=4/density=0.8/samp_size=500/seed=1/method=lacerda/metrics.csv; Input files updated by another job: results/synth/regime=easy/d=10/num_cycles=4/density=0.8/samp_size=500/seed=1/method=lacerda/model.pkl
    wildcards: regime=easy, d=10, num_cycles=4, density=0.8, samp_size=500, seed=1, method=lacerda
    resources: tmpdir=/tmp
Select jobs to execute...
[Wed Apr 29 11:41:12 2026]
Finished jobid: 171 (Rule: synth_evaluate)
400 of 435 steps (92%) done
Execute 1 jobs...
[Wed Apr 29 11:41:12 2026]
localrule synth_evaluate:
    input: results/synth/regime=easy/d=10/num_cycles=3/density=0.8/samp_size=50/seed=0/dataset.npz, results/synth/regime=easy/d=10/num_cycles=3/density=0.8/samp_size=50/seed=0/method=lacerda_prune/model.pkl
    output: results/synth/regime=easy/d=10/num_cycles=3/density=0.8/samp_size=50/seed=0/method=lacerda_prune/metrics.csv
    jobid: 471
    reason: Missing output files: results/synth/regime=easy/d=10/num_cycles=3/density=0.8/samp_size=50/seed=0/method=lacerda_prune/metrics.csv; Input files updated by another job: results/synth/regime=easy/d=10/num_cycles=3/density=0.8/samp_size=50/seed=0/method=lacerda_prune/model.pkl
    wildcards: regime=easy, d=10, num_cycles=3, density=0.8, samp_size=50, seed=0, method=lacerda_prune
    resources: tmpdir=/tmp
Select jobs to execute...
[Wed Apr 29 11:41:12 2026]
Finished jobid: 529 (Rule: synth_evaluate)
401 of 435 steps (92%) done
Execute 1 jobs...
[Wed Apr 29 11:41:12 2026]
localrule synth_evaluate:
    input: results/synth/regime=easy/d=10/num_cycles=4/density=0.5/samp_size=1000/seed=2/dataset.npz, results/synth/regime=easy/d=10/num_cycles=4/density=0.5/samp_size=1000/seed=2/method=lacerda/model.pkl
    output: results/synth/regime=easy/d=10/num_cycles=4/density=0.5/samp_size=1000/seed=2/method=lacerda/metrics.csv
    jobid: 70
    reason: Missing output files: results/synth/regime=easy/d=10/num_cycles=4/density=0.5/samp_size=1000/seed=2/method=lacerda/metrics.csv; Input files updated by another job: results/synth/regime=easy/d=10/num_cycles=4/density=0.5/samp_size=1000/seed=2/method=lacerda/model.pkl
    wildcards: regime=easy, d=10, num_cycles=4, density=0.5, samp_size=1000, seed=2, method=lacerda
    resources: tmpdir=/tmp
Select jobs to execute...
[Wed Apr 29 11:41:13 2026]
Finished jobid: 241 (Rule: synth_fit)
402 of 435 steps (92%) done
Execute 1 jobs...
[Wed Apr 29 11:41:13 2026]
localrule synth_fit:
    input: results/synth/regime=easy/d=10/num_cycles=3/density=0.5/samp_size=100/seed=2/dataset.npz
    output: results/synth/regime=easy/d=10/num_cycles=3/density=0.5/samp_size=100/seed=2/method=lacerda_prune/model.pkl
    jobid: 120
    reason: Missing output files: results/synth/regime=easy/d=10/num_cycles=3/density=0.5/samp_size=100/seed=2/method=lacerda_prune/model.pkl
    wildcards: regime=easy, d=10, num_cycles=3, density=0.5, samp_size=100, seed=2, method=lacerda_prune
    resources: tmpdir=/tmp
Select jobs to execute...
[Wed Apr 29 11:41:13 2026]
Finished jobid: 524 (Rule: synth_fit)
403 of 435 steps (93%) done
Execute 1 jobs...
[Wed Apr 29 11:41:13 2026]
localrule synth_evaluate:
    input: results/synth/regime=easy/d=10/num_cycles=5/density=0.3/samp_size=500/seed=0/dataset.npz, results/synth/regime=easy/d=10/num_cycles=5/density=0.3/samp_size=500/seed=0/method=lacerda/model.pkl
    output: results/synth/regime=easy/d=10/num_cycles=5/density=0.3/samp_size=500/seed=0/method=lacerda/metrics.csv
    jobid: 272
    reason: Missing output files: results/synth/regime=easy/d=10/num_cycles=5/density=0.3/samp_size=500/seed=0/method=lacerda/metrics.csv; Input files updated by another job: results/synth/regime=easy/d=10/num_cycles=5/density=0.3/samp_size=500/seed=0/method=lacerda/model.pkl
    wildcards: regime=easy, d=10, num_cycles=5, density=0.3, samp_size=500, seed=0, method=lacerda
    resources: tmpdir=/tmp
[Wed Apr 29 11:41:13 2026]
Finished jobid: 499 (Rule: synth_evaluate)
404 of 435 steps (93%) done
Select jobs to execute...
Execute 1 jobs...
[Wed Apr 29 11:41:13 2026]
localrule synth_evaluate:
    input: results/synth/regime=easy/d=10/num_cycles=3/density=0.3/samp_size=50/seed=0/dataset.npz, results/synth/regime=easy/d=10/num_cycles=3/density=0.3/samp_size=50/seed=0/method=lacerda/model.pkl
    output: results/synth/regime=easy/d=10/num_cycles=3/density=0.3/samp_size=50/seed=0/method=lacerda/metrics.csv
    jobid: 182
    reason: Missing output files: results/synth/regime=easy/d=10/num_cycles=3/density=0.3/samp_size=50/seed=0/method=lacerda/metrics.csv; Input files updated by another job: results/synth/regime=easy/d=10/num_cycles=3/density=0.3/samp_size=50/seed=0/method=lacerda/model.pkl
    wildcards: regime=easy, d=10, num_cycles=3, density=0.3, samp_size=50, seed=0, method=lacerda
    resources: tmpdir=/tmp
Select jobs to execute...
[Wed Apr 29 11:41:13 2026]
Finished jobid: 375 (Rule: synth_evaluate)
405 of 435 steps (93%) done
Execute 1 jobs...
[Wed Apr 29 11:41:13 2026]
localrule synth_evaluate:
    input: results/synth/regime=easy/d=10/num_cycles=5/density=0.8/samp_size=500/seed=0/dataset.npz, results/synth/regime=easy/d=10/num_cycles=5/density=0.8/samp_size=500/seed=0/method=lacerda_prune/model.pkl
    output: results/synth/regime=easy/d=10/num_cycles=5/density=0.8/samp_size=500/seed=0/method=lacerda_prune/metrics.csv
    jobid: 531
    reason: Missing output files: results/synth/regime=easy/d=10/num_cycles=5/density=0.8/samp_size=500/seed=0/method=lacerda_prune/metrics.csv; Input files updated by another job: results/synth/regime=easy/d=10/num_cycles=5/density=0.8/samp_size=500/seed=0/method=lacerda_prune/model.pkl
    wildcards: regime=easy, d=10, num_cycles=5, density=0.8, samp_size=500, seed=0, method=lacerda_prune
    resources: tmpdir=/tmp
Select jobs to execute...
[Wed Apr 29 11:41:13 2026]
Finished jobid: 169 (Rule: synth_evaluate)
406 of 435 steps (93%) done
Execute 1 jobs...
[Wed Apr 29 11:41:13 2026]
localrule synth_evaluate:
    input: results/synth/regime=easy/d=10/num_cycles=5/density=0.8/samp_size=50/seed=2/dataset.npz, results/synth/regime=easy/d=10/num_cycles=5/density=0.8/samp_size=50/seed=2/method=lacerda_prune/model.pkl
    output: results/synth/regime=easy/d=10/num_cycles=5/density=0.8/samp_size=50/seed=2/method=lacerda_prune/metrics.csv
    jobid: 523
    reason: Missing output files: results/synth/regime=easy/d=10/num_cycles=5/density=0.8/samp_size=50/seed=2/method=lacerda_prune/metrics.csv; Input files updated by another job: results/synth/regime=easy/d=10/num_cycles=5/density=0.8/samp_size=50/seed=2/method=lacerda_prune/model.pkl
    wildcards: regime=easy, d=10, num_cycles=5, density=0.8, samp_size=50, seed=2, method=lacerda_prune
    resources: tmpdir=/tmp
Select jobs to execute...
[Wed Apr 29 11:41:13 2026]
Finished jobid: 420 (Rule: synth_evaluate)
407 of 435 steps (94%) done
Execute 1 jobs...
[Wed Apr 29 11:41:13 2026]
localrule synth_evaluate:
    input: results/synth/regime=easy/d=10/num_cycles=4/density=0.5/samp_size=1000/seed=0/dataset.npz, results/synth/regime=easy/d=10/num_cycles=4/density=0.5/samp_size=1000/seed=0/method=lacerda/model.pkl
    output: results/synth/regime=easy/d=10/num_cycles=4/density=0.5/samp_size=1000/seed=0/method=lacerda/metrics.csv
    jobid: 64
    reason: Missing output files: results/synth/regime=easy/d=10/num_cycles=4/density=0.5/samp_size=1000/seed=0/method=lacerda/metrics.csv; Input files updated by another job: results/synth/regime=easy/d=10/num_cycles=4/density=0.5/samp_size=1000/seed=0/method=lacerda/model.pkl
    wildcards: regime=easy, d=10, num_cycles=4, density=0.5, samp_size=1000, seed=0, method=lacerda
    resources: tmpdir=/tmp
Select jobs to execute...
[Wed Apr 29 11:41:13 2026]
Finished jobid: 471 (Rule: synth_evaluate)
408 of 435 steps (94%) done
Execute 1 jobs...
[Wed Apr 29 11:41:13 2026]
localrule synth_evaluate:
    input: results/synth/regime=easy/d=10/num_cycles=5/density=0.8/samp_size=100/seed=1/dataset.npz, results/synth/regime=easy/d=10/num_cycles=5/density=0.8/samp_size=100/seed=1/method=lacerda_prune/model.pkl
    output: results/synth/regime=easy/d=10/num_cycles=5/density=0.8/samp_size=100/seed=1/method=lacerda_prune/metrics.csv
    jobid: 527
    reason: Missing output files: results/synth/regime=easy/d=10/num_cycles=5/density=0.8/samp_size=100/seed=1/method=lacerda_prune/metrics.csv; Input files updated by another job: results/synth/regime=easy/d=10/num_cycles=5/density=0.8/samp_size=100/seed=1/method=lacerda_prune/model.pkl
    wildcards: regime=easy, d=10, num_cycles=5, density=0.8, samp_size=100, seed=1, method=lacerda_prune
    resources: tmpdir=/tmp
Select jobs to execute...
[Wed Apr 29 11:41:13 2026]
Finished jobid: 70 (Rule: synth_evaluate)
409 of 435 steps (94%) done
Execute 1 jobs...
[Wed Apr 29 11:41:13 2026]
localrule synth_fit:
    input: results/synth/regime=easy/d=10/num_cycles=4/density=0.5/samp_size=500/seed=1/dataset.npz
    output: results/synth/regime=easy/d=10/num_cycles=4/density=0.5/samp_size=500/seed=1/method=lacerda/model.pkl
    jobid: 60
    reason: Missing output files: results/synth/regime=easy/d=10/num_cycles=4/density=0.5/samp_size=500/seed=1/method=lacerda/model.pkl
    wildcards: regime=easy, d=10, num_cycles=4, density=0.5, samp_size=500, seed=1, method=lacerda
    resources: tmpdir=/tmp
Select jobs to execute...
[Wed Apr 29 11:41:13 2026]
Finished jobid: 272 (Rule: synth_evaluate)
410 of 435 steps (94%) done
Execute 1 jobs...
[Wed Apr 29 11:41:13 2026]
localrule synth_evaluate:
    input: results/synth/regime=easy/d=10/num_cycles=5/density=0.5/samp_size=500/seed=2/dataset.npz, results/synth/regime=easy/d=10/num_cycles=5/density=0.5/samp_size=500/seed=2/method=lacerda_prune/model.pkl
    output: results/synth/regime=easy/d=10/num_cycles=5/density=0.5/samp_size=500/seed=2/method=lacerda_prune/metrics.csv
    jobid: 173
    reason: Missing output files: results/synth/regime=easy/d=10/num_cycles=5/density=0.5/samp_size=500/seed=2/method=lacerda_prune/metrics.csv; Input files updated by another job: results/synth/regime=easy/d=10/num_cycles=5/density=0.5/samp_size=500/seed=2/method=lacerda_prune/model.pkl
    wildcards: regime=easy, d=10, num_cycles=5, density=0.5, samp_size=500, seed=2, method=lacerda_prune
    resources: tmpdir=/tmp
[Wed Apr 29 11:41:13 2026]
Finished jobid: 182 (Rule: synth_evaluate)
411 of 435 steps (94%) done
Select jobs to execute...
Execute 1 jobs...
[Wed Apr 29 11:41:13 2026]
localrule synth_fit:
    input: results/synth/regime=easy/d=10/num_cycles=5/density=0.8/samp_size=100/seed=0/dataset.npz
    output: results/synth/regime=easy/d=10/num_cycles=5/density=0.8/samp_size=100/seed=0/method=lacerda_prune/model.pkl
    jobid: 526
    reason: Missing output files: results/synth/regime=easy/d=10/num_cycles=5/density=0.8/samp_size=100/seed=0/method=lacerda_prune/model.pkl
    wildcards: regime=easy, d=10, num_cycles=5, density=0.8, samp_size=100, seed=0, method=lacerda_prune
    resources: tmpdir=/tmp
Select jobs to execute...
[Wed Apr 29 11:41:13 2026]
Finished jobid: 531 (Rule: synth_evaluate)
412 of 435 steps (95%) done
Execute 1 jobs...
[Wed Apr 29 11:41:13 2026]
localrule synth_evaluate:
    input: results/synth/regime=easy/d=10/num_cycles=5/density=0.3/samp_size=500/seed=1/dataset.npz, results/synth/regime=easy/d=10/num_cycles=5/density=0.3/samp_size=500/seed=1/method=lacerda_prune/model.pkl
    output: results/synth/regime=easy/d=10/num_cycles=5/density=0.3/samp_size=500/seed=1/method=lacerda_prune/metrics.csv
    jobid: 352
    reason: Missing output files: results/synth/regime=easy/d=10/num_cycles=5/density=0.3/samp_size=500/seed=1/method=lacerda_prune/metrics.csv; Input files updated by another job: results/synth/regime=easy/d=10/num_cycles=5/density=0.3/samp_size=500/seed=1/method=lacerda_prune/model.pkl
    wildcards: regime=easy, d=10, num_cycles=5, density=0.3, samp_size=500, seed=1, method=lacerda_prune
    resources: tmpdir=/tmp
Select jobs to execute...
[Wed Apr 29 11:41:13 2026]
Finished jobid: 523 (Rule: synth_evaluate)
413 of 435 steps (95%) done
Execute 1 jobs...
[Wed Apr 29 11:41:13 2026]
localrule synth_evaluate:
    input: results/synth/regime=easy/d=10/num_cycles=4/density=0.3/samp_size=1000/seed=1/dataset.npz, results/synth/regime=easy/d=10/num_cycles=4/density=0.3/samp_size=1000/seed=1/method=lacerda/model.pkl
    output: results/synth/regime=easy/d=10/num_cycles=4/density=0.3/samp_size=1000/seed=1/method=lacerda/metrics.csv
    jobid: 248
    reason: Missing output files: results/synth/regime=easy/d=10/num_cycles=4/density=0.3/samp_size=1000/seed=1/method=lacerda/metrics.csv; Input files updated by another job: results/synth/regime=easy/d=10/num_cycles=4/density=0.3/samp_size=1000/seed=1/method=lacerda/model.pkl
    wildcards: regime=easy, d=10, num_cycles=4, density=0.3, samp_size=1000, seed=1, method=lacerda
    resources: tmpdir=/tmp
Select jobs to execute...
[Wed Apr 29 11:41:13 2026]
Finished jobid: 64 (Rule: synth_evaluate)
414 of 435 steps (95%) done
Execute 1 jobs...
[Wed Apr 29 11:41:13 2026]
localrule synth_evaluate:
    input: results/synth/regime=easy/d=10/num_cycles=3/density=0.3/samp_size=100/seed=2/dataset.npz, results/synth/regime=easy/d=10/num_cycles=3/density=0.3/samp_size=100/seed=2/method=lacerda/model.pkl
    output: results/synth/regime=easy/d=10/num_cycles=3/density=0.3/samp_size=100/seed=2/method=lacerda/metrics.csv
    jobid: 197
    reason: Missing output files: results/synth/regime=easy/d=10/num_cycles=3/density=0.3/samp_size=100/seed=2/method=lacerda/metrics.csv; Input files updated by another job: results/synth/regime=easy/d=10/num_cycles=3/density=0.3/samp_size=100/seed=2/method=lacerda/model.pkl
    wildcards: regime=easy, d=10, num_cycles=3, density=0.3, samp_size=100, seed=2, method=lacerda
    resources: tmpdir=/tmp
Select jobs to execute...
[Wed Apr 29 11:41:13 2026]
Finished jobid: 527 (Rule: synth_evaluate)
415 of 435 steps (95%) done
Execute 1 jobs...
[Wed Apr 29 11:41:13 2026]
localrule synth_evaluate:
    input: results/synth/regime=easy/d=10/num_cycles=4/density=0.3/samp_size=500/seed=2/dataset.npz, results/synth/regime=easy/d=10/num_cycles=4/density=0.3/samp_size=500/seed=2/method=lacerda/model.pkl
    output: results/synth/regime=easy/d=10/num_cycles=4/density=0.3/samp_size=500/seed=2/method=lacerda/metrics.csv
    jobid: 242
    reason: Missing output files: results/synth/regime=easy/d=10/num_cycles=4/density=0.3/samp_size=500/seed=2/method=lacerda/metrics.csv; Input files updated by another job: results/synth/regime=easy/d=10/num_cycles=4/density=0.3/samp_size=500/seed=2/method=lacerda/model.pkl
    wildcards: regime=easy, d=10, num_cycles=4, density=0.3, samp_size=500, seed=2, method=lacerda
    resources: tmpdir=/tmp
Select jobs to execute...
[Wed Apr 29 11:41:14 2026]
Finished jobid: 60 (Rule: synth_fit)
416 of 435 steps (96%) done
Execute 1 jobs...
[Wed Apr 29 11:41:14 2026]
localrule synth_evaluate:
    input: results/synth/regime=easy/d=10/num_cycles=5/density=0.3/samp_size=1000/seed=2/dataset.npz, results/synth/regime=easy/d=10/num_cycles=5/density=0.3/samp_size=1000/seed=2/method=lacerda/model.pkl
    output: results/synth/regime=easy/d=10/num_cycles=5/density=0.3/samp_size=1000/seed=2/method=lacerda/metrics.csv
    jobid: 287
    reason: Missing output files: results/synth/regime=easy/d=10/num_cycles=5/density=0.3/samp_size=1000/seed=2/method=lacerda/metrics.csv; Input files updated by another job: results/synth/regime=easy/d=10/num_cycles=5/density=0.3/samp_size=1000/seed=2/method=lacerda/model.pkl
    wildcards: regime=easy, d=10, num_cycles=5, density=0.3, samp_size=1000, seed=2, method=lacerda
    resources: tmpdir=/tmp
Select jobs to execute...
[Wed Apr 29 11:41:14 2026]
Finished jobid: 120 (Rule: synth_fit)
417 of 435 steps (96%) done
Execute 1 jobs...
[Wed Apr 29 11:41:14 2026]
localrule synth_evaluate:
    input: results/synth/regime=easy/d=10/num_cycles=4/density=0.3/samp_size=500/seed=0/dataset.npz, results/synth/regime=easy/d=10/num_cycles=4/density=0.3/samp_size=500/seed=0/method=lacerda/model.pkl
    output: results/synth/regime=easy/d=10/num_cycles=4/density=0.3/samp_size=500/seed=0/method=lacerda/metrics.csv
    jobid: 236
    reason: Missing output files: results/synth/regime=easy/d=10/num_cycles=4/density=0.3/samp_size=500/seed=0/method=lacerda/metrics.csv; Input files updated by another job: results/synth/regime=easy/d=10/num_cycles=4/density=0.3/samp_size=500/seed=0/method=lacerda/model.pkl
    wildcards: regime=easy, d=10, num_cycles=4, density=0.3, samp_size=500, seed=0, method=lacerda
    resources: tmpdir=/tmp
Select jobs to execute...
[Wed Apr 29 11:41:14 2026]
Finished jobid: 173 (Rule: synth_evaluate)
418 of 435 steps (96%) done
Execute 1 jobs...
[Wed Apr 29 11:41:14 2026]
localrule synth_evaluate:
    input: results/synth/regime=easy/d=10/num_cycles=4/density=0.5/samp_size=500/seed=1/dataset.npz, results/synth/regime=easy/d=10/num_cycles=4/density=0.5/samp_size=500/seed=1/method=lacerda/model.pkl
    output: results/synth/regime=easy/d=10/num_cycles=4/density=0.5/samp_size=500/seed=1/method=lacerda/metrics.csv
    jobid: 58
    reason: Missing output files: results/synth/regime=easy/d=10/num_cycles=4/density=0.5/samp_size=500/seed=1/method=lacerda/metrics.csv; Input files updated by another job: results/synth/regime=easy/d=10/num_cycles=4/density=0.5/samp_size=500/seed=1/method=lacerda/model.pkl
    wildcards: regime=easy, d=10, num_cycles=4, density=0.5, samp_size=500, seed=1, method=lacerda
    resources: tmpdir=/tmp
Select jobs to execute...
[Wed Apr 29 11:41:14 2026]
Finished jobid: 352 (Rule: synth_evaluate)
419 of 435 steps (96%) done
Execute 1 jobs...
[Wed Apr 29 11:41:14 2026]
localrule synth_evaluate:
    input: results/synth/regime=easy/d=10/num_cycles=3/density=0.5/samp_size=100/seed=2/dataset.npz, results/synth/regime=easy/d=10/num_cycles=3/density=0.5/samp_size=100/seed=2/method=lacerda_prune/model.pkl
    output: results/synth/regime=easy/d=10/num_cycles=3/density=0.5/samp_size=100/seed=2/method=lacerda_prune/metrics.csv
    jobid: 119
    reason: Missing output files: results/synth/regime=easy/d=10/num_cycles=3/density=0.5/samp_size=100/seed=2/method=lacerda_prune/metrics.csv; Input files updated by another job: results/synth/regime=easy/d=10/num_cycles=3/density=0.5/samp_size=100/seed=2/method=lacerda_prune/model.pkl
    wildcards: regime=easy, d=10, num_cycles=3, density=0.5, samp_size=100, seed=2, method=lacerda_prune
    resources: tmpdir=/tmp
[Wed Apr 29 11:41:14 2026]
Finished jobid: 526 (Rule: synth_fit)
420 of 435 steps (97%) done
Select jobs to execute...
Execute 1 jobs...
[Wed Apr 29 11:41:14 2026]
localrule synth_fit:
    input: results/synth/regime=easy/d=10/num_cycles=5/density=0.3/samp_size=50/seed=1/dataset.npz
    output: results/synth/regime=easy/d=10/num_cycles=5/density=0.3/samp_size=50/seed=1/method=lacerda_prune/model.pkl
    jobid: 341
    reason: Missing output files: results/synth/regime=easy/d=10/num_cycles=5/density=0.3/samp_size=50/seed=1/method=lacerda_prune/model.pkl
    wildcards: regime=easy, d=10, num_cycles=5, density=0.3, samp_size=50, seed=1, method=lacerda_prune
    resources: tmpdir=/tmp
Select jobs to execute...
[Wed Apr 29 11:41:14 2026]
Finished jobid: 248 (Rule: synth_evaluate)
421 of 435 steps (97%) done
Execute 1 jobs...
[Wed Apr 29 11:41:14 2026]
localrule synth_evaluate:
    input: results/synth/regime=easy/d=10/num_cycles=5/density=0.8/samp_size=100/seed=0/dataset.npz, results/synth/regime=easy/d=10/num_cycles=5/density=0.8/samp_size=100/seed=0/method=lacerda_prune/model.pkl
    output: results/synth/regime=easy/d=10/num_cycles=5/density=0.8/samp_size=100/seed=0/method=lacerda_prune/metrics.csv
    jobid: 525
    reason: Missing output files: results/synth/regime=easy/d=10/num_cycles=5/density=0.8/samp_size=100/seed=0/method=lacerda_prune/metrics.csv; Input files updated by another job: results/synth/regime=easy/d=10/num_cycles=5/density=0.8/samp_size=100/seed=0/method=lacerda_prune/model.pkl
    wildcards: regime=easy, d=10, num_cycles=5, density=0.8, samp_size=100, seed=0, method=lacerda_prune
    resources: tmpdir=/tmp
Select jobs to execute...
[Wed Apr 29 11:41:14 2026]
Finished jobid: 242 (Rule: synth_evaluate)
422 of 435 steps (97%) done
Execute 1 jobs...
[Wed Apr 29 11:41:14 2026]
localrule synth_evaluate:
    input: results/synth/regime=easy/d=10/num_cycles=5/density=0.5/samp_size=1000/seed=2/dataset.npz, results/synth/regime=easy/d=10/num_cycles=5/density=0.5/samp_size=1000/seed=2/method=lacerda_prune/model.pkl
    output: results/synth/regime=easy/d=10/num_cycles=5/density=0.5/samp_size=1000/seed=2/method=lacerda_prune/metrics.csv
    jobid: 179
    reason: Missing output files: results/synth/regime=easy/d=10/num_cycles=5/density=0.5/samp_size=1000/seed=2/method=lacerda_prune/metrics.csv; Input files updated by another job: results/synth/regime=easy/d=10/num_cycles=5/density=0.5/samp_size=1000/seed=2/method=lacerda_prune/model.pkl
    wildcards: regime=easy, d=10, num_cycles=5, density=0.5, samp_size=1000, seed=2, method=lacerda_prune
    resources: tmpdir=/tmp
[Wed Apr 29 11:41:14 2026]
Finished jobid: 197 (Rule: synth_evaluate)
423 of 435 steps (97%) done
Select jobs to execute...
Execute 1 jobs...
[Wed Apr 29 11:41:14 2026]
localrule synth_evaluate:
    input: results/synth/regime=easy/d=10/num_cycles=4/density=0.3/samp_size=500/seed=1/dataset.npz, results/synth/regime=easy/d=10/num_cycles=4/density=0.3/samp_size=500/seed=1/method=lacerda/model.pkl
    output: results/synth/regime=easy/d=10/num_cycles=4/density=0.3/samp_size=500/seed=1/method=lacerda/metrics.csv
    jobid: 239
    reason: Missing output files: results/synth/regime=easy/d=10/num_cycles=4/density=0.3/samp_size=500/seed=1/method=lacerda/metrics.csv; Input files updated by another job: results/synth/regime=easy/d=10/num_cycles=4/density=0.3/samp_size=500/seed=1/method=lacerda/model.pkl
    wildcards: regime=easy, d=10, num_cycles=4, density=0.3, samp_size=500, seed=1, method=lacerda
    resources: tmpdir=/tmp
[Wed Apr 29 11:41:14 2026]
Finished jobid: 287 (Rule: synth_evaluate)
424 of 435 steps (97%) done
[Wed Apr 29 11:41:14 2026]
Finished jobid: 236 (Rule: synth_evaluate)
425 of 435 steps (98%) done
[Wed Apr 29 11:41:14 2026]
Finished jobid: 58 (Rule: synth_evaluate)
426 of 435 steps (98%) done
[Wed Apr 29 11:41:14 2026]
Finished jobid: 119 (Rule: synth_evaluate)
427 of 435 steps (98%) done
[Wed Apr 29 11:41:15 2026]
Finished jobid: 341 (Rule: synth_fit)
428 of 435 steps (98%) done
Select jobs to execute...
Execute 1 jobs...
[Wed Apr 29 11:41:15 2026]
localrule synth_evaluate:
    input: results/synth/regime=easy/d=10/num_cycles=5/density=0.3/samp_size=50/seed=1/dataset.npz, results/synth/regime=easy/d=10/num_cycles=5/density=0.3/samp_size=50/seed=1/method=lacerda_prune/model.pkl
    output: results/synth/regime=easy/d=10/num_cycles=5/density=0.3/samp_size=50/seed=1/method=lacerda_prune/metrics.csv
    jobid: 340
    reason: Missing output files: results/synth/regime=easy/d=10/num_cycles=5/density=0.3/samp_size=50/seed=1/method=lacerda_prune/metrics.csv; Input files updated by another job: results/synth/regime=easy/d=10/num_cycles=5/density=0.3/samp_size=50/seed=1/method=lacerda_prune/model.pkl
    wildcards: regime=easy, d=10, num_cycles=5, density=0.3, samp_size=50, seed=1, method=lacerda_prune
    resources: tmpdir=/tmp
[Wed Apr 29 11:41:15 2026]
Finished jobid: 525 (Rule: synth_evaluate)
429 of 435 steps (99%) done
Select jobs to execute...
Execute 1 jobs...
[Wed Apr 29 11:41:15 2026]
localrule synth_plot:
    input: results/synth/regime=easy/d=10/num_cycles=3/density=0.8/samp_size=50/seed=0/method=lacerda/metrics.csv, results/synth/regime=easy/d=10/num_cycles=3/density=0.8/samp_size=50/seed=1/method=lacerda/metrics.csv, results/synth/regime=easy/d=10/num_cycles=3/density=0.8/samp_size=50/seed=2/method=lacerda/metrics.csv, results/synth/regime=easy/d=10/num_cycles=3/density=0.8/samp_size=100/seed=0/method=lacerda/metrics.csv, results/synth/regime=easy/d=10/num_cycles=3/density=0.8/samp_size=100/seed=1/method=lacerda/metrics.csv, results/synth/regime=easy/d=10/num_cycles=3/density=0.8/samp_size=100/seed=2/method=lacerda/metrics.csv, results/synth/regime=easy/d=10/num_cycles=3/density=0.8/samp_size=500/seed=0/method=lacerda/metrics.csv, results/synth/regime=easy/d=10/num_cycles=3/density=0.8/samp_size=500/seed=1/method=lacerda/metrics.csv, results/synth/regime=easy/d=10/num_cycles=3/density=0.8/samp_size=500/seed=2/method=lacerda/metrics.csv, results/synth/regime=easy/d=10/num_cycles=3/density=0.8/samp_size=1000/seed=0/method=lacerda/metrics.csv, results/synth/regime=easy/d=10/num_cycles=3/density=0.8/samp_size=1000/seed=1/method=lacerda/metrics.csv, results/synth/regime=easy/d=10/num_cycles=3/density=0.8/samp_size=1000/seed=2/method=lacerda/metrics.csv, results/synth/regime=easy/d=10/num_cycles=4/density=0.8/samp_size=50/seed=0/method=lacerda/metrics.csv, results/synth/regime=easy/d=10/num_cycles=4/density=0.8/samp_size=50/seed=1/method=lacerda/metrics.csv, results/synth/regime=easy/d=10/num_cycles=4/density=0.8/samp_size=50/seed=2/method=lacerda/metrics.csv, results/synth/regime=easy/d=10/num_cycles=4/density=0.8/samp_size=100/seed=0/method=lacerda/metrics.csv, results/synth/regime=easy/d=10/num_cycles=4/density=0.8/samp_size=100/seed=1/method=lacerda/metrics.csv, results/synth/regime=easy/d=10/num_cycles=4/density=0.8/samp_size=100/seed=2/method=lacerda/metrics.csv, results/synth/regime=easy/d=10/num_cycles=4/density=0.8/samp_size=500/seed=0/method=lacerda/metrics.csv, results/synth/regime=easy/d=10/num_cycles=4/density=0.8/samp_size=500/seed=1/method=lacerda/metrics.csv, results/synth/regime=easy/d=10/num_cycles=4/density=0.8/samp_size=500/seed=2/method=lacerda/metrics.csv, results/synth/regime=easy/d=10/num_cycles=4/density=0.8/samp_size=1000/seed=0/method=lacerda/metrics.csv, results/synth/regime=easy/d=10/num_cycles=4/density=0.8/samp_size=1000/seed=1/method=lacerda/metrics.csv, results/synth/regime=easy/d=10/num_cycles=4/density=0.8/samp_size=1000/seed=2/method=lacerda/metrics.csv, results/synth/regime=easy/d=10/num_cycles=5/density=0.8/samp_size=50/seed=0/method=lacerda/metrics.csv, results/synth/regime=easy/d=10/num_cycles=5/density=0.8/samp_size=50/seed=1/method=lacerda/metrics.csv, results/synth/regime=easy/d=10/num_cycles=5/density=0.8/samp_size=50/seed=2/method=lacerda/metrics.csv, results/synth/regime=easy/d=10/num_cycles=5/density=0.8/samp_size=100/seed=0/method=lacerda/metrics.csv, results/synth/regime=easy/d=10/num_cycles=5/density=0.8/samp_size=100/seed=1/method=lacerda/metrics.csv, results/synth/regime=easy/d=10/num_cycles=5/density=0.8/samp_size=100/seed=2/method=lacerda/metrics.csv, results/synth/regime=easy/d=10/num_cycles=5/density=0.8/samp_size=500/seed=0/method=lacerda/metrics.csv, results/synth/regime=easy/d=10/num_cycles=5/density=0.8/samp_size=500/seed=1/method=lacerda/metrics.csv, results/synth/regime=easy/d=10/num_cycles=5/density=0.8/samp_size=500/seed=2/method=lacerda/metrics.csv, results/synth/regime=easy/d=10/num_cycles=5/density=0.8/samp_size=1000/seed=0/method=lacerda/metrics.csv, results/synth/regime=easy/d=10/num_cycles=5/density=0.8/samp_size=1000/seed=1/method=lacerda/metrics.csv, results/synth/regime=easy/d=10/num_cycles=5/density=0.8/samp_size=1000/seed=2/method=lacerda/metrics.csv, results/synth/regime=easy/d=10/num_cycles=3/density=0.8/samp_size=50/seed=0/method=lacerda_prune/metrics.csv, results/synth/regime=easy/d=10/num_cycles=3/density=0.8/samp_size=50/seed=1/method=lacerda_prune/metrics.csv, results/synth/regime=easy/d=10/num_cycles=3/density=0.8/samp_size=50/seed=2/method=lacerda_prune/metrics.csv, results/synth/regime=easy/d=10/num_cycles=3/density=0.8/samp_size=100/seed=0/method=lacerda_prune/metrics.csv, results/synth/regime=easy/d=10/num_cycles=3/density=0.8/samp_size=100/seed=1/method=lacerda_prune/metrics.csv, results/synth/regime=easy/d=10/num_cycles=3/density=0.8/samp_size=100/seed=2/method=lacerda_prune/metrics.csv, results/synth/regime=easy/d=10/num_cycles=3/density=0.8/samp_size=500/seed=0/method=lacerda_prune/metrics.csv, results/synth/regime=easy/d=10/num_cycles=3/density=0.8/samp_size=500/seed=1/method=lacerda_prune/metrics.csv, results/synth/regime=easy/d=10/num_cycles=3/density=0.8/samp_size=500/seed=2/method=lacerda_prune/metrics.csv, results/synth/regime=easy/d=10/num_cycles=3/density=0.8/samp_size=1000/seed=0/method=lacerda_prune/metrics.csv, results/synth/regime=easy/d=10/num_cycles=3/density=0.8/samp_size=1000/seed=1/method=lacerda_prune/metrics.csv, results/synth/regime=easy/d=10/num_cycles=3/density=0.8/samp_size=1000/seed=2/method=lacerda_prune/metrics.csv, results/synth/regime=easy/d=10/num_cycles=4/density=0.8/samp_size=50/seed=0/method=lacerda_prune/metrics.csv, results/synth/regime=easy/d=10/num_cycles=4/density=0.8/samp_size=50/seed=1/method=lacerda_prune/metrics.csv, results/synth/regime=easy/d=10/num_cycles=4/density=0.8/samp_size=50/seed=2/method=lacerda_prune/metrics.csv, results/synth/regime=easy/d=10/num_cycles=4/density=0.8/samp_size=100/seed=0/method=lacerda_prune/metrics.csv, results/synth/regime=easy/d=10/num_cycles=4/density=0.8/samp_size=100/seed=1/method=lacerda_prune/metrics.csv, results/synth/regime=easy/d=10/num_cycles=4/density=0.8/samp_size=100/seed=2/method=lacerda_prune/metrics.csv, results/synth/regime=easy/d=10/num_cycles=4/density=0.8/samp_size=500/seed=0/method=lacerda_prune/metrics.csv, results/synth/regime=easy/d=10/num_cycles=4/density=0.8/samp_size=500/seed=1/method=lacerda_prune/metrics.csv, results/synth/regime=easy/d=10/num_cycles=4/density=0.8/samp_size=500/seed=2/method=lacerda_prune/metrics.csv, results/synth/regime=easy/d=10/num_cycles=4/density=0.8/samp_size=1000/seed=0/method=lacerda_prune/metrics.csv, results/synth/regime=easy/d=10/num_cycles=4/density=0.8/samp_size=1000/seed=1/method=lacerda_prune/metrics.csv, results/synth/regime=easy/d=10/num_cycles=4/density=0.8/samp_size=1000/seed=2/method=lacerda_prune/metrics.csv, results/synth/regime=easy/d=10/num_cycles=5/density=0.8/samp_size=50/seed=0/method=lacerda_prune/metrics.csv, results/synth/regime=easy/d=10/num_cycles=5/density=0.8/samp_size=50/seed=1/method=lacerda_prune/metrics.csv, results/synth/regime=easy/d=10/num_cycles=5/density=0.8/samp_size=50/seed=2/method=lacerda_prune/metrics.csv, results/synth/regime=easy/d=10/num_cycles=5/density=0.8/samp_size=100/seed=0/method=lacerda_prune/metrics.csv, results/synth/regime=easy/d=10/num_cycles=5/density=0.8/samp_size=100/seed=1/method=lacerda_prune/metrics.csv, results/synth/regime=easy/d=10/num_cycles=5/density=0.8/samp_size=100/seed=2/method=lacerda_prune/metrics.csv, results/synth/regime=easy/d=10/num_cycles=5/density=0.8/samp_size=500/seed=0/method=lacerda_prune/metrics.csv, results/synth/regime=easy/d=10/num_cycles=5/density=0.8/samp_size=500/seed=1/method=lacerda_prune/metrics.csv, results/synth/regime=easy/d=10/num_cycles=5/density=0.8/samp_size=500/seed=2/method=lacerda_prune/metrics.csv, results/synth/regime=easy/d=10/num_cycles=5/density=0.8/samp_size=1000/seed=0/method=lacerda_prune/metrics.csv, results/synth/regime=easy/d=10/num_cycles=5/density=0.8/samp_size=1000/seed=1/method=lacerda_prune/metrics.csv, results/synth/regime=easy/d=10/num_cycles=5/density=0.8/samp_size=1000/seed=2/method=lacerda_prune/metrics.csv
    output: results/synth_main_regime=easy_density=0.8.pdf
    jobid: 362
    reason: Missing output files: results/synth_main_regime=easy_density=0.8.pdf; Input files updated by another job: results/synth/regime=easy/d=10/num_cycles=4/density=0.8/samp_size=1000/seed=1/method=lacerda_prune/metrics.csv, results/synth/regime=easy/d=10/num_cycles=4/density=0.8/samp_size=50/seed=0/method=lacerda_prune/metrics.csv, results/synth/regime=easy/d=10/num_cycles=5/density=0.8/samp_size=500/seed=2/method=lacerda/metrics.csv, results/synth/regime=easy/d=10/num_cycles=3/density=0.8/samp_size=50/seed=1/method=lacerda_prune/metrics.csv, results/synth/regime=easy/d=10/num_cycles=5/density=0.8/samp_size=50/seed=1/method=lacerda/metrics.csv, results/synth/regime=easy/d=10/num_cycles=4/density=0.8/samp_size=50/seed=1/method=lacerda/metrics.csv, results/synth/regime=easy/d=10/num_cycles=4/density=0.8/samp_size=100/seed=0/method=lacerda/metrics.csv, results/synth/regime=easy/d=10/num_cycles=5/density=0.8/samp_size=100/seed=1/method=lacerda_prune/metrics.csv, results/synth/regime=easy/d=10/num_cycles=3/density=0.8/samp_size=50/seed=1/method=lacerda/metrics.csv, results/synth/regime=easy/d=10/num_cycles=3/density=0.8/samp_size=1000/seed=2/method=lacerda/metrics.csv, results/synth/regime=easy/d=10/num_cycles=5/density=0.8/samp_size=50/seed=0/method=lacerda/metrics.csv, results/synth/regime=easy/d=10/num_cycles=5/density=0.8/samp_size=500/seed=0/method=lacerda/metrics.csv, results/synth/regime=easy/d=10/num_cycles=3/density=0.8/samp_size=100/seed=0/method=lacerda_prune/metrics.csv, results/synth/regime=easy/d=10/num_cycles=5/density=0.8/samp_size=50/seed=2/method=lacerda/metrics.csv, results/synth/regime=easy/d=10/num_cycles=3/density=0.8/samp_size=1000/seed=1/method=lacerda_prune/metrics.csv, results/synth/regime=easy/d=10/num_cycles=5/density=0.8/samp_size=100/seed=0/method=lacerda_prune/metrics.csv, results/synth/regime=easy/d=10/num_cycles=3/density=0.8/samp_size=500/seed=1/method=lacerda/metrics.csv, results/synth/regime=easy/d=10/num_cycles=3/density=0.8/samp_size=50/seed=2/method=lacerda/metrics.csv, results/synth/regime=easy/d=10/num_cycles=3/density=0.8/samp_size=500/seed=0/method=lacerda_prune/metrics.csv, results/synth/regime=easy/d=10/num_cycles=4/density=0.8/samp_size=100/seed=1/method=lacerda/metrics.csv, results/synth/regime=easy/d=10/num_cycles=4/density=0.8/samp_size=500/seed=2/method=lacerda_prune/metrics.csv, results/synth/regime=easy/d=10/num_cycles=5/density=0.8/samp_size=50/seed=2/method=lacerda_prune/metrics.csv, results/synth/regime=easy/d=10/num_cycles=4/density=0.8/samp_size=1000/seed=0/method=lacerda/metrics.csv, results/synth/regime=easy/d=10/num_cycles=3/density=0.8/samp_size=500/seed=2/method=lacerda/metrics.csv, results/synth/regime=easy/d=10/num_cycles=4/density=0.8/samp_size=500/seed=0/method=lacerda/metrics.csv, results/synth/regime=easy/d=10/num_cycles=3/density=0.8/samp_size=1000/seed=1/method=lacerda/metrics.csv, results/synth/regime=easy/d=10/num_cycles=4/density=0.8/samp_size=50/seed=0/method=lacerda/metrics.csv, results/synth/regime=easy/d=10/num_cycles=4/density=0.8/samp_size=100/seed=0/method=lacerda_prune/metrics.csv, results/synth/regime=easy/d=10/num_cycles=5/density=0.8/samp_size=50/seed=0/method=lacerda_prune/metrics.csv, results/synth/regime=easy/d=10/num_cycles=3/density=0.8/samp_size=50/seed=0/method=lacerda/metrics.csv, results/synth/regime=easy/d=10/num_cycles=5/density=0.8/samp_size=100/seed=2/method=lacerda_prune/metrics.csv, results/synth/regime=easy/d=10/num_cycles=5/density=0.8/samp_size=1000/seed=1/method=lacerda_prune/metrics.csv, results/synth/regime=easy/d=10/num_cycles=3/density=0.8/samp_size=500/seed=2/method=lacerda_prune/metrics.csv, results/synth/regime=easy/d=10/num_cycles=5/density=0.8/samp_size=100/seed=1/method=lacerda/metrics.csv, results/synth/regime=easy/d=10/num_cycles=5/density=0.8/samp_size=1000/seed=0/method=lacerda/metrics.csv, results/synth/regime=easy/d=10/num_cycles=5/density=0.8/samp_size=500/seed=0/method=lacerda_prune/metrics.csv, results/synth/regime=easy/d=10/num_cycles=4/density=0.8/samp_size=100/seed=2/method=lacerda_prune/metrics.csv, results/synth/regime=easy/d=10/num_cycles=3/density=0.8/samp_size=500/seed=1/method=lacerda_prune/metrics.csv, results/synth/regime=easy/d=10/num_cycles=3/density=0.8/samp_size=100/seed=0/method=lacerda/metrics.csv, results/synth/regime=easy/d=10/num_cycles=4/density=0.8/samp_size=100/seed=1/method=lacerda_prune/metrics.csv, results/synth/regime=easy/d=10/num_cycles=4/density=0.8/samp_size=50/seed=1/method=lacerda_prune/metrics.csv, results/synth/regime=easy/d=10/num_cycles=5/density=0.8/samp_size=500/seed=1/method=lacerda/metrics.csv, results/synth/regime=easy/d=10/num_cycles=4/density=0.8/samp_size=50/seed=2/method=lacerda_prune/metrics.csv, results/synth/regime=easy/d=10/num_cycles=3/density=0.8/samp_size=100/seed=2/method=lacerda_prune/metrics.csv, results/synth/regime=easy/d=10/num_cycles=3/density=0.8/samp_size=100/seed=1/method=lacerda_prune/metrics.csv, results/synth/regime=easy/d=10/num_cycles=5/density=0.8/samp_size=100/seed=2/method=lacerda/metrics.csv, results/synth/regime=easy/d=10/num_cycles=3/density=0.8/samp_size=1000/seed=2/method=lacerda_prune/metrics.csv, results/synth/regime=easy/d=10/num_cycles=4/density=0.8/samp_size=500/seed=0/method=lacerda_prune/metrics.csv, results/synth/regime=easy/d=10/num_cycles=5/density=0.8/samp_size=50/seed=1/method=lacerda_prune/metrics.csv, results/synth/regime=easy/d=10/num_cycles=4/density=0.8/samp_size=100/seed=2/method=lacerda/metrics.csv, results/synth/regime=easy/d=10/num_cycles=3/density=0.8/samp_size=1000/seed=0/method=lacerda/metrics.csv, results/synth/regime=easy/d=10/num_cycles=4/density=0.8/samp_size=1000/seed=2/method=lacerda/metrics.csv, results/synth/regime=easy/d=10/num_cycles=3/density=0.8/samp_size=100/seed=1/method=lacerda/metrics.csv, results/synth/regime=easy/d=10/num_cycles=4/density=0.8/samp_size=500/seed=1/method=lacerda_prune/metrics.csv, results/synth/regime=easy/d=10/num_cycles=5/density=0.8/samp_size=1000/seed=0/method=lacerda_prune/metrics.csv, results/synth/regime=easy/d=10/num_cycles=4/density=0.8/samp_size=50/seed=2/method=lacerda/metrics.csv, results/synth/regime=easy/d=10/num_cycles=5/density=0.8/samp_size=100/seed=0/method=lacerda/metrics.csv, results/synth/regime=easy/d=10/num_cycles=3/density=0.8/samp_size=1000/seed=0/method=lacerda_prune/metrics.csv, results/synth/regime=easy/d=10/num_cycles=5/density=0.8/samp_size=1000/seed=2/method=lacerda_prune/metrics.csv, results/synth/regime=easy/d=10/num_cycles=5/density=0.8/samp_size=500/seed=1/method=lacerda_prune/metrics.csv, results/synth/regime=easy/d=10/num_cycles=3/density=0.8/samp_size=500/seed=0/method=lacerda/metrics.csv, results/synth/regime=easy/d=10/num_cycles=3/density=0.8/samp_size=100/seed=2/method=lacerda/metrics.csv, results/synth/regime=easy/d=10/num_cycles=3/density=0.8/samp_size=50/seed=2/method=lacerda_prune/metrics.csv, results/synth/regime=easy/d=10/num_cycles=4/density=0.8/samp_size=1000/seed=0/method=lacerda_prune/metrics.csv, results/synth/regime=easy/d=10/num_cycles=4/density=0.8/samp_size=500/seed=1/method=lacerda/metrics.csv, results/synth/regime=easy/d=10/num_cycles=3/density=0.8/samp_size=50/seed=0/method=lacerda_prune/metrics.csv, results/synth/regime=easy/d=10/num_cycles=4/density=0.8/samp_size=1000/seed=2/method=lacerda_prune/metrics.csv, results/synth/regime=easy/d=10/num_cycles=5/density=0.8/samp_size=1000/seed=1/method=lacerda/metrics.csv, results/synth/regime=easy/d=10/num_cycles=5/density=0.8/samp_size=1000/seed=2/method=lacerda/metrics.csv, results/synth/regime=easy/d=10/num_cycles=5/density=0.8/samp_size=500/seed=2/method=lacerda_prune/metrics.csv, results/synth/regime=easy/d=10/num_cycles=4/density=0.8/samp_size=500/seed=2/method=lacerda/metrics.csv, results/synth/regime=easy/d=10/num_cycles=4/density=0.8/samp_size=1000/seed=1/method=lacerda/metrics.csv
    wildcards: regime=easy, density=0.8
    resources: tmpdir=/tmp
[Wed Apr 29 11:41:15 2026]
Finished jobid: 179 (Rule: synth_evaluate)
430 of 435 steps (99%) done
Select jobs to execute...
Execute 1 jobs...
[Wed Apr 29 11:41:15 2026]
localrule synth_plot:
    input: results/synth/regime=easy/d=10/num_cycles=3/density=0.5/samp_size=50/seed=0/method=lacerda/metrics.csv, results/synth/regime=easy/d=10/num_cycles=3/density=0.5/samp_size=50/seed=1/method=lacerda/metrics.csv, results/synth/regime=easy/d=10/num_cycles=3/density=0.5/samp_size=50/seed=2/method=lacerda/metrics.csv, results/synth/regime=easy/d=10/num_cycles=3/density=0.5/samp_size=100/seed=0/method=lacerda/metrics.csv, results/synth/regime=easy/d=10/num_cycles=3/density=0.5/samp_size=100/seed=1/method=lacerda/metrics.csv, results/synth/regime=easy/d=10/num_cycles=3/density=0.5/samp_size=100/seed=2/method=lacerda/metrics.csv, results/synth/regime=easy/d=10/num_cycles=3/density=0.5/samp_size=500/seed=0/method=lacerda/metrics.csv, results/synth/regime=easy/d=10/num_cycles=3/density=0.5/samp_size=500/seed=1/method=lacerda/metrics.csv, results/synth/regime=easy/d=10/num_cycles=3/density=0.5/samp_size=500/seed=2/method=lacerda/metrics.csv, results/synth/regime=easy/d=10/num_cycles=3/density=0.5/samp_size=1000/seed=0/method=lacerda/metrics.csv, results/synth/regime=easy/d=10/num_cycles=3/density=0.5/samp_size=1000/seed=1/method=lacerda/metrics.csv, results/synth/regime=easy/d=10/num_cycles=3/density=0.5/samp_size=1000/seed=2/method=lacerda/metrics.csv, results/synth/regime=easy/d=10/num_cycles=4/density=0.5/samp_size=50/seed=0/method=lacerda/metrics.csv, results/synth/regime=easy/d=10/num_cycles=4/density=0.5/samp_size=50/seed=1/method=lacerda/metrics.csv, results/synth/regime=easy/d=10/num_cycles=4/density=0.5/samp_size=50/seed=2/method=lacerda/metrics.csv, results/synth/regime=easy/d=10/num_cycles=4/density=0.5/samp_size=100/seed=0/method=lacerda/metrics.csv, results/synth/regime=easy/d=10/num_cycles=4/density=0.5/samp_size=100/seed=1/method=lacerda/metrics.csv, results/synth/regime=easy/d=10/num_cycles=4/density=0.5/samp_size=100/seed=2/method=lacerda/metrics.csv, results/synth/regime=easy/d=10/num_cycles=4/density=0.5/samp_size=500/seed=0/method=lacerda/metrics.csv, results/synth/regime=easy/d=10/num_cycles=4/density=0.5/samp_size=500/seed=1/method=lacerda/metrics.csv, results/synth/regime=easy/d=10/num_cycles=4/density=0.5/samp_size=500/seed=2/method=lacerda/metrics.csv, results/synth/regime=easy/d=10/num_cycles=4/density=0.5/samp_size=1000/seed=0/method=lacerda/metrics.csv, results/synth/regime=easy/d=10/num_cycles=4/density=0.5/samp_size=1000/seed=1/method=lacerda/metrics.csv, results/synth/regime=easy/d=10/num_cycles=4/density=0.5/samp_size=1000/seed=2/method=lacerda/metrics.csv, results/synth/regime=easy/d=10/num_cycles=5/density=0.5/samp_size=50/seed=0/method=lacerda/metrics.csv, results/synth/regime=easy/d=10/num_cycles=5/density=0.5/samp_size=50/seed=1/method=lacerda/metrics.csv, results/synth/regime=easy/d=10/num_cycles=5/density=0.5/samp_size=50/seed=2/method=lacerda/metrics.csv, results/synth/regime=easy/d=10/num_cycles=5/density=0.5/samp_size=100/seed=0/method=lacerda/metrics.csv, results/synth/regime=easy/d=10/num_cycles=5/density=0.5/samp_size=100/seed=1/method=lacerda/metrics.csv, results/synth/regime=easy/d=10/num_cycles=5/density=0.5/samp_size=100/seed=2/method=lacerda/metrics.csv, results/synth/regime=easy/d=10/num_cycles=5/density=0.5/samp_size=500/seed=0/method=lacerda/metrics.csv, results/synth/regime=easy/d=10/num_cycles=5/density=0.5/samp_size=500/seed=1/method=lacerda/metrics.csv, results/synth/regime=easy/d=10/num_cycles=5/density=0.5/samp_size=500/seed=2/method=lacerda/metrics.csv, results/synth/regime=easy/d=10/num_cycles=5/density=0.5/samp_size=1000/seed=0/method=lacerda/metrics.csv, results/synth/regime=easy/d=10/num_cycles=5/density=0.5/samp_size=1000/seed=1/method=lacerda/metrics.csv, results/synth/regime=easy/d=10/num_cycles=5/density=0.5/samp_size=1000/seed=2/method=lacerda/metrics.csv, results/synth/regime=easy/d=10/num_cycles=3/density=0.5/samp_size=50/seed=0/method=lacerda_prune/metrics.csv, results/synth/regime=easy/d=10/num_cycles=3/density=0.5/samp_size=50/seed=1/method=lacerda_prune/metrics.csv, results/synth/regime=easy/d=10/num_cycles=3/density=0.5/samp_size=50/seed=2/method=lacerda_prune/metrics.csv, results/synth/regime=easy/d=10/num_cycles=3/density=0.5/samp_size=100/seed=0/method=lacerda_prune/metrics.csv, results/synth/regime=easy/d=10/num_cycles=3/density=0.5/samp_size=100/seed=1/method=lacerda_prune/metrics.csv, results/synth/regime=easy/d=10/num_cycles=3/density=0.5/samp_size=100/seed=2/method=lacerda_prune/metrics.csv, results/synth/regime=easy/d=10/num_cycles=3/density=0.5/samp_size=500/seed=0/method=lacerda_prune/metrics.csv, results/synth/regime=easy/d=10/num_cycles=3/density=0.5/samp_size=500/seed=1/method=lacerda_prune/metrics.csv, results/synth/regime=easy/d=10/num_cycles=3/density=0.5/samp_size=500/seed=2/method=lacerda_prune/metrics.csv, results/synth/regime=easy/d=10/num_cycles=3/density=0.5/samp_size=1000/seed=0/method=lacerda_prune/metrics.csv, results/synth/regime=easy/d=10/num_cycles=3/density=0.5/samp_size=1000/seed=1/method=lacerda_prune/metrics.csv, results/synth/regime=easy/d=10/num_cycles=3/density=0.5/samp_size=1000/seed=2/method=lacerda_prune/metrics.csv, results/synth/regime=easy/d=10/num_cycles=4/density=0.5/samp_size=50/seed=0/method=lacerda_prune/metrics.csv, results/synth/regime=easy/d=10/num_cycles=4/density=0.5/samp_size=50/seed=1/method=lacerda_prune/metrics.csv, results/synth/regime=easy/d=10/num_cycles=4/density=0.5/samp_size=50/seed=2/method=lacerda_prune/metrics.csv, results/synth/regime=easy/d=10/num_cycles=4/density=0.5/samp_size=100/seed=0/method=lacerda_prune/metrics.csv, results/synth/regime=easy/d=10/num_cycles=4/density=0.5/samp_size=100/seed=1/method=lacerda_prune/metrics.csv, results/synth/regime=easy/d=10/num_cycles=4/density=0.5/samp_size=100/seed=2/method=lacerda_prune/metrics.csv, results/synth/regime=easy/d=10/num_cycles=4/density=0.5/samp_size=500/seed=0/method=lacerda_prune/metrics.csv, results/synth/regime=easy/d=10/num_cycles=4/density=0.5/samp_size=500/seed=1/method=lacerda_prune/metrics.csv, results/synth/regime=easy/d=10/num_cycles=4/density=0.5/samp_size=500/seed=2/method=lacerda_prune/metrics.csv, results/synth/regime=easy/d=10/num_cycles=4/density=0.5/samp_size=1000/seed=0/method=lacerda_prune/metrics.csv, results/synth/regime=easy/d=10/num_cycles=4/density=0.5/samp_size=1000/seed=1/method=lacerda_prune/metrics.csv, results/synth/regime=easy/d=10/num_cycles=4/density=0.5/samp_size=1000/seed=2/method=lacerda_prune/metrics.csv, results/synth/regime=easy/d=10/num_cycles=5/density=0.5/samp_size=50/seed=0/method=lacerda_prune/metrics.csv, results/synth/regime=easy/d=10/num_cycles=5/density=0.5/samp_size=50/seed=1/method=lacerda_prune/metrics.csv, results/synth/regime=easy/d=10/num_cycles=5/density=0.5/samp_size=50/seed=2/method=lacerda_prune/metrics.csv, results/synth/regime=easy/d=10/num_cycles=5/density=0.5/samp_size=100/seed=0/method=lacerda_prune/metrics.csv, results/synth/regime=easy/d=10/num_cycles=5/density=0.5/samp_size=100/seed=1/method=lacerda_prune/metrics.csv, results/synth/regime=easy/d=10/num_cycles=5/density=0.5/samp_size=100/seed=2/method=lacerda_prune/metrics.csv, results/synth/regime=easy/d=10/num_cycles=5/density=0.5/samp_size=500/seed=0/method=lacerda_prune/metrics.csv, results/synth/regime=easy/d=10/num_cycles=5/density=0.5/samp_size=500/seed=1/method=lacerda_prune/metrics.csv, results/synth/regime=easy/d=10/num_cycles=5/density=0.5/samp_size=500/seed=2/method=lacerda_prune/metrics.csv, results/synth/regime=easy/d=10/num_cycles=5/density=0.5/samp_size=1000/seed=0/method=lacerda_prune/metrics.csv, results/synth/regime=easy/d=10/num_cycles=5/density=0.5/samp_size=1000/seed=1/method=lacerda_prune/metrics.csv, results/synth/regime=easy/d=10/num_cycles=5/density=0.5/samp_size=1000/seed=2/method=lacerda_prune/metrics.csv
    output: results/synth_main_regime=easy_density=0.5.pdf
    jobid: 0
    reason: Missing output files: results/synth_main_regime=easy_density=0.5.pdf; Input files updated by another job: results/synth/regime=easy/d=10/num_cycles=5/density=0.5/samp_size=1000/seed=1/method=lacerda_prune/metrics.csv, results/synth/regime=easy/d=10/num_cycles=5/density=0.5/samp_size=1000/seed=2/method=lacerda_prune/metrics.csv, results/synth/regime=easy/d=10/num_cycles=5/density=0.5/samp_size=1000/seed=0/method=lacerda/metrics.csv, results/synth/regime=easy/d=10/num_cycles=3/density=0.5/samp_size=500/seed=1/method=lacerda_prune/metrics.csv, results/synth/regime=easy/d=10/num_cycles=3/density=0.5/samp_size=1000/seed=1/method=lacerda/metrics.csv, results/synth/regime=easy/d=10/num_cycles=3/density=0.5/samp_size=1000/seed=0/method=lacerda/metrics.csv, results/synth/regime=easy/d=10/num_cycles=3/density=0.5/samp_size=50/seed=2/method=lacerda_prune/metrics.csv, results/synth/regime=easy/d=10/num_cycles=4/density=0.5/samp_size=500/seed=2/method=lacerda_prune/metrics.csv, results/synth/regime=easy/d=10/num_cycles=4/density=0.5/samp_size=50/seed=0/method=lacerda_prune/metrics.csv, results/synth/regime=easy/d=10/num_cycles=5/density=0.5/samp_size=1000/seed=1/method=lacerda/metrics.csv, results/synth/regime=easy/d=10/num_cycles=3/density=0.5/samp_size=100/seed=1/method=lacerda/metrics.csv, results/synth/regime=easy/d=10/num_cycles=4/density=0.5/samp_size=100/seed=0/method=lacerda/metrics.csv, results/synth/regime=easy/d=10/num_cycles=4/density=0.5/samp_size=500/seed=1/method=lacerda/metrics.csv, results/synth/regime=easy/d=10/num_cycles=5/density=0.5/samp_size=100/seed=0/method=lacerda/metrics.csv, results/synth/regime=easy/d=10/num_cycles=4/density=0.5/samp_size=100/seed=1/method=lacerda/metrics.csv, results/synth/regime=easy/d=10/num_cycles=4/density=0.5/samp_size=1000/seed=0/method=lacerda_prune/metrics.csv, results/synth/regime=easy/d=10/num_cycles=4/density=0.5/samp_size=100/seed=2/method=lacerda/metrics.csv, results/synth/regime=easy/d=10/num_cycles=4/density=0.5/samp_size=1000/seed=0/method=lacerda/metrics.csv, results/synth/regime=easy/d=10/num_cycles=4/density=0.5/samp_size=500/seed=0/method=lacerda/metrics.csv, results/synth/regime=easy/d=10/num_cycles=4/density=0.5/samp_size=1000/seed=2/method=lacerda/metrics.csv, results/synth/regime=easy/d=10/num_cycles=3/density=0.5/samp_size=50/seed=2/method=lacerda/metrics.csv, results/synth/regime=easy/d=10/num_cycles=4/density=0.5/samp_size=500/seed=2/method=lacerda/metrics.csv, results/synth/regime=easy/d=10/num_cycles=5/density=0.5/samp_size=50/seed=2/method=lacerda/metrics.csv, results/synth/regime=easy/d=10/num_cycles=4/density=0.5/samp_size=500/seed=0/method=lacerda_prune/metrics.csv, results/synth/regime=easy/d=10/num_cycles=4/density=0.5/samp_size=50/seed=2/method=lacerda/metrics.csv, results/synth/regime=easy/d=10/num_cycles=4/density=0.5/samp_size=100/seed=1/method=lacerda_prune/metrics.csv, results/synth/regime=easy/d=10/num_cycles=5/density=0.5/samp_size=1000/seed=0/method=lacerda_prune/metrics.csv, results/synth/regime=easy/d=10/num_cycles=3/density=0.5/samp_size=500/seed=2/method=lacerda_prune/metrics.csv, results/synth/regime=easy/d=10/num_cycles=3/density=0.5/samp_size=1000/seed=0/method=lacerda_prune/metrics.csv, results/synth/regime=easy/d=10/num_cycles=3/density=0.5/samp_size=50/seed=0/method=lacerda_prune/metrics.csv, results/synth/regime=easy/d=10/num_cycles=4/density=0.5/samp_size=1000/seed=1/method=lacerda/metrics.csv, results/synth/regime=easy/d=10/num_cycles=5/density=0.5/samp_size=50/seed=2/method=lacerda_prune/metrics.csv, results/synth/regime=easy/d=10/num_cycles=5/density=0.5/samp_size=500/seed=2/method=lacerda_prune/metrics.csv, results/synth/regime=easy/d=10/num_cycles=5/density=0.5/samp_size=500/seed=2/method=lacerda/metrics.csv, results/synth/regime=easy/d=10/num_cycles=5/density=0.5/samp_size=100/seed=2/method=lacerda/metrics.csv, results/synth/regime=easy/d=10/num_cycles=3/density=0.5/samp_size=100/seed=2/method=lacerda_prune/metrics.csv, results/synth/regime=easy/d=10/num_cycles=3/density=0.5/samp_size=50/seed=1/method=lacerda/metrics.csv, results/synth/regime=easy/d=10/num_cycles=3/density=0.5/samp_size=500/seed=2/method=lacerda/metrics.csv, results/synth/regime=easy/d=10/num_cycles=5/density=0.5/samp_size=500/seed=1/method=lacerda_prune/metrics.csv, results/synth/regime=easy/d=10/num_cycles=5/density=0.5/samp_size=500/seed=1/method=lacerda/metrics.csv, results/synth/regime=easy/d=10/num_cycles=4/density=0.5/samp_size=50/seed=2/method=lacerda_prune/metrics.csv, results/synth/regime=easy/d=10/num_cycles=3/density=0.5/samp_size=100/seed=2/method=lacerda/metrics.csv, results/synth/regime=easy/d=10/num_cycles=5/density=0.5/samp_size=50/seed=0/method=lacerda_prune/metrics.csv, results/synth/regime=easy/d=10/num_cycles=3/density=0.5/samp_size=50/seed=1/method=lacerda_prune/metrics.csv, results/synth/regime=easy/d=10/num_cycles=3/density=0.5/samp_size=1000/seed=2/method=lacerda/metrics.csv, results/synth/regime=easy/d=10/num_cycles=4/density=0.5/samp_size=50/seed=1/method=lacerda/metrics.csv, results/synth/regime=easy/d=10/num_cycles=3/density=0.5/samp_size=100/seed=1/method=lacerda_prune/metrics.csv, results/synth/regime=easy/d=10/num_cycles=3/density=0.5/samp_size=1000/seed=2/method=lacerda_prune/metrics.csv, results/synth/regime=easy/d=10/num_cycles=4/density=0.5/samp_size=500/seed=1/method=lacerda_prune/metrics.csv, results/synth/regime=easy/d=10/num_cycles=5/density=0.5/samp_size=50/seed=1/method=lacerda_prune/metrics.csv, results/synth/regime=easy/d=10/num_cycles=5/density=0.5/samp_size=50/seed=1/method=lacerda/metrics.csv, results/synth/regime=easy/d=10/num_cycles=5/density=0.5/samp_size=100/seed=0/method=lacerda_prune/metrics.csv, results/synth/regime=easy/d=10/num_cycles=5/density=0.5/samp_size=100/seed=1/method=lacerda_prune/metrics.csv, results/synth/regime=easy/d=10/num_cycles=5/density=0.5/samp_size=500/seed=0/method=lacerda_prune/metrics.csv, results/synth/regime=easy/d=10/num_cycles=4/density=0.5/samp_size=100/seed=0/method=lacerda_prune/metrics.csv, results/synth/regime=easy/d=10/num_cycles=5/density=0.5/samp_size=100/seed=1/method=lacerda/metrics.csv, results/synth/regime=easy/d=10/num_cycles=3/density=0.5/samp_size=100/seed=0/method=lacerda/metrics.csv, results/synth/regime=easy/d=10/num_cycles=5/density=0.5/samp_size=500/seed=0/method=lacerda/metrics.csv, results/synth/regime=easy/d=10/num_cycles=3/density=0.5/samp_size=50/seed=0/method=lacerda/metrics.csv, results/synth/regime=easy/d=10/num_cycles=4/density=0.5/samp_size=1000/seed=2/method=lacerda_prune/metrics.csv, results/synth/regime=easy/d=10/num_cycles=4/density=0.5/samp_size=1000/seed=1/method=lacerda_prune/metrics.csv, results/synth/regime=easy/d=10/num_cycles=4/density=0.5/samp_size=50/seed=1/method=lacerda_prune/metrics.csv, results/synth/regime=easy/d=10/num_cycles=4/density=0.5/samp_size=100/seed=2/method=lacerda_prune/metrics.csv, results/synth/regime=easy/d=10/num_cycles=3/density=0.5/samp_size=500/seed=0/method=lacerda_prune/metrics.csv, results/synth/regime=easy/d=10/num_cycles=5/density=0.5/samp_size=1000/seed=2/method=lacerda/metrics.csv, results/synth/regime=easy/d=10/num_cycles=3/density=0.5/samp_size=500/seed=0/method=lacerda/metrics.csv, results/synth/regime=easy/d=10/num_cycles=3/density=0.5/samp_size=100/seed=0/method=lacerda_prune/metrics.csv, results/synth/regime=easy/d=10/num_cycles=4/density=0.5/samp_size=50/seed=0/method=lacerda/metrics.csv, results/synth/regime=easy/d=10/num_cycles=5/density=0.5/samp_size=100/seed=2/method=lacerda_prune/metrics.csv, results/synth/regime=easy/d=10/num_cycles=3/density=0.5/samp_size=500/seed=1/method=lacerda/metrics.csv, results/synth/regime=easy/d=10/num_cycles=3/density=0.5/samp_size=1000/seed=1/method=lacerda_prune/metrics.csv, results/synth/regime=easy/d=10/num_cycles=5/density=0.5/samp_size=50/seed=0/method=lacerda/metrics.csv
    wildcards: regime=easy, density=0.5
    resources: tmpdir=/tmp
[Wed Apr 29 11:41:15 2026]
Finished jobid: 239 (Rule: synth_evaluate)
431 of 435 steps (99%) done
[Wed Apr 29 11:41:15 2026]
Finished jobid: 340 (Rule: synth_evaluate)
432 of 435 steps (99%) done
Select jobs to execute...
Execute 1 jobs...
[Wed Apr 29 11:41:15 2026]
localrule synth_plot:
    input: results/synth/regime=easy/d=10/num_cycles=3/density=0.3/samp_size=50/seed=0/method=lacerda/metrics.csv, results/synth/regime=easy/d=10/num_cycles=3/density=0.3/samp_size=50/seed=1/method=lacerda/metrics.csv, results/synth/regime=easy/d=10/num_cycles=3/density=0.3/samp_size=50/seed=2/method=lacerda/metrics.csv, results/synth/regime=easy/d=10/num_cycles=3/density=0.3/samp_size=100/seed=0/method=lacerda/metrics.csv, results/synth/regime=easy/d=10/num_cycles=3/density=0.3/samp_size=100/seed=1/method=lacerda/metrics.csv, results/synth/regime=easy/d=10/num_cycles=3/density=0.3/samp_size=100/seed=2/method=lacerda/metrics.csv, results/synth/regime=easy/d=10/num_cycles=3/density=0.3/samp_size=500/seed=0/method=lacerda/metrics.csv, results/synth/regime=easy/d=10/num_cycles=3/density=0.3/samp_size=500/seed=1/method=lacerda/metrics.csv, results/synth/regime=easy/d=10/num_cycles=3/density=0.3/samp_size=500/seed=2/method=lacerda/metrics.csv, results/synth/regime=easy/d=10/num_cycles=3/density=0.3/samp_size=1000/seed=0/method=lacerda/metrics.csv, results/synth/regime=easy/d=10/num_cycles=3/density=0.3/samp_size=1000/seed=1/method=lacerda/metrics.csv, results/synth/regime=easy/d=10/num_cycles=3/density=0.3/samp_size=1000/seed=2/method=lacerda/metrics.csv, results/synth/regime=easy/d=10/num_cycles=4/density=0.3/samp_size=50/seed=0/method=lacerda/metrics.csv, results/synth/regime=easy/d=10/num_cycles=4/density=0.3/samp_size=50/seed=1/method=lacerda/metrics.csv, results/synth/regime=easy/d=10/num_cycles=4/density=0.3/samp_size=50/seed=2/method=lacerda/metrics.csv, results/synth/regime=easy/d=10/num_cycles=4/density=0.3/samp_size=100/seed=0/method=lacerda/metrics.csv, results/synth/regime=easy/d=10/num_cycles=4/density=0.3/samp_size=100/seed=1/method=lacerda/metrics.csv, results/synth/regime=easy/d=10/num_cycles=4/density=0.3/samp_size=100/seed=2/method=lacerda/metrics.csv, results/synth/regime=easy/d=10/num_cycles=4/density=0.3/samp_size=500/seed=0/method=lacerda/metrics.csv, results/synth/regime=easy/d=10/num_cycles=4/density=0.3/samp_size=500/seed=1/method=lacerda/metrics.csv, results/synth/regime=easy/d=10/num_cycles=4/density=0.3/samp_size=500/seed=2/method=lacerda/metrics.csv, results/synth/regime=easy/d=10/num_cycles=4/density=0.3/samp_size=1000/seed=0/method=lacerda/metrics.csv, results/synth/regime=easy/d=10/num_cycles=4/density=0.3/samp_size=1000/seed=1/method=lacerda/metrics.csv, results/synth/regime=easy/d=10/num_cycles=4/density=0.3/samp_size=1000/seed=2/method=lacerda/metrics.csv, results/synth/regime=easy/d=10/num_cycles=5/density=0.3/samp_size=50/seed=0/method=lacerda/metrics.csv, results/synth/regime=easy/d=10/num_cycles=5/density=0.3/samp_size=50/seed=1/method=lacerda/metrics.csv, results/synth/regime=easy/d=10/num_cycles=5/density=0.3/samp_size=50/seed=2/method=lacerda/metrics.csv, results/synth/regime=easy/d=10/num_cycles=5/density=0.3/samp_size=100/seed=0/method=lacerda/metrics.csv, results/synth/regime=easy/d=10/num_cycles=5/density=0.3/samp_size=100/seed=1/method=lacerda/metrics.csv, results/synth/regime=easy/d=10/num_cycles=5/density=0.3/samp_size=100/seed=2/method=lacerda/metrics.csv, results/synth/regime=easy/d=10/num_cycles=5/density=0.3/samp_size=500/seed=0/method=lacerda/metrics.csv, results/synth/regime=easy/d=10/num_cycles=5/density=0.3/samp_size=500/seed=1/method=lacerda/metrics.csv, results/synth/regime=easy/d=10/num_cycles=5/density=0.3/samp_size=500/seed=2/method=lacerda/metrics.csv, results/synth/regime=easy/d=10/num_cycles=5/density=0.3/samp_size=1000/seed=0/method=lacerda/metrics.csv, results/synth/regime=easy/d=10/num_cycles=5/density=0.3/samp_size=1000/seed=1/method=lacerda/metrics.csv, results/synth/regime=easy/d=10/num_cycles=5/density=0.3/samp_size=1000/seed=2/method=lacerda/metrics.csv, results/synth/regime=easy/d=10/num_cycles=3/density=0.3/samp_size=50/seed=0/method=lacerda_prune/metrics.csv, results/synth/regime=easy/d=10/num_cycles=3/density=0.3/samp_size=50/seed=1/method=lacerda_prune/metrics.csv, results/synth/regime=easy/d=10/num_cycles=3/density=0.3/samp_size=50/seed=2/method=lacerda_prune/metrics.csv, results/synth/regime=easy/d=10/num_cycles=3/density=0.3/samp_size=100/seed=0/method=lacerda_prune/metrics.csv, results/synth/regime=easy/d=10/num_cycles=3/density=0.3/samp_size=100/seed=1/method=lacerda_prune/metrics.csv, results/synth/regime=easy/d=10/num_cycles=3/density=0.3/samp_size=100/seed=2/method=lacerda_prune/metrics.csv, results/synth/regime=easy/d=10/num_cycles=3/density=0.3/samp_size=500/seed=0/method=lacerda_prune/metrics.csv, results/synth/regime=easy/d=10/num_cycles=3/density=0.3/samp_size=500/seed=1/method=lacerda_prune/metrics.csv, results/synth/regime=easy/d=10/num_cycles=3/density=0.3/samp_size=500/seed=2/method=lacerda_prune/metrics.csv, results/synth/regime=easy/d=10/num_cycles=3/density=0.3/samp_size=1000/seed=0/method=lacerda_prune/metrics.csv, results/synth/regime=easy/d=10/num_cycles=3/density=0.3/samp_size=1000/seed=1/method=lacerda_prune/metrics.csv, results/synth/regime=easy/d=10/num_cycles=3/density=0.3/samp_size=1000/seed=2/method=lacerda_prune/metrics.csv, results/synth/regime=easy/d=10/num_cycles=4/density=0.3/samp_size=50/seed=0/method=lacerda_prune/metrics.csv, results/synth/regime=easy/d=10/num_cycles=4/density=0.3/samp_size=50/seed=1/method=lacerda_prune/metrics.csv, results/synth/regime=easy/d=10/num_cycles=4/density=0.3/samp_size=50/seed=2/method=lacerda_prune/metrics.csv, results/synth/regime=easy/d=10/num_cycles=4/density=0.3/samp_size=100/seed=0/method=lacerda_prune/metrics.csv, results/synth/regime=easy/d=10/num_cycles=4/density=0.3/samp_size=100/seed=1/method=lacerda_prune/metrics.csv, results/synth/regime=easy/d=10/num_cycles=4/density=0.3/samp_size=100/seed=2/method=lacerda_prune/metrics.csv, results/synth/regime=easy/d=10/num_cycles=4/density=0.3/samp_size=500/seed=0/method=lacerda_prune/metrics.csv, results/synth/regime=easy/d=10/num_cycles=4/density=0.3/samp_size=500/seed=1/method=lacerda_prune/metrics.csv, results/synth/regime=easy/d=10/num_cycles=4/density=0.3/samp_size=500/seed=2/method=lacerda_prune/metrics.csv, results/synth/regime=easy/d=10/num_cycles=4/density=0.3/samp_size=1000/seed=0/method=lacerda_prune/metrics.csv, results/synth/regime=easy/d=10/num_cycles=4/density=0.3/samp_size=1000/seed=1/method=lacerda_prune/metrics.csv, results/synth/regime=easy/d=10/num_cycles=4/density=0.3/samp_size=1000/seed=2/method=lacerda_prune/metrics.csv, results/synth/regime=easy/d=10/num_cycles=5/density=0.3/samp_size=50/seed=0/method=lacerda_prune/metrics.csv, results/synth/regime=easy/d=10/num_cycles=5/density=0.3/samp_size=50/seed=1/method=lacerda_prune/metrics.csv, results/synth/regime=easy/d=10/num_cycles=5/density=0.3/samp_size=50/seed=2/method=lacerda_prune/metrics.csv, results/synth/regime=easy/d=10/num_cycles=5/density=0.3/samp_size=100/seed=0/method=lacerda_prune/metrics.csv, results/synth/regime=easy/d=10/num_cycles=5/density=0.3/samp_size=100/seed=1/method=lacerda_prune/metrics.csv, results/synth/regime=easy/d=10/num_cycles=5/density=0.3/samp_size=100/seed=2/method=lacerda_prune/metrics.csv, results/synth/regime=easy/d=10/num_cycles=5/density=0.3/samp_size=500/seed=0/method=lacerda_prune/metrics.csv, results/synth/regime=easy/d=10/num_cycles=5/density=0.3/samp_size=500/seed=1/method=lacerda_prune/metrics.csv, results/synth/regime=easy/d=10/num_cycles=5/density=0.3/samp_size=500/seed=2/method=lacerda_prune/metrics.csv, results/synth/regime=easy/d=10/num_cycles=5/density=0.3/samp_size=1000/seed=0/method=lacerda_prune/metrics.csv, results/synth/regime=easy/d=10/num_cycles=5/density=0.3/samp_size=1000/seed=1/method=lacerda_prune/metrics.csv, results/synth/regime=easy/d=10/num_cycles=5/density=0.3/samp_size=1000/seed=2/method=lacerda_prune/metrics.csv
    output: results/synth_main_regime=easy_density=0.3.pdf
    jobid: 181
    reason: Missing output files: results/synth_main_regime=easy_density=0.3.pdf; Input files updated by another job: results/synth/regime=easy/d=10/num_cycles=5/density=0.3/samp_size=100/seed=2/method=lacerda_prune/metrics.csv, results/synth/regime=easy/d=10/num_cycles=3/density=0.3/samp_size=50/seed=1/method=lacerda_prune/metrics.csv, results/synth/regime=easy/d=10/num_cycles=5/density=0.3/samp_size=100/seed=0/method=lacerda/metrics.csv, results/synth/regime=easy/d=10/num_cycles=3/density=0.3/samp_size=500/seed=0/method=lacerda_prune/metrics.csv, results/synth/regime=easy/d=10/num_cycles=5/density=0.3/samp_size=500/seed=1/method=lacerda/metrics.csv, results/synth/regime=easy/d=10/num_cycles=4/density=0.3/samp_size=1000/seed=1/method=lacerda_prune/metrics.csv, results/synth/regime=easy/d=10/num_cycles=5/density=0.3/samp_size=1000/seed=0/method=lacerda_prune/metrics.csv, results/synth/regime=easy/d=10/num_cycles=4/density=0.3/samp_size=100/seed=0/method=lacerda/metrics.csv, results/synth/regime=easy/d=10/num_cycles=4/density=0.3/samp_size=500/seed=1/method=lacerda/metrics.csv, results/synth/regime=easy/d=10/num_cycles=5/density=0.3/samp_size=50/seed=0/method=lacerda/metrics.csv, results/synth/regime=easy/d=10/num_cycles=3/density=0.3/samp_size=1000/seed=1/method=lacerda_prune/metrics.csv, results/synth/regime=easy/d=10/num_cycles=4/density=0.3/samp_size=50/seed=1/method=lacerda/metrics.csv, results/synth/regime=easy/d=10/num_cycles=5/density=0.3/samp_size=100/seed=0/method=lacerda_prune/metrics.csv, results/synth/regime=easy/d=10/num_cycles=3/density=0.3/samp_size=1000/seed=2/method=lacerda_prune/metrics.csv, results/synth/regime=easy/d=10/num_cycles=3/density=0.3/samp_size=500/seed=2/method=lacerda/metrics.csv, results/synth/regime=easy/d=10/num_cycles=3/density=0.3/samp_size=100/seed=1/method=lacerda/metrics.csv, results/synth/regime=easy/d=10/num_cycles=3/density=0.3/samp_size=50/seed=2/method=lacerda_prune/metrics.csv, results/synth/regime=easy/d=10/num_cycles=4/density=0.3/samp_size=50/seed=2/method=lacerda_prune/metrics.csv, results/synth/regime=easy/d=10/num_cycles=4/density=0.3/samp_size=1000/seed=2/method=lacerda_prune/metrics.csv, results/synth/regime=easy/d=10/num_cycles=5/density=0.3/samp_size=50/seed=1/method=lacerda/metrics.csv, results/synth/regime=easy/d=10/num_cycles=4/density=0.3/samp_size=500/seed=0/method=lacerda_prune/metrics.csv, results/synth/regime=easy/d=10/num_cycles=5/density=0.3/samp_size=100/seed=2/method=lacerda/metrics.csv, results/synth/regime=easy/d=10/num_cycles=4/density=0.3/samp_size=1000/seed=2/method=lacerda/metrics.csv, results/synth/regime=easy/d=10/num_cycles=3/density=0.3/samp_size=100/seed=1/method=lacerda_prune/metrics.csv, results/synth/regime=easy/d=10/num_cycles=3/density=0.3/samp_size=500/seed=0/method=lacerda/metrics.csv, results/synth/regime=easy/d=10/num_cycles=3/density=0.3/samp_size=50/seed=2/method=lacerda/metrics.csv, results/synth/regime=easy/d=10/num_cycles=3/density=0.3/samp_size=500/seed=1/method=lacerda/metrics.csv, results/synth/regime=easy/d=10/num_cycles=4/density=0.3/samp_size=100/seed=1/method=lacerda/metrics.csv, results/synth/regime=easy/d=10/num_cycles=4/density=0.3/samp_size=50/seed=0/method=lacerda/metrics.csv, results/synth/regime=easy/d=10/num_cycles=3/density=0.3/samp_size=1000/seed=0/method=lacerda_prune/metrics.csv, results/synth/regime=easy/d=10/num_cycles=3/density=0.3/samp_size=50/seed=0/method=lacerda_prune/metrics.csv, results/synth/regime=easy/d=10/num_cycles=4/density=0.3/samp_size=50/seed=1/method=lacerda_prune/metrics.csv, results/synth/regime=easy/d=10/num_cycles=5/density=0.3/samp_size=50/seed=2/method=lacerda_prune/metrics.csv, results/synth/regime=easy/d=10/num_cycles=3/density=0.3/samp_size=100/seed=0/method=lacerda/metrics.csv, results/synth/regime=easy/d=10/num_cycles=3/density=0.3/samp_size=100/seed=2/method=lacerda/metrics.csv, results/synth/regime=easy/d=10/num_cycles=4/density=0.3/samp_size=1000/seed=0/method=lacerda_prune/metrics.csv, results/synth/regime=easy/d=10/num_cycles=3/density=0.3/samp_size=50/seed=1/method=lacerda/metrics.csv, results/synth/regime=easy/d=10/num_cycles=3/density=0.3/samp_size=500/seed=1/method=lacerda_prune/metrics.csv, results/synth/regime=easy/d=10/num_cycles=3/density=0.3/samp_size=100/seed=0/method=lacerda_prune/metrics.csv, results/synth/regime=easy/d=10/num_cycles=4/density=0.3/samp_size=100/seed=1/method=lacerda_prune/metrics.csv, results/synth/regime=easy/d=10/num_cycles=5/density=0.3/samp_size=1000/seed=1/method=lacerda/metrics.csv, results/synth/regime=easy/d=10/num_cycles=4/density=0.3/samp_size=100/seed=0/method=lacerda_prune/metrics.csv, results/synth/regime=easy/d=10/num_cycles=4/density=0.3/samp_size=500/seed=2/method=lacerda_prune/metrics.csv, results/synth/regime=easy/d=10/num_cycles=3/density=0.3/samp_size=50/seed=0/method=lacerda/metrics.csv, results/synth/regime=easy/d=10/num_cycles=5/density=0.3/samp_size=1000/seed=0/method=lacerda/metrics.csv, results/synth/regime=easy/d=10/num_cycles=5/density=0.3/samp_size=100/seed=1/method=lacerda/metrics.csv, results/synth/regime=easy/d=10/num_cycles=4/density=0.3/samp_size=500/seed=1/method=lacerda_prune/metrics.csv, results/synth/regime=easy/d=10/num_cycles=3/density=0.3/samp_size=500/seed=2/method=lacerda_prune/metrics.csv, results/synth/regime=easy/d=10/num_cycles=4/density=0.3/samp_size=100/seed=2/method=lacerda/metrics.csv, results/synth/regime=easy/d=10/num_cycles=4/density=0.3/samp_size=1000/seed=0/method=lacerda/metrics.csv, results/synth/regime=easy/d=10/num_cycles=5/density=0.3/samp_size=500/seed=2/method=lacerda_prune/metrics.csv, results/synth/regime=easy/d=10/num_cycles=4/density=0.3/samp_size=100/seed=2/method=lacerda_prune/metrics.csv, results/synth/regime=easy/d=10/num_cycles=4/density=0.3/samp_size=500/seed=2/method=lacerda/metrics.csv, results/synth/regime=easy/d=10/num_cycles=5/density=0.3/samp_size=500/seed=0/method=lacerda_prune/metrics.csv, results/synth/regime=easy/d=10/num_cycles=5/density=0.3/samp_size=50/seed=2/method=lacerda/metrics.csv, results/synth/regime=easy/d=10/num_cycles=5/density=0.3/samp_size=1000/seed=1/method=lacerda_prune/metrics.csv, results/synth/regime=easy/d=10/num_cycles=4/density=0.3/samp_size=500/seed=0/method=lacerda/metrics.csv, results/synth/regime=easy/d=10/num_cycles=5/density=0.3/samp_size=50/seed=0/method=lacerda_prune/metrics.csv, results/synth/regime=easy/d=10/num_cycles=3/density=0.3/samp_size=1000/seed=2/method=lacerda/metrics.csv, results/synth/regime=easy/d=10/num_cycles=5/density=0.3/samp_size=1000/seed=2/method=lacerda/metrics.csv, results/synth/regime=easy/d=10/num_cycles=5/density=0.3/samp_size=500/seed=0/method=lacerda/metrics.csv, results/synth/regime=easy/d=10/num_cycles=4/density=0.3/samp_size=50/seed=2/method=lacerda/metrics.csv, results/synth/regime=easy/d=10/num_cycles=5/density=0.3/samp_size=50/seed=1/method=lacerda_prune/metrics.csv, results/synth/regime=easy/d=10/num_cycles=5/density=0.3/samp_size=100/seed=1/method=lacerda_prune/metrics.csv, results/synth/regime=easy/d=10/num_cycles=3/density=0.3/samp_size=1000/seed=0/method=lacerda/metrics.csv, results/synth/regime=easy/d=10/num_cycles=5/density=0.3/samp_size=500/seed=2/method=lacerda/metrics.csv, results/synth/regime=easy/d=10/num_cycles=3/density=0.3/samp_size=100/seed=2/method=lacerda_prune/metrics.csv, results/synth/regime=easy/d=10/num_cycles=3/density=0.3/samp_size=1000/seed=1/method=lacerda/metrics.csv, results/synth/regime=easy/d=10/num_cycles=5/density=0.3/samp_size=500/seed=1/method=lacerda_prune/metrics.csv, results/synth/regime=easy/d=10/num_cycles=5/density=0.3/samp_size=1000/seed=2/method=lacerda_prune/metrics.csv, results/synth/regime=easy/d=10/num_cycles=4/density=0.3/samp_size=50/seed=0/method=lacerda_prune/metrics.csv, results/synth/regime=easy/d=10/num_cycles=4/density=0.3/samp_size=1000/seed=1/method=lacerda/metrics.csv
    wildcards: regime=easy, density=0.3
    resources: tmpdir=/tmp
[Wed Apr 29 11:41:16 2026]
Finished jobid: 362 (Rule: synth_plot)
433 of 435 steps (99.5%) done
[Wed Apr 29 11:41:16 2026]
Finished jobid: 0 (Rule: synth_plot)
434 of 435 steps (99.8%) done
[Wed Apr 29 11:41:17 2026]
Finished jobid: 181 (Rule: synth_plot)
435 of 435 steps (100%) done
Complete log(s): /home/fmfsa/Repositories/repare_cycle/src/expt/workflow/.snakemake/log/2026-04-29T114036.346586.snakemake.log
