Assuming unrestricted shared filesystem usage.
host: AICheetah
Building DAG of jobs...
Using shell: /usr/bin/bash
Provided cores: 32
Rules claiming more threads will be scaled down.
Job stats:
job               count
--------------  -------
synth_generate      108
synth_fit           108
synth_evaluate      108
synth_plot            3
all                   1
total               328

Select jobs to execute...
Execute 32 jobs...
[Wed Apr 29 22:32:44 2026]
localrule synth_generate:
    output: results/synth/regime=easy/d=10/num_cycles=3/density=0.8/samp_size=50/seed=1/dataset.npz
    jobid: 224
    reason: Missing output files: results/synth/regime=easy/d=10/num_cycles=3/density=0.8/samp_size=50/seed=1/dataset.npz
    wildcards: regime=easy, d=10, num_cycles=3, density=0.8, samp_size=50, seed=1
    resources: tmpdir=/tmp
[Wed Apr 29 22:32:44 2026]
localrule synth_generate:
    output: results/synth/regime=easy/d=10/num_cycles=5/density=0.8/samp_size=500/seed=1/dataset.npz
    jobid: 314
    reason: Missing output files: results/synth/regime=easy/d=10/num_cycles=5/density=0.8/samp_size=500/seed=1/dataset.npz
    wildcards: regime=easy, d=10, num_cycles=5, density=0.8, samp_size=500, seed=1
    resources: tmpdir=/tmp
[Wed Apr 29 22:32:44 2026]
localrule synth_generate:
    output: results/synth/regime=easy/d=10/num_cycles=5/density=0.3/samp_size=50/seed=2/dataset.npz
    jobid: 81
    reason: Missing output files: results/synth/regime=easy/d=10/num_cycles=5/density=0.3/samp_size=50/seed=2/dataset.npz
    wildcards: regime=easy, d=10, num_cycles=5, density=0.3, samp_size=50, seed=2
    resources: tmpdir=/tmp
[Wed Apr 29 22:32:44 2026]
localrule synth_generate:
    output: results/synth/regime=easy/d=10/num_cycles=3/density=0.5/samp_size=50/seed=2/dataset.npz
    jobid: 118
    reason: Missing output files: results/synth/regime=easy/d=10/num_cycles=3/density=0.5/samp_size=50/seed=2/dataset.npz
    wildcards: regime=easy, d=10, num_cycles=3, density=0.5, samp_size=50, seed=2
    resources: tmpdir=/tmp
[Wed Apr 29 22:32:44 2026]
localrule synth_generate:
    output: results/synth/regime=easy/d=10/num_cycles=3/density=0.3/samp_size=1000/seed=2/dataset.npz
    jobid: 36
    reason: Missing output files: results/synth/regime=easy/d=10/num_cycles=3/density=0.3/samp_size=1000/seed=2/dataset.npz
    wildcards: regime=easy, d=10, num_cycles=3, density=0.3, samp_size=1000, seed=2
    resources: tmpdir=/tmp
[Wed Apr 29 22:32:44 2026]
localrule synth_generate:
    output: results/synth/regime=easy/d=10/num_cycles=4/density=0.5/samp_size=100/seed=2/dataset.npz
    jobid: 163
    reason: Missing output files: results/synth/regime=easy/d=10/num_cycles=4/density=0.5/samp_size=100/seed=2/dataset.npz
    wildcards: regime=easy, d=10, num_cycles=4, density=0.5, samp_size=100, seed=2
    resources: tmpdir=/tmp
[Wed Apr 29 22:32:44 2026]
localrule synth_generate:
    output: results/synth/regime=easy/d=10/num_cycles=4/density=0.8/samp_size=1000/seed=2/dataset.npz
    jobid: 290
    reason: Missing output files: results/synth/regime=easy/d=10/num_cycles=4/density=0.8/samp_size=1000/seed=2/dataset.npz
    wildcards: regime=easy, d=10, num_cycles=4, density=0.8, samp_size=1000, seed=2
    resources: tmpdir=/tmp
[Wed Apr 29 22:32:44 2026]
localrule synth_generate:
    output: results/synth/regime=easy/d=10/num_cycles=5/density=0.5/samp_size=500/seed=2/dataset.npz
    jobid: 208
    reason: Missing output files: results/synth/regime=easy/d=10/num_cycles=5/density=0.5/samp_size=500/seed=2/dataset.npz
    wildcards: regime=easy, d=10, num_cycles=5, density=0.5, samp_size=500, seed=2
    resources: tmpdir=/tmp
[Wed Apr 29 22:32:44 2026]
localrule synth_generate:
    output: results/synth/regime=easy/d=10/num_cycles=3/density=0.8/samp_size=500/seed=2/dataset.npz
    jobid: 245
    reason: Missing output files: results/synth/regime=easy/d=10/num_cycles=3/density=0.8/samp_size=500/seed=2/dataset.npz
    wildcards: regime=easy, d=10, num_cycles=3, density=0.8, samp_size=500, seed=2
    resources: tmpdir=/tmp
[Wed Apr 29 22:32:44 2026]
localrule synth_generate:
    output: results/synth/regime=easy/d=10/num_cycles=5/density=0.3/samp_size=100/seed=0/dataset.npz
    jobid: 84
    reason: Missing output files: results/synth/regime=easy/d=10/num_cycles=5/density=0.3/samp_size=100/seed=0/dataset.npz
    wildcards: regime=easy, d=10, num_cycles=5, density=0.3, samp_size=100, seed=0
    resources: tmpdir=/tmp
[Wed Apr 29 22:32:44 2026]
localrule synth_generate:
    output: results/synth/regime=easy/d=10/num_cycles=3/density=0.5/samp_size=100/seed=0/dataset.npz
    jobid: 121
    reason: Missing output files: results/synth/regime=easy/d=10/num_cycles=3/density=0.5/samp_size=100/seed=0/dataset.npz
    wildcards: regime=easy, d=10, num_cycles=3, density=0.5, samp_size=100, seed=0
    resources: tmpdir=/tmp
[Wed Apr 29 22:32:44 2026]
localrule synth_generate:
    output: results/synth/regime=easy/d=10/num_cycles=4/density=0.3/samp_size=50/seed=0/dataset.npz
    jobid: 39
    reason: Missing output files: results/synth/regime=easy/d=10/num_cycles=4/density=0.3/samp_size=50/seed=0/dataset.npz
    wildcards: regime=easy, d=10, num_cycles=4, density=0.3, samp_size=50, seed=0
    resources: tmpdir=/tmp
[Wed Apr 29 22:32:44 2026]
localrule synth_generate:
    output: results/synth/regime=easy/d=10/num_cycles=4/density=0.5/samp_size=500/seed=0/dataset.npz
    jobid: 166
    reason: Missing output files: results/synth/regime=easy/d=10/num_cycles=4/density=0.5/samp_size=500/seed=0/dataset.npz
    wildcards: regime=easy, d=10, num_cycles=4, density=0.5, samp_size=500, seed=0
    resources: tmpdir=/tmp
[Wed Apr 29 22:32:44 2026]
localrule synth_generate:
    output: results/synth/regime=easy/d=10/num_cycles=5/density=0.8/samp_size=50/seed=0/dataset.npz
    jobid: 293
    reason: Missing output files: results/synth/regime=easy/d=10/num_cycles=5/density=0.8/samp_size=50/seed=0/dataset.npz
    wildcards: regime=easy, d=10, num_cycles=5, density=0.8, samp_size=50, seed=0
    resources: tmpdir=/tmp
[Wed Apr 29 22:32:44 2026]
localrule synth_generate:
    output: results/synth/regime=easy/d=10/num_cycles=5/density=0.5/samp_size=1000/seed=0/dataset.npz
    jobid: 211
    reason: Missing output files: results/synth/regime=easy/d=10/num_cycles=5/density=0.5/samp_size=1000/seed=0/dataset.npz
    wildcards: regime=easy, d=10, num_cycles=5, density=0.5, samp_size=1000, seed=0
    resources: tmpdir=/tmp
[Wed Apr 29 22:32:44 2026]
localrule synth_generate:
    output: results/synth/regime=easy/d=10/num_cycles=3/density=0.8/samp_size=1000/seed=0/dataset.npz
    jobid: 248
    reason: Missing output files: results/synth/regime=easy/d=10/num_cycles=3/density=0.8/samp_size=1000/seed=0/dataset.npz
    wildcards: regime=easy, d=10, num_cycles=3, density=0.8, samp_size=1000, seed=0
    resources: tmpdir=/tmp
[Wed Apr 29 22:32:44 2026]
localrule synth_generate:
    output: results/synth/regime=easy/d=10/num_cycles=5/density=0.3/samp_size=100/seed=1/dataset.npz
    jobid: 87
    reason: Missing output files: results/synth/regime=easy/d=10/num_cycles=5/density=0.3/samp_size=100/seed=1/dataset.npz
    wildcards: regime=easy, d=10, num_cycles=5, density=0.3, samp_size=100, seed=1
    resources: tmpdir=/tmp
[Wed Apr 29 22:32:44 2026]
localrule synth_generate:
    output: results/synth/regime=easy/d=10/num_cycles=3/density=0.5/samp_size=100/seed=1/dataset.npz
    jobid: 124
    reason: Missing output files: results/synth/regime=easy/d=10/num_cycles=3/density=0.5/samp_size=100/seed=1/dataset.npz
    wildcards: regime=easy, d=10, num_cycles=3, density=0.5, samp_size=100, seed=1
    resources: tmpdir=/tmp
[Wed Apr 29 22:32:44 2026]
localrule synth_generate:
    output: results/synth/regime=easy/d=10/num_cycles=4/density=0.3/samp_size=50/seed=1/dataset.npz
    jobid: 42
    reason: Missing output files: results/synth/regime=easy/d=10/num_cycles=4/density=0.3/samp_size=50/seed=1/dataset.npz
    wildcards: regime=easy, d=10, num_cycles=4, density=0.3, samp_size=50, seed=1
    resources: tmpdir=/tmp
[Wed Apr 29 22:32:44 2026]
localrule synth_generate:
    output: results/synth/regime=easy/d=10/num_cycles=4/density=0.5/samp_size=500/seed=1/dataset.npz
    jobid: 169
    reason: Missing output files: results/synth/regime=easy/d=10/num_cycles=4/density=0.5/samp_size=500/seed=1/dataset.npz
    wildcards: regime=easy, d=10, num_cycles=4, density=0.5, samp_size=500, seed=1
    resources: tmpdir=/tmp
[Wed Apr 29 22:32:44 2026]
localrule synth_generate:
    output: results/synth/regime=easy/d=10/num_cycles=5/density=0.8/samp_size=50/seed=1/dataset.npz
    jobid: 296
    reason: Missing output files: results/synth/regime=easy/d=10/num_cycles=5/density=0.8/samp_size=50/seed=1/dataset.npz
    wildcards: regime=easy, d=10, num_cycles=5, density=0.8, samp_size=50, seed=1
    resources: tmpdir=/tmp
[Wed Apr 29 22:32:44 2026]
localrule synth_generate:
    output: results/synth/regime=easy/d=10/num_cycles=5/density=0.5/samp_size=1000/seed=1/dataset.npz
    jobid: 214
    reason: Missing output files: results/synth/regime=easy/d=10/num_cycles=5/density=0.5/samp_size=1000/seed=1/dataset.npz
    wildcards: regime=easy, d=10, num_cycles=5, density=0.5, samp_size=1000, seed=1
    resources: tmpdir=/tmp
[Wed Apr 29 22:32:44 2026]
localrule synth_generate:
    output: results/synth/regime=easy/d=10/num_cycles=3/density=0.8/samp_size=1000/seed=1/dataset.npz
    jobid: 251
    reason: Missing output files: results/synth/regime=easy/d=10/num_cycles=3/density=0.8/samp_size=1000/seed=1/dataset.npz
    wildcards: regime=easy, d=10, num_cycles=3, density=0.8, samp_size=1000, seed=1
    resources: tmpdir=/tmp
[Wed Apr 29 22:32:44 2026]
localrule synth_generate:
    output: results/synth/regime=easy/d=10/num_cycles=5/density=0.3/samp_size=100/seed=2/dataset.npz
    jobid: 90
    reason: Missing output files: results/synth/regime=easy/d=10/num_cycles=5/density=0.3/samp_size=100/seed=2/dataset.npz
    wildcards: regime=easy, d=10, num_cycles=5, density=0.3, samp_size=100, seed=2
    resources: tmpdir=/tmp
[Wed Apr 29 22:32:44 2026]
localrule synth_generate:
    output: results/synth/regime=easy/d=10/num_cycles=3/density=0.5/samp_size=100/seed=2/dataset.npz
    jobid: 127
    reason: Missing output files: results/synth/regime=easy/d=10/num_cycles=3/density=0.5/samp_size=100/seed=2/dataset.npz
    wildcards: regime=easy, d=10, num_cycles=3, density=0.5, samp_size=100, seed=2
    resources: tmpdir=/tmp
[Wed Apr 29 22:32:44 2026]
localrule synth_generate:
    output: results/synth/regime=easy/d=10/num_cycles=4/density=0.3/samp_size=50/seed=2/dataset.npz
    jobid: 45
    reason: Missing output files: results/synth/regime=easy/d=10/num_cycles=4/density=0.3/samp_size=50/seed=2/dataset.npz
    wildcards: regime=easy, d=10, num_cycles=4, density=0.3, samp_size=50, seed=2
    resources: tmpdir=/tmp
[Wed Apr 29 22:32:44 2026]
localrule synth_generate:
    output: results/synth/regime=easy/d=10/num_cycles=4/density=0.5/samp_size=500/seed=2/dataset.npz
    jobid: 172
    reason: Missing output files: results/synth/regime=easy/d=10/num_cycles=4/density=0.5/samp_size=500/seed=2/dataset.npz
    wildcards: regime=easy, d=10, num_cycles=4, density=0.5, samp_size=500, seed=2
    resources: tmpdir=/tmp
[Wed Apr 29 22:32:44 2026]
localrule synth_generate:
    output: results/synth/regime=easy/d=10/num_cycles=3/density=0.5/samp_size=500/seed=1/dataset.npz
    jobid: 133
    reason: Missing output files: results/synth/regime=easy/d=10/num_cycles=3/density=0.5/samp_size=500/seed=1/dataset.npz
    wildcards: regime=easy, d=10, num_cycles=3, density=0.5, samp_size=500, seed=1
    resources: tmpdir=/tmp
[Wed Apr 29 22:32:44 2026]
localrule synth_generate:
    output: results/synth/regime=easy/d=10/num_cycles=4/density=0.5/samp_size=1000/seed=2/dataset.npz
    jobid: 181
    reason: Missing output files: results/synth/regime=easy/d=10/num_cycles=4/density=0.5/samp_size=1000/seed=2/dataset.npz
    wildcards: regime=easy, d=10, num_cycles=4, density=0.5, samp_size=1000, seed=2
    resources: tmpdir=/tmp
[Wed Apr 29 22:32:44 2026]
localrule synth_generate:
    output: results/synth/regime=easy/d=10/num_cycles=5/density=0.8/samp_size=100/seed=2/dataset.npz
    jobid: 308
    reason: Missing output files: results/synth/regime=easy/d=10/num_cycles=5/density=0.8/samp_size=100/seed=2/dataset.npz
    wildcards: regime=easy, d=10, num_cycles=5, density=0.8, samp_size=100, seed=2
    resources: tmpdir=/tmp
[Wed Apr 29 22:32:44 2026]
localrule synth_generate:
    output: results/synth/regime=easy/d=10/num_cycles=4/density=0.8/samp_size=50/seed=2/dataset.npz
    jobid: 263
    reason: Missing output files: results/synth/regime=easy/d=10/num_cycles=4/density=0.8/samp_size=50/seed=2/dataset.npz
    wildcards: regime=easy, d=10, num_cycles=4, density=0.8, samp_size=50, seed=2
    resources: tmpdir=/tmp
[Wed Apr 29 22:32:44 2026]
localrule synth_generate:
    output: results/synth/regime=easy/d=10/num_cycles=3/density=0.3/samp_size=50/seed=2/dataset.npz
    jobid: 9
    reason: Missing output files: results/synth/regime=easy/d=10/num_cycles=3/density=0.3/samp_size=50/seed=2/dataset.npz
    wildcards: regime=easy, d=10, num_cycles=3, density=0.3, samp_size=50, seed=2
    resources: tmpdir=/tmp
[Wed Apr 29 22:32:45 2026]
Finished jobid: 314 (Rule: synth_generate)
1 of 328 steps (0.3%) done
Select jobs to execute...
Execute 1 jobs...
[Wed Apr 29 22:32:45 2026]
localrule synth_generate:
    output: results/synth/regime=easy/d=10/num_cycles=5/density=0.8/samp_size=1000/seed=1/dataset.npz
    jobid: 323
    reason: Missing output files: results/synth/regime=easy/d=10/num_cycles=5/density=0.8/samp_size=1000/seed=1/dataset.npz
    wildcards: regime=easy, d=10, num_cycles=5, density=0.8, samp_size=1000, seed=1
    resources: tmpdir=/tmp
[Wed Apr 29 22:32:45 2026]
Finished jobid: 224 (Rule: synth_generate)
2 of 328 steps (1%) done
[Wed Apr 29 22:32:45 2026]
Finished jobid: 81 (Rule: synth_generate)
3 of 328 steps (1%) done
[Wed Apr 29 22:32:45 2026]
Finished jobid: 290 (Rule: synth_generate)
4 of 328 steps (1%) done
[Wed Apr 29 22:32:45 2026]
Finished jobid: 118 (Rule: synth_generate)
5 of 328 steps (2%) done
Select jobs to execute...
Execute 4 jobs...
[Wed Apr 29 22:32:45 2026]
localrule synth_generate:
    output: results/synth/regime=easy/d=10/num_cycles=3/density=0.8/samp_size=1000/seed=2/dataset.npz
    jobid: 254
    reason: Missing output files: results/synth/regime=easy/d=10/num_cycles=3/density=0.8/samp_size=1000/seed=2/dataset.npz
    wildcards: regime=easy, d=10, num_cycles=3, density=0.8, samp_size=1000, seed=2
    resources: tmpdir=/tmp
[Wed Apr 29 22:32:45 2026]
localrule synth_generate:
    output: results/synth/regime=easy/d=10/num_cycles=4/density=0.3/samp_size=100/seed=0/dataset.npz
    jobid: 48
    reason: Missing output files: results/synth/regime=easy/d=10/num_cycles=4/density=0.3/samp_size=100/seed=0/dataset.npz
    wildcards: regime=easy, d=10, num_cycles=4, density=0.3, samp_size=100, seed=0
    resources: tmpdir=/tmp
[Wed Apr 29 22:32:45 2026]
localrule synth_generate:
    output: results/synth/regime=easy/d=10/num_cycles=5/density=0.3/samp_size=500/seed=0/dataset.npz
    jobid: 93
    reason: Missing output files: results/synth/regime=easy/d=10/num_cycles=5/density=0.3/samp_size=500/seed=0/dataset.npz
    wildcards: regime=easy, d=10, num_cycles=5, density=0.3, samp_size=500, seed=0
    resources: tmpdir=/tmp
[Wed Apr 29 22:32:45 2026]
localrule synth_generate:
    output: results/synth/regime=easy/d=10/num_cycles=5/density=0.8/samp_size=100/seed=0/dataset.npz
    jobid: 302
    reason: Missing output files: results/synth/regime=easy/d=10/num_cycles=5/density=0.8/samp_size=100/seed=0/dataset.npz
    wildcards: regime=easy, d=10, num_cycles=5, density=0.8, samp_size=100, seed=0
    resources: tmpdir=/tmp
[Wed Apr 29 22:32:45 2026]
Finished jobid: 163 (Rule: synth_generate)
6 of 328 steps (2%) done
[Wed Apr 29 22:32:45 2026]
Finished jobid: 293 (Rule: synth_generate)
7 of 328 steps (2%) done
[Wed Apr 29 22:32:45 2026]
Finished jobid: 124 (Rule: synth_generate)
8 of 328 steps (2%) done
Select jobs to execute...
Execute 3 jobs...
[Wed Apr 29 22:32:45 2026]
localrule synth_fit:
    input: results/synth/regime=easy/d=10/num_cycles=4/density=0.5/samp_size=100/seed=2/dataset.npz
    output: results/synth/regime=easy/d=10/num_cycles=4/density=0.5/samp_size=100/seed=2/method=lacerda/model.pkl
    jobid: 164
    reason: Missing output files: results/synth/regime=easy/d=10/num_cycles=4/density=0.5/samp_size=100/seed=2/method=lacerda/model.pkl; Input files updated by another job: results/synth/regime=easy/d=10/num_cycles=4/density=0.5/samp_size=100/seed=2/dataset.npz
    wildcards: regime=easy, d=10, num_cycles=4, density=0.5, samp_size=100, seed=2, method=lacerda
    resources: tmpdir=/tmp
[Wed Apr 29 22:32:45 2026]
localrule synth_generate:
    output: results/synth/regime=easy/d=10/num_cycles=3/density=0.5/samp_size=500/seed=0/dataset.npz
    jobid: 130
    reason: Missing output files: results/synth/regime=easy/d=10/num_cycles=3/density=0.5/samp_size=500/seed=0/dataset.npz
    wildcards: regime=easy, d=10, num_cycles=3, density=0.5, samp_size=500, seed=0
    resources: tmpdir=/tmp
[Wed Apr 29 22:32:45 2026]
localrule synth_generate:
    output: results/synth/regime=easy/d=10/num_cycles=4/density=0.5/samp_size=1000/seed=0/dataset.npz
    jobid: 175
    reason: Missing output files: results/synth/regime=easy/d=10/num_cycles=4/density=0.5/samp_size=1000/seed=0/dataset.npz
    wildcards: regime=easy, d=10, num_cycles=4, density=0.5, samp_size=1000, seed=0
    resources: tmpdir=/tmp
[Wed Apr 29 22:32:45 2026]
Finished jobid: 245 (Rule: synth_generate)
9 of 328 steps (3%) done
[Wed Apr 29 22:32:45 2026]
Finished jobid: 169 (Rule: synth_generate)
10 of 328 steps (3%) done
[Wed Apr 29 22:32:45 2026]
Finished jobid: 211 (Rule: synth_generate)
11 of 328 steps (3%) done
Select jobs to execute...
Execute 3 jobs...
[Wed Apr 29 22:32:45 2026]
localrule synth_fit:
    input: results/synth/regime=easy/d=10/num_cycles=3/density=0.8/samp_size=500/seed=2/dataset.npz
    output: results/synth/regime=easy/d=10/num_cycles=3/density=0.8/samp_size=500/seed=2/method=lacerda/model.pkl
    jobid: 246
    reason: Missing output files: results/synth/regime=easy/d=10/num_cycles=3/density=0.8/samp_size=500/seed=2/method=lacerda/model.pkl; Input files updated by another job: results/synth/regime=easy/d=10/num_cycles=3/density=0.8/samp_size=500/seed=2/dataset.npz
    wildcards: regime=easy, d=10, num_cycles=3, density=0.8, samp_size=500, seed=2, method=lacerda
    resources: tmpdir=/tmp
[Wed Apr 29 22:32:45 2026]
localrule synth_generate:
    output: results/synth/regime=easy/d=10/num_cycles=3/density=0.3/samp_size=50/seed=0/dataset.npz
    jobid: 3
    reason: Missing output files: results/synth/regime=easy/d=10/num_cycles=3/density=0.3/samp_size=50/seed=0/dataset.npz
    wildcards: regime=easy, d=10, num_cycles=3, density=0.3, samp_size=50, seed=0
    resources: tmpdir=/tmp
[Wed Apr 29 22:32:45 2026]
localrule synth_generate:
    output: results/synth/regime=easy/d=10/num_cycles=4/density=0.8/samp_size=50/seed=0/dataset.npz
    jobid: 257
    reason: Missing output files: results/synth/regime=easy/d=10/num_cycles=4/density=0.8/samp_size=50/seed=0/dataset.npz
    wildcards: regime=easy, d=10, num_cycles=4, density=0.8, samp_size=50, seed=0
    resources: tmpdir=/tmp
[Wed Apr 29 22:32:45 2026]
Finished jobid: 296 (Rule: synth_generate)
12 of 328 steps (4%) done
[Wed Apr 29 22:32:45 2026]
Finished jobid: 208 (Rule: synth_generate)
13 of 328 steps (4%) done
[Wed Apr 29 22:32:45 2026]
Finished jobid: 172 (Rule: synth_generate)
14 of 328 steps (4%) done
[Wed Apr 29 22:32:45 2026]
Finished jobid: 121 (Rule: synth_generate)
15 of 328 steps (5%) done
Select jobs to execute...
Execute 4 jobs...
[Wed Apr 29 22:32:45 2026]
localrule synth_fit:
    input: results/synth/regime=easy/d=10/num_cycles=3/density=0.5/samp_size=100/seed=0/dataset.npz
    output: results/synth/regime=easy/d=10/num_cycles=3/density=0.5/samp_size=100/seed=0/method=lacerda/model.pkl
    jobid: 122
    reason: Missing output files: results/synth/regime=easy/d=10/num_cycles=3/density=0.5/samp_size=100/seed=0/method=lacerda/model.pkl; Input files updated by another job: results/synth/regime=easy/d=10/num_cycles=3/density=0.5/samp_size=100/seed=0/dataset.npz
    wildcards: regime=easy, d=10, num_cycles=3, density=0.5, samp_size=100, seed=0, method=lacerda
    resources: tmpdir=/tmp
[Wed Apr 29 22:32:45 2026]
localrule synth_generate:
    output: results/synth/regime=easy/d=10/num_cycles=5/density=0.5/samp_size=1000/seed=2/dataset.npz
    jobid: 217
    reason: Missing output files: results/synth/regime=easy/d=10/num_cycles=5/density=0.5/samp_size=1000/seed=2/dataset.npz
    wildcards: regime=easy, d=10, num_cycles=5, density=0.5, samp_size=1000, seed=2
    resources: tmpdir=/tmp
[Wed Apr 29 22:32:45 2026]
localrule synth_generate:
    output: results/synth/regime=easy/d=10/num_cycles=5/density=0.8/samp_size=50/seed=2/dataset.npz
    jobid: 299
    reason: Missing output files: results/synth/regime=easy/d=10/num_cycles=5/density=0.8/samp_size=50/seed=2/dataset.npz
    wildcards: regime=easy, d=10, num_cycles=5, density=0.8, samp_size=50, seed=2
    resources: tmpdir=/tmp
[Wed Apr 29 22:32:45 2026]
localrule synth_fit:
    input: results/synth/regime=easy/d=10/num_cycles=4/density=0.5/samp_size=500/seed=2/dataset.npz
    output: results/synth/regime=easy/d=10/num_cycles=4/density=0.5/samp_size=500/seed=2/method=lacerda/model.pkl
    jobid: 173
    reason: Missing output files: results/synth/regime=easy/d=10/num_cycles=4/density=0.5/samp_size=500/seed=2/method=lacerda/model.pkl; Input files updated by another job: results/synth/regime=easy/d=10/num_cycles=4/density=0.5/samp_size=500/seed=2/dataset.npz
    wildcards: regime=easy, d=10, num_cycles=4, density=0.5, samp_size=500, seed=2, method=lacerda
    resources: tmpdir=/tmp
[Wed Apr 29 22:32:45 2026]
Finished jobid: 248 (Rule: synth_generate)
16 of 328 steps (5%) done
[Wed Apr 29 22:32:45 2026]
Finished jobid: 36 (Rule: synth_generate)
17 of 328 steps (5%) done
[Wed Apr 29 22:32:45 2026]
Finished jobid: 39 (Rule: synth_generate)
18 of 328 steps (5%) done
Select jobs to execute...
Execute 3 jobs...
[Wed Apr 29 22:32:45 2026]
localrule synth_fit:
    input: results/synth/regime=easy/d=10/num_cycles=3/density=0.3/samp_size=1000/seed=2/dataset.npz
    output: results/synth/regime=easy/d=10/num_cycles=3/density=0.3/samp_size=1000/seed=2/method=lacerda/model.pkl
    jobid: 37
    reason: Missing output files: results/synth/regime=easy/d=10/num_cycles=3/density=0.3/samp_size=1000/seed=2/method=lacerda/model.pkl; Input files updated by another job: results/synth/regime=easy/d=10/num_cycles=3/density=0.3/samp_size=1000/seed=2/dataset.npz
    wildcards: regime=easy, d=10, num_cycles=3, density=0.3, samp_size=1000, seed=2, method=lacerda
    resources: tmpdir=/tmp
[Wed Apr 29 22:32:45 2026]
localrule synth_fit:
    input: results/synth/regime=easy/d=10/num_cycles=5/density=0.8/samp_size=50/seed=1/dataset.npz
    output: results/synth/regime=easy/d=10/num_cycles=5/density=0.8/samp_size=50/seed=1/method=lacerda/model.pkl
    jobid: 297
    reason: Missing output files: results/synth/regime=easy/d=10/num_cycles=5/density=0.8/samp_size=50/seed=1/method=lacerda/model.pkl; Input files updated by another job: results/synth/regime=easy/d=10/num_cycles=5/density=0.8/samp_size=50/seed=1/dataset.npz
    wildcards: regime=easy, d=10, num_cycles=5, density=0.8, samp_size=50, seed=1, method=lacerda
    resources: tmpdir=/tmp
[Wed Apr 29 22:32:45 2026]
localrule synth_fit:
    input: results/synth/regime=easy/d=10/num_cycles=4/density=0.5/samp_size=500/seed=1/dataset.npz
    output: results/synth/regime=easy/d=10/num_cycles=4/density=0.5/samp_size=500/seed=1/method=lacerda/model.pkl
    jobid: 170
    reason: Missing output files: results/synth/regime=easy/d=10/num_cycles=4/density=0.5/samp_size=500/seed=1/method=lacerda/model.pkl; Input files updated by another job: results/synth/regime=easy/d=10/num_cycles=4/density=0.5/samp_size=500/seed=1/dataset.npz
    wildcards: regime=easy, d=10, num_cycles=4, density=0.5, samp_size=500, seed=1, method=lacerda
    resources: tmpdir=/tmp
[Wed Apr 29 22:32:45 2026]
Finished jobid: 9 (Rule: synth_generate)
19 of 328 steps (6%) done
[Wed Apr 29 22:32:45 2026]
Finished jobid: 127 (Rule: synth_generate)
20 of 328 steps (6%) done
[Wed Apr 29 22:32:45 2026]
Finished jobid: 87 (Rule: synth_generate)
21 of 328 steps (6%) done
[Wed Apr 29 22:32:45 2026]
Finished jobid: 214 (Rule: synth_generate)
22 of 328 steps (7%) done
[Wed Apr 29 22:32:45 2026]
Finished jobid: 166 (Rule: synth_generate)
23 of 328 steps (7%) done
[Wed Apr 29 22:32:45 2026]
Finished jobid: 42 (Rule: synth_generate)
24 of 328 steps (7%) done
[Wed Apr 29 22:32:45 2026]
Finished jobid: 251 (Rule: synth_generate)
25 of 328 steps (8%) done
[Wed Apr 29 22:32:45 2026]
Finished jobid: 133 (Rule: synth_generate)
26 of 328 steps (8%) done
[Wed Apr 29 22:32:45 2026]
Finished jobid: 84 (Rule: synth_generate)
27 of 328 steps (8%) done
[Wed Apr 29 22:32:45 2026]
Finished jobid: 45 (Rule: synth_generate)
28 of 328 steps (9%) done
[Wed Apr 29 22:32:45 2026]
Finished jobid: 90 (Rule: synth_generate)
29 of 328 steps (9%) done
[Wed Apr 29 22:32:45 2026]
Finished jobid: 181 (Rule: synth_generate)
30 of 328 steps (9%) done
Select jobs to execute...
Execute 12 jobs...
[Wed Apr 29 22:32:45 2026]
localrule synth_fit:
    input: results/synth/regime=easy/d=10/num_cycles=5/density=0.8/samp_size=500/seed=1/dataset.npz
    output: results/synth/regime=easy/d=10/num_cycles=5/density=0.8/samp_size=500/seed=1/method=lacerda/model.pkl
    jobid: 315
    reason: Missing output files: results/synth/regime=easy/d=10/num_cycles=5/density=0.8/samp_size=500/seed=1/method=lacerda/model.pkl; Input files updated by another job: results/synth/regime=easy/d=10/num_cycles=5/density=0.8/samp_size=500/seed=1/dataset.npz
    wildcards: regime=easy, d=10, num_cycles=5, density=0.8, samp_size=500, seed=1, method=lacerda
    resources: tmpdir=/tmp
[Wed Apr 29 22:32:45 2026]
localrule synth_fit:
    input: results/synth/regime=easy/d=10/num_cycles=4/density=0.3/samp_size=50/seed=0/dataset.npz
    output: results/synth/regime=easy/d=10/num_cycles=4/density=0.3/samp_size=50/seed=0/method=lacerda/model.pkl
    jobid: 40
    reason: Missing output files: results/synth/regime=easy/d=10/num_cycles=4/density=0.3/samp_size=50/seed=0/method=lacerda/model.pkl; Input files updated by another job: results/synth/regime=easy/d=10/num_cycles=4/density=0.3/samp_size=50/seed=0/dataset.npz
    wildcards: regime=easy, d=10, num_cycles=4, density=0.3, samp_size=50, seed=0, method=lacerda
    resources: tmpdir=/tmp
[Wed Apr 29 22:32:45 2026]
localrule synth_fit:
    input: results/synth/regime=easy/d=10/num_cycles=5/density=0.5/samp_size=1000/seed=1/dataset.npz
    output: results/synth/regime=easy/d=10/num_cycles=5/density=0.5/samp_size=1000/seed=1/method=lacerda/model.pkl
    jobid: 215
    reason: Missing output files: results/synth/regime=easy/d=10/num_cycles=5/density=0.5/samp_size=1000/seed=1/method=lacerda/model.pkl; Input files updated by another job: results/synth/regime=easy/d=10/num_cycles=5/density=0.5/samp_size=1000/seed=1/dataset.npz
    wildcards: regime=easy, d=10, num_cycles=5, density=0.5, samp_size=1000, seed=1, method=lacerda
    resources: tmpdir=/tmp
[Wed Apr 29 22:32:45 2026]
localrule synth_fit:
    input: results/synth/regime=easy/d=10/num_cycles=3/density=0.8/samp_size=1000/seed=1/dataset.npz
    output: results/synth/regime=easy/d=10/num_cycles=3/density=0.8/samp_size=1000/seed=1/method=lacerda/model.pkl
    jobid: 252
    reason: Missing output files: results/synth/regime=easy/d=10/num_cycles=3/density=0.8/samp_size=1000/seed=1/method=lacerda/model.pkl; Input files updated by another job: results/synth/regime=easy/d=10/num_cycles=3/density=0.8/samp_size=1000/seed=1/dataset.npz
    wildcards: regime=easy, d=10, num_cycles=3, density=0.8, samp_size=1000, seed=1, method=lacerda
    resources: tmpdir=/tmp
[Wed Apr 29 22:32:45 2026]
localrule synth_fit:
    input: results/synth/regime=easy/d=10/num_cycles=3/density=0.5/samp_size=100/seed=1/dataset.npz
    output: results/synth/regime=easy/d=10/num_cycles=3/density=0.5/samp_size=100/seed=1/method=lacerda/model.pkl
    jobid: 125
    reason: Missing output files: results/synth/regime=easy/d=10/num_cycles=3/density=0.5/samp_size=100/seed=1/method=lacerda/model.pkl; Input files updated by another job: results/synth/regime=easy/d=10/num_cycles=3/density=0.5/samp_size=100/seed=1/dataset.npz
    wildcards: regime=easy, d=10, num_cycles=3, density=0.5, samp_size=100, seed=1, method=lacerda
    resources: tmpdir=/tmp
[Wed Apr 29 22:32:45 2026]
localrule synth_fit:
    input: results/synth/regime=easy/d=10/num_cycles=4/density=0.3/samp_size=50/seed=1/dataset.npz
    output: results/synth/regime=easy/d=10/num_cycles=4/density=0.3/samp_size=50/seed=1/method=lacerda/model.pkl
    jobid: 43
    reason: Missing output files: results/synth/regime=easy/d=10/num_cycles=4/density=0.3/samp_size=50/seed=1/method=lacerda/model.pkl; Input files updated by another job: results/synth/regime=easy/d=10/num_cycles=4/density=0.3/samp_size=50/seed=1/dataset.npz
    wildcards: regime=easy, d=10, num_cycles=4, density=0.3, samp_size=50, seed=1, method=lacerda
    resources: tmpdir=/tmp
[Wed Apr 29 22:32:45 2026]
localrule synth_fit:
    input: results/synth/regime=easy/d=10/num_cycles=5/density=0.3/samp_size=100/seed=1/dataset.npz
    output: results/synth/regime=easy/d=10/num_cycles=5/density=0.3/samp_size=100/seed=1/method=lacerda/model.pkl
    jobid: 88
    reason: Missing output files: results/synth/regime=easy/d=10/num_cycles=5/density=0.3/samp_size=100/seed=1/method=lacerda/model.pkl; Input files updated by another job: results/synth/regime=easy/d=10/num_cycles=5/density=0.3/samp_size=100/seed=1/dataset.npz
    wildcards: regime=easy, d=10, num_cycles=5, density=0.3, samp_size=100, seed=1, method=lacerda
    resources: tmpdir=/tmp
[Wed Apr 29 22:32:45 2026]
localrule synth_fit:
    input: results/synth/regime=easy/d=10/num_cycles=3/density=0.5/samp_size=100/seed=2/dataset.npz
    output: results/synth/regime=easy/d=10/num_cycles=3/density=0.5/samp_size=100/seed=2/method=lacerda/model.pkl
    jobid: 128
    reason: Missing output files: results/synth/regime=easy/d=10/num_cycles=3/density=0.5/samp_size=100/seed=2/method=lacerda/model.pkl; Input files updated by another job: results/synth/regime=easy/d=10/num_cycles=3/density=0.5/samp_size=100/seed=2/dataset.npz
    wildcards: regime=easy, d=10, num_cycles=3, density=0.5, samp_size=100, seed=2, method=lacerda
    resources: tmpdir=/tmp
[Wed Apr 29 22:32:45 2026]
localrule synth_fit:
    input: results/synth/regime=easy/d=10/num_cycles=5/density=0.3/samp_size=100/seed=2/dataset.npz
    output: results/synth/regime=easy/d=10/num_cycles=5/density=0.3/samp_size=100/seed=2/method=lacerda/model.pkl
    jobid: 91
    reason: Missing output files: results/synth/regime=easy/d=10/num_cycles=5/density=0.3/samp_size=100/seed=2/method=lacerda/model.pkl; Input files updated by another job: results/synth/regime=easy/d=10/num_cycles=5/density=0.3/samp_size=100/seed=2/dataset.npz
    wildcards: regime=easy, d=10, num_cycles=5, density=0.3, samp_size=100, seed=2, method=lacerda
    resources: tmpdir=/tmp
[Wed Apr 29 22:32:45 2026]
localrule synth_fit:
    input: results/synth/regime=easy/d=10/num_cycles=4/density=0.3/samp_size=50/seed=2/dataset.npz
    output: results/synth/regime=easy/d=10/num_cycles=4/density=0.3/samp_size=50/seed=2/method=lacerda/model.pkl
    jobid: 46
    reason: Missing output files: results/synth/regime=easy/d=10/num_cycles=4/density=0.3/samp_size=50/seed=2/method=lacerda/model.pkl; Input files updated by another job: results/synth/regime=easy/d=10/num_cycles=4/density=0.3/samp_size=50/seed=2/dataset.npz
    wildcards: regime=easy, d=10, num_cycles=4, density=0.3, samp_size=50, seed=2, method=lacerda
    resources: tmpdir=/tmp
[Wed Apr 29 22:32:45 2026]
localrule synth_generate:
    output: results/synth/regime=easy/d=10/num_cycles=5/density=0.3/samp_size=500/seed=1/dataset.npz
    jobid: 96
    reason: Missing output files: results/synth/regime=easy/d=10/num_cycles=5/density=0.3/samp_size=500/seed=1/dataset.npz
    wildcards: regime=easy, d=10, num_cycles=5, density=0.3, samp_size=500, seed=1
    resources: tmpdir=/tmp
[Wed Apr 29 22:32:45 2026]
localrule synth_generate:
    output: results/synth/regime=easy/d=10/num_cycles=4/density=0.8/samp_size=50/seed=1/dataset.npz
    jobid: 260
    reason: Missing output files: results/synth/regime=easy/d=10/num_cycles=4/density=0.8/samp_size=50/seed=1/dataset.npz
    wildcards: regime=easy, d=10, num_cycles=4, density=0.8, samp_size=50, seed=1
    resources: tmpdir=/tmp
[Wed Apr 29 22:32:45 2026]
Finished jobid: 308 (Rule: synth_generate)
31 of 328 steps (9%) done
[Wed Apr 29 22:32:45 2026]
Finished jobid: 263 (Rule: synth_generate)
32 of 328 steps (10%) done
Select jobs to execute...
Execute 2 jobs...
[Wed Apr 29 22:32:45 2026]
localrule synth_fit:
    input: results/synth/regime=easy/d=10/num_cycles=5/density=0.5/samp_size=1000/seed=0/dataset.npz
    output: results/synth/regime=easy/d=10/num_cycles=5/density=0.5/samp_size=1000/seed=0/method=lacerda/model.pkl
    jobid: 212
    reason: Missing output files: results/synth/regime=easy/d=10/num_cycles=5/density=0.5/samp_size=1000/seed=0/method=lacerda/model.pkl; Input files updated by another job: results/synth/regime=easy/d=10/num_cycles=5/density=0.5/samp_size=1000/seed=0/dataset.npz
    wildcards: regime=easy, d=10, num_cycles=5, density=0.5, samp_size=1000, seed=0, method=lacerda
    resources: tmpdir=/tmp
[Wed Apr 29 22:32:45 2026]
localrule synth_generate:
    output: results/synth/regime=easy/d=10/num_cycles=5/density=0.8/samp_size=100/seed=1/dataset.npz
    jobid: 305
    reason: Missing output files: results/synth/regime=easy/d=10/num_cycles=5/density=0.8/samp_size=100/seed=1/dataset.npz
    wildcards: regime=easy, d=10, num_cycles=5, density=0.8, samp_size=100, seed=1
    resources: tmpdir=/tmp
Select jobs to execute...
[Wed Apr 29 22:32:46 2026]
Finished jobid: 93 (Rule: synth_generate)
33 of 328 steps (10%) done
Execute 1 jobs...
[Wed Apr 29 22:32:46 2026]
localrule synth_generate:
    output: results/synth/regime=easy/d=10/num_cycles=4/density=0.3/samp_size=1000/seed=2/dataset.npz
    jobid: 72
    reason: Missing output files: results/synth/regime=easy/d=10/num_cycles=4/density=0.3/samp_size=1000/seed=2/dataset.npz
    wildcards: regime=easy, d=10, num_cycles=4, density=0.3, samp_size=1000, seed=2
    resources: tmpdir=/tmp
[Wed Apr 29 22:32:46 2026]
Finished jobid: 48 (Rule: synth_generate)
34 of 328 steps (10%) done
[Wed Apr 29 22:32:46 2026]
Finished jobid: 302 (Rule: synth_generate)
35 of 328 steps (11%) done
[Wed Apr 29 22:32:46 2026]
Finished jobid: 254 (Rule: synth_generate)
36 of 328 steps (11%) done
Select jobs to execute...
Execute 3 jobs...
[Wed Apr 29 22:32:46 2026]
localrule synth_fit:
    input: results/synth/regime=easy/d=10/num_cycles=5/density=0.3/samp_size=100/seed=0/dataset.npz
    output: results/synth/regime=easy/d=10/num_cycles=5/density=0.3/samp_size=100/seed=0/method=lacerda/model.pkl
    jobid: 85
    reason: Missing output files: results/synth/regime=easy/d=10/num_cycles=5/density=0.3/samp_size=100/seed=0/method=lacerda/model.pkl; Input files updated by another job: results/synth/regime=easy/d=10/num_cycles=5/density=0.3/samp_size=100/seed=0/dataset.npz
    wildcards: regime=easy, d=10, num_cycles=5, density=0.3, samp_size=100, seed=0, method=lacerda
    resources: tmpdir=/tmp
[Wed Apr 29 22:32:46 2026]
localrule synth_generate:
    output: results/synth/regime=easy/d=10/num_cycles=3/density=0.3/samp_size=50/seed=1/dataset.npz
    jobid: 6
    reason: Missing output files: results/synth/regime=easy/d=10/num_cycles=3/density=0.3/samp_size=50/seed=1/dataset.npz
    wildcards: regime=easy, d=10, num_cycles=3, density=0.3, samp_size=50, seed=1
    resources: tmpdir=/tmp
[Wed Apr 29 22:32:46 2026]
localrule synth_generate:
    output: results/synth/regime=easy/d=10/num_cycles=4/density=0.3/samp_size=100/seed=1/dataset.npz
    jobid: 51
    reason: Missing output files: results/synth/regime=easy/d=10/num_cycles=4/density=0.3/samp_size=100/seed=1/dataset.npz
    wildcards: regime=easy, d=10, num_cycles=4, density=0.3, samp_size=100, seed=1
    resources: tmpdir=/tmp
[Wed Apr 29 22:32:46 2026]
Finished jobid: 175 (Rule: synth_generate)
37 of 328 steps (11%) done
Select jobs to execute...
Execute 1 jobs...
[Wed Apr 29 22:32:46 2026]
localrule synth_generate:
    output: results/synth/regime=easy/d=10/num_cycles=5/density=0.5/samp_size=100/seed=2/dataset.npz
    jobid: 199
    reason: Missing output files: results/synth/regime=easy/d=10/num_cycles=5/density=0.5/samp_size=100/seed=2/dataset.npz
    wildcards: regime=easy, d=10, num_cycles=5, density=0.5, samp_size=100, seed=2
    resources: tmpdir=/tmp
[Wed Apr 29 22:32:46 2026]
Finished jobid: 130 (Rule: synth_generate)
38 of 328 steps (12%) done
[Wed Apr 29 22:32:46 2026]
Finished jobid: 257 (Rule: synth_generate)
39 of 328 steps (12%) done
[Wed Apr 29 22:32:46 2026]
Finished jobid: 323 (Rule: synth_generate)
40 of 328 steps (12%) done
Select jobs to execute...
Execute 3 jobs...
[Wed Apr 29 22:32:46 2026]
localrule synth_fit:
    input: results/synth/regime=easy/d=10/num_cycles=5/density=0.8/samp_size=50/seed=0/dataset.npz
    output: results/synth/regime=easy/d=10/num_cycles=5/density=0.8/samp_size=50/seed=0/method=lacerda/model.pkl
    jobid: 294
    reason: Missing output files: results/synth/regime=easy/d=10/num_cycles=5/density=0.8/samp_size=50/seed=0/method=lacerda/model.pkl; Input files updated by another job: results/synth/regime=easy/d=10/num_cycles=5/density=0.8/samp_size=50/seed=0/dataset.npz
    wildcards: regime=easy, d=10, num_cycles=5, density=0.8, samp_size=50, seed=0, method=lacerda
    resources: tmpdir=/tmp
[Wed Apr 29 22:32:46 2026]
localrule synth_fit:
    input: results/synth/regime=easy/d=10/num_cycles=4/density=0.8/samp_size=50/seed=0/dataset.npz
    output: results/synth/regime=easy/d=10/num_cycles=4/density=0.8/samp_size=50/seed=0/method=lacerda/model.pkl
    jobid: 258
    reason: Missing output files: results/synth/regime=easy/d=10/num_cycles=4/density=0.8/samp_size=50/seed=0/method=lacerda/model.pkl; Input files updated by another job: results/synth/regime=easy/d=10/num_cycles=4/density=0.8/samp_size=50/seed=0/dataset.npz
    wildcards: regime=easy, d=10, num_cycles=4, density=0.8, samp_size=50, seed=0, method=lacerda
    resources: tmpdir=/tmp
[Wed Apr 29 22:32:46 2026]
localrule synth_fit:
    input: results/synth/regime=easy/d=10/num_cycles=4/density=0.5/samp_size=1000/seed=0/dataset.npz
    output: results/synth/regime=easy/d=10/num_cycles=4/density=0.5/samp_size=1000/seed=0/method=lacerda/model.pkl
    jobid: 176
    reason: Missing output files: results/synth/regime=easy/d=10/num_cycles=4/density=0.5/samp_size=1000/seed=0/method=lacerda/model.pkl; Input files updated by another job: results/synth/regime=easy/d=10/num_cycles=4/density=0.5/samp_size=1000/seed=0/dataset.npz
    wildcards: regime=easy, d=10, num_cycles=4, density=0.5, samp_size=1000, seed=0, method=lacerda
    resources: tmpdir=/tmp
Select jobs to execute...
[Wed Apr 29 22:32:46 2026]
Finished jobid: 3 (Rule: synth_generate)
41 of 328 steps (12%) done
Execute 1 jobs...
[Wed Apr 29 22:32:46 2026]
localrule synth_fit:
    input: results/synth/regime=easy/d=10/num_cycles=5/density=0.8/samp_size=1000/seed=1/dataset.npz
    output: results/synth/regime=easy/d=10/num_cycles=5/density=0.8/samp_size=1000/seed=1/method=lacerda/model.pkl
    jobid: 324
    reason: Missing output files: results/synth/regime=easy/d=10/num_cycles=5/density=0.8/samp_size=1000/seed=1/method=lacerda/model.pkl; Input files updated by another job: results/synth/regime=easy/d=10/num_cycles=5/density=0.8/samp_size=1000/seed=1/dataset.npz
    wildcards: regime=easy, d=10, num_cycles=5, density=0.8, samp_size=1000, seed=1, method=lacerda
    resources: tmpdir=/tmp
Select jobs to execute...
[Wed Apr 29 22:32:46 2026]
Finished jobid: 217 (Rule: synth_generate)
42 of 328 steps (13%) done
Execute 1 jobs...
[Wed Apr 29 22:32:46 2026]
localrule synth_generate:
    output: results/synth/regime=easy/d=10/num_cycles=3/density=0.8/samp_size=100/seed=2/dataset.npz
    jobid: 236
    reason: Missing output files: results/synth/regime=easy/d=10/num_cycles=3/density=0.8/samp_size=100/seed=2/dataset.npz
    wildcards: regime=easy, d=10, num_cycles=3, density=0.8, samp_size=100, seed=2
    resources: tmpdir=/tmp
[Wed Apr 29 22:32:46 2026]
Finished jobid: 299 (Rule: synth_generate)
43 of 328 steps (13%) done
Select jobs to execute...
Execute 1 jobs...
[Wed Apr 29 22:32:46 2026]
localrule synth_generate:
    output: results/synth/regime=easy/d=10/num_cycles=5/density=0.8/samp_size=1000/seed=2/dataset.npz
    jobid: 326
    reason: Missing output files: results/synth/regime=easy/d=10/num_cycles=5/density=0.8/samp_size=1000/seed=2/dataset.npz
    wildcards: regime=easy, d=10, num_cycles=5, density=0.8, samp_size=1000, seed=2
    resources: tmpdir=/tmp
Select jobs to execute...
[Wed Apr 29 22:32:46 2026]
Finished jobid: 305 (Rule: synth_generate)
44 of 328 steps (13%) done
Execute 1 jobs...
[Wed Apr 29 22:32:46 2026]
localrule synth_generate:
    output: results/synth/regime=easy/d=10/num_cycles=3/density=0.3/samp_size=500/seed=2/dataset.npz
    jobid: 27
    reason: Missing output files: results/synth/regime=easy/d=10/num_cycles=3/density=0.3/samp_size=500/seed=2/dataset.npz
    wildcards: regime=easy, d=10, num_cycles=3, density=0.3, samp_size=500, seed=2
    resources: tmpdir=/tmp
Select jobs to execute...
[Wed Apr 29 22:32:46 2026]
Finished jobid: 260 (Rule: synth_generate)
45 of 328 steps (14%) done
Execute 1 jobs...
[Wed Apr 29 22:32:46 2026]
localrule synth_generate:
    output: results/synth/regime=easy/d=10/num_cycles=4/density=0.5/samp_size=50/seed=2/dataset.npz
    jobid: 154
    reason: Missing output files: results/synth/regime=easy/d=10/num_cycles=4/density=0.5/samp_size=50/seed=2/dataset.npz
    wildcards: regime=easy, d=10, num_cycles=4, density=0.5, samp_size=50, seed=2
    resources: tmpdir=/tmp
[Wed Apr 29 22:32:46 2026]
Finished jobid: 96 (Rule: synth_generate)
46 of 328 steps (14%) done
Select jobs to execute...
Execute 1 jobs...
[Wed Apr 29 22:32:46 2026]
localrule synth_generate:
    output: results/synth/regime=easy/d=10/num_cycles=4/density=0.8/samp_size=500/seed=2/dataset.npz
    jobid: 281
    reason: Missing output files: results/synth/regime=easy/d=10/num_cycles=4/density=0.8/samp_size=500/seed=2/dataset.npz
    wildcards: regime=easy, d=10, num_cycles=4, density=0.8, samp_size=500, seed=2
    resources: tmpdir=/tmp
Select jobs to execute...
[Wed Apr 29 22:32:46 2026]
Finished jobid: 122 (Rule: synth_fit)
47 of 328 steps (14%) done
Execute 1 jobs...
[Wed Apr 29 22:32:46 2026]
localrule synth_evaluate:
    input: results/synth/regime=easy/d=10/num_cycles=3/density=0.5/samp_size=100/seed=0/dataset.npz, results/synth/regime=easy/d=10/num_cycles=3/density=0.5/samp_size=100/seed=0/method=lacerda/model.pkl
    output: results/synth/regime=easy/d=10/num_cycles=3/density=0.5/samp_size=100/seed=0/method=lacerda/metrics.csv
    jobid: 120
    reason: Missing output files: results/synth/regime=easy/d=10/num_cycles=3/density=0.5/samp_size=100/seed=0/method=lacerda/metrics.csv; Input files updated by another job: results/synth/regime=easy/d=10/num_cycles=3/density=0.5/samp_size=100/seed=0/method=lacerda/model.pkl, results/synth/regime=easy/d=10/num_cycles=3/density=0.5/samp_size=100/seed=0/dataset.npz
    wildcards: regime=easy, d=10, num_cycles=3, density=0.5, samp_size=100, seed=0, method=lacerda
    resources: tmpdir=/tmp
[Wed Apr 29 22:32:46 2026]
Finished jobid: 246 (Rule: synth_fit)
48 of 328 steps (15%) done
Select jobs to execute...
Execute 1 jobs...
[Wed Apr 29 22:32:46 2026]
localrule synth_generate:
    output: results/synth/regime=easy/d=10/num_cycles=3/density=0.8/samp_size=100/seed=1/dataset.npz
    jobid: 233
    reason: Missing output files: results/synth/regime=easy/d=10/num_cycles=3/density=0.8/samp_size=100/seed=1/dataset.npz
    wildcards: regime=easy, d=10, num_cycles=3, density=0.8, samp_size=100, seed=1
    resources: tmpdir=/tmp
[Wed Apr 29 22:32:46 2026]
Finished jobid: 37 (Rule: synth_fit)
49 of 328 steps (15%) done
Select jobs to execute...
Execute 1 jobs...
[Wed Apr 29 22:32:46 2026]
localrule synth_generate:
    output: results/synth/regime=easy/d=10/num_cycles=5/density=0.3/samp_size=50/seed=0/dataset.npz
    jobid: 75
    reason: Missing output files: results/synth/regime=easy/d=10/num_cycles=5/density=0.3/samp_size=50/seed=0/dataset.npz
    wildcards: regime=easy, d=10, num_cycles=5, density=0.3, samp_size=50, seed=0
    resources: tmpdir=/tmp
[Wed Apr 29 22:32:46 2026]
Finished jobid: 170 (Rule: synth_fit)
50 of 328 steps (15%) done
[Wed Apr 29 22:32:46 2026]
Finished jobid: 173 (Rule: synth_fit)
51 of 328 steps (16%) done
Select jobs to execute...
Execute 2 jobs...
[Wed Apr 29 22:32:46 2026]
localrule synth_fit:
    input: results/synth/regime=easy/d=10/num_cycles=5/density=0.8/samp_size=100/seed=0/dataset.npz
    output: results/synth/regime=easy/d=10/num_cycles=5/density=0.8/samp_size=100/seed=0/method=lacerda/model.pkl
    jobid: 303
    reason: Missing output files: results/synth/regime=easy/d=10/num_cycles=5/density=0.8/samp_size=100/seed=0/method=lacerda/model.pkl; Input files updated by another job: results/synth/regime=easy/d=10/num_cycles=5/density=0.8/samp_size=100/seed=0/dataset.npz
    wildcards: regime=easy, d=10, num_cycles=5, density=0.8, samp_size=100, seed=0, method=lacerda
    resources: tmpdir=/tmp
[Wed Apr 29 22:32:46 2026]
localrule synth_fit:
    input: results/synth/regime=easy/d=10/num_cycles=5/density=0.3/samp_size=500/seed=1/dataset.npz
    output: results/synth/regime=easy/d=10/num_cycles=5/density=0.3/samp_size=500/seed=1/method=lacerda/model.pkl
    jobid: 97
    reason: Missing output files: results/synth/regime=easy/d=10/num_cycles=5/density=0.3/samp_size=500/seed=1/method=lacerda/model.pkl; Input files updated by another job: results/synth/regime=easy/d=10/num_cycles=5/density=0.3/samp_size=500/seed=1/dataset.npz
    wildcards: regime=easy, d=10, num_cycles=5, density=0.3, samp_size=500, seed=1, method=lacerda
    resources: tmpdir=/tmp
[Wed Apr 29 22:32:46 2026]
Finished jobid: 297 (Rule: synth_fit)
52 of 328 steps (16%) done
[Wed Apr 29 22:32:46 2026]
Finished jobid: 252 (Rule: synth_fit)
53 of 328 steps (16%) done
Select jobs to execute...
Execute 2 jobs...
[Wed Apr 29 22:32:46 2026]
localrule synth_fit:
    input: results/synth/regime=easy/d=10/num_cycles=3/density=0.5/samp_size=500/seed=0/dataset.npz
    output: results/synth/regime=easy/d=10/num_cycles=3/density=0.5/samp_size=500/seed=0/method=lacerda/model.pkl
    jobid: 131
    reason: Missing output files: results/synth/regime=easy/d=10/num_cycles=3/density=0.5/samp_size=500/seed=0/method=lacerda/model.pkl; Input files updated by another job: results/synth/regime=easy/d=10/num_cycles=3/density=0.5/samp_size=500/seed=0/dataset.npz
    wildcards: regime=easy, d=10, num_cycles=3, density=0.5, samp_size=500, seed=0, method=lacerda
    resources: tmpdir=/tmp
[Wed Apr 29 22:32:46 2026]
localrule synth_fit:
    input: results/synth/regime=easy/d=10/num_cycles=5/density=0.8/samp_size=100/seed=1/dataset.npz
    output: results/synth/regime=easy/d=10/num_cycles=5/density=0.8/samp_size=100/seed=1/method=lacerda/model.pkl
    jobid: 306
    reason: Missing output files: results/synth/regime=easy/d=10/num_cycles=5/density=0.8/samp_size=100/seed=1/method=lacerda/model.pkl; Input files updated by another job: results/synth/regime=easy/d=10/num_cycles=5/density=0.8/samp_size=100/seed=1/dataset.npz
    wildcards: regime=easy, d=10, num_cycles=5, density=0.8, samp_size=100, seed=1, method=lacerda
    resources: tmpdir=/tmp
[Wed Apr 29 22:32:46 2026]
Finished jobid: 215 (Rule: synth_fit)
54 of 328 steps (16%) done
[Wed Apr 29 22:32:46 2026]
Finished jobid: 43 (Rule: synth_fit)
55 of 328 steps (17%) done
[Wed Apr 29 22:32:46 2026]
Finished jobid: 46 (Rule: synth_fit)
56 of 328 steps (17%) done
[Wed Apr 29 22:32:46 2026]
Finished jobid: 212 (Rule: synth_fit)
57 of 328 steps (17%) done
Select jobs to execute...
Execute 4 jobs...
[Wed Apr 29 22:32:46 2026]
localrule synth_fit:
    input: results/synth/regime=easy/d=10/num_cycles=5/density=0.8/samp_size=50/seed=2/dataset.npz
    output: results/synth/regime=easy/d=10/num_cycles=5/density=0.8/samp_size=50/seed=2/method=lacerda/model.pkl
    jobid: 300
    reason: Missing output files: results/synth/regime=easy/d=10/num_cycles=5/density=0.8/samp_size=50/seed=2/method=lacerda/model.pkl; Input files updated by another job: results/synth/regime=easy/d=10/num_cycles=5/density=0.8/samp_size=50/seed=2/dataset.npz
    wildcards: regime=easy, d=10, num_cycles=5, density=0.8, samp_size=50, seed=2, method=lacerda
    resources: tmpdir=/tmp
[Wed Apr 29 22:32:46 2026]
localrule synth_evaluate:
    input: results/synth/regime=easy/d=10/num_cycles=4/density=0.5/samp_size=500/seed=2/dataset.npz, results/synth/regime=easy/d=10/num_cycles=4/density=0.5/samp_size=500/seed=2/method=lacerda/model.pkl
    output: results/synth/regime=easy/d=10/num_cycles=4/density=0.5/samp_size=500/seed=2/method=lacerda/metrics.csv
    jobid: 171
    reason: Missing output files: results/synth/regime=easy/d=10/num_cycles=4/density=0.5/samp_size=500/seed=2/method=lacerda/metrics.csv; Input files updated by another job: results/synth/regime=easy/d=10/num_cycles=4/density=0.5/samp_size=500/seed=2/method=lacerda/model.pkl, results/synth/regime=easy/d=10/num_cycles=4/density=0.5/samp_size=500/seed=2/dataset.npz
    wildcards: regime=easy, d=10, num_cycles=4, density=0.5, samp_size=500, seed=2, method=lacerda
    resources: tmpdir=/tmp
[Wed Apr 29 22:32:46 2026]
localrule synth_fit:
    input: results/synth/regime=easy/d=10/num_cycles=3/density=0.5/samp_size=500/seed=1/dataset.npz
    output: results/synth/regime=easy/d=10/num_cycles=3/density=0.5/samp_size=500/seed=1/method=lacerda/model.pkl
    jobid: 134
    reason: Missing output files: results/synth/regime=easy/d=10/num_cycles=3/density=0.5/samp_size=500/seed=1/method=lacerda/model.pkl; Input files updated by another job: results/synth/regime=easy/d=10/num_cycles=3/density=0.5/samp_size=500/seed=1/dataset.npz
    wildcards: regime=easy, d=10, num_cycles=3, density=0.5, samp_size=500, seed=1, method=lacerda
    resources: tmpdir=/tmp
[Wed Apr 29 22:32:46 2026]
localrule synth_fit:
    input: results/synth/regime=easy/d=10/num_cycles=4/density=0.8/samp_size=50/seed=1/dataset.npz
    output: results/synth/regime=easy/d=10/num_cycles=4/density=0.8/samp_size=50/seed=1/method=lacerda/model.pkl
    jobid: 261
    reason: Missing output files: results/synth/regime=easy/d=10/num_cycles=4/density=0.8/samp_size=50/seed=1/method=lacerda/model.pkl; Input files updated by another job: results/synth/regime=easy/d=10/num_cycles=4/density=0.8/samp_size=50/seed=1/dataset.npz
    wildcards: regime=easy, d=10, num_cycles=4, density=0.8, samp_size=50, seed=1, method=lacerda
    resources: tmpdir=/tmp
[Wed Apr 29 22:32:46 2026]
Finished jobid: 315 (Rule: synth_fit)
58 of 328 steps (18%) done
Select jobs to execute...
Execute 1 jobs...
[Wed Apr 29 22:32:46 2026]
localrule synth_generate:
    output: results/synth/regime=easy/d=10/num_cycles=4/density=0.5/samp_size=50/seed=1/dataset.npz
    jobid: 151
    reason: Missing output files: results/synth/regime=easy/d=10/num_cycles=4/density=0.5/samp_size=50/seed=1/dataset.npz
    wildcards: regime=easy, d=10, num_cycles=4, density=0.5, samp_size=50, seed=1
    resources: tmpdir=/tmp
Select jobs to execute...
[Wed Apr 29 22:32:46 2026]
Finished jobid: 40 (Rule: synth_fit)
59 of 328 steps (18%) done
Execute 1 jobs...
[Wed Apr 29 22:32:46 2026]
localrule synth_generate:
    output: results/synth/regime=easy/d=10/num_cycles=4/density=0.8/samp_size=500/seed=1/dataset.npz
    jobid: 278
    reason: Missing output files: results/synth/regime=easy/d=10/num_cycles=4/density=0.8/samp_size=500/seed=1/dataset.npz
    wildcards: regime=easy, d=10, num_cycles=4, density=0.8, samp_size=500, seed=1
    resources: tmpdir=/tmp
Select jobs to execute...
[Wed Apr 29 22:32:47 2026]
Finished jobid: 72 (Rule: synth_generate)
60 of 328 steps (18%) done
Execute 1 jobs...
[Wed Apr 29 22:32:47 2026]
localrule synth_evaluate:
    input: results/synth/regime=easy/d=10/num_cycles=5/density=0.5/samp_size=1000/seed=0/dataset.npz, results/synth/regime=easy/d=10/num_cycles=5/density=0.5/samp_size=1000/seed=0/method=lacerda/model.pkl
    output: results/synth/regime=easy/d=10/num_cycles=5/density=0.5/samp_size=1000/seed=0/method=lacerda/metrics.csv
    jobid: 210
    reason: Missing output files: results/synth/regime=easy/d=10/num_cycles=5/density=0.5/samp_size=1000/seed=0/method=lacerda/metrics.csv; Input files updated by another job: results/synth/regime=easy/d=10/num_cycles=5/density=0.5/samp_size=1000/seed=0/method=lacerda/model.pkl, results/synth/regime=easy/d=10/num_cycles=5/density=0.5/samp_size=1000/seed=0/dataset.npz
    wildcards: regime=easy, d=10, num_cycles=5, density=0.5, samp_size=1000, seed=0, method=lacerda
    resources: tmpdir=/tmp
[Wed Apr 29 22:32:47 2026]
Finished jobid: 6 (Rule: synth_generate)
61 of 328 steps (19%) done
Select jobs to execute...
Execute 1 jobs...
[Wed Apr 29 22:32:47 2026]
localrule synth_evaluate:
    input: results/synth/regime=easy/d=10/num_cycles=5/density=0.5/samp_size=1000/seed=1/dataset.npz, results/synth/regime=easy/d=10/num_cycles=5/density=0.5/samp_size=1000/seed=1/method=lacerda/model.pkl
    output: results/synth/regime=easy/d=10/num_cycles=5/density=0.5/samp_size=1000/seed=1/method=lacerda/metrics.csv
    jobid: 213
    reason: Missing output files: results/synth/regime=easy/d=10/num_cycles=5/density=0.5/samp_size=1000/seed=1/method=lacerda/metrics.csv; Input files updated by another job: results/synth/regime=easy/d=10/num_cycles=5/density=0.5/samp_size=1000/seed=1/dataset.npz, results/synth/regime=easy/d=10/num_cycles=5/density=0.5/samp_size=1000/seed=1/method=lacerda/model.pkl
    wildcards: regime=easy, d=10, num_cycles=5, density=0.5, samp_size=1000, seed=1, method=lacerda
    resources: tmpdir=/tmp
[Wed Apr 29 22:32:47 2026]
Finished jobid: 199 (Rule: synth_generate)
62 of 328 steps (19%) done
Select jobs to execute...
Execute 1 jobs...
[Wed Apr 29 22:32:47 2026]
localrule synth_fit:
    input: results/synth/regime=easy/d=10/num_cycles=4/density=0.3/samp_size=1000/seed=2/dataset.npz
    output: results/synth/regime=easy/d=10/num_cycles=4/density=0.3/samp_size=1000/seed=2/method=lacerda/model.pkl
    jobid: 73
    reason: Missing output files: results/synth/regime=easy/d=10/num_cycles=4/density=0.3/samp_size=1000/seed=2/method=lacerda/model.pkl; Input files updated by another job: results/synth/regime=easy/d=10/num_cycles=4/density=0.3/samp_size=1000/seed=2/dataset.npz
    wildcards: regime=easy, d=10, num_cycles=4, density=0.3, samp_size=1000, seed=2, method=lacerda
    resources: tmpdir=/tmp
Select jobs to execute...
[Wed Apr 29 22:32:47 2026]
Finished jobid: 164 (Rule: synth_fit)
63 of 328 steps (19%) done
Execute 1 jobs...
[Wed Apr 29 22:32:47 2026]
localrule synth_fit:
    input: results/synth/regime=easy/d=10/num_cycles=5/density=0.5/samp_size=100/seed=2/dataset.npz
    output: results/synth/regime=easy/d=10/num_cycles=5/density=0.5/samp_size=100/seed=2/method=lacerda/model.pkl
    jobid: 200
    reason: Missing output files: results/synth/regime=easy/d=10/num_cycles=5/density=0.5/samp_size=100/seed=2/method=lacerda/model.pkl; Input files updated by another job: results/synth/regime=easy/d=10/num_cycles=5/density=0.5/samp_size=100/seed=2/dataset.npz
    wildcards: regime=easy, d=10, num_cycles=5, density=0.5, samp_size=100, seed=2, method=lacerda
    resources: tmpdir=/tmp
[Wed Apr 29 22:32:47 2026]
Finished jobid: 51 (Rule: synth_generate)
64 of 328 steps (20%) done
Select jobs to execute...
Execute 1 jobs...
[Wed Apr 29 22:32:47 2026]
localrule synth_generate:
    output: results/synth/regime=easy/d=10/num_cycles=3/density=0.5/samp_size=50/seed=0/dataset.npz
    jobid: 112
    reason: Missing output files: results/synth/regime=easy/d=10/num_cycles=3/density=0.5/samp_size=50/seed=0/dataset.npz
    wildcards: regime=easy, d=10, num_cycles=3, density=0.5, samp_size=50, seed=0
    resources: tmpdir=/tmp
Select jobs to execute...
[Wed Apr 29 22:32:47 2026]
Finished jobid: 236 (Rule: synth_generate)
65 of 328 steps (20%) done
Execute 1 jobs...
[Wed Apr 29 22:32:47 2026]
localrule synth_fit:
    input: results/synth/regime=easy/d=10/num_cycles=3/density=0.8/samp_size=100/seed=2/dataset.npz
    output: results/synth/regime=easy/d=10/num_cycles=3/density=0.8/samp_size=100/seed=2/method=lacerda/model.pkl
    jobid: 237
    reason: Missing output files: results/synth/regime=easy/d=10/num_cycles=3/density=0.8/samp_size=100/seed=2/method=lacerda/model.pkl; Input files updated by another job: results/synth/regime=easy/d=10/num_cycles=3/density=0.8/samp_size=100/seed=2/dataset.npz
    wildcards: regime=easy, d=10, num_cycles=3, density=0.8, samp_size=100, seed=2, method=lacerda
    resources: tmpdir=/tmp
Select jobs to execute...
[Wed Apr 29 22:32:47 2026]
Finished jobid: 91 (Rule: synth_fit)
66 of 328 steps (20%) done
Execute 1 jobs...
[Wed Apr 29 22:32:47 2026]
localrule synth_generate:
    output: results/synth/regime=easy/d=10/num_cycles=5/density=0.5/samp_size=500/seed=0/dataset.npz
    jobid: 202
    reason: Missing output files: results/synth/regime=easy/d=10/num_cycles=5/density=0.5/samp_size=500/seed=0/dataset.npz
    wildcards: regime=easy, d=10, num_cycles=5, density=0.5, samp_size=500, seed=0
    resources: tmpdir=/tmp
[Wed Apr 29 22:32:47 2026]
Finished jobid: 176 (Rule: synth_fit)
67 of 328 steps (20%) done
[Wed Apr 29 22:32:47 2026]
Finished jobid: 125 (Rule: synth_fit)
68 of 328 steps (21%) done
[Wed Apr 29 22:32:47 2026]
Finished jobid: 27 (Rule: synth_generate)
69 of 328 steps (21%) done
Select jobs to execute...
Execute 3 jobs...
[Wed Apr 29 22:32:47 2026]
localrule synth_fit:
    input: results/synth/regime=easy/d=10/num_cycles=3/density=0.3/samp_size=50/seed=0/dataset.npz
    output: results/synth/regime=easy/d=10/num_cycles=3/density=0.3/samp_size=50/seed=0/method=lacerda/model.pkl
    jobid: 4
    reason: Missing output files: results/synth/regime=easy/d=10/num_cycles=3/density=0.3/samp_size=50/seed=0/method=lacerda/model.pkl; Input files updated by another job: results/synth/regime=easy/d=10/num_cycles=3/density=0.3/samp_size=50/seed=0/dataset.npz
    wildcards: regime=easy, d=10, num_cycles=3, density=0.3, samp_size=50, seed=0, method=lacerda
    resources: tmpdir=/tmp
[Wed Apr 29 22:32:47 2026]
localrule synth_evaluate:
    input: results/synth/regime=easy/d=10/num_cycles=4/density=0.5/samp_size=1000/seed=0/dataset.npz, results/synth/regime=easy/d=10/num_cycles=4/density=0.5/samp_size=1000/seed=0/method=lacerda/model.pkl
    output: results/synth/regime=easy/d=10/num_cycles=4/density=0.5/samp_size=1000/seed=0/method=lacerda/metrics.csv
    jobid: 174
    reason: Missing output files: results/synth/regime=easy/d=10/num_cycles=4/density=0.5/samp_size=1000/seed=0/method=lacerda/metrics.csv; Input files updated by another job: results/synth/regime=easy/d=10/num_cycles=4/density=0.5/samp_size=1000/seed=0/dataset.npz, results/synth/regime=easy/d=10/num_cycles=4/density=0.5/samp_size=1000/seed=0/method=lacerda/model.pkl
    wildcards: regime=easy, d=10, num_cycles=4, density=0.5, samp_size=1000, seed=0, method=lacerda
    resources: tmpdir=/tmp
[Wed Apr 29 22:32:47 2026]
localrule synth_generate:
    output: results/synth/regime=easy/d=10/num_cycles=5/density=0.3/samp_size=500/seed=2/dataset.npz
    jobid: 99
    reason: Missing output files: results/synth/regime=easy/d=10/num_cycles=5/density=0.3/samp_size=500/seed=2/dataset.npz
    wildcards: regime=easy, d=10, num_cycles=5, density=0.3, samp_size=500, seed=2
    resources: tmpdir=/tmp
[Wed Apr 29 22:32:47 2026]
Finished jobid: 294 (Rule: synth_fit)
70 of 328 steps (21%) done
[Wed Apr 29 22:32:47 2026]
Finished jobid: 326 (Rule: synth_generate)
71 of 328 steps (22%) done
[Wed Apr 29 22:32:47 2026]
Finished jobid: 154 (Rule: synth_generate)
72 of 328 steps (22%) done
Select jobs to execute...
Execute 3 jobs...
[Wed Apr 29 22:32:47 2026]
localrule synth_fit:
    input: results/synth/regime=easy/d=10/num_cycles=3/density=0.8/samp_size=1000/seed=2/dataset.npz
    output: results/synth/regime=easy/d=10/num_cycles=3/density=0.8/samp_size=1000/seed=2/method=lacerda/model.pkl
    jobid: 255
    reason: Missing output files: results/synth/regime=easy/d=10/num_cycles=3/density=0.8/samp_size=1000/seed=2/method=lacerda/model.pkl; Input files updated by another job: results/synth/regime=easy/d=10/num_cycles=3/density=0.8/samp_size=1000/seed=2/dataset.npz
    wildcards: regime=easy, d=10, num_cycles=3, density=0.8, samp_size=1000, seed=2, method=lacerda
    resources: tmpdir=/tmp
[Wed Apr 29 22:32:47 2026]
localrule synth_fit:
    input: results/synth/regime=easy/d=10/num_cycles=3/density=0.3/samp_size=50/seed=1/dataset.npz
    output: results/synth/regime=easy/d=10/num_cycles=3/density=0.3/samp_size=50/seed=1/method=lacerda/model.pkl
    jobid: 7
    reason: Missing output files: results/synth/regime=easy/d=10/num_cycles=3/density=0.3/samp_size=50/seed=1/method=lacerda/model.pkl; Input files updated by another job: results/synth/regime=easy/d=10/num_cycles=3/density=0.3/samp_size=50/seed=1/dataset.npz
    wildcards: regime=easy, d=10, num_cycles=3, density=0.3, samp_size=50, seed=1, method=lacerda
    resources: tmpdir=/tmp
[Wed Apr 29 22:32:47 2026]
localrule synth_fit:
    input: results/synth/regime=easy/d=10/num_cycles=4/density=0.3/samp_size=100/seed=1/dataset.npz
    output: results/synth/regime=easy/d=10/num_cycles=4/density=0.3/samp_size=100/seed=1/method=lacerda/model.pkl
    jobid: 52
    reason: Missing output files: results/synth/regime=easy/d=10/num_cycles=4/density=0.3/samp_size=100/seed=1/method=lacerda/model.pkl; Input files updated by another job: results/synth/regime=easy/d=10/num_cycles=4/density=0.3/samp_size=100/seed=1/dataset.npz
    wildcards: regime=easy, d=10, num_cycles=4, density=0.3, samp_size=100, seed=1, method=lacerda
    resources: tmpdir=/tmp
Select jobs to execute...
[Wed Apr 29 22:32:47 2026]
Finished jobid: 128 (Rule: synth_fit)
73 of 328 steps (22%) done
[Wed Apr 29 22:32:47 2026]
Finished jobid: 88 (Rule: synth_fit)
74 of 328 steps (23%) done
Execute 2 jobs...
[Wed Apr 29 22:32:47 2026]
localrule synth_fit:
    input: results/synth/regime=easy/d=10/num_cycles=4/density=0.5/samp_size=500/seed=0/dataset.npz
    output: results/synth/regime=easy/d=10/num_cycles=4/density=0.5/samp_size=500/seed=0/method=lacerda/model.pkl
    jobid: 167
    reason: Missing output files: results/synth/regime=easy/d=10/num_cycles=4/density=0.5/samp_size=500/seed=0/method=lacerda/model.pkl; Input files updated by another job: results/synth/regime=easy/d=10/num_cycles=4/density=0.5/samp_size=500/seed=0/dataset.npz
    wildcards: regime=easy, d=10, num_cycles=4, density=0.5, samp_size=500, seed=0, method=lacerda
    resources: tmpdir=/tmp
[Wed Apr 29 22:32:47 2026]
localrule synth_generate:
    output: results/synth/regime=easy/d=10/num_cycles=3/density=0.5/samp_size=500/seed=2/dataset.npz
    jobid: 136
    reason: Missing output files: results/synth/regime=easy/d=10/num_cycles=3/density=0.5/samp_size=500/seed=2/dataset.npz
    wildcards: regime=easy, d=10, num_cycles=3, density=0.5, samp_size=500, seed=2
    resources: tmpdir=/tmp
[Wed Apr 29 22:32:47 2026]
Finished jobid: 85 (Rule: synth_fit)
75 of 328 steps (23%) done
[Wed Apr 29 22:32:47 2026]
Finished jobid: 281 (Rule: synth_generate)
76 of 328 steps (23%) done
Select jobs to execute...
Execute 2 jobs...
[Wed Apr 29 22:32:47 2026]
localrule synth_fit:
    input: results/synth/regime=easy/d=10/num_cycles=3/density=0.8/samp_size=1000/seed=0/dataset.npz
    output: results/synth/regime=easy/d=10/num_cycles=3/density=0.8/samp_size=1000/seed=0/method=lacerda/model.pkl
    jobid: 249
    reason: Missing output files: results/synth/regime=easy/d=10/num_cycles=3/density=0.8/samp_size=1000/seed=0/method=lacerda/model.pkl; Input files updated by another job: results/synth/regime=easy/d=10/num_cycles=3/density=0.8/samp_size=1000/seed=0/dataset.npz
    wildcards: regime=easy, d=10, num_cycles=3, density=0.8, samp_size=1000, seed=0, method=lacerda
    resources: tmpdir=/tmp
[Wed Apr 29 22:32:47 2026]
localrule synth_generate:
    output: results/synth/regime=easy/d=10/num_cycles=4/density=0.5/samp_size=1000/seed=1/dataset.npz
    jobid: 178
    reason: Missing output files: results/synth/regime=easy/d=10/num_cycles=4/density=0.5/samp_size=1000/seed=1/dataset.npz
    wildcards: regime=easy, d=10, num_cycles=4, density=0.5, samp_size=1000, seed=1
    resources: tmpdir=/tmp
[Wed Apr 29 22:32:47 2026]
Finished jobid: 258 (Rule: synth_fit)
77 of 328 steps (23%) done
Select jobs to execute...
Execute 1 jobs...
[Wed Apr 29 22:32:47 2026]
localrule synth_generate:
    output: results/synth/regime=easy/d=10/num_cycles=3/density=0.3/samp_size=500/seed=1/dataset.npz
    jobid: 24
    reason: Missing output files: results/synth/regime=easy/d=10/num_cycles=3/density=0.3/samp_size=500/seed=1/dataset.npz
    wildcards: regime=easy, d=10, num_cycles=3, density=0.3, samp_size=500, seed=1
    resources: tmpdir=/tmp
[Wed Apr 29 22:32:47 2026]
Finished jobid: 324 (Rule: synth_fit)
78 of 328 steps (24%) done
Select jobs to execute...
Execute 1 jobs...
[Wed Apr 29 22:32:47 2026]
localrule synth_evaluate:
    input: results/synth/regime=easy/d=10/num_cycles=3/density=0.5/samp_size=100/seed=1/dataset.npz, results/synth/regime=easy/d=10/num_cycles=3/density=0.5/samp_size=100/seed=1/method=lacerda/model.pkl
    output: results/synth/regime=easy/d=10/num_cycles=3/density=0.5/samp_size=100/seed=1/method=lacerda/metrics.csv
    jobid: 123
    reason: Missing output files: results/synth/regime=easy/d=10/num_cycles=3/density=0.5/samp_size=100/seed=1/method=lacerda/metrics.csv; Input files updated by another job: results/synth/regime=easy/d=10/num_cycles=3/density=0.5/samp_size=100/seed=1/method=lacerda/model.pkl, results/synth/regime=easy/d=10/num_cycles=3/density=0.5/samp_size=100/seed=1/dataset.npz
    wildcards: regime=easy, d=10, num_cycles=3, density=0.5, samp_size=100, seed=1, method=lacerda
    resources: tmpdir=/tmp
[Wed Apr 29 22:32:47 2026]
Finished jobid: 233 (Rule: synth_generate)
79 of 328 steps (24%) done
Select jobs to execute...
Execute 1 jobs...
[Wed Apr 29 22:32:47 2026]
localrule synth_fit:
    input: results/synth/regime=easy/d=10/num_cycles=3/density=0.8/samp_size=100/seed=1/dataset.npz
    output: results/synth/regime=easy/d=10/num_cycles=3/density=0.8/samp_size=100/seed=1/method=lacerda/model.pkl
    jobid: 234
    reason: Missing output files: results/synth/regime=easy/d=10/num_cycles=3/density=0.8/samp_size=100/seed=1/method=lacerda/model.pkl; Input files updated by another job: results/synth/regime=easy/d=10/num_cycles=3/density=0.8/samp_size=100/seed=1/dataset.npz
    wildcards: regime=easy, d=10, num_cycles=3, density=0.8, samp_size=100, seed=1, method=lacerda
    resources: tmpdir=/tmp
[Wed Apr 29 22:32:47 2026]
Finished jobid: 75 (Rule: synth_generate)
80 of 328 steps (24%) done
Select jobs to execute...
Execute 1 jobs...
[Wed Apr 29 22:32:47 2026]
localrule synth_fit:
    input: results/synth/regime=easy/d=10/num_cycles=5/density=0.8/samp_size=1000/seed=2/dataset.npz
    output: results/synth/regime=easy/d=10/num_cycles=5/density=0.8/samp_size=1000/seed=2/method=lacerda/model.pkl
    jobid: 327
    reason: Missing output files: results/synth/regime=easy/d=10/num_cycles=5/density=0.8/samp_size=1000/seed=2/method=lacerda/model.pkl; Input files updated by another job: results/synth/regime=easy/d=10/num_cycles=5/density=0.8/samp_size=1000/seed=2/dataset.npz
    wildcards: regime=easy, d=10, num_cycles=5, density=0.8, samp_size=1000, seed=2, method=lacerda
    resources: tmpdir=/tmp
Select jobs to execute...
[Wed Apr 29 22:32:47 2026]
Finished jobid: 120 (Rule: synth_evaluate)
81 of 328 steps (25%) done
Execute 1 jobs...
[Wed Apr 29 22:32:47 2026]
localrule synth_generate:
    output: results/synth/regime=easy/d=10/num_cycles=3/density=0.5/samp_size=1000/seed=2/dataset.npz
    jobid: 145
    reason: Missing output files: results/synth/regime=easy/d=10/num_cycles=3/density=0.5/samp_size=1000/seed=2/dataset.npz
    wildcards: regime=easy, d=10, num_cycles=3, density=0.5, samp_size=1000, seed=2
    resources: tmpdir=/tmp
[Wed Apr 29 22:32:47 2026]
Finished jobid: 151 (Rule: synth_generate)
82 of 328 steps (25%) done
Select jobs to execute...
Execute 1 jobs...
[Wed Apr 29 22:32:47 2026]
localrule synth_generate:
    output: results/synth/regime=easy/d=10/num_cycles=4/density=0.8/samp_size=100/seed=2/dataset.npz
    jobid: 272
    reason: Missing output files: results/synth/regime=easy/d=10/num_cycles=4/density=0.8/samp_size=100/seed=2/dataset.npz
    wildcards: regime=easy, d=10, num_cycles=4, density=0.8, samp_size=100, seed=2
    resources: tmpdir=/tmp
Select jobs to execute...
[Wed Apr 29 22:32:47 2026]
Finished jobid: 171 (Rule: synth_evaluate)
83 of 328 steps (25%) done
Execute 1 jobs...
[Wed Apr 29 22:32:47 2026]
localrule synth_generate:
    output: results/synth/regime=easy/d=10/num_cycles=3/density=0.8/samp_size=50/seed=2/dataset.npz
    jobid: 227
    reason: Missing output files: results/synth/regime=easy/d=10/num_cycles=3/density=0.8/samp_size=50/seed=2/dataset.npz
    wildcards: regime=easy, d=10, num_cycles=3, density=0.8, samp_size=50, seed=2
    resources: tmpdir=/tmp
Select jobs to execute...
[Wed Apr 29 22:32:47 2026]
Finished jobid: 278 (Rule: synth_generate)
84 of 328 steps (26%) done
Execute 1 jobs...
[Wed Apr 29 22:32:47 2026]
localrule synth_generate:
    output: results/synth/regime=easy/d=10/num_cycles=5/density=0.8/samp_size=500/seed=2/dataset.npz
    jobid: 317
    reason: Missing output files: results/synth/regime=easy/d=10/num_cycles=5/density=0.8/samp_size=500/seed=2/dataset.npz
    wildcards: regime=easy, d=10, num_cycles=5, density=0.8, samp_size=500, seed=2
    resources: tmpdir=/tmp
[Wed Apr 29 22:32:47 2026]
Finished jobid: 303 (Rule: synth_fit)
85 of 328 steps (26%) done
[Wed Apr 29 22:32:47 2026]
Finished jobid: 97 (Rule: synth_fit)
86 of 328 steps (26%) done
[Wed Apr 29 22:32:47 2026]
Finished jobid: 261 (Rule: synth_fit)
87 of 328 steps (27%) done
Select jobs to execute...
Execute 3 jobs...
[Wed Apr 29 22:32:47 2026]
localrule synth_evaluate:
    input: results/synth/regime=easy/d=10/num_cycles=4/density=0.3/samp_size=50/seed=2/dataset.npz, results/synth/regime=easy/d=10/num_cycles=4/density=0.3/samp_size=50/seed=2/method=lacerda/model.pkl
    output: results/synth/regime=easy/d=10/num_cycles=4/density=0.3/samp_size=50/seed=2/method=lacerda/metrics.csv
    jobid: 44
    reason: Missing output files: results/synth/regime=easy/d=10/num_cycles=4/density=0.3/samp_size=50/seed=2/method=lacerda/metrics.csv; Input files updated by another job: results/synth/regime=easy/d=10/num_cycles=4/density=0.3/samp_size=50/seed=2/dataset.npz, results/synth/regime=easy/d=10/num_cycles=4/density=0.3/samp_size=50/seed=2/method=lacerda/model.pkl
    wildcards: regime=easy, d=10, num_cycles=4, density=0.3, samp_size=50, seed=2, method=lacerda
    resources: tmpdir=/tmp
[Wed Apr 29 22:32:47 2026]
localrule synth_evaluate:
    input: results/synth/regime=easy/d=10/num_cycles=5/density=0.8/samp_size=50/seed=1/dataset.npz, results/synth/regime=easy/d=10/num_cycles=5/density=0.8/samp_size=50/seed=1/method=lacerda/model.pkl
    output: results/synth/regime=easy/d=10/num_cycles=5/density=0.8/samp_size=50/seed=1/method=lacerda/metrics.csv
    jobid: 295
    reason: Missing output files: results/synth/regime=easy/d=10/num_cycles=5/density=0.8/samp_size=50/seed=1/method=lacerda/metrics.csv; Input files updated by another job: results/synth/regime=easy/d=10/num_cycles=5/density=0.8/samp_size=50/seed=1/method=lacerda/model.pkl, results/synth/regime=easy/d=10/num_cycles=5/density=0.8/samp_size=50/seed=1/dataset.npz
    wildcards: regime=easy, d=10, num_cycles=5, density=0.8, samp_size=50, seed=1, method=lacerda
    resources: tmpdir=/tmp
[Wed Apr 29 22:32:47 2026]
localrule synth_generate:
    output: results/synth/regime=easy/d=10/num_cycles=4/density=0.3/samp_size=100/seed=2/dataset.npz
    jobid: 54
    reason: Missing output files: results/synth/regime=easy/d=10/num_cycles=4/density=0.3/samp_size=100/seed=2/dataset.npz
    wildcards: regime=easy, d=10, num_cycles=4, density=0.3, samp_size=100, seed=2
    resources: tmpdir=/tmp
[Wed Apr 29 22:32:47 2026]
Finished jobid: 131 (Rule: synth_fit)
88 of 328 steps (27%) done
[Wed Apr 29 22:32:47 2026]
Finished jobid: 300 (Rule: synth_fit)
89 of 328 steps (27%) done
Select jobs to execute...
Execute 2 jobs...
[Wed Apr 29 22:32:48 2026]
localrule synth_generate:
    output: results/synth/regime=easy/d=10/num_cycles=3/density=0.3/samp_size=100/seed=1/dataset.npz
    jobid: 15
    reason: Missing output files: results/synth/regime=easy/d=10/num_cycles=3/density=0.3/samp_size=100/seed=1/dataset.npz
    wildcards: regime=easy, d=10, num_cycles=3, density=0.3, samp_size=100, seed=1
    resources: tmpdir=/tmp
[Wed Apr 29 22:32:48 2026]
localrule synth_generate:
    output: results/synth/regime=easy/d=10/num_cycles=4/density=0.8/samp_size=1000/seed=1/dataset.npz
    jobid: 287
    reason: Missing output files: results/synth/regime=easy/d=10/num_cycles=4/density=0.8/samp_size=1000/seed=1/dataset.npz
    wildcards: regime=easy, d=10, num_cycles=4, density=0.8, samp_size=1000, seed=1
    resources: tmpdir=/tmp
[Wed Apr 29 22:32:48 2026]
Finished jobid: 134 (Rule: synth_fit)
90 of 328 steps (27%) done
Select jobs to execute...
Execute 1 jobs...
[Wed Apr 29 22:32:48 2026]
localrule synth_generate:
    output: results/synth/regime=easy/d=10/num_cycles=3/density=0.8/samp_size=500/seed=0/dataset.npz
    jobid: 239
    reason: Missing output files: results/synth/regime=easy/d=10/num_cycles=3/density=0.8/samp_size=500/seed=0/dataset.npz
    wildcards: regime=easy, d=10, num_cycles=3, density=0.8, samp_size=500, seed=0
    resources: tmpdir=/tmp
Select jobs to execute...
[Wed Apr 29 22:32:48 2026]
Finished jobid: 210 (Rule: synth_evaluate)
91 of 328 steps (28%) done
Execute 1 jobs...
[Wed Apr 29 22:32:48 2026]
localrule synth_generate:
    output: results/synth/regime=easy/d=10/num_cycles=3/density=0.3/samp_size=1000/seed=0/dataset.npz
    jobid: 30
    reason: Missing output files: results/synth/regime=easy/d=10/num_cycles=3/density=0.3/samp_size=1000/seed=0/dataset.npz
    wildcards: regime=easy, d=10, num_cycles=3, density=0.3, samp_size=1000, seed=0
    resources: tmpdir=/tmp
Select jobs to execute...
[Wed Apr 29 22:32:48 2026]
Finished jobid: 213 (Rule: synth_evaluate)
92 of 328 steps (28%) done
Execute 1 jobs...
[Wed Apr 29 22:32:48 2026]
localrule synth_generate:
    output: results/synth/regime=easy/d=10/num_cycles=4/density=0.5/samp_size=100/seed=0/dataset.npz
    jobid: 157
    reason: Missing output files: results/synth/regime=easy/d=10/num_cycles=4/density=0.5/samp_size=100/seed=0/dataset.npz
    wildcards: regime=easy, d=10, num_cycles=4, density=0.5, samp_size=100, seed=0
    resources: tmpdir=/tmp
Select jobs to execute...
[Wed Apr 29 22:32:48 2026]
Finished jobid: 112 (Rule: synth_generate)
93 of 328 steps (28%) done
Execute 1 jobs...
[Wed Apr 29 22:32:48 2026]
localrule synth_generate:
    output: results/synth/regime=easy/d=10/num_cycles=4/density=0.8/samp_size=1000/seed=0/dataset.npz
    jobid: 284
    reason: Missing output files: results/synth/regime=easy/d=10/num_cycles=4/density=0.8/samp_size=1000/seed=0/dataset.npz
    wildcards: regime=easy, d=10, num_cycles=4, density=0.8, samp_size=1000, seed=0
    resources: tmpdir=/tmp
Select jobs to execute...
[Wed Apr 29 22:32:48 2026]
Finished jobid: 73 (Rule: synth_fit)
94 of 328 steps (29%) done
Execute 1 jobs...
[Wed Apr 29 22:32:48 2026]
localrule synth_evaluate:
    input: results/synth/regime=easy/d=10/num_cycles=3/density=0.8/samp_size=1000/seed=1/dataset.npz, results/synth/regime=easy/d=10/num_cycles=3/density=0.8/samp_size=1000/seed=1/method=lacerda/model.pkl
    output: results/synth/regime=easy/d=10/num_cycles=3/density=0.8/samp_size=1000/seed=1/method=lacerda/metrics.csv
    jobid: 250
    reason: Missing output files: results/synth/regime=easy/d=10/num_cycles=3/density=0.8/samp_size=1000/seed=1/method=lacerda/metrics.csv; Input files updated by another job: results/synth/regime=easy/d=10/num_cycles=3/density=0.8/samp_size=1000/seed=1/method=lacerda/model.pkl, results/synth/regime=easy/d=10/num_cycles=3/density=0.8/samp_size=1000/seed=1/dataset.npz
    wildcards: regime=easy, d=10, num_cycles=3, density=0.8, samp_size=1000, seed=1, method=lacerda
    resources: tmpdir=/tmp
Select jobs to execute...
[Wed Apr 29 22:32:48 2026]
Finished jobid: 99 (Rule: synth_generate)
95 of 328 steps (29%) done
Execute 1 jobs...
[Wed Apr 29 22:32:48 2026]
localrule synth_fit:
    input: results/synth/regime=easy/d=10/num_cycles=5/density=0.3/samp_size=500/seed=2/dataset.npz
    output: results/synth/regime=easy/d=10/num_cycles=5/density=0.3/samp_size=500/seed=2/method=lacerda/model.pkl
    jobid: 100
    reason: Missing output files: results/synth/regime=easy/d=10/num_cycles=5/density=0.3/samp_size=500/seed=2/method=lacerda/model.pkl; Input files updated by another job: results/synth/regime=easy/d=10/num_cycles=5/density=0.3/samp_size=500/seed=2/dataset.npz
    wildcards: regime=easy, d=10, num_cycles=5, density=0.3, samp_size=500, seed=2, method=lacerda
    resources: tmpdir=/tmp
Select jobs to execute...
[Wed Apr 29 22:32:48 2026]
Finished jobid: 202 (Rule: synth_generate)
96 of 328 steps (29%) done
Execute 1 jobs...
[Wed Apr 29 22:32:48 2026]
localrule synth_evaluate:
    input: results/synth/regime=easy/d=10/num_cycles=3/density=0.5/samp_size=500/seed=0/dataset.npz, results/synth/regime=easy/d=10/num_cycles=3/density=0.5/samp_size=500/seed=0/method=lacerda/model.pkl
    output: results/synth/regime=easy/d=10/num_cycles=3/density=0.5/samp_size=500/seed=0/method=lacerda/metrics.csv
    jobid: 129
    reason: Missing output files: results/synth/regime=easy/d=10/num_cycles=3/density=0.5/samp_size=500/seed=0/method=lacerda/metrics.csv; Input files updated by another job: results/synth/regime=easy/d=10/num_cycles=3/density=0.5/samp_size=500/seed=0/method=lacerda/model.pkl, results/synth/regime=easy/d=10/num_cycles=3/density=0.5/samp_size=500/seed=0/dataset.npz
    wildcards: regime=easy, d=10, num_cycles=3, density=0.5, samp_size=500, seed=0, method=lacerda
    resources: tmpdir=/tmp
Select jobs to execute...
[Wed Apr 29 22:32:48 2026]
Finished jobid: 306 (Rule: synth_fit)
97 of 328 steps (30%) done
Execute 1 jobs...
[Wed Apr 29 22:32:48 2026]
localrule synth_fit:
    input: results/synth/regime=easy/d=10/num_cycles=4/density=0.8/samp_size=500/seed=1/dataset.npz
    output: results/synth/regime=easy/d=10/num_cycles=4/density=0.8/samp_size=500/seed=1/method=lacerda/model.pkl
    jobid: 279
    reason: Missing output files: results/synth/regime=easy/d=10/num_cycles=4/density=0.8/samp_size=500/seed=1/method=lacerda/model.pkl; Input files updated by another job: results/synth/regime=easy/d=10/num_cycles=4/density=0.8/samp_size=500/seed=1/dataset.npz
    wildcards: regime=easy, d=10, num_cycles=4, density=0.8, samp_size=500, seed=1, method=lacerda
    resources: tmpdir=/tmp
Select jobs to execute...
[Wed Apr 29 22:32:48 2026]
Finished jobid: 178 (Rule: synth_generate)
98 of 328 steps (30%) done
Execute 1 jobs...
[Wed Apr 29 22:32:48 2026]
localrule synth_fit:
    input: results/synth/regime=easy/d=10/num_cycles=4/density=0.5/samp_size=1000/seed=1/dataset.npz
    output: results/synth/regime=easy/d=10/num_cycles=4/density=0.5/samp_size=1000/seed=1/method=lacerda/model.pkl
    jobid: 179
    reason: Missing output files: results/synth/regime=easy/d=10/num_cycles=4/density=0.5/samp_size=1000/seed=1/method=lacerda/model.pkl; Input files updated by another job: results/synth/regime=easy/d=10/num_cycles=4/density=0.5/samp_size=1000/seed=1/dataset.npz
    wildcards: regime=easy, d=10, num_cycles=4, density=0.5, samp_size=1000, seed=1, method=lacerda
    resources: tmpdir=/tmp
[Wed Apr 29 22:32:48 2026]
Finished jobid: 136 (Rule: synth_generate)
99 of 328 steps (30%) done
Select jobs to execute...
Execute 1 jobs...
[Wed Apr 29 22:32:48 2026]
localrule synth_generate:
    output: results/synth/regime=easy/d=10/num_cycles=5/density=0.3/samp_size=1000/seed=2/dataset.npz
    jobid: 108
    reason: Missing output files: results/synth/regime=easy/d=10/num_cycles=5/density=0.3/samp_size=1000/seed=2/dataset.npz
    wildcards: regime=easy, d=10, num_cycles=5, density=0.3, samp_size=1000, seed=2
    resources: tmpdir=/tmp
[Wed Apr 29 22:32:48 2026]
Finished jobid: 174 (Rule: synth_evaluate)
100 of 328 steps (30%) done
[Wed Apr 29 22:32:48 2026]
Finished jobid: 24 (Rule: synth_generate)
101 of 328 steps (31%) done
Select jobs to execute...
Execute 2 jobs...
[Wed Apr 29 22:32:48 2026]
localrule synth_generate:
    output: results/synth/regime=easy/d=10/num_cycles=4/density=0.8/samp_size=100/seed=1/dataset.npz
    jobid: 269
    reason: Missing output files: results/synth/regime=easy/d=10/num_cycles=4/density=0.8/samp_size=100/seed=1/dataset.npz
    wildcards: regime=easy, d=10, num_cycles=4, density=0.8, samp_size=100, seed=1
    resources: tmpdir=/tmp
[Wed Apr 29 22:32:48 2026]
localrule synth_generate:
    output: results/synth/regime=easy/d=10/num_cycles=4/density=0.3/samp_size=500/seed=0/dataset.npz
    jobid: 57
    reason: Missing output files: results/synth/regime=easy/d=10/num_cycles=4/density=0.3/samp_size=500/seed=0/dataset.npz
    wildcards: regime=easy, d=10, num_cycles=4, density=0.3, samp_size=500, seed=0
    resources: tmpdir=/tmp
Select jobs to execute...
[Wed Apr 29 22:32:48 2026]
Finished jobid: 255 (Rule: synth_fit)
102 of 328 steps (31%) done
Execute 1 jobs...
[Wed Apr 29 22:32:48 2026]
localrule synth_evaluate:
    input: results/synth/regime=easy/d=10/num_cycles=5/density=0.8/samp_size=50/seed=2/dataset.npz, results/synth/regime=easy/d=10/num_cycles=5/density=0.8/samp_size=50/seed=2/method=lacerda/model.pkl
    output: results/synth/regime=easy/d=10/num_cycles=5/density=0.8/samp_size=50/seed=2/method=lacerda/metrics.csv
    jobid: 298
    reason: Missing output files: results/synth/regime=easy/d=10/num_cycles=5/density=0.8/samp_size=50/seed=2/method=lacerda/metrics.csv; Input files updated by another job: results/synth/regime=easy/d=10/num_cycles=5/density=0.8/samp_size=50/seed=2/dataset.npz, results/synth/regime=easy/d=10/num_cycles=5/density=0.8/samp_size=50/seed=2/method=lacerda/model.pkl
    wildcards: regime=easy, d=10, num_cycles=5, density=0.8, samp_size=50, seed=2, method=lacerda
    resources: tmpdir=/tmp
Select jobs to execute...
[Wed Apr 29 22:32:48 2026]
Finished jobid: 272 (Rule: synth_generate)
103 of 328 steps (31%) done
Execute 1 jobs...
[Wed Apr 29 22:32:48 2026]
localrule synth_evaluate:
    input: results/synth/regime=easy/d=10/num_cycles=3/density=0.8/samp_size=1000/seed=2/dataset.npz, results/synth/regime=easy/d=10/num_cycles=3/density=0.8/samp_size=1000/seed=2/method=lacerda/model.pkl
    output: results/synth/regime=easy/d=10/num_cycles=3/density=0.8/samp_size=1000/seed=2/method=lacerda/metrics.csv
    jobid: 253
    reason: Missing output files: results/synth/regime=easy/d=10/num_cycles=3/density=0.8/samp_size=1000/seed=2/method=lacerda/metrics.csv; Input files updated by another job: results/synth/regime=easy/d=10/num_cycles=3/density=0.8/samp_size=1000/seed=2/dataset.npz, results/synth/regime=easy/d=10/num_cycles=3/density=0.8/samp_size=1000/seed=2/method=lacerda/model.pkl
    wildcards: regime=easy, d=10, num_cycles=3, density=0.8, samp_size=1000, seed=2, method=lacerda
    resources: tmpdir=/tmp
[Wed Apr 29 22:32:48 2026]
Finished jobid: 145 (Rule: synth_generate)
104 of 328 steps (32%) done
Select jobs to execute...
Execute 1 jobs...
[Wed Apr 29 22:32:48 2026]
localrule synth_fit:
    input: results/synth/regime=easy/d=10/num_cycles=3/density=0.5/samp_size=1000/seed=2/dataset.npz
    output: results/synth/regime=easy/d=10/num_cycles=3/density=0.5/samp_size=1000/seed=2/method=lacerda/model.pkl
    jobid: 146
    reason: Missing output files: results/synth/regime=easy/d=10/num_cycles=3/density=0.5/samp_size=1000/seed=2/method=lacerda/model.pkl; Input files updated by another job: results/synth/regime=easy/d=10/num_cycles=3/density=0.5/samp_size=1000/seed=2/dataset.npz
    wildcards: regime=easy, d=10, num_cycles=3, density=0.5, samp_size=1000, seed=2, method=lacerda
    resources: tmpdir=/tmp
Select jobs to execute...
[Wed Apr 29 22:32:48 2026]
Finished jobid: 167 (Rule: synth_fit)
105 of 328 steps (32%) done
[Wed Apr 29 22:32:48 2026]
Finished jobid: 4 (Rule: synth_fit)
106 of 328 steps (32%) done
Execute 2 jobs...
[Wed Apr 29 22:32:48 2026]
localrule synth_evaluate:
    input: results/synth/regime=easy/d=10/num_cycles=3/density=0.8/samp_size=500/seed=2/dataset.npz, results/synth/regime=easy/d=10/num_cycles=3/density=0.8/samp_size=500/seed=2/method=lacerda/model.pkl
    output: results/synth/regime=easy/d=10/num_cycles=3/density=0.8/samp_size=500/seed=2/method=lacerda/metrics.csv
    jobid: 244
    reason: Missing output files: results/synth/regime=easy/d=10/num_cycles=3/density=0.8/samp_size=500/seed=2/method=lacerda/metrics.csv; Input files updated by another job: results/synth/regime=easy/d=10/num_cycles=3/density=0.8/samp_size=500/seed=2/dataset.npz, results/synth/regime=easy/d=10/num_cycles=3/density=0.8/samp_size=500/seed=2/method=lacerda/model.pkl
    wildcards: regime=easy, d=10, num_cycles=3, density=0.8, samp_size=500, seed=2, method=lacerda
    resources: tmpdir=/tmp
[Wed Apr 29 22:32:48 2026]
localrule synth_generate:
    output: results/synth/regime=easy/d=10/num_cycles=3/density=0.8/samp_size=50/seed=0/dataset.npz
    jobid: 221
    reason: Missing output files: results/synth/regime=easy/d=10/num_cycles=3/density=0.8/samp_size=50/seed=0/dataset.npz
    wildcards: regime=easy, d=10, num_cycles=3, density=0.8, samp_size=50, seed=0
    resources: tmpdir=/tmp
Select jobs to execute...
[Wed Apr 29 22:32:48 2026]
Finished jobid: 249 (Rule: synth_fit)
107 of 328 steps (33%) done
Execute 1 jobs...
[Wed Apr 29 22:32:48 2026]
localrule synth_fit:
    input: results/synth/regime=easy/d=10/num_cycles=4/density=0.8/samp_size=100/seed=2/dataset.npz
    output: results/synth/regime=easy/d=10/num_cycles=4/density=0.8/samp_size=100/seed=2/method=lacerda/model.pkl
    jobid: 273
    reason: Missing output files: results/synth/regime=easy/d=10/num_cycles=4/density=0.8/samp_size=100/seed=2/method=lacerda/model.pkl; Input files updated by another job: results/synth/regime=easy/d=10/num_cycles=4/density=0.8/samp_size=100/seed=2/dataset.npz
    wildcards: regime=easy, d=10, num_cycles=4, density=0.8, samp_size=100, seed=2, method=lacerda
    resources: tmpdir=/tmp
Select jobs to execute...
[Wed Apr 29 22:32:48 2026]
Finished jobid: 7 (Rule: synth_fit)
108 of 328 steps (33%) done
[Wed Apr 29 22:32:48 2026]
Finished jobid: 123 (Rule: synth_evaluate)
109 of 328 steps (33%) done
Execute 2 jobs...
[Wed Apr 29 22:32:48 2026]
localrule synth_fit:
    input: results/synth/regime=easy/d=10/num_cycles=3/density=0.5/samp_size=50/seed=2/dataset.npz
    output: results/synth/regime=easy/d=10/num_cycles=3/density=0.5/samp_size=50/seed=2/method=lacerda/model.pkl
    jobid: 119
    reason: Missing output files: results/synth/regime=easy/d=10/num_cycles=3/density=0.5/samp_size=50/seed=2/method=lacerda/model.pkl; Input files updated by another job: results/synth/regime=easy/d=10/num_cycles=3/density=0.5/samp_size=50/seed=2/dataset.npz
    wildcards: regime=easy, d=10, num_cycles=3, density=0.5, samp_size=50, seed=2, method=lacerda
    resources: tmpdir=/tmp
[Wed Apr 29 22:32:48 2026]
localrule synth_generate:
    output: results/synth/regime=easy/d=10/num_cycles=5/density=0.8/samp_size=500/seed=0/dataset.npz
    jobid: 311
    reason: Missing output files: results/synth/regime=easy/d=10/num_cycles=5/density=0.8/samp_size=500/seed=0/dataset.npz
    wildcards: regime=easy, d=10, num_cycles=5, density=0.8, samp_size=500, seed=0
    resources: tmpdir=/tmp
Select jobs to execute...
[Wed Apr 29 22:32:48 2026]
Finished jobid: 227 (Rule: synth_generate)
110 of 328 steps (34%) done
[Wed Apr 29 22:32:48 2026]
Finished jobid: 317 (Rule: synth_generate)
111 of 328 steps (34%) done
Execute 2 jobs...
[Wed Apr 29 22:32:48 2026]
localrule synth_fit:
    input: results/synth/regime=easy/d=10/num_cycles=4/density=0.8/samp_size=1000/seed=2/dataset.npz
    output: results/synth/regime=easy/d=10/num_cycles=4/density=0.8/samp_size=1000/seed=2/method=lacerda/model.pkl
    jobid: 291
    reason: Missing output files: results/synth/regime=easy/d=10/num_cycles=4/density=0.8/samp_size=1000/seed=2/method=lacerda/model.pkl; Input files updated by another job: results/synth/regime=easy/d=10/num_cycles=4/density=0.8/samp_size=1000/seed=2/dataset.npz
    wildcards: regime=easy, d=10, num_cycles=4, density=0.8, samp_size=1000, seed=2, method=lacerda
    resources: tmpdir=/tmp
[Wed Apr 29 22:32:48 2026]
localrule synth_generate:
    output: results/synth/regime=easy/d=10/num_cycles=5/density=0.5/samp_size=50/seed=0/dataset.npz
    jobid: 184
    reason: Missing output files: results/synth/regime=easy/d=10/num_cycles=5/density=0.5/samp_size=50/seed=0/dataset.npz
    wildcards: regime=easy, d=10, num_cycles=5, density=0.5, samp_size=50, seed=0
    resources: tmpdir=/tmp
Select jobs to execute...
[Wed Apr 29 22:32:49 2026]
Finished jobid: 54 (Rule: synth_generate)
112 of 328 steps (34%) done
Execute 1 jobs...
[Wed Apr 29 22:32:49 2026]
localrule synth_fit:
    input: results/synth/regime=easy/d=10/num_cycles=3/density=0.8/samp_size=50/seed=2/dataset.npz
    output: results/synth/regime=easy/d=10/num_cycles=3/density=0.8/samp_size=50/seed=2/method=lacerda/model.pkl
    jobid: 228
    reason: Missing output files: results/synth/regime=easy/d=10/num_cycles=3/density=0.8/samp_size=50/seed=2/method=lacerda/model.pkl; Input files updated by another job: results/synth/regime=easy/d=10/num_cycles=3/density=0.8/samp_size=50/seed=2/dataset.npz
    wildcards: regime=easy, d=10, num_cycles=3, density=0.8, samp_size=50, seed=2, method=lacerda
    resources: tmpdir=/tmp
Select jobs to execute...
[Wed Apr 29 22:32:49 2026]
Finished jobid: 239 (Rule: synth_generate)
113 of 328 steps (34%) done
Execute 1 jobs...
[Wed Apr 29 22:32:49 2026]
localrule synth_fit:
    input: results/synth/regime=easy/d=10/num_cycles=5/density=0.8/samp_size=500/seed=2/dataset.npz
    output: results/synth/regime=easy/d=10/num_cycles=5/density=0.8/samp_size=500/seed=2/method=lacerda/model.pkl
    jobid: 318
    reason: Missing output files: results/synth/regime=easy/d=10/num_cycles=5/density=0.8/samp_size=500/seed=2/method=lacerda/model.pkl; Input files updated by another job: results/synth/regime=easy/d=10/num_cycles=5/density=0.8/samp_size=500/seed=2/dataset.npz
    wildcards: regime=easy, d=10, num_cycles=5, density=0.8, samp_size=500, seed=2, method=lacerda
    resources: tmpdir=/tmp
[Wed Apr 29 22:32:49 2026]
Finished jobid: 327 (Rule: synth_fit)
114 of 328 steps (35%) done
Select jobs to execute...
Execute 1 jobs...
[Wed Apr 29 22:32:49 2026]
localrule synth_evaluate:
    input: results/synth/regime=easy/d=10/num_cycles=3/density=0.3/samp_size=50/seed=0/dataset.npz, results/synth/regime=easy/d=10/num_cycles=3/density=0.3/samp_size=50/seed=0/method=lacerda/model.pkl
    output: results/synth/regime=easy/d=10/num_cycles=3/density=0.3/samp_size=50/seed=0/method=lacerda/metrics.csv
    jobid: 2
    reason: Missing output files: results/synth/regime=easy/d=10/num_cycles=3/density=0.3/samp_size=50/seed=0/method=lacerda/metrics.csv; Input files updated by another job: results/synth/regime=easy/d=10/num_cycles=3/density=0.3/samp_size=50/seed=0/method=lacerda/model.pkl, results/synth/regime=easy/d=10/num_cycles=3/density=0.3/samp_size=50/seed=0/dataset.npz
    wildcards: regime=easy, d=10, num_cycles=3, density=0.3, samp_size=50, seed=0, method=lacerda
    resources: tmpdir=/tmp
[Wed Apr 29 22:32:49 2026]
Finished jobid: 287 (Rule: synth_generate)
115 of 328 steps (35%) done
Select jobs to execute...
Execute 1 jobs...
[Wed Apr 29 22:32:49 2026]
localrule synth_fit:
    input: results/synth/regime=easy/d=10/num_cycles=5/density=0.3/samp_size=50/seed=0/dataset.npz
    output: results/synth/regime=easy/d=10/num_cycles=5/density=0.3/samp_size=50/seed=0/method=lacerda/model.pkl
    jobid: 76
    reason: Missing output files: results/synth/regime=easy/d=10/num_cycles=5/density=0.3/samp_size=50/seed=0/method=lacerda/model.pkl; Input files updated by another job: results/synth/regime=easy/d=10/num_cycles=5/density=0.3/samp_size=50/seed=0/dataset.npz
    wildcards: regime=easy, d=10, num_cycles=5, density=0.3, samp_size=50, seed=0, method=lacerda
    resources: tmpdir=/tmp
Select jobs to execute...
[Wed Apr 29 22:32:49 2026]
Finished jobid: 15 (Rule: synth_generate)
116 of 328 steps (35%) done
Execute 1 jobs...
[Wed Apr 29 22:32:49 2026]
localrule synth_evaluate:
    input: results/synth/regime=easy/d=10/num_cycles=3/density=0.3/samp_size=50/seed=1/dataset.npz, results/synth/regime=easy/d=10/num_cycles=3/density=0.3/samp_size=50/seed=1/method=lacerda/model.pkl
    output: results/synth/regime=easy/d=10/num_cycles=3/density=0.3/samp_size=50/seed=1/method=lacerda/metrics.csv
    jobid: 5
    reason: Missing output files: results/synth/regime=easy/d=10/num_cycles=3/density=0.3/samp_size=50/seed=1/method=lacerda/metrics.csv; Input files updated by another job: results/synth/regime=easy/d=10/num_cycles=3/density=0.3/samp_size=50/seed=1/dataset.npz, results/synth/regime=easy/d=10/num_cycles=3/density=0.3/samp_size=50/seed=1/method=lacerda/model.pkl
    wildcards: regime=easy, d=10, num_cycles=3, density=0.3, samp_size=50, seed=1, method=lacerda
    resources: tmpdir=/tmp
[Wed Apr 29 22:32:49 2026]
Finished jobid: 44 (Rule: synth_evaluate)
117 of 328 steps (36%) done
Select jobs to execute...
Execute 1 jobs...
[Wed Apr 29 22:32:49 2026]
localrule synth_fit:
    input: results/synth/regime=easy/d=10/num_cycles=3/density=0.5/samp_size=50/seed=0/dataset.npz
    output: results/synth/regime=easy/d=10/num_cycles=3/density=0.5/samp_size=50/seed=0/method=lacerda/model.pkl
    jobid: 113
    reason: Missing output files: results/synth/regime=easy/d=10/num_cycles=3/density=0.5/samp_size=50/seed=0/method=lacerda/model.pkl; Input files updated by another job: results/synth/regime=easy/d=10/num_cycles=3/density=0.5/samp_size=50/seed=0/dataset.npz
    wildcards: regime=easy, d=10, num_cycles=3, density=0.5, samp_size=50, seed=0, method=lacerda
    resources: tmpdir=/tmp
Select jobs to execute...
[Wed Apr 29 22:32:49 2026]
Finished jobid: 295 (Rule: synth_evaluate)
118 of 328 steps (36%) done
Execute 1 jobs...
[Wed Apr 29 22:32:49 2026]
localrule synth_fit:
    input: results/synth/regime=easy/d=10/num_cycles=5/density=0.5/samp_size=500/seed=0/dataset.npz
    output: results/synth/regime=easy/d=10/num_cycles=5/density=0.5/samp_size=500/seed=0/method=lacerda/model.pkl
    jobid: 203
    reason: Missing output files: results/synth/regime=easy/d=10/num_cycles=5/density=0.5/samp_size=500/seed=0/method=lacerda/model.pkl; Input files updated by another job: results/synth/regime=easy/d=10/num_cycles=5/density=0.5/samp_size=500/seed=0/dataset.npz
    wildcards: regime=easy, d=10, num_cycles=5, density=0.5, samp_size=500, seed=0, method=lacerda
    resources: tmpdir=/tmp
Select jobs to execute...
[Wed Apr 29 22:32:49 2026]
Finished jobid: 30 (Rule: synth_generate)
119 of 328 steps (36%) done
Execute 1 jobs...
[Wed Apr 29 22:32:49 2026]
localrule synth_fit:
    input: results/synth/regime=easy/d=10/num_cycles=3/density=0.8/samp_size=500/seed=0/dataset.npz
    output: results/synth/regime=easy/d=10/num_cycles=3/density=0.8/samp_size=500/seed=0/method=lacerda/model.pkl
    jobid: 240
    reason: Missing output files: results/synth/regime=easy/d=10/num_cycles=3/density=0.8/samp_size=500/seed=0/method=lacerda/model.pkl; Input files updated by another job: results/synth/regime=easy/d=10/num_cycles=3/density=0.8/samp_size=500/seed=0/dataset.npz
    wildcards: regime=easy, d=10, num_cycles=3, density=0.8, samp_size=500, seed=0, method=lacerda
    resources: tmpdir=/tmp
Select jobs to execute...
[Wed Apr 29 22:32:49 2026]
Finished jobid: 284 (Rule: synth_generate)
120 of 328 steps (37%) done
[Wed Apr 29 22:32:49 2026]
Finished jobid: 157 (Rule: synth_generate)
121 of 328 steps (37%) done
Execute 2 jobs...
[Wed Apr 29 22:32:49 2026]
localrule synth_fit:
    input: results/synth/regime=easy/d=10/num_cycles=5/density=0.8/samp_size=100/seed=2/dataset.npz
    output: results/synth/regime=easy/d=10/num_cycles=5/density=0.8/samp_size=100/seed=2/method=lacerda/model.pkl
    jobid: 309
    reason: Missing output files: results/synth/regime=easy/d=10/num_cycles=5/density=0.8/samp_size=100/seed=2/method=lacerda/model.pkl; Input files updated by another job: results/synth/regime=easy/d=10/num_cycles=5/density=0.8/samp_size=100/seed=2/dataset.npz
    wildcards: regime=easy, d=10, num_cycles=5, density=0.8, samp_size=100, seed=2, method=lacerda
    resources: tmpdir=/tmp
[Wed Apr 29 22:32:49 2026]
localrule synth_generate:
    output: results/synth/regime=easy/d=10/num_cycles=4/density=0.8/samp_size=100/seed=0/dataset.npz
    jobid: 266
    reason: Missing output files: results/synth/regime=easy/d=10/num_cycles=4/density=0.8/samp_size=100/seed=0/dataset.npz
    wildcards: regime=easy, d=10, num_cycles=4, density=0.8, samp_size=100, seed=0
    resources: tmpdir=/tmp
Select jobs to execute...
[Wed Apr 29 22:32:49 2026]
Finished jobid: 237 (Rule: synth_fit)
122 of 328 steps (37%) done
Execute 1 jobs...
[Wed Apr 29 22:32:49 2026]
localrule synth_evaluate:
    input: results/synth/regime=easy/d=10/num_cycles=3/density=0.8/samp_size=100/seed=2/dataset.npz, results/synth/regime=easy/d=10/num_cycles=3/density=0.8/samp_size=100/seed=2/method=lacerda/model.pkl
    output: results/synth/regime=easy/d=10/num_cycles=3/density=0.8/samp_size=100/seed=2/method=lacerda/metrics.csv
    jobid: 235
    reason: Missing output files: results/synth/regime=easy/d=10/num_cycles=3/density=0.8/samp_size=100/seed=2/method=lacerda/metrics.csv; Input files updated by another job: results/synth/regime=easy/d=10/num_cycles=3/density=0.8/samp_size=100/seed=2/dataset.npz, results/synth/regime=easy/d=10/num_cycles=3/density=0.8/samp_size=100/seed=2/method=lacerda/model.pkl
    wildcards: regime=easy, d=10, num_cycles=3, density=0.8, samp_size=100, seed=2, method=lacerda
    resources: tmpdir=/tmp
[Wed Apr 29 22:32:49 2026]
Finished jobid: 200 (Rule: synth_fit)
123 of 328 steps (38%) done
Select jobs to execute...
Execute 1 jobs...
[Wed Apr 29 22:32:49 2026]
localrule synth_evaluate:
    input: results/synth/regime=easy/d=10/num_cycles=5/density=0.5/samp_size=100/seed=2/dataset.npz, results/synth/regime=easy/d=10/num_cycles=5/density=0.5/samp_size=100/seed=2/method=lacerda/model.pkl
    output: results/synth/regime=easy/d=10/num_cycles=5/density=0.5/samp_size=100/seed=2/method=lacerda/metrics.csv
    jobid: 198
    reason: Missing output files: results/synth/regime=easy/d=10/num_cycles=5/density=0.5/samp_size=100/seed=2/method=lacerda/metrics.csv; Input files updated by another job: results/synth/regime=easy/d=10/num_cycles=5/density=0.5/samp_size=100/seed=2/method=lacerda/model.pkl, results/synth/regime=easy/d=10/num_cycles=5/density=0.5/samp_size=100/seed=2/dataset.npz
    wildcards: regime=easy, d=10, num_cycles=5, density=0.5, samp_size=100, seed=2, method=lacerda
    resources: tmpdir=/tmp
Select jobs to execute...
[Wed Apr 29 22:32:49 2026]
Finished jobid: 52 (Rule: synth_fit)
124 of 328 steps (38%) done
Execute 1 jobs...
[Wed Apr 29 22:32:49 2026]
localrule synth_evaluate:
    input: results/synth/regime=easy/d=10/num_cycles=4/density=0.3/samp_size=100/seed=1/dataset.npz, results/synth/regime=easy/d=10/num_cycles=4/density=0.3/samp_size=100/seed=1/method=lacerda/model.pkl
    output: results/synth/regime=easy/d=10/num_cycles=4/density=0.3/samp_size=100/seed=1/method=lacerda/metrics.csv
    jobid: 50
    reason: Missing output files: results/synth/regime=easy/d=10/num_cycles=4/density=0.3/samp_size=100/seed=1/method=lacerda/metrics.csv; Input files updated by another job: results/synth/regime=easy/d=10/num_cycles=4/density=0.3/samp_size=100/seed=1/dataset.npz, results/synth/regime=easy/d=10/num_cycles=4/density=0.3/samp_size=100/seed=1/method=lacerda/model.pkl
    wildcards: regime=easy, d=10, num_cycles=4, density=0.3, samp_size=100, seed=1, method=lacerda
    resources: tmpdir=/tmp
Select jobs to execute...
[Wed Apr 29 22:32:49 2026]
Finished jobid: 250 (Rule: synth_evaluate)
125 of 328 steps (38%) done
Execute 1 jobs...
[Wed Apr 29 22:32:49 2026]
localrule synth_generate:
    output: results/synth/regime=easy/d=10/num_cycles=3/density=0.3/samp_size=100/seed=2/dataset.npz
    jobid: 18
    reason: Missing output files: results/synth/regime=easy/d=10/num_cycles=3/density=0.3/samp_size=100/seed=2/dataset.npz
    wildcards: regime=easy, d=10, num_cycles=3, density=0.3, samp_size=100, seed=2
    resources: tmpdir=/tmp
[Wed Apr 29 22:32:49 2026]
Finished jobid: 100 (Rule: synth_fit)
126 of 328 steps (38%) done
[Wed Apr 29 22:32:49 2026]
Finished jobid: 234 (Rule: synth_fit)
127 of 328 steps (39%) done
Select jobs to execute...
Execute 2 jobs...
[Wed Apr 29 22:32:49 2026]
localrule synth_fit:
    input: results/synth/regime=easy/d=10/num_cycles=4/density=0.5/samp_size=1000/seed=2/dataset.npz
    output: results/synth/regime=easy/d=10/num_cycles=4/density=0.5/samp_size=1000/seed=2/method=lacerda/model.pkl
    jobid: 182
    reason: Missing output files: results/synth/regime=easy/d=10/num_cycles=4/density=0.5/samp_size=1000/seed=2/method=lacerda/model.pkl; Input files updated by another job: results/synth/regime=easy/d=10/num_cycles=4/density=0.5/samp_size=1000/seed=2/dataset.npz
    wildcards: regime=easy, d=10, num_cycles=4, density=0.5, samp_size=1000, seed=2, method=lacerda
    resources: tmpdir=/tmp
[Wed Apr 29 22:32:49 2026]
localrule synth_fit:
    input: results/synth/regime=easy/d=10/num_cycles=4/density=0.8/samp_size=1000/seed=1/dataset.npz
    output: results/synth/regime=easy/d=10/num_cycles=4/density=0.8/samp_size=1000/seed=1/method=lacerda/model.pkl
    jobid: 288
    reason: Missing output files: results/synth/regime=easy/d=10/num_cycles=4/density=0.8/samp_size=1000/seed=1/method=lacerda/model.pkl; Input files updated by another job: results/synth/regime=easy/d=10/num_cycles=4/density=0.8/samp_size=1000/seed=1/dataset.npz
    wildcards: regime=easy, d=10, num_cycles=4, density=0.8, samp_size=1000, seed=1, method=lacerda
    resources: tmpdir=/tmp
[Wed Apr 29 22:32:49 2026]
Finished jobid: 57 (Rule: synth_generate)
128 of 328 steps (39%) done
[Wed Apr 29 22:32:49 2026]
Finished jobid: 108 (Rule: synth_generate)
129 of 328 steps (39%) done
[Wed Apr 29 22:32:49 2026]
Finished jobid: 129 (Rule: synth_evaluate)
130 of 328 steps (40%) done
Select jobs to execute...
Execute 3 jobs...
[Wed Apr 29 22:32:49 2026]
localrule synth_evaluate:
    input: results/synth/regime=easy/d=10/num_cycles=3/density=0.3/samp_size=1000/seed=2/dataset.npz, results/synth/regime=easy/d=10/num_cycles=3/density=0.3/samp_size=1000/seed=2/method=lacerda/model.pkl
    output: results/synth/regime=easy/d=10/num_cycles=3/density=0.3/samp_size=1000/seed=2/method=lacerda/metrics.csv
    jobid: 35
    reason: Missing output files: results/synth/regime=easy/d=10/num_cycles=3/density=0.3/samp_size=1000/seed=2/method=lacerda/metrics.csv; Input files updated by another job: results/synth/regime=easy/d=10/num_cycles=3/density=0.3/samp_size=1000/seed=2/method=lacerda/model.pkl, results/synth/regime=easy/d=10/num_cycles=3/density=0.3/samp_size=1000/seed=2/dataset.npz
    wildcards: regime=easy, d=10, num_cycles=3, density=0.3, samp_size=1000, seed=2, method=lacerda
    resources: tmpdir=/tmp
[Wed Apr 29 22:32:49 2026]
localrule synth_generate:
    output: results/synth/regime=easy/d=10/num_cycles=3/density=0.5/samp_size=1000/seed=0/dataset.npz
    jobid: 139
    reason: Missing output files: results/synth/regime=easy/d=10/num_cycles=3/density=0.5/samp_size=1000/seed=0/dataset.npz
    wildcards: regime=easy, d=10, num_cycles=3, density=0.5, samp_size=1000, seed=0
    resources: tmpdir=/tmp
[Wed Apr 29 22:32:49 2026]
localrule synth_generate:
    output: results/synth/regime=easy/d=10/num_cycles=3/density=0.3/samp_size=100/seed=0/dataset.npz
    jobid: 12
    reason: Missing output files: results/synth/regime=easy/d=10/num_cycles=3/density=0.3/samp_size=100/seed=0/dataset.npz
    wildcards: regime=easy, d=10, num_cycles=3, density=0.3, samp_size=100, seed=0
    resources: tmpdir=/tmp
Select jobs to execute...
[Wed Apr 29 22:32:49 2026]
Finished jobid: 269 (Rule: synth_generate)
131 of 328 steps (40%) done
Execute 1 jobs...
[Wed Apr 29 22:32:49 2026]
localrule synth_evaluate:
    input: results/synth/regime=easy/d=10/num_cycles=5/density=0.3/samp_size=500/seed=2/dataset.npz, results/synth/regime=easy/d=10/num_cycles=5/density=0.3/samp_size=500/seed=2/method=lacerda/model.pkl
    output: results/synth/regime=easy/d=10/num_cycles=5/density=0.3/samp_size=500/seed=2/method=lacerda/metrics.csv
    jobid: 98
    reason: Missing output files: results/synth/regime=easy/d=10/num_cycles=5/density=0.3/samp_size=500/seed=2/method=lacerda/metrics.csv; Input files updated by another job: results/synth/regime=easy/d=10/num_cycles=5/density=0.3/samp_size=500/seed=2/method=lacerda/model.pkl, results/synth/regime=easy/d=10/num_cycles=5/density=0.3/samp_size=500/seed=2/dataset.npz
    wildcards: regime=easy, d=10, num_cycles=5, density=0.3, samp_size=500, seed=2, method=lacerda
    resources: tmpdir=/tmp
Select jobs to execute...
[Wed Apr 29 22:32:50 2026]
Finished jobid: 221 (Rule: synth_generate)
132 of 328 steps (40%) done
Execute 1 jobs...
[Wed Apr 29 22:32:50 2026]
localrule synth_fit:
    input: results/synth/regime=easy/d=10/num_cycles=5/density=0.3/samp_size=1000/seed=2/dataset.npz
    output: results/synth/regime=easy/d=10/num_cycles=5/density=0.3/samp_size=1000/seed=2/method=lacerda/model.pkl
    jobid: 109
    reason: Missing output files: results/synth/regime=easy/d=10/num_cycles=5/density=0.3/samp_size=1000/seed=2/method=lacerda/model.pkl; Input files updated by another job: results/synth/regime=easy/d=10/num_cycles=5/density=0.3/samp_size=1000/seed=2/dataset.npz
    wildcards: regime=easy, d=10, num_cycles=5, density=0.3, samp_size=1000, seed=2, method=lacerda
    resources: tmpdir=/tmp
[Wed Apr 29 22:32:50 2026]
Finished jobid: 279 (Rule: synth_fit)
133 of 328 steps (41%) done
Select jobs to execute...
Execute 1 jobs...
[Wed Apr 29 22:32:50 2026]
localrule synth_evaluate:
    input: results/synth/regime=easy/d=10/num_cycles=3/density=0.8/samp_size=100/seed=1/dataset.npz, results/synth/regime=easy/d=10/num_cycles=3/density=0.8/samp_size=100/seed=1/method=lacerda/model.pkl
    output: results/synth/regime=easy/d=10/num_cycles=3/density=0.8/samp_size=100/seed=1/method=lacerda/metrics.csv
    jobid: 232
    reason: Missing output files: results/synth/regime=easy/d=10/num_cycles=3/density=0.8/samp_size=100/seed=1/method=lacerda/metrics.csv; Input files updated by another job: results/synth/regime=easy/d=10/num_cycles=3/density=0.8/samp_size=100/seed=1/method=lacerda/model.pkl, results/synth/regime=easy/d=10/num_cycles=3/density=0.8/samp_size=100/seed=1/dataset.npz
    wildcards: regime=easy, d=10, num_cycles=3, density=0.8, samp_size=100, seed=1, method=lacerda
    resources: tmpdir=/tmp
[Wed Apr 29 22:32:50 2026]
Finished jobid: 311 (Rule: synth_generate)
134 of 328 steps (41%) done
[Wed Apr 29 22:32:50 2026]
Finished jobid: 253 (Rule: synth_evaluate)
135 of 328 steps (41%) done
Select jobs to execute...
Execute 2 jobs...
[Wed Apr 29 22:32:50 2026]
localrule synth_fit:
    input: results/synth/regime=easy/d=10/num_cycles=4/density=0.8/samp_size=50/seed=2/dataset.npz
    output: results/synth/regime=easy/d=10/num_cycles=4/density=0.8/samp_size=50/seed=2/method=lacerda/model.pkl
    jobid: 264
    reason: Missing output files: results/synth/regime=easy/d=10/num_cycles=4/density=0.8/samp_size=50/seed=2/method=lacerda/model.pkl; Input files updated by another job: results/synth/regime=easy/d=10/num_cycles=4/density=0.8/samp_size=50/seed=2/dataset.npz
    wildcards: regime=easy, d=10, num_cycles=4, density=0.8, samp_size=50, seed=2, method=lacerda
    resources: tmpdir=/tmp
[Wed Apr 29 22:32:50 2026]
localrule synth_evaluate:
    input: results/synth/regime=easy/d=10/num_cycles=4/density=0.3/samp_size=50/seed=0/dataset.npz, results/synth/regime=easy/d=10/num_cycles=4/density=0.3/samp_size=50/seed=0/method=lacerda/model.pkl
    output: results/synth/regime=easy/d=10/num_cycles=4/density=0.3/samp_size=50/seed=0/method=lacerda/metrics.csv
    jobid: 38
    reason: Missing output files: results/synth/regime=easy/d=10/num_cycles=4/density=0.3/samp_size=50/seed=0/method=lacerda/metrics.csv; Input files updated by another job: results/synth/regime=easy/d=10/num_cycles=4/density=0.3/samp_size=50/seed=0/method=lacerda/model.pkl, results/synth/regime=easy/d=10/num_cycles=4/density=0.3/samp_size=50/seed=0/dataset.npz
    wildcards: regime=easy, d=10, num_cycles=4, density=0.3, samp_size=50, seed=0, method=lacerda
    resources: tmpdir=/tmp
[Wed Apr 29 22:32:50 2026]
Finished jobid: 298 (Rule: synth_evaluate)
136 of 328 steps (41%) done
Select jobs to execute...
Execute 1 jobs...
[Wed Apr 29 22:32:50 2026]
localrule synth_generate:
    output: results/synth/regime=easy/d=10/num_cycles=5/density=0.3/samp_size=50/seed=1/dataset.npz
    jobid: 78
    reason: Missing output files: results/synth/regime=easy/d=10/num_cycles=5/density=0.3/samp_size=50/seed=1/dataset.npz
    wildcards: regime=easy, d=10, num_cycles=5, density=0.3, samp_size=50, seed=1
    resources: tmpdir=/tmp
[Wed Apr 29 22:32:50 2026]
Finished jobid: 184 (Rule: synth_generate)
137 of 328 steps (42%) done
[Wed Apr 29 22:32:50 2026]
Finished jobid: 179 (Rule: synth_fit)
138 of 328 steps (42%) done
[Wed Apr 29 22:32:50 2026]
Finished jobid: 244 (Rule: synth_evaluate)
139 of 328 steps (42%) done
Select jobs to execute...
Execute 3 jobs...
[Wed Apr 29 22:32:50 2026]
localrule synth_fit:
    input: results/synth/regime=easy/d=10/num_cycles=4/density=0.3/samp_size=100/seed=2/dataset.npz
    output: results/synth/regime=easy/d=10/num_cycles=4/density=0.3/samp_size=100/seed=2/method=lacerda/model.pkl
    jobid: 55
    reason: Missing output files: results/synth/regime=easy/d=10/num_cycles=4/density=0.3/samp_size=100/seed=2/method=lacerda/model.pkl; Input files updated by another job: results/synth/regime=easy/d=10/num_cycles=4/density=0.3/samp_size=100/seed=2/dataset.npz
    wildcards: regime=easy, d=10, num_cycles=4, density=0.3, samp_size=100, seed=2, method=lacerda
    resources: tmpdir=/tmp
[Wed Apr 29 22:32:50 2026]
localrule synth_fit:
    input: results/synth/regime=easy/d=10/num_cycles=5/density=0.5/samp_size=1000/seed=2/dataset.npz
    output: results/synth/regime=easy/d=10/num_cycles=5/density=0.5/samp_size=1000/seed=2/method=lacerda/model.pkl
    jobid: 218
    reason: Missing output files: results/synth/regime=easy/d=10/num_cycles=5/density=0.5/samp_size=1000/seed=2/method=lacerda/model.pkl; Input files updated by another job: results/synth/regime=easy/d=10/num_cycles=5/density=0.5/samp_size=1000/seed=2/dataset.npz
    wildcards: regime=easy, d=10, num_cycles=5, density=0.5, samp_size=1000, seed=2, method=lacerda
    resources: tmpdir=/tmp
[Wed Apr 29 22:32:50 2026]
localrule synth_generate:
    output: results/synth/regime=easy/d=10/num_cycles=4/density=0.3/samp_size=1000/seed=1/dataset.npz
    jobid: 69
    reason: Missing output files: results/synth/regime=easy/d=10/num_cycles=4/density=0.3/samp_size=1000/seed=1/dataset.npz
    wildcards: regime=easy, d=10, num_cycles=4, density=0.3, samp_size=1000, seed=1
    resources: tmpdir=/tmp
Select jobs to execute...
[Wed Apr 29 22:32:50 2026]
Finished jobid: 2 (Rule: synth_evaluate)
140 of 328 steps (43%) done
Execute 1 jobs...
[Wed Apr 29 22:32:50 2026]
localrule synth_generate:
    output: results/synth/regime=easy/d=10/num_cycles=5/density=0.8/samp_size=1000/seed=0/dataset.npz
    jobid: 320
    reason: Missing output files: results/synth/regime=easy/d=10/num_cycles=5/density=0.8/samp_size=1000/seed=0/dataset.npz
    wildcards: regime=easy, d=10, num_cycles=5, density=0.8, samp_size=1000, seed=0
    resources: tmpdir=/tmp
Select jobs to execute...
[Wed Apr 29 22:32:50 2026]
Finished jobid: 146 (Rule: synth_fit)
141 of 328 steps (43%) done
Execute 1 jobs...
[Wed Apr 29 22:32:50 2026]
localrule synth_generate:
    output: results/synth/regime=easy/d=10/num_cycles=3/density=0.8/samp_size=100/seed=0/dataset.npz
    jobid: 230
    reason: Missing output files: results/synth/regime=easy/d=10/num_cycles=3/density=0.8/samp_size=100/seed=0/dataset.npz
    wildcards: regime=easy, d=10, num_cycles=3, density=0.8, samp_size=100, seed=0
    resources: tmpdir=/tmp
Select jobs to execute...
[Wed Apr 29 22:32:50 2026]
Finished jobid: 119 (Rule: synth_fit)
142 of 328 steps (43%) done
Execute 1 jobs...
[Wed Apr 29 22:32:50 2026]
localrule synth_evaluate:
    input: results/synth/regime=easy/d=10/num_cycles=4/density=0.8/samp_size=50/seed=0/dataset.npz, results/synth/regime=easy/d=10/num_cycles=4/density=0.8/samp_size=50/seed=0/method=lacerda/model.pkl
    output: results/synth/regime=easy/d=10/num_cycles=4/density=0.8/samp_size=50/seed=0/method=lacerda/metrics.csv
    jobid: 256
    reason: Missing output files: results/synth/regime=easy/d=10/num_cycles=4/density=0.8/samp_size=50/seed=0/method=lacerda/metrics.csv; Input files updated by another job: results/synth/regime=easy/d=10/num_cycles=4/density=0.8/samp_size=50/seed=0/dataset.npz, results/synth/regime=easy/d=10/num_cycles=4/density=0.8/samp_size=50/seed=0/method=lacerda/model.pkl
    wildcards: regime=easy, d=10, num_cycles=4, density=0.8, samp_size=50, seed=0, method=lacerda
    resources: tmpdir=/tmp
[Wed Apr 29 22:32:50 2026]
Finished jobid: 228 (Rule: synth_fit)
143 of 328 steps (44%) done
Select jobs to execute...
Execute 1 jobs...
[Wed Apr 29 22:32:50 2026]
localrule synth_generate:
    output: results/synth/regime=easy/d=10/num_cycles=4/density=0.8/samp_size=500/seed=0/dataset.npz
    jobid: 275
    reason: Missing output files: results/synth/regime=easy/d=10/num_cycles=4/density=0.8/samp_size=500/seed=0/dataset.npz
    wildcards: regime=easy, d=10, num_cycles=4, density=0.8, samp_size=500, seed=0
    resources: tmpdir=/tmp
Select jobs to execute...
[Wed Apr 29 22:32:50 2026]
Finished jobid: 76 (Rule: synth_fit)
144 of 328 steps (44%) done
Execute 1 jobs...
[Wed Apr 29 22:32:50 2026]
localrule synth_generate:
    output: results/synth/regime=easy/d=10/num_cycles=4/density=0.5/samp_size=50/seed=0/dataset.npz
    jobid: 148
    reason: Missing output files: results/synth/regime=easy/d=10/num_cycles=4/density=0.5/samp_size=50/seed=0/dataset.npz
    wildcards: regime=easy, d=10, num_cycles=4, density=0.5, samp_size=50, seed=0
    resources: tmpdir=/tmp
[Wed Apr 29 22:32:50 2026]
Finished jobid: 318 (Rule: synth_fit)
145 of 328 steps (44%) done
[Wed Apr 29 22:32:50 2026]
Finished jobid: 5 (Rule: synth_evaluate)
146 of 328 steps (45%) done
Select jobs to execute...
Execute 2 jobs...
[Wed Apr 29 22:32:50 2026]
localrule synth_evaluate:
    input: results/synth/regime=easy/d=10/num_cycles=5/density=0.8/samp_size=100/seed=0/dataset.npz, results/synth/regime=easy/d=10/num_cycles=5/density=0.8/samp_size=100/seed=0/method=lacerda/model.pkl
    output: results/synth/regime=easy/d=10/num_cycles=5/density=0.8/samp_size=100/seed=0/method=lacerda/metrics.csv
    jobid: 301
    reason: Missing output files: results/synth/regime=easy/d=10/num_cycles=5/density=0.8/samp_size=100/seed=0/method=lacerda/metrics.csv; Input files updated by another job: results/synth/regime=easy/d=10/num_cycles=5/density=0.8/samp_size=100/seed=0/method=lacerda/model.pkl, results/synth/regime=easy/d=10/num_cycles=5/density=0.8/samp_size=100/seed=0/dataset.npz
    wildcards: regime=easy, d=10, num_cycles=5, density=0.8, samp_size=100, seed=0, method=lacerda
    resources: tmpdir=/tmp
[Wed Apr 29 22:32:50 2026]
localrule synth_generate:
    output: results/synth/regime=easy/d=10/num_cycles=5/density=0.5/samp_size=100/seed=1/dataset.npz
    jobid: 196
    reason: Missing output files: results/synth/regime=easy/d=10/num_cycles=5/density=0.5/samp_size=100/seed=1/dataset.npz
    wildcards: regime=easy, d=10, num_cycles=5, density=0.5, samp_size=100, seed=1
    resources: tmpdir=/tmp
[Wed Apr 29 22:32:50 2026]
Finished jobid: 291 (Rule: synth_fit)
147 of 328 steps (45%) done
Select jobs to execute...
Execute 1 jobs...
[Wed Apr 29 22:32:50 2026]
localrule synth_generate:
    output: results/synth/regime=easy/d=10/num_cycles=4/density=0.3/samp_size=1000/seed=0/dataset.npz
    jobid: 66
    reason: Missing output files: results/synth/regime=easy/d=10/num_cycles=4/density=0.3/samp_size=1000/seed=0/dataset.npz
    wildcards: regime=easy, d=10, num_cycles=4, density=0.3, samp_size=1000, seed=0
    resources: tmpdir=/tmp
[Wed Apr 29 22:32:50 2026]
Finished jobid: 203 (Rule: synth_fit)
148 of 328 steps (45%) done
Select jobs to execute...
Execute 1 jobs...
[Wed Apr 29 22:32:50 2026]
localrule synth_generate:
    output: results/synth/regime=easy/d=10/num_cycles=5/density=0.5/samp_size=100/seed=0/dataset.npz
    jobid: 193
    reason: Missing output files: results/synth/regime=easy/d=10/num_cycles=5/density=0.5/samp_size=100/seed=0/dataset.npz
    wildcards: regime=easy, d=10, num_cycles=5, density=0.5, samp_size=100, seed=0
    resources: tmpdir=/tmp
Select jobs to execute...
[Wed Apr 29 22:32:50 2026]
Finished jobid: 266 (Rule: synth_generate)
149 of 328 steps (45%) done
Execute 1 jobs...
[Wed Apr 29 22:32:50 2026]
localrule synth_evaluate:
    input: results/synth/regime=easy/d=10/num_cycles=5/density=0.5/samp_size=500/seed=0/dataset.npz, results/synth/regime=easy/d=10/num_cycles=5/density=0.5/samp_size=500/seed=0/method=lacerda/model.pkl
    output: results/synth/regime=easy/d=10/num_cycles=5/density=0.5/samp_size=500/seed=0/method=lacerda/metrics.csv
    jobid: 201
    reason: Missing output files: results/synth/regime=easy/d=10/num_cycles=5/density=0.5/samp_size=500/seed=0/method=lacerda/metrics.csv; Input files updated by another job: results/synth/regime=easy/d=10/num_cycles=5/density=0.5/samp_size=500/seed=0/method=lacerda/model.pkl, results/synth/regime=easy/d=10/num_cycles=5/density=0.5/samp_size=500/seed=0/dataset.npz
    wildcards: regime=easy, d=10, num_cycles=5, density=0.5, samp_size=500, seed=0, method=lacerda
    resources: tmpdir=/tmp
Select jobs to execute...
[Wed Apr 29 22:32:50 2026]
Finished jobid: 240 (Rule: synth_fit)
150 of 328 steps (46%) done
Execute 1 jobs...
[Wed Apr 29 22:32:50 2026]
localrule synth_generate:
    output: results/synth/regime=easy/d=10/num_cycles=3/density=0.3/samp_size=500/seed=0/dataset.npz
    jobid: 21
    reason: Missing output files: results/synth/regime=easy/d=10/num_cycles=3/density=0.3/samp_size=500/seed=0/dataset.npz
    wildcards: regime=easy, d=10, num_cycles=3, density=0.3, samp_size=500, seed=0
    resources: tmpdir=/tmp
[Wed Apr 29 22:32:50 2026]
Finished jobid: 113 (Rule: synth_fit)
151 of 328 steps (46%) done
Select jobs to execute...
Execute 1 jobs...
[Wed Apr 29 22:32:50 2026]
localrule synth_evaluate:
    input: results/synth/regime=easy/d=10/num_cycles=3/density=0.5/samp_size=50/seed=0/dataset.npz, results/synth/regime=easy/d=10/num_cycles=3/density=0.5/samp_size=50/seed=0/method=lacerda/model.pkl
    output: results/synth/regime=easy/d=10/num_cycles=3/density=0.5/samp_size=50/seed=0/method=lacerda/metrics.csv
    jobid: 111
    reason: Missing output files: results/synth/regime=easy/d=10/num_cycles=3/density=0.5/samp_size=50/seed=0/method=lacerda/metrics.csv; Input files updated by another job: results/synth/regime=easy/d=10/num_cycles=3/density=0.5/samp_size=50/seed=0/method=lacerda/model.pkl, results/synth/regime=easy/d=10/num_cycles=3/density=0.5/samp_size=50/seed=0/dataset.npz
    wildcards: regime=easy, d=10, num_cycles=3, density=0.5, samp_size=50, seed=0, method=lacerda
    resources: tmpdir=/tmp
Select jobs to execute...
[Wed Apr 29 22:32:50 2026]
Finished jobid: 198 (Rule: synth_evaluate)
152 of 328 steps (46%) done
Execute 1 jobs...
[Wed Apr 29 22:32:50 2026]
localrule synth_fit:
    input: results/synth/regime=easy/d=10/num_cycles=3/density=0.3/samp_size=50/seed=2/dataset.npz
    output: results/synth/regime=easy/d=10/num_cycles=3/density=0.3/samp_size=50/seed=2/method=lacerda/model.pkl
    jobid: 10
    reason: Missing output files: results/synth/regime=easy/d=10/num_cycles=3/density=0.3/samp_size=50/seed=2/method=lacerda/model.pkl; Input files updated by another job: results/synth/regime=easy/d=10/num_cycles=3/density=0.3/samp_size=50/seed=2/dataset.npz
    wildcards: regime=easy, d=10, num_cycles=3, density=0.3, samp_size=50, seed=2, method=lacerda
    resources: tmpdir=/tmp
Select jobs to execute...
[Wed Apr 29 22:32:50 2026]
Finished jobid: 235 (Rule: synth_evaluate)
153 of 328 steps (47%) done
Execute 1 jobs...
[Wed Apr 29 22:32:50 2026]
localrule synth_evaluate:
    input: results/synth/regime=easy/d=10/num_cycles=5/density=0.8/samp_size=1000/seed=1/dataset.npz, results/synth/regime=easy/d=10/num_cycles=5/density=0.8/samp_size=1000/seed=1/method=lacerda/model.pkl
    output: results/synth/regime=easy/d=10/num_cycles=5/density=0.8/samp_size=1000/seed=1/method=lacerda/metrics.csv
    jobid: 322
    reason: Missing output files: results/synth/regime=easy/d=10/num_cycles=5/density=0.8/samp_size=1000/seed=1/method=lacerda/metrics.csv; Input files updated by another job: results/synth/regime=easy/d=10/num_cycles=5/density=0.8/samp_size=1000/seed=1/method=lacerda/model.pkl, results/synth/regime=easy/d=10/num_cycles=5/density=0.8/samp_size=1000/seed=1/dataset.npz
    wildcards: regime=easy, d=10, num_cycles=5, density=0.8, samp_size=1000, seed=1, method=lacerda
    resources: tmpdir=/tmp
Select jobs to execute...
[Wed Apr 29 22:32:50 2026]
Finished jobid: 18 (Rule: synth_generate)
154 of 328 steps (47%) done
Execute 1 jobs...
[Wed Apr 29 22:32:50 2026]
localrule synth_evaluate:
    input: results/synth/regime=easy/d=10/num_cycles=4/density=0.8/samp_size=500/seed=1/dataset.npz, results/synth/regime=easy/d=10/num_cycles=4/density=0.8/samp_size=500/seed=1/method=lacerda/model.pkl
    output: results/synth/regime=easy/d=10/num_cycles=4/density=0.8/samp_size=500/seed=1/method=lacerda/metrics.csv
    jobid: 277
    reason: Missing output files: results/synth/regime=easy/d=10/num_cycles=4/density=0.8/samp_size=500/seed=1/method=lacerda/metrics.csv; Input files updated by another job: results/synth/regime=easy/d=10/num_cycles=4/density=0.8/samp_size=500/seed=1/dataset.npz, results/synth/regime=easy/d=10/num_cycles=4/density=0.8/samp_size=500/seed=1/method=lacerda/model.pkl
    wildcards: regime=easy, d=10, num_cycles=4, density=0.8, samp_size=500, seed=1, method=lacerda
    resources: tmpdir=/tmp
Select jobs to execute...
[Wed Apr 29 22:32:50 2026]
Finished jobid: 12 (Rule: synth_generate)
155 of 328 steps (47%) done
Execute 1 jobs...
[Wed Apr 29 22:32:50 2026]
localrule synth_fit:
    input: results/synth/regime=easy/d=10/num_cycles=3/density=0.5/samp_size=500/seed=2/dataset.npz
    output: results/synth/regime=easy/d=10/num_cycles=3/density=0.5/samp_size=500/seed=2/method=lacerda/model.pkl
    jobid: 137
    reason: Missing output files: results/synth/regime=easy/d=10/num_cycles=3/density=0.5/samp_size=500/seed=2/method=lacerda/model.pkl; Input files updated by another job: results/synth/regime=easy/d=10/num_cycles=3/density=0.5/samp_size=500/seed=2/dataset.npz
    wildcards: regime=easy, d=10, num_cycles=3, density=0.5, samp_size=500, seed=2, method=lacerda
    resources: tmpdir=/tmp
Select jobs to execute...
[Wed Apr 29 22:32:50 2026]
Finished jobid: 139 (Rule: synth_generate)
156 of 328 steps (48%) done
Execute 1 jobs...
[Wed Apr 29 22:32:50 2026]
localrule synth_generate:
    output: results/synth/regime=easy/d=10/num_cycles=3/density=0.5/samp_size=50/seed=1/dataset.npz
    jobid: 115
    reason: Missing output files: results/synth/regime=easy/d=10/num_cycles=3/density=0.5/samp_size=50/seed=1/dataset.npz
    wildcards: regime=easy, d=10, num_cycles=3, density=0.5, samp_size=50, seed=1
    resources: tmpdir=/tmp
Select jobs to execute...
[Wed Apr 29 22:32:51 2026]
Finished jobid: 35 (Rule: synth_evaluate)
157 of 328 steps (48%) done
Execute 1 jobs...
[Wed Apr 29 22:32:51 2026]
localrule synth_generate:
    output: results/synth/regime=easy/d=10/num_cycles=5/density=0.5/samp_size=500/seed=1/dataset.npz
    jobid: 205
    reason: Missing output files: results/synth/regime=easy/d=10/num_cycles=5/density=0.5/samp_size=500/seed=1/dataset.npz
    wildcards: regime=easy, d=10, num_cycles=5, density=0.5, samp_size=500, seed=1
    resources: tmpdir=/tmp
Select jobs to execute...
[Wed Apr 29 22:32:51 2026]
Finished jobid: 273 (Rule: synth_fit)
158 of 328 steps (48%) done
[Wed Apr 29 22:32:51 2026]
Finished jobid: 50 (Rule: synth_evaluate)
159 of 328 steps (48%) done
Execute 2 jobs...
[Wed Apr 29 22:32:51 2026]
localrule synth_generate:
    output: results/synth/regime=easy/d=10/num_cycles=3/density=0.8/samp_size=500/seed=1/dataset.npz
    jobid: 242
    reason: Missing output files: results/synth/regime=easy/d=10/num_cycles=3/density=0.8/samp_size=500/seed=1/dataset.npz
    wildcards: regime=easy, d=10, num_cycles=3, density=0.8, samp_size=500, seed=1
    resources: tmpdir=/tmp
[Wed Apr 29 22:32:51 2026]
localrule synth_evaluate:
    input: results/synth/regime=easy/d=10/num_cycles=5/density=0.3/samp_size=100/seed=1/dataset.npz, results/synth/regime=easy/d=10/num_cycles=5/density=0.3/samp_size=100/seed=1/method=lacerda/model.pkl
    output: results/synth/regime=easy/d=10/num_cycles=5/density=0.3/samp_size=100/seed=1/method=lacerda/metrics.csv
    jobid: 86
    reason: Missing output files: results/synth/regime=easy/d=10/num_cycles=5/density=0.3/samp_size=100/seed=1/method=lacerda/metrics.csv; Input files updated by another job: results/synth/regime=easy/d=10/num_cycles=5/density=0.3/samp_size=100/seed=1/method=lacerda/model.pkl, results/synth/regime=easy/d=10/num_cycles=5/density=0.3/samp_size=100/seed=1/dataset.npz
    wildcards: regime=easy, d=10, num_cycles=5, density=0.3, samp_size=100, seed=1, method=lacerda
    resources: tmpdir=/tmp
[Wed Apr 29 22:32:51 2026]
Finished jobid: 288 (Rule: synth_fit)
160 of 328 steps (49%) done
[Wed Apr 29 22:32:51 2026]
Finished jobid: 98 (Rule: synth_evaluate)
161 of 328 steps (49%) done
Select jobs to execute...
Execute 2 jobs...
[Wed Apr 29 22:32:51 2026]
localrule synth_evaluate:
    input: results/synth/regime=easy/d=10/num_cycles=5/density=0.8/samp_size=1000/seed=2/dataset.npz, results/synth/regime=easy/d=10/num_cycles=5/density=0.8/samp_size=1000/seed=2/method=lacerda/model.pkl
    output: results/synth/regime=easy/d=10/num_cycles=5/density=0.8/samp_size=1000/seed=2/method=lacerda/metrics.csv
    jobid: 325
    reason: Missing output files: results/synth/regime=easy/d=10/num_cycles=5/density=0.8/samp_size=1000/seed=2/method=lacerda/metrics.csv; Input files updated by another job: results/synth/regime=easy/d=10/num_cycles=5/density=0.8/samp_size=1000/seed=2/method=lacerda/model.pkl, results/synth/regime=easy/d=10/num_cycles=5/density=0.8/samp_size=1000/seed=2/dataset.npz
    wildcards: regime=easy, d=10, num_cycles=5, density=0.8, samp_size=1000, seed=2, method=lacerda
    resources: tmpdir=/tmp
[Wed Apr 29 22:32:51 2026]
localrule synth_evaluate:
    input: results/synth/regime=easy/d=10/num_cycles=4/density=0.3/samp_size=50/seed=1/dataset.npz, results/synth/regime=easy/d=10/num_cycles=4/density=0.3/samp_size=50/seed=1/method=lacerda/model.pkl
    output: results/synth/regime=easy/d=10/num_cycles=4/density=0.3/samp_size=50/seed=1/method=lacerda/metrics.csv
    jobid: 41
    reason: Missing output files: results/synth/regime=easy/d=10/num_cycles=4/density=0.3/samp_size=50/seed=1/method=lacerda/metrics.csv; Input files updated by another job: results/synth/regime=easy/d=10/num_cycles=4/density=0.3/samp_size=50/seed=1/method=lacerda/model.pkl, results/synth/regime=easy/d=10/num_cycles=4/density=0.3/samp_size=50/seed=1/dataset.npz
    wildcards: regime=easy, d=10, num_cycles=4, density=0.3, samp_size=50, seed=1, method=lacerda
    resources: tmpdir=/tmp
Select jobs to execute...
[Wed Apr 29 22:32:51 2026]
Finished jobid: 182 (Rule: synth_fit)
162 of 328 steps (49%) done
Execute 1 jobs...
[Wed Apr 29 22:32:51 2026]
localrule synth_fit:
    input: results/synth/regime=easy/d=10/num_cycles=4/density=0.8/samp_size=1000/seed=0/dataset.npz
    output: results/synth/regime=easy/d=10/num_cycles=4/density=0.8/samp_size=1000/seed=0/method=lacerda/model.pkl
    jobid: 285
    reason: Missing output files: results/synth/regime=easy/d=10/num_cycles=4/density=0.8/samp_size=1000/seed=0/method=lacerda/model.pkl; Input files updated by another job: results/synth/regime=easy/d=10/num_cycles=4/density=0.8/samp_size=1000/seed=0/dataset.npz
    wildcards: regime=easy, d=10, num_cycles=4, density=0.8, samp_size=1000, seed=0, method=lacerda
    resources: tmpdir=/tmp
Select jobs to execute...
[Wed Apr 29 22:32:51 2026]
Finished jobid: 69 (Rule: synth_generate)
163 of 328 steps (50%) done
Execute 1 jobs...
[Wed Apr 29 22:32:51 2026]
localrule synth_fit:
    input: results/synth/regime=easy/d=10/num_cycles=4/density=0.5/samp_size=100/seed=0/dataset.npz
    output: results/synth/regime=easy/d=10/num_cycles=4/density=0.5/samp_size=100/seed=0/method=lacerda/model.pkl
    jobid: 158
    reason: Missing output files: results/synth/regime=easy/d=10/num_cycles=4/density=0.5/samp_size=100/seed=0/method=lacerda/model.pkl; Input files updated by another job: results/synth/regime=easy/d=10/num_cycles=4/density=0.5/samp_size=100/seed=0/dataset.npz
    wildcards: regime=easy, d=10, num_cycles=4, density=0.5, samp_size=100, seed=0, method=lacerda
    resources: tmpdir=/tmp
Select jobs to execute...
[Wed Apr 29 22:32:51 2026]
Finished jobid: 78 (Rule: synth_generate)
164 of 328 steps (50%) done
Execute 1 jobs...
[Wed Apr 29 22:32:51 2026]
localrule synth_evaluate:
    input: results/synth/regime=easy/d=10/num_cycles=4/density=0.5/samp_size=1000/seed=2/dataset.npz, results/synth/regime=easy/d=10/num_cycles=4/density=0.5/samp_size=1000/seed=2/method=lacerda/model.pkl
    output: results/synth/regime=easy/d=10/num_cycles=4/density=0.5/samp_size=1000/seed=2/method=lacerda/metrics.csv
    jobid: 180
    reason: Missing output files: results/synth/regime=easy/d=10/num_cycles=4/density=0.5/samp_size=1000/seed=2/method=lacerda/metrics.csv; Input files updated by another job: results/synth/regime=easy/d=10/num_cycles=4/density=0.5/samp_size=1000/seed=2/method=lacerda/model.pkl, results/synth/regime=easy/d=10/num_cycles=4/density=0.5/samp_size=1000/seed=2/dataset.npz
    wildcards: regime=easy, d=10, num_cycles=4, density=0.5, samp_size=1000, seed=2, method=lacerda
    resources: tmpdir=/tmp
Select jobs to execute...
[Wed Apr 29 22:32:51 2026]
Finished jobid: 232 (Rule: synth_evaluate)
165 of 328 steps (50%) done
Execute 1 jobs...
[Wed Apr 29 22:32:51 2026]
localrule synth_fit:
    input: results/synth/regime=easy/d=10/num_cycles=3/density=0.3/samp_size=1000/seed=0/dataset.npz
    output: results/synth/regime=easy/d=10/num_cycles=3/density=0.3/samp_size=1000/seed=0/method=lacerda/model.pkl
    jobid: 31
    reason: Missing output files: results/synth/regime=easy/d=10/num_cycles=3/density=0.3/samp_size=1000/seed=0/method=lacerda/model.pkl; Input files updated by another job: results/synth/regime=easy/d=10/num_cycles=3/density=0.3/samp_size=1000/seed=0/dataset.npz
    wildcards: regime=easy, d=10, num_cycles=3, density=0.3, samp_size=1000, seed=0, method=lacerda
    resources: tmpdir=/tmp
Select jobs to execute...
[Wed Apr 29 22:32:51 2026]
Finished jobid: 230 (Rule: synth_generate)
166 of 328 steps (51%) done
Execute 1 jobs...
[Wed Apr 29 22:32:51 2026]
localrule synth_generate:
    output: results/synth/regime=easy/d=10/num_cycles=3/density=0.3/samp_size=1000/seed=1/dataset.npz
    jobid: 33
    reason: Missing output files: results/synth/regime=easy/d=10/num_cycles=3/density=0.3/samp_size=1000/seed=1/dataset.npz
    wildcards: regime=easy, d=10, num_cycles=3, density=0.3, samp_size=1000, seed=1
    resources: tmpdir=/tmp
[Wed Apr 29 22:32:51 2026]
Finished jobid: 38 (Rule: synth_evaluate)
167 of 328 steps (51%) done
Select jobs to execute...
Execute 1 jobs...
[Wed Apr 29 22:32:51 2026]
localrule synth_generate:
    output: results/synth/regime=easy/d=10/num_cycles=4/density=0.5/samp_size=100/seed=1/dataset.npz
    jobid: 160
    reason: Missing output files: results/synth/regime=easy/d=10/num_cycles=4/density=0.5/samp_size=100/seed=1/dataset.npz
    wildcards: regime=easy, d=10, num_cycles=4, density=0.5, samp_size=100, seed=1
    resources: tmpdir=/tmp
[Wed Apr 29 22:32:51 2026]
Finished jobid: 275 (Rule: synth_generate)
168 of 328 steps (51%) done
[Wed Apr 29 22:32:51 2026]
Finished jobid: 109 (Rule: synth_fit)
169 of 328 steps (52%) done
Select jobs to execute...
Execute 2 jobs...
[Wed Apr 29 22:32:51 2026]
localrule synth_evaluate:
    input: results/synth/regime=easy/d=10/num_cycles=4/density=0.8/samp_size=50/seed=1/dataset.npz, results/synth/regime=easy/d=10/num_cycles=4/density=0.8/samp_size=50/seed=1/method=lacerda/model.pkl
    output: results/synth/regime=easy/d=10/num_cycles=4/density=0.8/samp_size=50/seed=1/method=lacerda/metrics.csv
    jobid: 259
    reason: Missing output files: results/synth/regime=easy/d=10/num_cycles=4/density=0.8/samp_size=50/seed=1/method=lacerda/metrics.csv; Input files updated by another job: results/synth/regime=easy/d=10/num_cycles=4/density=0.8/samp_size=50/seed=1/dataset.npz, results/synth/regime=easy/d=10/num_cycles=4/density=0.8/samp_size=50/seed=1/method=lacerda/model.pkl
    wildcards: regime=easy, d=10, num_cycles=4, density=0.8, samp_size=50, seed=1, method=lacerda
    resources: tmpdir=/tmp
[Wed Apr 29 22:32:51 2026]
localrule synth_fit:
    input: results/synth/regime=easy/d=10/num_cycles=4/density=0.3/samp_size=500/seed=0/dataset.npz
    output: results/synth/regime=easy/d=10/num_cycles=4/density=0.3/samp_size=500/seed=0/method=lacerda/model.pkl
    jobid: 58
    reason: Missing output files: results/synth/regime=easy/d=10/num_cycles=4/density=0.3/samp_size=500/seed=0/method=lacerda/model.pkl; Input files updated by another job: results/synth/regime=easy/d=10/num_cycles=4/density=0.3/samp_size=500/seed=0/dataset.npz
    wildcards: regime=easy, d=10, num_cycles=4, density=0.3, samp_size=500, seed=0, method=lacerda
    resources: tmpdir=/tmp
[Wed Apr 29 22:32:51 2026]
Finished jobid: 320 (Rule: synth_generate)
170 of 328 steps (52%) done
Select jobs to execute...
Execute 1 jobs...
[Wed Apr 29 22:32:51 2026]
localrule synth_fit:
    input: results/synth/regime=easy/d=10/num_cycles=3/density=0.8/samp_size=100/seed=0/dataset.npz
    output: results/synth/regime=easy/d=10/num_cycles=3/density=0.8/samp_size=100/seed=0/method=lacerda/model.pkl
    jobid: 231
    reason: Missing output files: results/synth/regime=easy/d=10/num_cycles=3/density=0.8/samp_size=100/seed=0/method=lacerda/model.pkl; Input files updated by another job: results/synth/regime=easy/d=10/num_cycles=3/density=0.8/samp_size=100/seed=0/dataset.npz
    wildcards: regime=easy, d=10, num_cycles=3, density=0.8, samp_size=100, seed=0, method=lacerda
    resources: tmpdir=/tmp
[Wed Apr 29 22:32:51 2026]
Finished jobid: 218 (Rule: synth_fit)
171 of 328 steps (52%) done
[Wed Apr 29 22:32:51 2026]
Finished jobid: 148 (Rule: synth_generate)
172 of 328 steps (52%) done
Select jobs to execute...
Execute 2 jobs...
[Wed Apr 29 22:32:51 2026]
localrule synth_evaluate:
    input: results/synth/regime=easy/d=10/num_cycles=5/density=0.8/samp_size=100/seed=1/dataset.npz, results/synth/regime=easy/d=10/num_cycles=5/density=0.8/samp_size=100/seed=1/method=lacerda/model.pkl
    output: results/synth/regime=easy/d=10/num_cycles=5/density=0.8/samp_size=100/seed=1/method=lacerda/metrics.csv
    jobid: 304
    reason: Missing output files: results/synth/regime=easy/d=10/num_cycles=5/density=0.8/samp_size=100/seed=1/method=lacerda/metrics.csv; Input files updated by another job: results/synth/regime=easy/d=10/num_cycles=5/density=0.8/samp_size=100/seed=1/dataset.npz, results/synth/regime=easy/d=10/num_cycles=5/density=0.8/samp_size=100/seed=1/method=lacerda/model.pkl
    wildcards: regime=easy, d=10, num_cycles=5, density=0.8, samp_size=100, seed=1, method=lacerda
    resources: tmpdir=/tmp
[Wed Apr 29 22:32:51 2026]
localrule synth_fit:
    input: results/synth/regime=easy/d=10/num_cycles=3/density=0.3/samp_size=100/seed=0/dataset.npz
    output: results/synth/regime=easy/d=10/num_cycles=3/density=0.3/samp_size=100/seed=0/method=lacerda/model.pkl
    jobid: 13
    reason: Missing output files: results/synth/regime=easy/d=10/num_cycles=3/density=0.3/samp_size=100/seed=0/method=lacerda/model.pkl; Input files updated by another job: results/synth/regime=easy/d=10/num_cycles=3/density=0.3/samp_size=100/seed=0/dataset.npz
    wildcards: regime=easy, d=10, num_cycles=3, density=0.3, samp_size=100, seed=0, method=lacerda
    resources: tmpdir=/tmp
[Wed Apr 29 22:32:51 2026]
Finished jobid: 264 (Rule: synth_fit)
173 of 328 steps (53%) done
[Wed Apr 29 22:32:51 2026]
Finished jobid: 196 (Rule: synth_generate)
174 of 328 steps (53%) done
Select jobs to execute...
Execute 2 jobs...
[Wed Apr 29 22:32:51 2026]
localrule synth_fit:
    input: results/synth/regime=easy/d=10/num_cycles=4/density=0.8/samp_size=500/seed=0/dataset.npz
    output: results/synth/regime=easy/d=10/num_cycles=4/density=0.8/samp_size=500/seed=0/method=lacerda/model.pkl
    jobid: 276
    reason: Missing output files: results/synth/regime=easy/d=10/num_cycles=4/density=0.8/samp_size=500/seed=0/method=lacerda/model.pkl; Input files updated by another job: results/synth/regime=easy/d=10/num_cycles=4/density=0.8/samp_size=500/seed=0/dataset.npz
    wildcards: regime=easy, d=10, num_cycles=4, density=0.8, samp_size=500, seed=0, method=lacerda
    resources: tmpdir=/tmp
[Wed Apr 29 22:32:51 2026]
localrule synth_fit:
    input: results/synth/regime=easy/d=10/num_cycles=3/density=0.8/samp_size=50/seed=0/dataset.npz
    output: results/synth/regime=easy/d=10/num_cycles=3/density=0.8/samp_size=50/seed=0/method=lacerda/model.pkl
    jobid: 222
    reason: Missing output files: results/synth/regime=easy/d=10/num_cycles=3/density=0.8/samp_size=50/seed=0/method=lacerda/model.pkl; Input files updated by another job: results/synth/regime=easy/d=10/num_cycles=3/density=0.8/samp_size=50/seed=0/dataset.npz
    wildcards: regime=easy, d=10, num_cycles=3, density=0.8, samp_size=50, seed=0, method=lacerda
    resources: tmpdir=/tmp
[Wed Apr 29 22:32:51 2026]
Finished jobid: 66 (Rule: synth_generate)
175 of 328 steps (53%) done
[Wed Apr 29 22:32:51 2026]
Finished jobid: 193 (Rule: synth_generate)
176 of 328 steps (54%) done
Select jobs to execute...
Execute 2 jobs...
[Wed Apr 29 22:32:51 2026]
localrule synth_fit:
    input: results/synth/regime=easy/d=10/num_cycles=5/density=0.8/samp_size=1000/seed=0/dataset.npz
    output: results/synth/regime=easy/d=10/num_cycles=5/density=0.8/samp_size=1000/seed=0/method=lacerda/model.pkl
    jobid: 321
    reason: Missing output files: results/synth/regime=easy/d=10/num_cycles=5/density=0.8/samp_size=1000/seed=0/method=lacerda/model.pkl; Input files updated by another job: results/synth/regime=easy/d=10/num_cycles=5/density=0.8/samp_size=1000/seed=0/dataset.npz
    wildcards: regime=easy, d=10, num_cycles=5, density=0.8, samp_size=1000, seed=0, method=lacerda
    resources: tmpdir=/tmp
[Wed Apr 29 22:32:51 2026]
localrule synth_fit:
    input: results/synth/regime=easy/d=10/num_cycles=4/density=0.8/samp_size=100/seed=0/dataset.npz
    output: results/synth/regime=easy/d=10/num_cycles=4/density=0.8/samp_size=100/seed=0/method=lacerda/model.pkl
    jobid: 267
    reason: Missing output files: results/synth/regime=easy/d=10/num_cycles=4/density=0.8/samp_size=100/seed=0/method=lacerda/model.pkl; Input files updated by another job: results/synth/regime=easy/d=10/num_cycles=4/density=0.8/samp_size=100/seed=0/dataset.npz
    wildcards: regime=easy, d=10, num_cycles=4, density=0.8, samp_size=100, seed=0, method=lacerda
    resources: tmpdir=/tmp
[Wed Apr 29 22:32:51 2026]
Finished jobid: 256 (Rule: synth_evaluate)
177 of 328 steps (54%) done
Select jobs to execute...
Execute 1 jobs...
[Wed Apr 29 22:32:51 2026]
localrule synth_evaluate:
    input: results/synth/regime=easy/d=10/num_cycles=4/density=0.5/samp_size=1000/seed=1/dataset.npz, results/synth/regime=easy/d=10/num_cycles=4/density=0.5/samp_size=1000/seed=1/method=lacerda/model.pkl
    output: results/synth/regime=easy/d=10/num_cycles=4/density=0.5/samp_size=1000/seed=1/method=lacerda/metrics.csv
    jobid: 177
    reason: Missing output files: results/synth/regime=easy/d=10/num_cycles=4/density=0.5/samp_size=1000/seed=1/method=lacerda/metrics.csv; Input files updated by another job: results/synth/regime=easy/d=10/num_cycles=4/density=0.5/samp_size=1000/seed=1/dataset.npz, results/synth/regime=easy/d=10/num_cycles=4/density=0.5/samp_size=1000/seed=1/method=lacerda/model.pkl
    wildcards: regime=easy, d=10, num_cycles=4, density=0.5, samp_size=1000, seed=1, method=lacerda
    resources: tmpdir=/tmp
Select jobs to execute...
[Wed Apr 29 22:32:51 2026]
Finished jobid: 301 (Rule: synth_evaluate)
178 of 328 steps (54%) done
Execute 1 jobs...
[Wed Apr 29 22:32:51 2026]
localrule synth_evaluate:
    input: results/synth/regime=easy/d=10/num_cycles=3/density=0.5/samp_size=500/seed=1/dataset.npz, results/synth/regime=easy/d=10/num_cycles=3/density=0.5/samp_size=500/seed=1/method=lacerda/model.pkl
    output: results/synth/regime=easy/d=10/num_cycles=3/density=0.5/samp_size=500/seed=1/method=lacerda/metrics.csv
    jobid: 132
    reason: Missing output files: results/synth/regime=easy/d=10/num_cycles=3/density=0.5/samp_size=500/seed=1/method=lacerda/metrics.csv; Input files updated by another job: results/synth/regime=easy/d=10/num_cycles=3/density=0.5/samp_size=500/seed=1/dataset.npz, results/synth/regime=easy/d=10/num_cycles=3/density=0.5/samp_size=500/seed=1/method=lacerda/model.pkl
    wildcards: regime=easy, d=10, num_cycles=3, density=0.5, samp_size=500, seed=1, method=lacerda
    resources: tmpdir=/tmp
Select jobs to execute...
[Wed Apr 29 22:32:51 2026]
Finished jobid: 309 (Rule: synth_fit)
179 of 328 steps (55%) done
Execute 1 jobs...
[Wed Apr 29 22:32:51 2026]
localrule synth_fit:
    input: results/synth/regime=easy/d=10/num_cycles=5/density=0.5/samp_size=100/seed=0/dataset.npz
    output: results/synth/regime=easy/d=10/num_cycles=5/density=0.5/samp_size=100/seed=0/method=lacerda/model.pkl
    jobid: 194
    reason: Missing output files: results/synth/regime=easy/d=10/num_cycles=5/density=0.5/samp_size=100/seed=0/method=lacerda/model.pkl; Input files updated by another job: results/synth/regime=easy/d=10/num_cycles=5/density=0.5/samp_size=100/seed=0/dataset.npz
    wildcards: regime=easy, d=10, num_cycles=5, density=0.5, samp_size=100, seed=0, method=lacerda
    resources: tmpdir=/tmp
[Wed Apr 29 22:32:51 2026]
Finished jobid: 21 (Rule: synth_generate)
180 of 328 steps (55%) done
Select jobs to execute...
Execute 1 jobs...
[Wed Apr 29 22:32:51 2026]
localrule synth_fit:
    input: results/synth/regime=easy/d=10/num_cycles=4/density=0.3/samp_size=1000/seed=0/dataset.npz
    output: results/synth/regime=easy/d=10/num_cycles=4/density=0.3/samp_size=1000/seed=0/method=lacerda/model.pkl
    jobid: 67
    reason: Missing output files: results/synth/regime=easy/d=10/num_cycles=4/density=0.3/samp_size=1000/seed=0/method=lacerda/model.pkl; Input files updated by another job: results/synth/regime=easy/d=10/num_cycles=4/density=0.3/samp_size=1000/seed=0/dataset.npz
    wildcards: regime=easy, d=10, num_cycles=4, density=0.3, samp_size=1000, seed=0, method=lacerda
    resources: tmpdir=/tmp
Select jobs to execute...
[Wed Apr 29 22:32:51 2026]
Finished jobid: 201 (Rule: synth_evaluate)
181 of 328 steps (55%) done
Execute 1 jobs...
[Wed Apr 29 22:32:51 2026]
localrule synth_fit:
    input: results/synth/regime=easy/d=10/num_cycles=3/density=0.3/samp_size=100/seed=2/dataset.npz
    output: results/synth/regime=easy/d=10/num_cycles=3/density=0.3/samp_size=100/seed=2/method=lacerda/model.pkl
    jobid: 19
    reason: Missing output files: results/synth/regime=easy/d=10/num_cycles=3/density=0.3/samp_size=100/seed=2/method=lacerda/model.pkl; Input files updated by another job: results/synth/regime=easy/d=10/num_cycles=3/density=0.3/samp_size=100/seed=2/dataset.npz
    wildcards: regime=easy, d=10, num_cycles=3, density=0.3, samp_size=100, seed=2, method=lacerda
    resources: tmpdir=/tmp
[Wed Apr 29 22:32:51 2026]
Finished jobid: 111 (Rule: synth_evaluate)
182 of 328 steps (55%) done
Select jobs to execute...
Execute 1 jobs...
[Wed Apr 29 22:32:51 2026]
localrule synth_fit:
    input: results/synth/regime=easy/d=10/num_cycles=4/density=0.5/samp_size=50/seed=0/dataset.npz
    output: results/synth/regime=easy/d=10/num_cycles=4/density=0.5/samp_size=50/seed=0/method=lacerda/model.pkl
    jobid: 149
    reason: Missing output files: results/synth/regime=easy/d=10/num_cycles=4/density=0.5/samp_size=50/seed=0/method=lacerda/model.pkl; Input files updated by another job: results/synth/regime=easy/d=10/num_cycles=4/density=0.5/samp_size=50/seed=0/dataset.npz
    wildcards: regime=easy, d=10, num_cycles=4, density=0.5, samp_size=50, seed=0, method=lacerda
    resources: tmpdir=/tmp
Select jobs to execute...
[Wed Apr 29 22:32:51 2026]
Finished jobid: 322 (Rule: synth_evaluate)
183 of 328 steps (56%) done
Execute 1 jobs...
[Wed Apr 29 22:32:51 2026]
localrule synth_evaluate:
    input: results/synth/regime=easy/d=10/num_cycles=5/density=0.3/samp_size=50/seed=0/dataset.npz, results/synth/regime=easy/d=10/num_cycles=5/density=0.3/samp_size=50/seed=0/method=lacerda/model.pkl
    output: results/synth/regime=easy/d=10/num_cycles=5/density=0.3/samp_size=50/seed=0/method=lacerda/metrics.csv
    jobid: 74
    reason: Missing output files: results/synth/regime=easy/d=10/num_cycles=5/density=0.3/samp_size=50/seed=0/method=lacerda/metrics.csv; Input files updated by another job: results/synth/regime=easy/d=10/num_cycles=5/density=0.3/samp_size=50/seed=0/dataset.npz, results/synth/regime=easy/d=10/num_cycles=5/density=0.3/samp_size=50/seed=0/method=lacerda/model.pkl
    wildcards: regime=easy, d=10, num_cycles=5, density=0.3, samp_size=50, seed=0, method=lacerda
    resources: tmpdir=/tmp
Select jobs to execute...
[Wed Apr 29 22:32:51 2026]
Finished jobid: 10 (Rule: synth_fit)
184 of 328 steps (56%) done
Execute 1 jobs...
[Wed Apr 29 22:32:51 2026]
localrule synth_evaluate:
    input: results/synth/regime=easy/d=10/num_cycles=3/density=0.3/samp_size=50/seed=2/dataset.npz, results/synth/regime=easy/d=10/num_cycles=3/density=0.3/samp_size=50/seed=2/method=lacerda/model.pkl
    output: results/synth/regime=easy/d=10/num_cycles=3/density=0.3/samp_size=50/seed=2/method=lacerda/metrics.csv
    jobid: 8
    reason: Missing output files: results/synth/regime=easy/d=10/num_cycles=3/density=0.3/samp_size=50/seed=2/method=lacerda/metrics.csv; Input files updated by another job: results/synth/regime=easy/d=10/num_cycles=3/density=0.3/samp_size=50/seed=2/dataset.npz, results/synth/regime=easy/d=10/num_cycles=3/density=0.3/samp_size=50/seed=2/method=lacerda/model.pkl
    wildcards: regime=easy, d=10, num_cycles=3, density=0.3, samp_size=50, seed=2, method=lacerda
    resources: tmpdir=/tmp
Select jobs to execute...
[Wed Apr 29 22:32:51 2026]
Finished jobid: 115 (Rule: synth_generate)
185 of 328 steps (56%) done
Execute 1 jobs...
[Wed Apr 29 22:32:51 2026]
localrule synth_fit:
    input: results/synth/regime=easy/d=10/num_cycles=3/density=0.3/samp_size=500/seed=0/dataset.npz
    output: results/synth/regime=easy/d=10/num_cycles=3/density=0.3/samp_size=500/seed=0/method=lacerda/model.pkl
    jobid: 22
    reason: Missing output files: results/synth/regime=easy/d=10/num_cycles=3/density=0.3/samp_size=500/seed=0/method=lacerda/model.pkl; Input files updated by another job: results/synth/regime=easy/d=10/num_cycles=3/density=0.3/samp_size=500/seed=0/dataset.npz
    wildcards: regime=easy, d=10, num_cycles=3, density=0.3, samp_size=500, seed=0, method=lacerda
    resources: tmpdir=/tmp
[Wed Apr 29 22:32:51 2026]
Finished jobid: 277 (Rule: synth_evaluate)
186 of 328 steps (57%) done
Select jobs to execute...
Execute 1 jobs...
[Wed Apr 29 22:32:51 2026]
localrule synth_generate:
    output: results/synth/regime=easy/d=10/num_cycles=5/density=0.3/samp_size=1000/seed=0/dataset.npz
    jobid: 102
    reason: Missing output files: results/synth/regime=easy/d=10/num_cycles=5/density=0.3/samp_size=1000/seed=0/dataset.npz
    wildcards: regime=easy, d=10, num_cycles=5, density=0.3, samp_size=1000, seed=0
    resources: tmpdir=/tmp
Select jobs to execute...
[Wed Apr 29 22:32:52 2026]
Finished jobid: 242 (Rule: synth_generate)
187 of 328 steps (57%) done
Execute 1 jobs...
[Wed Apr 29 22:32:52 2026]
localrule synth_evaluate:
    input: results/synth/regime=easy/d=10/num_cycles=3/density=0.8/samp_size=500/seed=0/dataset.npz, results/synth/regime=easy/d=10/num_cycles=3/density=0.8/samp_size=500/seed=0/method=lacerda/model.pkl
    output: results/synth/regime=easy/d=10/num_cycles=3/density=0.8/samp_size=500/seed=0/method=lacerda/metrics.csv
    jobid: 238
    reason: Missing output files: results/synth/regime=easy/d=10/num_cycles=3/density=0.8/samp_size=500/seed=0/method=lacerda/metrics.csv; Input files updated by another job: results/synth/regime=easy/d=10/num_cycles=3/density=0.8/samp_size=500/seed=0/method=lacerda/model.pkl, results/synth/regime=easy/d=10/num_cycles=3/density=0.8/samp_size=500/seed=0/dataset.npz
    wildcards: regime=easy, d=10, num_cycles=3, density=0.8, samp_size=500, seed=0, method=lacerda
    resources: tmpdir=/tmp
[Wed Apr 29 22:32:52 2026]
Finished jobid: 205 (Rule: synth_generate)
188 of 328 steps (57%) done
Select jobs to execute...
Execute 1 jobs...
[Wed Apr 29 22:32:52 2026]
localrule synth_evaluate:
    input: results/synth/regime=easy/d=10/num_cycles=5/density=0.3/samp_size=100/seed=0/dataset.npz, results/synth/regime=easy/d=10/num_cycles=5/density=0.3/samp_size=100/seed=0/method=lacerda/model.pkl
    output: results/synth/regime=easy/d=10/num_cycles=5/density=0.3/samp_size=100/seed=0/method=lacerda/metrics.csv
    jobid: 83
    reason: Missing output files: results/synth/regime=easy/d=10/num_cycles=5/density=0.3/samp_size=100/seed=0/method=lacerda/metrics.csv; Input files updated by another job: results/synth/regime=easy/d=10/num_cycles=5/density=0.3/samp_size=100/seed=0/dataset.npz, results/synth/regime=easy/d=10/num_cycles=5/density=0.3/samp_size=100/seed=0/method=lacerda/model.pkl
    wildcards: regime=easy, d=10, num_cycles=5, density=0.3, samp_size=100, seed=0, method=lacerda
    resources: tmpdir=/tmp
Select jobs to execute...
[Wed Apr 29 22:32:52 2026]
Finished jobid: 55 (Rule: synth_fit)
189 of 328 steps (58%) done
Execute 1 jobs...
[Wed Apr 29 22:32:52 2026]
localrule synth_evaluate:
    input: results/synth/regime=easy/d=10/num_cycles=4/density=0.3/samp_size=100/seed=2/dataset.npz, results/synth/regime=easy/d=10/num_cycles=4/density=0.3/samp_size=100/seed=2/method=lacerda/model.pkl
    output: results/synth/regime=easy/d=10/num_cycles=4/density=0.3/samp_size=100/seed=2/method=lacerda/metrics.csv
    jobid: 53
    reason: Missing output files: results/synth/regime=easy/d=10/num_cycles=4/density=0.3/samp_size=100/seed=2/method=lacerda/metrics.csv; Input files updated by another job: results/synth/regime=easy/d=10/num_cycles=4/density=0.3/samp_size=100/seed=2/method=lacerda/model.pkl, results/synth/regime=easy/d=10/num_cycles=4/density=0.3/samp_size=100/seed=2/dataset.npz
    wildcards: regime=easy, d=10, num_cycles=4, density=0.3, samp_size=100, seed=2, method=lacerda
    resources: tmpdir=/tmp
[Wed Apr 29 22:32:52 2026]
Finished jobid: 137 (Rule: synth_fit)
190 of 328 steps (58%) done
Select jobs to execute...
Execute 1 jobs...
[Wed Apr 29 22:32:52 2026]
localrule synth_evaluate:
    input: results/synth/regime=easy/d=10/num_cycles=3/density=0.5/samp_size=500/seed=2/dataset.npz, results/synth/regime=easy/d=10/num_cycles=3/density=0.5/samp_size=500/seed=2/method=lacerda/model.pkl
    output: results/synth/regime=easy/d=10/num_cycles=3/density=0.5/samp_size=500/seed=2/method=lacerda/metrics.csv
    jobid: 135
    reason: Missing output files: results/synth/regime=easy/d=10/num_cycles=3/density=0.5/samp_size=500/seed=2/method=lacerda/metrics.csv; Input files updated by another job: results/synth/regime=easy/d=10/num_cycles=3/density=0.5/samp_size=500/seed=2/dataset.npz, results/synth/regime=easy/d=10/num_cycles=3/density=0.5/samp_size=500/seed=2/method=lacerda/model.pkl
    wildcards: regime=easy, d=10, num_cycles=3, density=0.5, samp_size=500, seed=2, method=lacerda
    resources: tmpdir=/tmp
Select jobs to execute...
[Wed Apr 29 22:32:52 2026]
Finished jobid: 325 (Rule: synth_evaluate)
191 of 328 steps (58%) done
Execute 1 jobs...
[Wed Apr 29 22:32:52 2026]
localrule synth_generate:
    output: results/synth/regime=easy/d=10/num_cycles=3/density=0.5/samp_size=1000/seed=1/dataset.npz
    jobid: 142
    reason: Missing output files: results/synth/regime=easy/d=10/num_cycles=3/density=0.5/samp_size=1000/seed=1/dataset.npz
    wildcards: regime=easy, d=10, num_cycles=3, density=0.5, samp_size=1000, seed=1
    resources: tmpdir=/tmp
Select jobs to execute...
[Wed Apr 29 22:32:52 2026]
Finished jobid: 41 (Rule: synth_evaluate)
192 of 328 steps (59%) done
Execute 1 jobs...
[Wed Apr 29 22:32:52 2026]
localrule synth_evaluate:
    input: results/synth/regime=easy/d=10/num_cycles=3/density=0.5/samp_size=1000/seed=2/dataset.npz, results/synth/regime=easy/d=10/num_cycles=3/density=0.5/samp_size=1000/seed=2/method=lacerda/model.pkl
    output: results/synth/regime=easy/d=10/num_cycles=3/density=0.5/samp_size=1000/seed=2/method=lacerda/metrics.csv
    jobid: 144
    reason: Missing output files: results/synth/regime=easy/d=10/num_cycles=3/density=0.5/samp_size=1000/seed=2/method=lacerda/metrics.csv; Input files updated by another job: results/synth/regime=easy/d=10/num_cycles=3/density=0.5/samp_size=1000/seed=2/dataset.npz, results/synth/regime=easy/d=10/num_cycles=3/density=0.5/samp_size=1000/seed=2/method=lacerda/model.pkl
    wildcards: regime=easy, d=10, num_cycles=3, density=0.5, samp_size=1000, seed=2, method=lacerda
    resources: tmpdir=/tmp
Select jobs to execute...
[Wed Apr 29 22:32:52 2026]
Finished jobid: 86 (Rule: synth_evaluate)
193 of 328 steps (59%) done
Execute 1 jobs...
[Wed Apr 29 22:32:52 2026]
localrule synth_fit:
    input: results/synth/regime=easy/d=10/num_cycles=5/density=0.3/samp_size=50/seed=1/dataset.npz
    output: results/synth/regime=easy/d=10/num_cycles=5/density=0.3/samp_size=50/seed=1/method=lacerda/model.pkl
    jobid: 79
    reason: Missing output files: results/synth/regime=easy/d=10/num_cycles=5/density=0.3/samp_size=50/seed=1/method=lacerda/model.pkl; Input files updated by another job: results/synth/regime=easy/d=10/num_cycles=5/density=0.3/samp_size=50/seed=1/dataset.npz
    wildcards: regime=easy, d=10, num_cycles=5, density=0.3, samp_size=50, seed=1, method=lacerda
    resources: tmpdir=/tmp
Select jobs to execute...
[Wed Apr 29 22:32:52 2026]
Finished jobid: 285 (Rule: synth_fit)
194 of 328 steps (59%) done
Execute 1 jobs...
[Wed Apr 29 22:32:52 2026]
localrule synth_fit:
    input: results/synth/regime=easy/d=10/num_cycles=3/density=0.5/samp_size=50/seed=1/dataset.npz
    output: results/synth/regime=easy/d=10/num_cycles=3/density=0.5/samp_size=50/seed=1/method=lacerda/model.pkl
    jobid: 116
    reason: Missing output files: results/synth/regime=easy/d=10/num_cycles=3/density=0.5/samp_size=50/seed=1/method=lacerda/model.pkl; Input files updated by another job: results/synth/regime=easy/d=10/num_cycles=3/density=0.5/samp_size=50/seed=1/dataset.npz
    wildcards: regime=easy, d=10, num_cycles=3, density=0.5, samp_size=50, seed=1, method=lacerda
    resources: tmpdir=/tmp
Select jobs to execute...
[Wed Apr 29 22:32:52 2026]
Finished jobid: 160 (Rule: synth_generate)
195 of 328 steps (59%) done
Execute 1 jobs...
[Wed Apr 29 22:32:52 2026]
localrule synth_fit:
    input: results/synth/regime=easy/d=10/num_cycles=3/density=0.8/samp_size=500/seed=1/dataset.npz
    output: results/synth/regime=easy/d=10/num_cycles=3/density=0.8/samp_size=500/seed=1/method=lacerda/model.pkl
    jobid: 243
    reason: Missing output files: results/synth/regime=easy/d=10/num_cycles=3/density=0.8/samp_size=500/seed=1/method=lacerda/model.pkl; Input files updated by another job: results/synth/regime=easy/d=10/num_cycles=3/density=0.8/samp_size=500/seed=1/dataset.npz
    wildcards: regime=easy, d=10, num_cycles=3, density=0.8, samp_size=500, seed=1, method=lacerda
    resources: tmpdir=/tmp
[Wed Apr 29 22:32:52 2026]
Finished jobid: 33 (Rule: synth_generate)
196 of 328 steps (60%) done
Select jobs to execute...
Execute 1 jobs...
[Wed Apr 29 22:32:52 2026]
localrule synth_evaluate:
    input: results/synth/regime=easy/d=10/num_cycles=4/density=0.8/samp_size=1000/seed=0/dataset.npz, results/synth/regime=easy/d=10/num_cycles=4/density=0.8/samp_size=1000/seed=0/method=lacerda/model.pkl
    output: results/synth/regime=easy/d=10/num_cycles=4/density=0.8/samp_size=1000/seed=0/method=lacerda/metrics.csv
    jobid: 283
    reason: Missing output files: results/synth/regime=easy/d=10/num_cycles=4/density=0.8/samp_size=1000/seed=0/method=lacerda/metrics.csv; Input files updated by another job: results/synth/regime=easy/d=10/num_cycles=4/density=0.8/samp_size=1000/seed=0/dataset.npz, results/synth/regime=easy/d=10/num_cycles=4/density=0.8/samp_size=1000/seed=0/method=lacerda/model.pkl
    wildcards: regime=easy, d=10, num_cycles=4, density=0.8, samp_size=1000, seed=0, method=lacerda
    resources: tmpdir=/tmp
Select jobs to execute...
[Wed Apr 29 22:32:52 2026]
Finished jobid: 158 (Rule: synth_fit)
197 of 328 steps (60%) done
Execute 1 jobs...
[Wed Apr 29 22:32:52 2026]
localrule synth_fit:
    input: results/synth/regime=easy/d=10/num_cycles=5/density=0.5/samp_size=500/seed=1/dataset.npz
    output: results/synth/regime=easy/d=10/num_cycles=5/density=0.5/samp_size=500/seed=1/method=lacerda/model.pkl
    jobid: 206
    reason: Missing output files: results/synth/regime=easy/d=10/num_cycles=5/density=0.5/samp_size=500/seed=1/method=lacerda/model.pkl; Input files updated by another job: results/synth/regime=easy/d=10/num_cycles=5/density=0.5/samp_size=500/seed=1/dataset.npz
    wildcards: regime=easy, d=10, num_cycles=5, density=0.5, samp_size=500, seed=1, method=lacerda
    resources: tmpdir=/tmp
[Wed Apr 29 22:32:52 2026]
Finished jobid: 180 (Rule: synth_evaluate)
198 of 328 steps (60%) done
Select jobs to execute...
Execute 1 jobs...
[Wed Apr 29 22:32:52 2026]
localrule synth_fit:
    input: results/synth/regime=easy/d=10/num_cycles=4/density=0.5/samp_size=100/seed=1/dataset.npz
    output: results/synth/regime=easy/d=10/num_cycles=4/density=0.5/samp_size=100/seed=1/method=lacerda/model.pkl
    jobid: 161
    reason: Missing output files: results/synth/regime=easy/d=10/num_cycles=4/density=0.5/samp_size=100/seed=1/method=lacerda/model.pkl; Input files updated by another job: results/synth/regime=easy/d=10/num_cycles=4/density=0.5/samp_size=100/seed=1/dataset.npz
    wildcards: regime=easy, d=10, num_cycles=4, density=0.5, samp_size=100, seed=1, method=lacerda
    resources: tmpdir=/tmp
Select jobs to execute...
[Wed Apr 29 22:32:52 2026]
Finished jobid: 31 (Rule: synth_fit)
199 of 328 steps (61%) done
Execute 1 jobs...
[Wed Apr 29 22:32:52 2026]
localrule synth_evaluate:
    input: results/synth/regime=easy/d=10/num_cycles=4/density=0.5/samp_size=100/seed=0/dataset.npz, results/synth/regime=easy/d=10/num_cycles=4/density=0.5/samp_size=100/seed=0/method=lacerda/model.pkl
    output: results/synth/regime=easy/d=10/num_cycles=4/density=0.5/samp_size=100/seed=0/method=lacerda/metrics.csv
    jobid: 156
    reason: Missing output files: results/synth/regime=easy/d=10/num_cycles=4/density=0.5/samp_size=100/seed=0/method=lacerda/metrics.csv; Input files updated by another job: results/synth/regime=easy/d=10/num_cycles=4/density=0.5/samp_size=100/seed=0/dataset.npz, results/synth/regime=easy/d=10/num_cycles=4/density=0.5/samp_size=100/seed=0/method=lacerda/model.pkl
    wildcards: regime=easy, d=10, num_cycles=4, density=0.5, samp_size=100, seed=0, method=lacerda
    resources: tmpdir=/tmp
Select jobs to execute...
[Wed Apr 29 22:32:52 2026]
Finished jobid: 259 (Rule: synth_evaluate)
200 of 328 steps (61%) done
Execute 1 jobs...
[Wed Apr 29 22:32:52 2026]
localrule synth_evaluate:
    input: results/synth/regime=easy/d=10/num_cycles=3/density=0.3/samp_size=1000/seed=0/dataset.npz, results/synth/regime=easy/d=10/num_cycles=3/density=0.3/samp_size=1000/seed=0/method=lacerda/model.pkl
    output: results/synth/regime=easy/d=10/num_cycles=3/density=0.3/samp_size=1000/seed=0/method=lacerda/metrics.csv
    jobid: 29
    reason: Missing output files: results/synth/regime=easy/d=10/num_cycles=3/density=0.3/samp_size=1000/seed=0/method=lacerda/metrics.csv; Input files updated by another job: results/synth/regime=easy/d=10/num_cycles=3/density=0.3/samp_size=1000/seed=0/dataset.npz, results/synth/regime=easy/d=10/num_cycles=3/density=0.3/samp_size=1000/seed=0/method=lacerda/model.pkl
    wildcards: regime=easy, d=10, num_cycles=3, density=0.3, samp_size=1000, seed=0, method=lacerda
    resources: tmpdir=/tmp
[Wed Apr 29 22:32:52 2026]
Finished jobid: 58 (Rule: synth_fit)
201 of 328 steps (61%) done
Select jobs to execute...
Execute 1 jobs...
[Wed Apr 29 22:32:52 2026]
localrule synth_evaluate:
    input: results/synth/regime=easy/d=10/num_cycles=4/density=0.3/samp_size=500/seed=0/dataset.npz, results/synth/regime=easy/d=10/num_cycles=4/density=0.3/samp_size=500/seed=0/method=lacerda/model.pkl
    output: results/synth/regime=easy/d=10/num_cycles=4/density=0.3/samp_size=500/seed=0/method=lacerda/metrics.csv
    jobid: 56
    reason: Missing output files: results/synth/regime=easy/d=10/num_cycles=4/density=0.3/samp_size=500/seed=0/method=lacerda/metrics.csv; Input files updated by another job: results/synth/regime=easy/d=10/num_cycles=4/density=0.3/samp_size=500/seed=0/method=lacerda/model.pkl, results/synth/regime=easy/d=10/num_cycles=4/density=0.3/samp_size=500/seed=0/dataset.npz
    wildcards: regime=easy, d=10, num_cycles=4, density=0.3, samp_size=500, seed=0, method=lacerda
    resources: tmpdir=/tmp
Select jobs to execute...
[Wed Apr 29 22:32:52 2026]
Finished jobid: 231 (Rule: synth_fit)
202 of 328 steps (62%) done
Execute 1 jobs...
[Wed Apr 29 22:32:52 2026]
localrule synth_evaluate:
    input: results/synth/regime=easy/d=10/num_cycles=3/density=0.8/samp_size=100/seed=0/dataset.npz, results/synth/regime=easy/d=10/num_cycles=3/density=0.8/samp_size=100/seed=0/method=lacerda/model.pkl
    output: results/synth/regime=easy/d=10/num_cycles=3/density=0.8/samp_size=100/seed=0/method=lacerda/metrics.csv
    jobid: 229
    reason: Missing output files: results/synth/regime=easy/d=10/num_cycles=3/density=0.8/samp_size=100/seed=0/method=lacerda/metrics.csv; Input files updated by another job: results/synth/regime=easy/d=10/num_cycles=3/density=0.8/samp_size=100/seed=0/method=lacerda/model.pkl, results/synth/regime=easy/d=10/num_cycles=3/density=0.8/samp_size=100/seed=0/dataset.npz
    wildcards: regime=easy, d=10, num_cycles=3, density=0.8, samp_size=100, seed=0, method=lacerda
    resources: tmpdir=/tmp
[Wed Apr 29 22:32:52 2026]
Finished jobid: 304 (Rule: synth_evaluate)
203 of 328 steps (62%) done
Select jobs to execute...
Execute 1 jobs...
[Wed Apr 29 22:32:52 2026]
localrule synth_fit:
    input: results/synth/regime=easy/d=10/num_cycles=3/density=0.3/samp_size=1000/seed=1/dataset.npz
    output: results/synth/regime=easy/d=10/num_cycles=3/density=0.3/samp_size=1000/seed=1/method=lacerda/model.pkl
    jobid: 34
    reason: Missing output files: results/synth/regime=easy/d=10/num_cycles=3/density=0.3/samp_size=1000/seed=1/method=lacerda/model.pkl; Input files updated by another job: results/synth/regime=easy/d=10/num_cycles=3/density=0.3/samp_size=1000/seed=1/dataset.npz
    wildcards: regime=easy, d=10, num_cycles=3, density=0.3, samp_size=1000, seed=1, method=lacerda
    resources: tmpdir=/tmp
Select jobs to execute...
[Wed Apr 29 22:32:52 2026]
Finished jobid: 177 (Rule: synth_evaluate)
204 of 328 steps (62%) done
Execute 1 jobs...
[Wed Apr 29 22:32:52 2026]
localrule synth_generate:
    output: results/synth/regime=easy/d=10/num_cycles=5/density=0.5/samp_size=50/seed=2/dataset.npz
    jobid: 190
    reason: Missing output files: results/synth/regime=easy/d=10/num_cycles=5/density=0.5/samp_size=50/seed=2/dataset.npz
    wildcards: regime=easy, d=10, num_cycles=5, density=0.5, samp_size=50, seed=2
    resources: tmpdir=/tmp
Select jobs to execute...
[Wed Apr 29 22:32:52 2026]
Finished jobid: 276 (Rule: synth_fit)
205 of 328 steps (62%) done
Execute 1 jobs...
[Wed Apr 29 22:32:52 2026]
localrule synth_evaluate:
    input: results/synth/regime=easy/d=10/num_cycles=4/density=0.8/samp_size=500/seed=0/dataset.npz, results/synth/regime=easy/d=10/num_cycles=4/density=0.8/samp_size=500/seed=0/method=lacerda/model.pkl
    output: results/synth/regime=easy/d=10/num_cycles=4/density=0.8/samp_size=500/seed=0/method=lacerda/metrics.csv
    jobid: 274
    reason: Missing output files: results/synth/regime=easy/d=10/num_cycles=4/density=0.8/samp_size=500/seed=0/method=lacerda/metrics.csv; Input files updated by another job: results/synth/regime=easy/d=10/num_cycles=4/density=0.8/samp_size=500/seed=0/dataset.npz, results/synth/regime=easy/d=10/num_cycles=4/density=0.8/samp_size=500/seed=0/method=lacerda/model.pkl
    wildcards: regime=easy, d=10, num_cycles=4, density=0.8, samp_size=500, seed=0, method=lacerda
    resources: tmpdir=/tmp
[Wed Apr 29 22:32:52 2026]
Finished jobid: 13 (Rule: synth_fit)
206 of 328 steps (63%) done
[Wed Apr 29 22:32:52 2026]
Finished jobid: 321 (Rule: synth_fit)
207 of 328 steps (63%) done
Select jobs to execute...
Execute 2 jobs...
[Wed Apr 29 22:32:52 2026]
localrule synth_evaluate:
    input: results/synth/regime=easy/d=10/num_cycles=5/density=0.3/samp_size=1000/seed=2/dataset.npz, results/synth/regime=easy/d=10/num_cycles=5/density=0.3/samp_size=1000/seed=2/method=lacerda/model.pkl
    output: results/synth/regime=easy/d=10/num_cycles=5/density=0.3/samp_size=1000/seed=2/method=lacerda/metrics.csv
    jobid: 107
    reason: Missing output files: results/synth/regime=easy/d=10/num_cycles=5/density=0.3/samp_size=1000/seed=2/method=lacerda/metrics.csv; Input files updated by another job: results/synth/regime=easy/d=10/num_cycles=5/density=0.3/samp_size=1000/seed=2/method=lacerda/model.pkl, results/synth/regime=easy/d=10/num_cycles=5/density=0.3/samp_size=1000/seed=2/dataset.npz
    wildcards: regime=easy, d=10, num_cycles=5, density=0.3, samp_size=1000, seed=2, method=lacerda
    resources: tmpdir=/tmp
[Wed Apr 29 22:32:52 2026]
localrule synth_evaluate:
    input: results/synth/regime=easy/d=10/num_cycles=4/density=0.8/samp_size=1000/seed=1/dataset.npz, results/synth/regime=easy/d=10/num_cycles=4/density=0.8/samp_size=1000/seed=1/method=lacerda/model.pkl
    output: results/synth/regime=easy/d=10/num_cycles=4/density=0.8/samp_size=1000/seed=1/method=lacerda/metrics.csv
    jobid: 286
    reason: Missing output files: results/synth/regime=easy/d=10/num_cycles=4/density=0.8/samp_size=1000/seed=1/method=lacerda/metrics.csv; Input files updated by another job: results/synth/regime=easy/d=10/num_cycles=4/density=0.8/samp_size=1000/seed=1/method=lacerda/model.pkl, results/synth/regime=easy/d=10/num_cycles=4/density=0.8/samp_size=1000/seed=1/dataset.npz
    wildcards: regime=easy, d=10, num_cycles=4, density=0.8, samp_size=1000, seed=1, method=lacerda
    resources: tmpdir=/tmp
[Wed Apr 29 22:32:52 2026]
Finished jobid: 132 (Rule: synth_evaluate)
208 of 328 steps (63%) done
Select jobs to execute...
Execute 1 jobs...
[Wed Apr 29 22:32:52 2026]
localrule synth_evaluate:
    input: results/synth/regime=easy/d=10/num_cycles=5/density=0.8/samp_size=1000/seed=0/dataset.npz, results/synth/regime=easy/d=10/num_cycles=5/density=0.8/samp_size=1000/seed=0/method=lacerda/model.pkl
    output: results/synth/regime=easy/d=10/num_cycles=5/density=0.8/samp_size=1000/seed=0/method=lacerda/metrics.csv
    jobid: 319
    reason: Missing output files: results/synth/regime=easy/d=10/num_cycles=5/density=0.8/samp_size=1000/seed=0/method=lacerda/metrics.csv; Input files updated by another job: results/synth/regime=easy/d=10/num_cycles=5/density=0.8/samp_size=1000/seed=0/method=lacerda/model.pkl, results/synth/regime=easy/d=10/num_cycles=5/density=0.8/samp_size=1000/seed=0/dataset.npz
    wildcards: regime=easy, d=10, num_cycles=5, density=0.8, samp_size=1000, seed=0, method=lacerda
    resources: tmpdir=/tmp
Select jobs to execute...
[Wed Apr 29 22:32:52 2026]
Finished jobid: 267 (Rule: synth_fit)
209 of 328 steps (64%) done
Execute 1 jobs...
[Wed Apr 29 22:32:52 2026]
localrule synth_evaluate:
    input: results/synth/regime=easy/d=10/num_cycles=3/density=0.3/samp_size=100/seed=0/dataset.npz, results/synth/regime=easy/d=10/num_cycles=3/density=0.3/samp_size=100/seed=0/method=lacerda/model.pkl
    output: results/synth/regime=easy/d=10/num_cycles=3/density=0.3/samp_size=100/seed=0/method=lacerda/metrics.csv
    jobid: 11
    reason: Missing output files: results/synth/regime=easy/d=10/num_cycles=3/density=0.3/samp_size=100/seed=0/method=lacerda/metrics.csv; Input files updated by another job: results/synth/regime=easy/d=10/num_cycles=3/density=0.3/samp_size=100/seed=0/dataset.npz, results/synth/regime=easy/d=10/num_cycles=3/density=0.3/samp_size=100/seed=0/method=lacerda/model.pkl
    wildcards: regime=easy, d=10, num_cycles=3, density=0.3, samp_size=100, seed=0, method=lacerda
    resources: tmpdir=/tmp
Select jobs to execute...
[Wed Apr 29 22:32:52 2026]
Finished jobid: 194 (Rule: synth_fit)
210 of 328 steps (64%) done
Execute 1 jobs...
[Wed Apr 29 22:32:52 2026]
localrule synth_generate:
    output: results/synth/regime=easy/d=10/num_cycles=4/density=0.3/samp_size=500/seed=2/dataset.npz
    jobid: 63
    reason: Missing output files: results/synth/regime=easy/d=10/num_cycles=4/density=0.3/samp_size=500/seed=2/dataset.npz
    wildcards: regime=easy, d=10, num_cycles=4, density=0.3, samp_size=500, seed=2
    resources: tmpdir=/tmp
[Wed Apr 29 22:32:52 2026]
Finished jobid: 67 (Rule: synth_fit)
211 of 328 steps (64%) done
Select jobs to execute...
Execute 1 jobs...
[Wed Apr 29 22:32:52 2026]
localrule synth_evaluate:
    input: results/synth/regime=easy/d=10/num_cycles=5/density=0.3/samp_size=500/seed=1/dataset.npz, results/synth/regime=easy/d=10/num_cycles=5/density=0.3/samp_size=500/seed=1/method=lacerda/model.pkl
    output: results/synth/regime=easy/d=10/num_cycles=5/density=0.3/samp_size=500/seed=1/method=lacerda/metrics.csv
    jobid: 95
    reason: Missing output files: results/synth/regime=easy/d=10/num_cycles=5/density=0.3/samp_size=500/seed=1/method=lacerda/metrics.csv; Input files updated by another job: results/synth/regime=easy/d=10/num_cycles=5/density=0.3/samp_size=500/seed=1/dataset.npz, results/synth/regime=easy/d=10/num_cycles=5/density=0.3/samp_size=500/seed=1/method=lacerda/model.pkl
    wildcards: regime=easy, d=10, num_cycles=5, density=0.3, samp_size=500, seed=1, method=lacerda
    resources: tmpdir=/tmp
Select jobs to execute...
[Wed Apr 29 22:32:52 2026]
Finished jobid: 149 (Rule: synth_fit)
212 of 328 steps (65%) done
Execute 1 jobs...
[Wed Apr 29 22:32:52 2026]
localrule synth_evaluate:
    input: results/synth/regime=easy/d=10/num_cycles=5/density=0.5/samp_size=1000/seed=2/dataset.npz, results/synth/regime=easy/d=10/num_cycles=5/density=0.5/samp_size=1000/seed=2/method=lacerda/model.pkl
    output: results/synth/regime=easy/d=10/num_cycles=5/density=0.5/samp_size=1000/seed=2/method=lacerda/metrics.csv
    jobid: 216
    reason: Missing output files: results/synth/regime=easy/d=10/num_cycles=5/density=0.5/samp_size=1000/seed=2/method=lacerda/metrics.csv; Input files updated by another job: results/synth/regime=easy/d=10/num_cycles=5/density=0.5/samp_size=1000/seed=2/dataset.npz, results/synth/regime=easy/d=10/num_cycles=5/density=0.5/samp_size=1000/seed=2/method=lacerda/model.pkl
    wildcards: regime=easy, d=10, num_cycles=5, density=0.5, samp_size=1000, seed=2, method=lacerda
    resources: tmpdir=/tmp
Select jobs to execute...
[Wed Apr 29 22:32:52 2026]
Finished jobid: 102 (Rule: synth_generate)
213 of 328 steps (65%) done
Execute 1 jobs...
[Wed Apr 29 22:32:52 2026]
localrule synth_evaluate:
    input: results/synth/regime=easy/d=10/num_cycles=4/density=0.5/samp_size=100/seed=2/dataset.npz, results/synth/regime=easy/d=10/num_cycles=4/density=0.5/samp_size=100/seed=2/method=lacerda/model.pkl
    output: results/synth/regime=easy/d=10/num_cycles=4/density=0.5/samp_size=100/seed=2/method=lacerda/metrics.csv
    jobid: 162
    reason: Missing output files: results/synth/regime=easy/d=10/num_cycles=4/density=0.5/samp_size=100/seed=2/method=lacerda/metrics.csv; Input files updated by another job: results/synth/regime=easy/d=10/num_cycles=4/density=0.5/samp_size=100/seed=2/dataset.npz, results/synth/regime=easy/d=10/num_cycles=4/density=0.5/samp_size=100/seed=2/method=lacerda/model.pkl
    wildcards: regime=easy, d=10, num_cycles=4, density=0.5, samp_size=100, seed=2, method=lacerda
    resources: tmpdir=/tmp
Select jobs to execute...
[Wed Apr 29 22:32:53 2026]
Finished jobid: 8 (Rule: synth_evaluate)
214 of 328 steps (65%) done
Execute 1 jobs...
[Wed Apr 29 22:32:53 2026]
localrule synth_evaluate:
    input: results/synth/regime=easy/d=10/num_cycles=4/density=0.8/samp_size=100/seed=2/dataset.npz, results/synth/regime=easy/d=10/num_cycles=4/density=0.8/samp_size=100/seed=2/method=lacerda/model.pkl
    output: results/synth/regime=easy/d=10/num_cycles=4/density=0.8/samp_size=100/seed=2/method=lacerda/metrics.csv
    jobid: 271
    reason: Missing output files: results/synth/regime=easy/d=10/num_cycles=4/density=0.8/samp_size=100/seed=2/method=lacerda/metrics.csv; Input files updated by another job: results/synth/regime=easy/d=10/num_cycles=4/density=0.8/samp_size=100/seed=2/dataset.npz, results/synth/regime=easy/d=10/num_cycles=4/density=0.8/samp_size=100/seed=2/method=lacerda/model.pkl
    wildcards: regime=easy, d=10, num_cycles=4, density=0.8, samp_size=100, seed=2, method=lacerda
    resources: tmpdir=/tmp
[Wed Apr 29 22:32:53 2026]
Finished jobid: 74 (Rule: synth_evaluate)
215 of 328 steps (66%) done
Select jobs to execute...
Execute 1 jobs...
[Wed Apr 29 22:32:53 2026]
localrule synth_evaluate:
    input: results/synth/regime=easy/d=10/num_cycles=5/density=0.8/samp_size=100/seed=2/dataset.npz, results/synth/regime=easy/d=10/num_cycles=5/density=0.8/samp_size=100/seed=2/method=lacerda/model.pkl
    output: results/synth/regime=easy/d=10/num_cycles=5/density=0.8/samp_size=100/seed=2/method=lacerda/metrics.csv
    jobid: 307
    reason: Missing output files: results/synth/regime=easy/d=10/num_cycles=5/density=0.8/samp_size=100/seed=2/method=lacerda/metrics.csv; Input files updated by another job: results/synth/regime=easy/d=10/num_cycles=5/density=0.8/samp_size=100/seed=2/method=lacerda/model.pkl, results/synth/regime=easy/d=10/num_cycles=5/density=0.8/samp_size=100/seed=2/dataset.npz
    wildcards: regime=easy, d=10, num_cycles=5, density=0.8, samp_size=100, seed=2, method=lacerda
    resources: tmpdir=/tmp
Select jobs to execute...
[Wed Apr 29 22:32:53 2026]
Finished jobid: 22 (Rule: synth_fit)
216 of 328 steps (66%) done
Execute 1 jobs...
[Wed Apr 29 22:32:53 2026]
localrule synth_fit:
    input: results/synth/regime=easy/d=10/num_cycles=4/density=0.8/samp_size=500/seed=2/dataset.npz
    output: results/synth/regime=easy/d=10/num_cycles=4/density=0.8/samp_size=500/seed=2/method=lacerda/model.pkl
    jobid: 282
    reason: Missing output files: results/synth/regime=easy/d=10/num_cycles=4/density=0.8/samp_size=500/seed=2/method=lacerda/model.pkl; Input files updated by another job: results/synth/regime=easy/d=10/num_cycles=4/density=0.8/samp_size=500/seed=2/dataset.npz
    wildcards: regime=easy, d=10, num_cycles=4, density=0.8, samp_size=500, seed=2, method=lacerda
    resources: tmpdir=/tmp
Select jobs to execute...
[Wed Apr 29 22:32:53 2026]
Finished jobid: 83 (Rule: synth_evaluate)
217 of 328 steps (66%) done
Execute 1 jobs...
[Wed Apr 29 22:32:53 2026]
localrule synth_evaluate:
    input: results/synth/regime=easy/d=10/num_cycles=3/density=0.5/samp_size=100/seed=2/dataset.npz, results/synth/regime=easy/d=10/num_cycles=3/density=0.5/samp_size=100/seed=2/method=lacerda/model.pkl
    output: results/synth/regime=easy/d=10/num_cycles=3/density=0.5/samp_size=100/seed=2/method=lacerda/metrics.csv
    jobid: 126
    reason: Missing output files: results/synth/regime=easy/d=10/num_cycles=3/density=0.5/samp_size=100/seed=2/method=lacerda/metrics.csv; Input files updated by another job: results/synth/regime=easy/d=10/num_cycles=3/density=0.5/samp_size=100/seed=2/method=lacerda/model.pkl, results/synth/regime=easy/d=10/num_cycles=3/density=0.5/samp_size=100/seed=2/dataset.npz
    wildcards: regime=easy, d=10, num_cycles=3, density=0.5, samp_size=100, seed=2, method=lacerda
    resources: tmpdir=/tmp
Select jobs to execute...
[Wed Apr 29 22:32:53 2026]
Finished jobid: 238 (Rule: synth_evaluate)
218 of 328 steps (66%) done
Execute 1 jobs...
[Wed Apr 29 22:32:53 2026]
localrule synth_evaluate:
    input: results/synth/regime=easy/d=10/num_cycles=3/density=0.5/samp_size=50/seed=2/dataset.npz, results/synth/regime=easy/d=10/num_cycles=3/density=0.5/samp_size=50/seed=2/method=lacerda/model.pkl
    output: results/synth/regime=easy/d=10/num_cycles=3/density=0.5/samp_size=50/seed=2/method=lacerda/metrics.csv
    jobid: 117
    reason: Missing output files: results/synth/regime=easy/d=10/num_cycles=3/density=0.5/samp_size=50/seed=2/method=lacerda/metrics.csv; Input files updated by another job: results/synth/regime=easy/d=10/num_cycles=3/density=0.5/samp_size=50/seed=2/dataset.npz, results/synth/regime=easy/d=10/num_cycles=3/density=0.5/samp_size=50/seed=2/method=lacerda/model.pkl
    wildcards: regime=easy, d=10, num_cycles=3, density=0.5, samp_size=50, seed=2, method=lacerda
    resources: tmpdir=/tmp
Select jobs to execute...
[Wed Apr 29 22:32:53 2026]
Finished jobid: 142 (Rule: synth_generate)
219 of 328 steps (67%) done
Execute 1 jobs...
[Wed Apr 29 22:32:53 2026]
localrule synth_fit:
    input: results/synth/regime=easy/d=10/num_cycles=4/density=0.5/samp_size=50/seed=2/dataset.npz
    output: results/synth/regime=easy/d=10/num_cycles=4/density=0.5/samp_size=50/seed=2/method=lacerda/model.pkl
    jobid: 155
    reason: Missing output files: results/synth/regime=easy/d=10/num_cycles=4/density=0.5/samp_size=50/seed=2/method=lacerda/model.pkl; Input files updated by another job: results/synth/regime=easy/d=10/num_cycles=4/density=0.5/samp_size=50/seed=2/dataset.npz
    wildcards: regime=easy, d=10, num_cycles=4, density=0.5, samp_size=50, seed=2, method=lacerda
    resources: tmpdir=/tmp
Select jobs to execute...
[Wed Apr 29 22:32:53 2026]
Finished jobid: 53 (Rule: synth_evaluate)
220 of 328 steps (67%) done
Execute 1 jobs...
[Wed Apr 29 22:32:53 2026]
localrule synth_fit:
    input: results/synth/regime=easy/d=10/num_cycles=3/density=0.3/samp_size=500/seed=2/dataset.npz
    output: results/synth/regime=easy/d=10/num_cycles=3/density=0.3/samp_size=500/seed=2/method=lacerda/model.pkl
    jobid: 28
    reason: Missing output files: results/synth/regime=easy/d=10/num_cycles=3/density=0.3/samp_size=500/seed=2/method=lacerda/model.pkl; Input files updated by another job: results/synth/regime=easy/d=10/num_cycles=3/density=0.3/samp_size=500/seed=2/dataset.npz
    wildcards: regime=easy, d=10, num_cycles=3, density=0.3, samp_size=500, seed=2, method=lacerda
    resources: tmpdir=/tmp
[Wed Apr 29 22:32:53 2026]
Finished jobid: 135 (Rule: synth_evaluate)
221 of 328 steps (67%) done
Select jobs to execute...
Execute 1 jobs...
[Wed Apr 29 22:32:53 2026]
localrule synth_evaluate:
    input: results/synth/regime=easy/d=10/num_cycles=4/density=0.8/samp_size=50/seed=2/dataset.npz, results/synth/regime=easy/d=10/num_cycles=4/density=0.8/samp_size=50/seed=2/method=lacerda/model.pkl
    output: results/synth/regime=easy/d=10/num_cycles=4/density=0.8/samp_size=50/seed=2/method=lacerda/metrics.csv
    jobid: 262
    reason: Missing output files: results/synth/regime=easy/d=10/num_cycles=4/density=0.8/samp_size=50/seed=2/method=lacerda/metrics.csv; Input files updated by another job: results/synth/regime=easy/d=10/num_cycles=4/density=0.8/samp_size=50/seed=2/dataset.npz, results/synth/regime=easy/d=10/num_cycles=4/density=0.8/samp_size=50/seed=2/method=lacerda/model.pkl
    wildcards: regime=easy, d=10, num_cycles=4, density=0.8, samp_size=50, seed=2, method=lacerda
    resources: tmpdir=/tmp
Select jobs to execute...
[Wed Apr 29 22:32:53 2026]
Finished jobid: 144 (Rule: synth_evaluate)
222 of 328 steps (68%) done
Execute 1 jobs...
[Wed Apr 29 22:32:53 2026]
localrule synth_evaluate:
    input: results/synth/regime=easy/d=10/num_cycles=5/density=0.8/samp_size=500/seed=2/dataset.npz, results/synth/regime=easy/d=10/num_cycles=5/density=0.8/samp_size=500/seed=2/method=lacerda/model.pkl
    output: results/synth/regime=easy/d=10/num_cycles=5/density=0.8/samp_size=500/seed=2/method=lacerda/metrics.csv
    jobid: 316
    reason: Missing output files: results/synth/regime=easy/d=10/num_cycles=5/density=0.8/samp_size=500/seed=2/method=lacerda/metrics.csv; Input files updated by another job: results/synth/regime=easy/d=10/num_cycles=5/density=0.8/samp_size=500/seed=2/dataset.npz, results/synth/regime=easy/d=10/num_cycles=5/density=0.8/samp_size=500/seed=2/method=lacerda/model.pkl
    wildcards: regime=easy, d=10, num_cycles=5, density=0.8, samp_size=500, seed=2, method=lacerda
    resources: tmpdir=/tmp
[Wed Apr 29 22:32:53 2026]
Finished jobid: 222 (Rule: synth_fit)
223 of 328 steps (68%) done
Select jobs to execute...
Execute 1 jobs...
[Wed Apr 29 22:32:53 2026]
localrule synth_fit:
    input: results/synth/regime=easy/d=10/num_cycles=3/density=0.3/samp_size=500/seed=1/dataset.npz
    output: results/synth/regime=easy/d=10/num_cycles=3/density=0.3/samp_size=500/seed=1/method=lacerda/model.pkl
    jobid: 25
    reason: Missing output files: results/synth/regime=easy/d=10/num_cycles=3/density=0.3/samp_size=500/seed=1/method=lacerda/model.pkl; Input files updated by another job: results/synth/regime=easy/d=10/num_cycles=3/density=0.3/samp_size=500/seed=1/dataset.npz
    wildcards: regime=easy, d=10, num_cycles=3, density=0.3, samp_size=500, seed=1, method=lacerda
    resources: tmpdir=/tmp
Select jobs to execute...
[Wed Apr 29 22:32:53 2026]
Finished jobid: 79 (Rule: synth_fit)
224 of 328 steps (68%) done
Execute 1 jobs...
[Wed Apr 29 22:32:53 2026]
localrule synth_evaluate:
    input: results/synth/regime=easy/d=10/num_cycles=5/density=0.3/samp_size=50/seed=1/dataset.npz, results/synth/regime=easy/d=10/num_cycles=5/density=0.3/samp_size=50/seed=1/method=lacerda/model.pkl
    output: results/synth/regime=easy/d=10/num_cycles=5/density=0.3/samp_size=50/seed=1/method=lacerda/metrics.csv
    jobid: 77
    reason: Missing output files: results/synth/regime=easy/d=10/num_cycles=5/density=0.3/samp_size=50/seed=1/method=lacerda/metrics.csv; Input files updated by another job: results/synth/regime=easy/d=10/num_cycles=5/density=0.3/samp_size=50/seed=1/dataset.npz, results/synth/regime=easy/d=10/num_cycles=5/density=0.3/samp_size=50/seed=1/method=lacerda/model.pkl
    wildcards: regime=easy, d=10, num_cycles=5, density=0.3, samp_size=50, seed=1, method=lacerda
    resources: tmpdir=/tmp
[Wed Apr 29 22:32:53 2026]
Finished jobid: 243 (Rule: synth_fit)
225 of 328 steps (69%) done
Select jobs to execute...
Execute 1 jobs...
[Wed Apr 29 22:32:53 2026]
localrule synth_evaluate:
    input: results/synth/regime=easy/d=10/num_cycles=4/density=0.8/samp_size=100/seed=0/dataset.npz, results/synth/regime=easy/d=10/num_cycles=4/density=0.8/samp_size=100/seed=0/method=lacerda/model.pkl
    output: results/synth/regime=easy/d=10/num_cycles=4/density=0.8/samp_size=100/seed=0/method=lacerda/metrics.csv
    jobid: 265
    reason: Missing output files: results/synth/regime=easy/d=10/num_cycles=4/density=0.8/samp_size=100/seed=0/method=lacerda/metrics.csv; Input files updated by another job: results/synth/regime=easy/d=10/num_cycles=4/density=0.8/samp_size=100/seed=0/dataset.npz, results/synth/regime=easy/d=10/num_cycles=4/density=0.8/samp_size=100/seed=0/method=lacerda/model.pkl
    wildcards: regime=easy, d=10, num_cycles=4, density=0.8, samp_size=100, seed=0, method=lacerda
    resources: tmpdir=/tmp
[Wed Apr 29 22:32:53 2026]
Finished jobid: 283 (Rule: synth_evaluate)
226 of 328 steps (69%) done
Select jobs to execute...
Execute 1 jobs...
[Wed Apr 29 22:32:53 2026]
localrule synth_evaluate:
    input: results/synth/regime=easy/d=10/num_cycles=3/density=0.8/samp_size=500/seed=1/dataset.npz, results/synth/regime=easy/d=10/num_cycles=3/density=0.8/samp_size=500/seed=1/method=lacerda/model.pkl
    output: results/synth/regime=easy/d=10/num_cycles=3/density=0.8/samp_size=500/seed=1/method=lacerda/metrics.csv
    jobid: 241
    reason: Missing output files: results/synth/regime=easy/d=10/num_cycles=3/density=0.8/samp_size=500/seed=1/method=lacerda/metrics.csv; Input files updated by another job: results/synth/regime=easy/d=10/num_cycles=3/density=0.8/samp_size=500/seed=1/method=lacerda/model.pkl, results/synth/regime=easy/d=10/num_cycles=3/density=0.8/samp_size=500/seed=1/dataset.npz
    wildcards: regime=easy, d=10, num_cycles=3, density=0.8, samp_size=500, seed=1, method=lacerda
    resources: tmpdir=/tmp
[Wed Apr 29 22:32:53 2026]
Finished jobid: 116 (Rule: synth_fit)
227 of 328 steps (69%) done
Select jobs to execute...
Execute 1 jobs...
[Wed Apr 29 22:32:53 2026]
localrule synth_evaluate:
    input: results/synth/regime=easy/d=10/num_cycles=3/density=0.5/samp_size=50/seed=1/dataset.npz, results/synth/regime=easy/d=10/num_cycles=3/density=0.5/samp_size=50/seed=1/method=lacerda/model.pkl
    output: results/synth/regime=easy/d=10/num_cycles=3/density=0.5/samp_size=50/seed=1/method=lacerda/metrics.csv
    jobid: 114
    reason: Missing output files: results/synth/regime=easy/d=10/num_cycles=3/density=0.5/samp_size=50/seed=1/method=lacerda/metrics.csv; Input files updated by another job: results/synth/regime=easy/d=10/num_cycles=3/density=0.5/samp_size=50/seed=1/dataset.npz, results/synth/regime=easy/d=10/num_cycles=3/density=0.5/samp_size=50/seed=1/method=lacerda/model.pkl
    wildcards: regime=easy, d=10, num_cycles=3, density=0.5, samp_size=50, seed=1, method=lacerda
    resources: tmpdir=/tmp
Select jobs to execute...
[Wed Apr 29 22:32:53 2026]
Finished jobid: 206 (Rule: synth_fit)
228 of 328 steps (70%) done
[Wed Apr 29 22:32:53 2026]
Finished jobid: 156 (Rule: synth_evaluate)
229 of 328 steps (70%) done
Execute 2 jobs...
[Wed Apr 29 22:32:53 2026]
localrule synth_fit:
    input: results/synth/regime=easy/d=10/num_cycles=3/density=0.5/samp_size=1000/seed=0/dataset.npz
    output: results/synth/regime=easy/d=10/num_cycles=3/density=0.5/samp_size=1000/seed=0/method=lacerda/model.pkl
    jobid: 140
    reason: Missing output files: results/synth/regime=easy/d=10/num_cycles=3/density=0.5/samp_size=1000/seed=0/method=lacerda/model.pkl; Input files updated by another job: results/synth/regime=easy/d=10/num_cycles=3/density=0.5/samp_size=1000/seed=0/dataset.npz
    wildcards: regime=easy, d=10, num_cycles=3, density=0.5, samp_size=1000, seed=0, method=lacerda
    resources: tmpdir=/tmp
[Wed Apr 29 22:32:53 2026]
localrule synth_evaluate:
    input: results/synth/regime=easy/d=10/num_cycles=4/density=0.5/samp_size=500/seed=0/dataset.npz, results/synth/regime=easy/d=10/num_cycles=4/density=0.5/samp_size=500/seed=0/method=lacerda/model.pkl
    output: results/synth/regime=easy/d=10/num_cycles=4/density=0.5/samp_size=500/seed=0/method=lacerda/metrics.csv
    jobid: 165
    reason: Missing output files: results/synth/regime=easy/d=10/num_cycles=4/density=0.5/samp_size=500/seed=0/method=lacerda/metrics.csv; Input files updated by another job: results/synth/regime=easy/d=10/num_cycles=4/density=0.5/samp_size=500/seed=0/dataset.npz, results/synth/regime=easy/d=10/num_cycles=4/density=0.5/samp_size=500/seed=0/method=lacerda/model.pkl
    wildcards: regime=easy, d=10, num_cycles=4, density=0.5, samp_size=500, seed=0, method=lacerda
    resources: tmpdir=/tmp
Select jobs to execute...
[Wed Apr 29 22:32:53 2026]
Finished jobid: 29 (Rule: synth_evaluate)
230 of 328 steps (70%) done
Execute 1 jobs...
[Wed Apr 29 22:32:53 2026]
localrule synth_generate:
    output: results/synth/regime=easy/d=10/num_cycles=5/density=0.5/samp_size=50/seed=1/dataset.npz
    jobid: 187
    reason: Missing output files: results/synth/regime=easy/d=10/num_cycles=5/density=0.5/samp_size=50/seed=1/dataset.npz
    wildcards: regime=easy, d=10, num_cycles=5, density=0.5, samp_size=50, seed=1
    resources: tmpdir=/tmp
Select jobs to execute...
[Wed Apr 29 22:32:53 2026]
Finished jobid: 229 (Rule: synth_evaluate)
231 of 328 steps (70%) done
Execute 1 jobs...
[Wed Apr 29 22:32:53 2026]
localrule synth_evaluate:
    input: results/synth/regime=easy/d=10/num_cycles=5/density=0.3/samp_size=100/seed=2/dataset.npz, results/synth/regime=easy/d=10/num_cycles=5/density=0.3/samp_size=100/seed=2/method=lacerda/model.pkl
    output: results/synth/regime=easy/d=10/num_cycles=5/density=0.3/samp_size=100/seed=2/method=lacerda/metrics.csv
    jobid: 89
    reason: Missing output files: results/synth/regime=easy/d=10/num_cycles=5/density=0.3/samp_size=100/seed=2/method=lacerda/metrics.csv; Input files updated by another job: results/synth/regime=easy/d=10/num_cycles=5/density=0.3/samp_size=100/seed=2/method=lacerda/model.pkl, results/synth/regime=easy/d=10/num_cycles=5/density=0.3/samp_size=100/seed=2/dataset.npz
    wildcards: regime=easy, d=10, num_cycles=5, density=0.3, samp_size=100, seed=2, method=lacerda
    resources: tmpdir=/tmp
[Wed Apr 29 22:32:53 2026]
Finished jobid: 56 (Rule: synth_evaluate)
232 of 328 steps (71%) done
Select jobs to execute...
Execute 1 jobs...
[Wed Apr 29 22:32:53 2026]
localrule synth_fit:
    input: results/synth/regime=easy/d=10/num_cycles=5/density=0.3/samp_size=50/seed=2/dataset.npz
    output: results/synth/regime=easy/d=10/num_cycles=5/density=0.3/samp_size=50/seed=2/method=lacerda/model.pkl
    jobid: 82
    reason: Missing output files: results/synth/regime=easy/d=10/num_cycles=5/density=0.3/samp_size=50/seed=2/method=lacerda/model.pkl; Input files updated by another job: results/synth/regime=easy/d=10/num_cycles=5/density=0.3/samp_size=50/seed=2/dataset.npz
    wildcards: regime=easy, d=10, num_cycles=5, density=0.3, samp_size=50, seed=2, method=lacerda
    resources: tmpdir=/tmp
Select jobs to execute...
[Wed Apr 29 22:32:53 2026]
Finished jobid: 190 (Rule: synth_generate)
233 of 328 steps (71%) done
Execute 1 jobs...
[Wed Apr 29 22:32:53 2026]
localrule synth_generate:
    output: results/synth/regime=easy/d=10/num_cycles=4/density=0.3/samp_size=500/seed=1/dataset.npz
    jobid: 60
    reason: Missing output files: results/synth/regime=easy/d=10/num_cycles=4/density=0.3/samp_size=500/seed=1/dataset.npz
    wildcards: regime=easy, d=10, num_cycles=4, density=0.3, samp_size=500, seed=1
    resources: tmpdir=/tmp
Select jobs to execute...
[Wed Apr 29 22:32:53 2026]
Finished jobid: 274 (Rule: synth_evaluate)
234 of 328 steps (71%) done
Execute 1 jobs...
[Wed Apr 29 22:32:53 2026]
localrule synth_evaluate:
    input: results/synth/regime=easy/d=10/num_cycles=4/density=0.8/samp_size=1000/seed=2/dataset.npz, results/synth/regime=easy/d=10/num_cycles=4/density=0.8/samp_size=1000/seed=2/method=lacerda/model.pkl
    output: results/synth/regime=easy/d=10/num_cycles=4/density=0.8/samp_size=1000/seed=2/method=lacerda/metrics.csv
    jobid: 289
    reason: Missing output files: results/synth/regime=easy/d=10/num_cycles=4/density=0.8/samp_size=1000/seed=2/method=lacerda/metrics.csv; Input files updated by another job: results/synth/regime=easy/d=10/num_cycles=4/density=0.8/samp_size=1000/seed=2/dataset.npz, results/synth/regime=easy/d=10/num_cycles=4/density=0.8/samp_size=1000/seed=2/method=lacerda/model.pkl
    wildcards: regime=easy, d=10, num_cycles=4, density=0.8, samp_size=1000, seed=2, method=lacerda
    resources: tmpdir=/tmp
Select jobs to execute...
[Wed Apr 29 22:32:53 2026]
Finished jobid: 34 (Rule: synth_fit)
235 of 328 steps (72%) done
Execute 1 jobs...
[Wed Apr 29 22:32:53 2026]
localrule synth_generate:
    output: results/synth/regime=easy/d=10/num_cycles=5/density=0.3/samp_size=1000/seed=1/dataset.npz
    jobid: 105
    reason: Missing output files: results/synth/regime=easy/d=10/num_cycles=5/density=0.3/samp_size=1000/seed=1/dataset.npz
    wildcards: regime=easy, d=10, num_cycles=5, density=0.3, samp_size=1000, seed=1
    resources: tmpdir=/tmp
[Wed Apr 29 22:32:53 2026]
Finished jobid: 19 (Rule: synth_fit)
236 of 328 steps (72%) done
Select jobs to execute...
Execute 1 jobs...
[Wed Apr 29 22:32:53 2026]
localrule synth_fit:
    input: results/synth/regime=easy/d=10/num_cycles=5/density=0.3/samp_size=500/seed=0/dataset.npz
    output: results/synth/regime=easy/d=10/num_cycles=5/density=0.3/samp_size=500/seed=0/method=lacerda/model.pkl
    jobid: 94
    reason: Missing output files: results/synth/regime=easy/d=10/num_cycles=5/density=0.3/samp_size=500/seed=0/method=lacerda/model.pkl; Input files updated by another job: results/synth/regime=easy/d=10/num_cycles=5/density=0.3/samp_size=500/seed=0/dataset.npz
    wildcards: regime=easy, d=10, num_cycles=5, density=0.3, samp_size=500, seed=0, method=lacerda
    resources: tmpdir=/tmp
[Wed Apr 29 22:32:53 2026]
Finished jobid: 286 (Rule: synth_evaluate)
237 of 328 steps (72%) done
Select jobs to execute...
Execute 1 jobs...
[Wed Apr 29 22:32:53 2026]
localrule synth_fit:
    input: results/synth/regime=easy/d=10/num_cycles=4/density=0.3/samp_size=100/seed=0/dataset.npz
    output: results/synth/regime=easy/d=10/num_cycles=4/density=0.3/samp_size=100/seed=0/method=lacerda/model.pkl
    jobid: 49
    reason: Missing output files: results/synth/regime=easy/d=10/num_cycles=4/density=0.3/samp_size=100/seed=0/method=lacerda/model.pkl; Input files updated by another job: results/synth/regime=easy/d=10/num_cycles=4/density=0.3/samp_size=100/seed=0/dataset.npz
    wildcards: regime=easy, d=10, num_cycles=4, density=0.3, samp_size=100, seed=0, method=lacerda
    resources: tmpdir=/tmp
Select jobs to execute...
[Wed Apr 29 22:32:53 2026]
Finished jobid: 107 (Rule: synth_evaluate)
238 of 328 steps (73%) done
Execute 1 jobs...
[Wed Apr 29 22:32:53 2026]
localrule synth_evaluate:
    input: results/synth/regime=easy/d=10/num_cycles=5/density=0.8/samp_size=500/seed=1/dataset.npz, results/synth/regime=easy/d=10/num_cycles=5/density=0.8/samp_size=500/seed=1/method=lacerda/model.pkl
    output: results/synth/regime=easy/d=10/num_cycles=5/density=0.8/samp_size=500/seed=1/method=lacerda/metrics.csv
    jobid: 313
    reason: Missing output files: results/synth/regime=easy/d=10/num_cycles=5/density=0.8/samp_size=500/seed=1/method=lacerda/metrics.csv; Input files updated by another job: results/synth/regime=easy/d=10/num_cycles=5/density=0.8/samp_size=500/seed=1/dataset.npz, results/synth/regime=easy/d=10/num_cycles=5/density=0.8/samp_size=500/seed=1/method=lacerda/model.pkl
    wildcards: regime=easy, d=10, num_cycles=5, density=0.8, samp_size=500, seed=1, method=lacerda
    resources: tmpdir=/tmp
Select jobs to execute...
[Wed Apr 29 22:32:53 2026]
Finished jobid: 319 (Rule: synth_evaluate)
239 of 328 steps (73%) done
Execute 1 jobs...
[Wed Apr 29 22:32:53 2026]
localrule synth_evaluate:
    input: results/synth/regime=easy/d=10/num_cycles=4/density=0.5/samp_size=500/seed=1/dataset.npz, results/synth/regime=easy/d=10/num_cycles=4/density=0.5/samp_size=500/seed=1/method=lacerda/model.pkl
    output: results/synth/regime=easy/d=10/num_cycles=4/density=0.5/samp_size=500/seed=1/method=lacerda/metrics.csv
    jobid: 168
    reason: Missing output files: results/synth/regime=easy/d=10/num_cycles=4/density=0.5/samp_size=500/seed=1/method=lacerda/metrics.csv; Input files updated by another job: results/synth/regime=easy/d=10/num_cycles=4/density=0.5/samp_size=500/seed=1/dataset.npz, results/synth/regime=easy/d=10/num_cycles=4/density=0.5/samp_size=500/seed=1/method=lacerda/model.pkl
    wildcards: regime=easy, d=10, num_cycles=4, density=0.5, samp_size=500, seed=1, method=lacerda
    resources: tmpdir=/tmp
Select jobs to execute...
[Wed Apr 29 22:32:53 2026]
Finished jobid: 11 (Rule: synth_evaluate)
240 of 328 steps (73%) done
Execute 1 jobs...
[Wed Apr 29 22:32:53 2026]
localrule synth_fit:
    input: results/synth/regime=easy/d=10/num_cycles=3/density=0.8/samp_size=50/seed=1/dataset.npz
    output: results/synth/regime=easy/d=10/num_cycles=3/density=0.8/samp_size=50/seed=1/method=lacerda/model.pkl
    jobid: 225
    reason: Missing output files: results/synth/regime=easy/d=10/num_cycles=3/density=0.8/samp_size=50/seed=1/method=lacerda/model.pkl; Input files updated by another job: results/synth/regime=easy/d=10/num_cycles=3/density=0.8/samp_size=50/seed=1/dataset.npz
    wildcards: regime=easy, d=10, num_cycles=3, density=0.8, samp_size=50, seed=1, method=lacerda
    resources: tmpdir=/tmp
[Wed Apr 29 22:32:53 2026]
Finished jobid: 63 (Rule: synth_generate)
241 of 328 steps (73%) done
Select jobs to execute...
Execute 1 jobs...
[Wed Apr 29 22:32:53 2026]
localrule synth_evaluate:
    input: results/synth/regime=easy/d=10/num_cycles=5/density=0.5/samp_size=100/seed=0/dataset.npz, results/synth/regime=easy/d=10/num_cycles=5/density=0.5/samp_size=100/seed=0/method=lacerda/model.pkl
    output: results/synth/regime=easy/d=10/num_cycles=5/density=0.5/samp_size=100/seed=0/method=lacerda/metrics.csv
    jobid: 192
    reason: Missing output files: results/synth/regime=easy/d=10/num_cycles=5/density=0.5/samp_size=100/seed=0/method=lacerda/metrics.csv; Input files updated by another job: results/synth/regime=easy/d=10/num_cycles=5/density=0.5/samp_size=100/seed=0/method=lacerda/model.pkl, results/synth/regime=easy/d=10/num_cycles=5/density=0.5/samp_size=100/seed=0/dataset.npz
    wildcards: regime=easy, d=10, num_cycles=5, density=0.5, samp_size=100, seed=0, method=lacerda
    resources: tmpdir=/tmp
Select jobs to execute...
[Wed Apr 29 22:32:54 2026]
Finished jobid: 95 (Rule: synth_evaluate)
242 of 328 steps (74%) done
Execute 1 jobs...
[Wed Apr 29 22:32:54 2026]
localrule synth_evaluate:
    input: results/synth/regime=easy/d=10/num_cycles=5/density=0.8/samp_size=50/seed=0/dataset.npz, results/synth/regime=easy/d=10/num_cycles=5/density=0.8/samp_size=50/seed=0/method=lacerda/model.pkl
    output: results/synth/regime=easy/d=10/num_cycles=5/density=0.8/samp_size=50/seed=0/method=lacerda/metrics.csv
    jobid: 292
    reason: Missing output files: results/synth/regime=easy/d=10/num_cycles=5/density=0.8/samp_size=50/seed=0/method=lacerda/metrics.csv; Input files updated by another job: results/synth/regime=easy/d=10/num_cycles=5/density=0.8/samp_size=50/seed=0/method=lacerda/model.pkl, results/synth/regime=easy/d=10/num_cycles=5/density=0.8/samp_size=50/seed=0/dataset.npz
    wildcards: regime=easy, d=10, num_cycles=5, density=0.8, samp_size=50, seed=0, method=lacerda
    resources: tmpdir=/tmp
Select jobs to execute...
[Wed Apr 29 22:32:54 2026]
Finished jobid: 216 (Rule: synth_evaluate)
243 of 328 steps (74%) done
Execute 1 jobs...
[Wed Apr 29 22:32:54 2026]
localrule synth_evaluate:
    input: results/synth/regime=easy/d=10/num_cycles=4/density=0.5/samp_size=50/seed=0/dataset.npz, results/synth/regime=easy/d=10/num_cycles=4/density=0.5/samp_size=50/seed=0/method=lacerda/model.pkl
    output: results/synth/regime=easy/d=10/num_cycles=4/density=0.5/samp_size=50/seed=0/method=lacerda/metrics.csv
    jobid: 147
    reason: Missing output files: results/synth/regime=easy/d=10/num_cycles=4/density=0.5/samp_size=50/seed=0/method=lacerda/metrics.csv; Input files updated by another job: results/synth/regime=easy/d=10/num_cycles=4/density=0.5/samp_size=50/seed=0/method=lacerda/model.pkl, results/synth/regime=easy/d=10/num_cycles=4/density=0.5/samp_size=50/seed=0/dataset.npz
    wildcards: regime=easy, d=10, num_cycles=4, density=0.5, samp_size=50, seed=0, method=lacerda
    resources: tmpdir=/tmp
Select jobs to execute...
[Wed Apr 29 22:32:54 2026]
Finished jobid: 271 (Rule: synth_evaluate)
244 of 328 steps (74%) done
Execute 1 jobs...
[Wed Apr 29 22:32:54 2026]
localrule synth_fit:
    input: results/synth/regime=easy/d=10/num_cycles=3/density=0.5/samp_size=1000/seed=1/dataset.npz
    output: results/synth/regime=easy/d=10/num_cycles=3/density=0.5/samp_size=1000/seed=1/method=lacerda/model.pkl
    jobid: 143
    reason: Missing output files: results/synth/regime=easy/d=10/num_cycles=3/density=0.5/samp_size=1000/seed=1/method=lacerda/model.pkl; Input files updated by another job: results/synth/regime=easy/d=10/num_cycles=3/density=0.5/samp_size=1000/seed=1/dataset.npz
    wildcards: regime=easy, d=10, num_cycles=3, density=0.5, samp_size=1000, seed=1, method=lacerda
    resources: tmpdir=/tmp
Select jobs to execute...
[Wed Apr 29 22:32:54 2026]
Finished jobid: 162 (Rule: synth_evaluate)
245 of 328 steps (75%) done
Execute 1 jobs...
[Wed Apr 29 22:32:54 2026]
localrule synth_fit:
    input: results/synth/regime=easy/d=10/num_cycles=4/density=0.8/samp_size=100/seed=1/dataset.npz
    output: results/synth/regime=easy/d=10/num_cycles=4/density=0.8/samp_size=100/seed=1/method=lacerda/model.pkl
    jobid: 270
    reason: Missing output files: results/synth/regime=easy/d=10/num_cycles=4/density=0.8/samp_size=100/seed=1/method=lacerda/model.pkl; Input files updated by another job: results/synth/regime=easy/d=10/num_cycles=4/density=0.8/samp_size=100/seed=1/dataset.npz
    wildcards: regime=easy, d=10, num_cycles=4, density=0.8, samp_size=100, seed=1, method=lacerda
    resources: tmpdir=/tmp
Select jobs to execute...
[Wed Apr 29 22:32:54 2026]
Finished jobid: 307 (Rule: synth_evaluate)
246 of 328 steps (75%) done
Execute 1 jobs...
[Wed Apr 29 22:32:54 2026]
localrule synth_evaluate:
    input: results/synth/regime=easy/d=10/num_cycles=3/density=0.8/samp_size=1000/seed=0/dataset.npz, results/synth/regime=easy/d=10/num_cycles=3/density=0.8/samp_size=1000/seed=0/method=lacerda/model.pkl
    output: results/synth/regime=easy/d=10/num_cycles=3/density=0.8/samp_size=1000/seed=0/method=lacerda/metrics.csv
    jobid: 247
    reason: Missing output files: results/synth/regime=easy/d=10/num_cycles=3/density=0.8/samp_size=1000/seed=0/method=lacerda/metrics.csv; Input files updated by another job: results/synth/regime=easy/d=10/num_cycles=3/density=0.8/samp_size=1000/seed=0/dataset.npz, results/synth/regime=easy/d=10/num_cycles=3/density=0.8/samp_size=1000/seed=0/method=lacerda/model.pkl
    wildcards: regime=easy, d=10, num_cycles=3, density=0.8, samp_size=1000, seed=0, method=lacerda
    resources: tmpdir=/tmp
Select jobs to execute...
[Wed Apr 29 22:32:54 2026]
Finished jobid: 282 (Rule: synth_fit)
247 of 328 steps (75%) done
Execute 1 jobs...
[Wed Apr 29 22:32:54 2026]
localrule synth_fit:
    input: results/synth/regime=easy/d=10/num_cycles=3/density=0.3/samp_size=100/seed=1/dataset.npz
    output: results/synth/regime=easy/d=10/num_cycles=3/density=0.3/samp_size=100/seed=1/method=lacerda/model.pkl
    jobid: 16
    reason: Missing output files: results/synth/regime=easy/d=10/num_cycles=3/density=0.3/samp_size=100/seed=1/method=lacerda/model.pkl; Input files updated by another job: results/synth/regime=easy/d=10/num_cycles=3/density=0.3/samp_size=100/seed=1/dataset.npz
    wildcards: regime=easy, d=10, num_cycles=3, density=0.3, samp_size=100, seed=1, method=lacerda
    resources: tmpdir=/tmp
Select jobs to execute...
[Wed Apr 29 22:32:54 2026]
Finished jobid: 126 (Rule: synth_evaluate)
248 of 328 steps (76%) done
Execute 1 jobs...
[Wed Apr 29 22:32:54 2026]
localrule synth_evaluate:
    input: results/synth/regime=easy/d=10/num_cycles=3/density=0.3/samp_size=100/seed=2/dataset.npz, results/synth/regime=easy/d=10/num_cycles=3/density=0.3/samp_size=100/seed=2/method=lacerda/model.pkl
    output: results/synth/regime=easy/d=10/num_cycles=3/density=0.3/samp_size=100/seed=2/method=lacerda/metrics.csv
    jobid: 17
    reason: Missing output files: results/synth/regime=easy/d=10/num_cycles=3/density=0.3/samp_size=100/seed=2/method=lacerda/metrics.csv; Input files updated by another job: results/synth/regime=easy/d=10/num_cycles=3/density=0.3/samp_size=100/seed=2/method=lacerda/model.pkl, results/synth/regime=easy/d=10/num_cycles=3/density=0.3/samp_size=100/seed=2/dataset.npz
    wildcards: regime=easy, d=10, num_cycles=3, density=0.3, samp_size=100, seed=2, method=lacerda
    resources: tmpdir=/tmp
Select jobs to execute...
[Wed Apr 29 22:32:54 2026]
Finished jobid: 117 (Rule: synth_evaluate)
249 of 328 steps (76%) done
Execute 1 jobs...
[Wed Apr 29 22:32:54 2026]
localrule synth_fit:
    input: results/synth/regime=easy/d=10/num_cycles=5/density=0.3/samp_size=1000/seed=0/dataset.npz
    output: results/synth/regime=easy/d=10/num_cycles=5/density=0.3/samp_size=1000/seed=0/method=lacerda/model.pkl
    jobid: 103
    reason: Missing output files: results/synth/regime=easy/d=10/num_cycles=5/density=0.3/samp_size=1000/seed=0/method=lacerda/model.pkl; Input files updated by another job: results/synth/regime=easy/d=10/num_cycles=5/density=0.3/samp_size=1000/seed=0/dataset.npz
    wildcards: regime=easy, d=10, num_cycles=5, density=0.3, samp_size=1000, seed=0, method=lacerda
    resources: tmpdir=/tmp
Select jobs to execute...
[Wed Apr 29 22:32:54 2026]
Finished jobid: 161 (Rule: synth_fit)
250 of 328 steps (76%) done
Execute 1 jobs...
[Wed Apr 29 22:32:54 2026]
localrule synth_fit:
    input: results/synth/regime=easy/d=10/num_cycles=4/density=0.3/samp_size=1000/seed=1/dataset.npz
    output: results/synth/regime=easy/d=10/num_cycles=4/density=0.3/samp_size=1000/seed=1/method=lacerda/model.pkl
    jobid: 70
    reason: Missing output files: results/synth/regime=easy/d=10/num_cycles=4/density=0.3/samp_size=1000/seed=1/method=lacerda/model.pkl; Input files updated by another job: results/synth/regime=easy/d=10/num_cycles=4/density=0.3/samp_size=1000/seed=1/dataset.npz
    wildcards: regime=easy, d=10, num_cycles=4, density=0.3, samp_size=1000, seed=1, method=lacerda
    resources: tmpdir=/tmp
Select jobs to execute...
[Wed Apr 29 22:32:54 2026]
Finished jobid: 28 (Rule: synth_fit)
251 of 328 steps (77%) done
Execute 1 jobs...
[Wed Apr 29 22:32:54 2026]
localrule synth_evaluate:
    input: results/synth/regime=easy/d=10/num_cycles=3/density=0.8/samp_size=50/seed=0/dataset.npz, results/synth/regime=easy/d=10/num_cycles=3/density=0.8/samp_size=50/seed=0/method=lacerda/model.pkl
    output: results/synth/regime=easy/d=10/num_cycles=3/density=0.8/samp_size=50/seed=0/method=lacerda/metrics.csv
    jobid: 220
    reason: Missing output files: results/synth/regime=easy/d=10/num_cycles=3/density=0.8/samp_size=50/seed=0/method=lacerda/metrics.csv; Input files updated by another job: results/synth/regime=easy/d=10/num_cycles=3/density=0.8/samp_size=50/seed=0/dataset.npz, results/synth/regime=easy/d=10/num_cycles=3/density=0.8/samp_size=50/seed=0/method=lacerda/model.pkl
    wildcards: regime=easy, d=10, num_cycles=3, density=0.8, samp_size=50, seed=0, method=lacerda
    resources: tmpdir=/tmp
Select jobs to execute...
[Wed Apr 29 22:32:54 2026]
Finished jobid: 155 (Rule: synth_fit)
252 of 328 steps (77%) done
Execute 1 jobs...
[Wed Apr 29 22:32:54 2026]
localrule synth_evaluate:
    input: results/synth/regime=easy/d=10/num_cycles=4/density=0.5/samp_size=50/seed=2/dataset.npz, results/synth/regime=easy/d=10/num_cycles=4/density=0.5/samp_size=50/seed=2/method=lacerda/model.pkl
    output: results/synth/regime=easy/d=10/num_cycles=4/density=0.5/samp_size=50/seed=2/method=lacerda/metrics.csv
    jobid: 153
    reason: Missing output files: results/synth/regime=easy/d=10/num_cycles=4/density=0.5/samp_size=50/seed=2/method=lacerda/metrics.csv; Input files updated by another job: results/synth/regime=easy/d=10/num_cycles=4/density=0.5/samp_size=50/seed=2/method=lacerda/model.pkl, results/synth/regime=easy/d=10/num_cycles=4/density=0.5/samp_size=50/seed=2/dataset.npz
    wildcards: regime=easy, d=10, num_cycles=4, density=0.5, samp_size=50, seed=2, method=lacerda
    resources: tmpdir=/tmp
[Wed Apr 29 22:32:54 2026]
Finished jobid: 262 (Rule: synth_evaluate)
253 of 328 steps (77%) done
Select jobs to execute...
Execute 1 jobs...
[Wed Apr 29 22:32:54 2026]
localrule synth_fit:
    input: results/synth/regime=easy/d=10/num_cycles=4/density=0.5/samp_size=50/seed=1/dataset.npz
    output: results/synth/regime=easy/d=10/num_cycles=4/density=0.5/samp_size=50/seed=1/method=lacerda/model.pkl
    jobid: 152
    reason: Missing output files: results/synth/regime=easy/d=10/num_cycles=4/density=0.5/samp_size=50/seed=1/method=lacerda/model.pkl; Input files updated by another job: results/synth/regime=easy/d=10/num_cycles=4/density=0.5/samp_size=50/seed=1/dataset.npz
    wildcards: regime=easy, d=10, num_cycles=4, density=0.5, samp_size=50, seed=1, method=lacerda
    resources: tmpdir=/tmp
Select jobs to execute...
[Wed Apr 29 22:32:54 2026]
Finished jobid: 316 (Rule: synth_evaluate)
254 of 328 steps (77%) done
Execute 1 jobs...
[Wed Apr 29 22:32:54 2026]
localrule synth_evaluate:
    input: results/synth/regime=easy/d=10/num_cycles=4/density=0.3/samp_size=1000/seed=0/dataset.npz, results/synth/regime=easy/d=10/num_cycles=4/density=0.3/samp_size=1000/seed=0/method=lacerda/model.pkl
    output: results/synth/regime=easy/d=10/num_cycles=4/density=0.3/samp_size=1000/seed=0/method=lacerda/metrics.csv
    jobid: 65
    reason: Missing output files: results/synth/regime=easy/d=10/num_cycles=4/density=0.3/samp_size=1000/seed=0/method=lacerda/metrics.csv; Input files updated by another job: results/synth/regime=easy/d=10/num_cycles=4/density=0.3/samp_size=1000/seed=0/method=lacerda/model.pkl, results/synth/regime=easy/d=10/num_cycles=4/density=0.3/samp_size=1000/seed=0/dataset.npz
    wildcards: regime=easy, d=10, num_cycles=4, density=0.3, samp_size=1000, seed=0, method=lacerda
    resources: tmpdir=/tmp
Select jobs to execute...
[Wed Apr 29 22:32:54 2026]
Finished jobid: 265 (Rule: synth_evaluate)
255 of 328 steps (78%) done
Execute 1 jobs...
[Wed Apr 29 22:32:54 2026]
localrule synth_fit:
    input: results/synth/regime=easy/d=10/num_cycles=5/density=0.5/samp_size=100/seed=1/dataset.npz
    output: results/synth/regime=easy/d=10/num_cycles=5/density=0.5/samp_size=100/seed=1/method=lacerda/model.pkl
    jobid: 197
    reason: Missing output files: results/synth/regime=easy/d=10/num_cycles=5/density=0.5/samp_size=100/seed=1/method=lacerda/model.pkl; Input files updated by another job: results/synth/regime=easy/d=10/num_cycles=5/density=0.5/samp_size=100/seed=1/dataset.npz
    wildcards: regime=easy, d=10, num_cycles=5, density=0.5, samp_size=100, seed=1, method=lacerda
    resources: tmpdir=/tmp
[Wed Apr 29 22:32:54 2026]
Finished jobid: 187 (Rule: synth_generate)
256 of 328 steps (78%) done
Select jobs to execute...
Execute 1 jobs...
[Wed Apr 29 22:32:54 2026]
localrule synth_evaluate:
    input: results/synth/regime=easy/d=10/num_cycles=4/density=0.5/samp_size=100/seed=1/dataset.npz, results/synth/regime=easy/d=10/num_cycles=4/density=0.5/samp_size=100/seed=1/method=lacerda/model.pkl
    output: results/synth/regime=easy/d=10/num_cycles=4/density=0.5/samp_size=100/seed=1/method=lacerda/metrics.csv
    jobid: 159
    reason: Missing output files: results/synth/regime=easy/d=10/num_cycles=4/density=0.5/samp_size=100/seed=1/method=lacerda/metrics.csv; Input files updated by another job: results/synth/regime=easy/d=10/num_cycles=4/density=0.5/samp_size=100/seed=1/method=lacerda/model.pkl, results/synth/regime=easy/d=10/num_cycles=4/density=0.5/samp_size=100/seed=1/dataset.npz
    wildcards: regime=easy, d=10, num_cycles=4, density=0.5, samp_size=100, seed=1, method=lacerda
    resources: tmpdir=/tmp
[Wed Apr 29 22:32:54 2026]
Finished jobid: 25 (Rule: synth_fit)
257 of 328 steps (78%) done
[Wed Apr 29 22:32:54 2026]
Finished jobid: 77 (Rule: synth_evaluate)
258 of 328 steps (79%) done
Select jobs to execute...
Execute 2 jobs...
[Wed Apr 29 22:32:54 2026]
localrule synth_fit:
    input: results/synth/regime=easy/d=10/num_cycles=5/density=0.5/samp_size=500/seed=2/dataset.npz
    output: results/synth/regime=easy/d=10/num_cycles=5/density=0.5/samp_size=500/seed=2/method=lacerda/model.pkl
    jobid: 209
    reason: Missing output files: results/synth/regime=easy/d=10/num_cycles=5/density=0.5/samp_size=500/seed=2/method=lacerda/model.pkl; Input files updated by another job: results/synth/regime=easy/d=10/num_cycles=5/density=0.5/samp_size=500/seed=2/dataset.npz
    wildcards: regime=easy, d=10, num_cycles=5, density=0.5, samp_size=500, seed=2, method=lacerda
    resources: tmpdir=/tmp
[Wed Apr 29 22:32:54 2026]
localrule synth_evaluate:
    input: results/synth/regime=easy/d=10/num_cycles=3/density=0.3/samp_size=500/seed=1/dataset.npz, results/synth/regime=easy/d=10/num_cycles=3/density=0.3/samp_size=500/seed=1/method=lacerda/model.pkl
    output: results/synth/regime=easy/d=10/num_cycles=3/density=0.3/samp_size=500/seed=1/method=lacerda/metrics.csv
    jobid: 23
    reason: Missing output files: results/synth/regime=easy/d=10/num_cycles=3/density=0.3/samp_size=500/seed=1/method=lacerda/metrics.csv; Input files updated by another job: results/synth/regime=easy/d=10/num_cycles=3/density=0.3/samp_size=500/seed=1/dataset.npz, results/synth/regime=easy/d=10/num_cycles=3/density=0.3/samp_size=500/seed=1/method=lacerda/model.pkl
    wildcards: regime=easy, d=10, num_cycles=3, density=0.3, samp_size=500, seed=1, method=lacerda
    resources: tmpdir=/tmp
Select jobs to execute...
[Wed Apr 29 22:32:54 2026]
Finished jobid: 241 (Rule: synth_evaluate)
259 of 328 steps (79%) done
Execute 1 jobs...
[Wed Apr 29 22:32:54 2026]
localrule synth_evaluate:
    input: results/synth/regime=easy/d=10/num_cycles=4/density=0.3/samp_size=1000/seed=2/dataset.npz, results/synth/regime=easy/d=10/num_cycles=4/density=0.3/samp_size=1000/seed=2/method=lacerda/model.pkl
    output: results/synth/regime=easy/d=10/num_cycles=4/density=0.3/samp_size=1000/seed=2/method=lacerda/metrics.csv
    jobid: 71
    reason: Missing output files: results/synth/regime=easy/d=10/num_cycles=4/density=0.3/samp_size=1000/seed=2/method=lacerda/metrics.csv; Input files updated by another job: results/synth/regime=easy/d=10/num_cycles=4/density=0.3/samp_size=1000/seed=2/dataset.npz, results/synth/regime=easy/d=10/num_cycles=4/density=0.3/samp_size=1000/seed=2/method=lacerda/model.pkl
    wildcards: regime=easy, d=10, num_cycles=4, density=0.3, samp_size=1000, seed=2, method=lacerda
    resources: tmpdir=/tmp
Select jobs to execute...
[Wed Apr 29 22:32:54 2026]
Finished jobid: 165 (Rule: synth_evaluate)
260 of 328 steps (79%) done
Execute 1 jobs...
[Wed Apr 29 22:32:54 2026]
localrule synth_evaluate:
    input: results/synth/regime=easy/d=10/num_cycles=3/density=0.3/samp_size=500/seed=2/dataset.npz, results/synth/regime=easy/d=10/num_cycles=3/density=0.3/samp_size=500/seed=2/method=lacerda/model.pkl
    output: results/synth/regime=easy/d=10/num_cycles=3/density=0.3/samp_size=500/seed=2/method=lacerda/metrics.csv
    jobid: 26
    reason: Missing output files: results/synth/regime=easy/d=10/num_cycles=3/density=0.3/samp_size=500/seed=2/method=lacerda/metrics.csv; Input files updated by another job: results/synth/regime=easy/d=10/num_cycles=3/density=0.3/samp_size=500/seed=2/method=lacerda/model.pkl, results/synth/regime=easy/d=10/num_cycles=3/density=0.3/samp_size=500/seed=2/dataset.npz
    wildcards: regime=easy, d=10, num_cycles=3, density=0.3, samp_size=500, seed=2, method=lacerda
    resources: tmpdir=/tmp
[Wed Apr 29 22:32:54 2026]
Finished jobid: 114 (Rule: synth_evaluate)
261 of 328 steps (80%) done
[Wed Apr 29 22:32:54 2026]
Finished jobid: 89 (Rule: synth_evaluate)
262 of 328 steps (80%) done
Select jobs to execute...
Execute 2 jobs...
[Wed Apr 29 22:32:54 2026]
localrule synth_evaluate:
    input: results/synth/regime=easy/d=10/num_cycles=4/density=0.8/samp_size=500/seed=2/dataset.npz, results/synth/regime=easy/d=10/num_cycles=4/density=0.8/samp_size=500/seed=2/method=lacerda/model.pkl
    output: results/synth/regime=easy/d=10/num_cycles=4/density=0.8/samp_size=500/seed=2/method=lacerda/metrics.csv
    jobid: 280
    reason: Missing output files: results/synth/regime=easy/d=10/num_cycles=4/density=0.8/samp_size=500/seed=2/method=lacerda/metrics.csv; Input files updated by another job: results/synth/regime=easy/d=10/num_cycles=4/density=0.8/samp_size=500/seed=2/dataset.npz, results/synth/regime=easy/d=10/num_cycles=4/density=0.8/samp_size=500/seed=2/method=lacerda/model.pkl
    wildcards: regime=easy, d=10, num_cycles=4, density=0.8, samp_size=500, seed=2, method=lacerda
    resources: tmpdir=/tmp
[Wed Apr 29 22:32:54 2026]
localrule synth_fit:
    input: results/synth/regime=easy/d=10/num_cycles=5/density=0.8/samp_size=500/seed=0/dataset.npz
    output: results/synth/regime=easy/d=10/num_cycles=5/density=0.8/samp_size=500/seed=0/method=lacerda/model.pkl
    jobid: 312
    reason: Missing output files: results/synth/regime=easy/d=10/num_cycles=5/density=0.8/samp_size=500/seed=0/method=lacerda/model.pkl; Input files updated by another job: results/synth/regime=easy/d=10/num_cycles=5/density=0.8/samp_size=500/seed=0/dataset.npz
    wildcards: regime=easy, d=10, num_cycles=5, density=0.8, samp_size=500, seed=0, method=lacerda
    resources: tmpdir=/tmp
[Wed Apr 29 22:32:54 2026]
Finished jobid: 105 (Rule: synth_generate)
263 of 328 steps (80%) done
[Wed Apr 29 22:32:54 2026]
Finished jobid: 140 (Rule: synth_fit)
264 of 328 steps (80%) done
Select jobs to execute...
Execute 2 jobs...
[Wed Apr 29 22:32:54 2026]
localrule synth_evaluate:
    input: results/synth/regime=easy/d=10/num_cycles=3/density=0.5/samp_size=1000/seed=0/dataset.npz, results/synth/regime=easy/d=10/num_cycles=3/density=0.5/samp_size=1000/seed=0/method=lacerda/model.pkl
    output: results/synth/regime=easy/d=10/num_cycles=3/density=0.5/samp_size=1000/seed=0/method=lacerda/metrics.csv
    jobid: 138
    reason: Missing output files: results/synth/regime=easy/d=10/num_cycles=3/density=0.5/samp_size=1000/seed=0/method=lacerda/metrics.csv; Input files updated by another job: results/synth/regime=easy/d=10/num_cycles=3/density=0.5/samp_size=1000/seed=0/dataset.npz, results/synth/regime=easy/d=10/num_cycles=3/density=0.5/samp_size=1000/seed=0/method=lacerda/model.pkl
    wildcards: regime=easy, d=10, num_cycles=3, density=0.5, samp_size=1000, seed=0, method=lacerda
    resources: tmpdir=/tmp
[Wed Apr 29 22:32:54 2026]
localrule synth_evaluate:
    input: results/synth/regime=easy/d=10/num_cycles=5/density=0.5/samp_size=500/seed=1/dataset.npz, results/synth/regime=easy/d=10/num_cycles=5/density=0.5/samp_size=500/seed=1/method=lacerda/model.pkl
    output: results/synth/regime=easy/d=10/num_cycles=5/density=0.5/samp_size=500/seed=1/method=lacerda/metrics.csv
    jobid: 204
    reason: Missing output files: results/synth/regime=easy/d=10/num_cycles=5/density=0.5/samp_size=500/seed=1/method=lacerda/metrics.csv; Input files updated by another job: results/synth/regime=easy/d=10/num_cycles=5/density=0.5/samp_size=500/seed=1/dataset.npz, results/synth/regime=easy/d=10/num_cycles=5/density=0.5/samp_size=500/seed=1/method=lacerda/model.pkl
    wildcards: regime=easy, d=10, num_cycles=5, density=0.5, samp_size=500, seed=1, method=lacerda
    resources: tmpdir=/tmp
[Wed Apr 29 22:32:54 2026]
Finished jobid: 60 (Rule: synth_generate)
265 of 328 steps (81%) done
Select jobs to execute...
Execute 1 jobs...
[Wed Apr 29 22:32:54 2026]
localrule synth_evaluate:
    input: results/synth/regime=easy/d=10/num_cycles=3/density=0.3/samp_size=1000/seed=1/dataset.npz, results/synth/regime=easy/d=10/num_cycles=3/density=0.3/samp_size=1000/seed=1/method=lacerda/model.pkl
    output: results/synth/regime=easy/d=10/num_cycles=3/density=0.3/samp_size=1000/seed=1/method=lacerda/metrics.csv
    jobid: 32
    reason: Missing output files: results/synth/regime=easy/d=10/num_cycles=3/density=0.3/samp_size=1000/seed=1/method=lacerda/metrics.csv; Input files updated by another job: results/synth/regime=easy/d=10/num_cycles=3/density=0.3/samp_size=1000/seed=1/method=lacerda/model.pkl, results/synth/regime=easy/d=10/num_cycles=3/density=0.3/samp_size=1000/seed=1/dataset.npz
    wildcards: regime=easy, d=10, num_cycles=3, density=0.3, samp_size=1000, seed=1, method=lacerda
    resources: tmpdir=/tmp
Select jobs to execute...
[Wed Apr 29 22:32:54 2026]
Finished jobid: 289 (Rule: synth_evaluate)
266 of 328 steps (81%) done
Execute 1 jobs...
[Wed Apr 29 22:32:55 2026]
localrule synth_evaluate:
    input: results/synth/regime=easy/d=10/num_cycles=3/density=0.8/samp_size=50/seed=2/dataset.npz, results/synth/regime=easy/d=10/num_cycles=3/density=0.8/samp_size=50/seed=2/method=lacerda/model.pkl
    output: results/synth/regime=easy/d=10/num_cycles=3/density=0.8/samp_size=50/seed=2/method=lacerda/metrics.csv
    jobid: 226
    reason: Missing output files: results/synth/regime=easy/d=10/num_cycles=3/density=0.8/samp_size=50/seed=2/method=lacerda/metrics.csv; Input files updated by another job: results/synth/regime=easy/d=10/num_cycles=3/density=0.8/samp_size=50/seed=2/dataset.npz, results/synth/regime=easy/d=10/num_cycles=3/density=0.8/samp_size=50/seed=2/method=lacerda/model.pkl
    wildcards: regime=easy, d=10, num_cycles=3, density=0.8, samp_size=50, seed=2, method=lacerda
    resources: tmpdir=/tmp
Select jobs to execute...
[Wed Apr 29 22:32:55 2026]
Finished jobid: 82 (Rule: synth_fit)
267 of 328 steps (81%) done
Execute 1 jobs...
[Wed Apr 29 22:32:55 2026]
localrule synth_evaluate:
    input: results/synth/regime=easy/d=10/num_cycles=3/density=0.3/samp_size=500/seed=0/dataset.npz, results/synth/regime=easy/d=10/num_cycles=3/density=0.3/samp_size=500/seed=0/method=lacerda/model.pkl
    output: results/synth/regime=easy/d=10/num_cycles=3/density=0.3/samp_size=500/seed=0/method=lacerda/metrics.csv
    jobid: 20
    reason: Missing output files: results/synth/regime=easy/d=10/num_cycles=3/density=0.3/samp_size=500/seed=0/method=lacerda/metrics.csv; Input files updated by another job: results/synth/regime=easy/d=10/num_cycles=3/density=0.3/samp_size=500/seed=0/method=lacerda/model.pkl, results/synth/regime=easy/d=10/num_cycles=3/density=0.3/samp_size=500/seed=0/dataset.npz
    wildcards: regime=easy, d=10, num_cycles=3, density=0.3, samp_size=500, seed=0, method=lacerda
    resources: tmpdir=/tmp
Select jobs to execute...
[Wed Apr 29 22:32:55 2026]
Finished jobid: 168 (Rule: synth_evaluate)
268 of 328 steps (82%) done
Execute 1 jobs...
[Wed Apr 29 22:32:55 2026]
localrule synth_fit:
    input: results/synth/regime=easy/d=10/num_cycles=5/density=0.3/samp_size=1000/seed=1/dataset.npz
    output: results/synth/regime=easy/d=10/num_cycles=5/density=0.3/samp_size=1000/seed=1/method=lacerda/model.pkl
    jobid: 106
    reason: Missing output files: results/synth/regime=easy/d=10/num_cycles=5/density=0.3/samp_size=1000/seed=1/method=lacerda/model.pkl; Input files updated by another job: results/synth/regime=easy/d=10/num_cycles=5/density=0.3/samp_size=1000/seed=1/dataset.npz
    wildcards: regime=easy, d=10, num_cycles=5, density=0.3, samp_size=1000, seed=1, method=lacerda
    resources: tmpdir=/tmp
Select jobs to execute...
[Wed Apr 29 22:32:55 2026]
Finished jobid: 313 (Rule: synth_evaluate)
269 of 328 steps (82%) done
Execute 1 jobs...
[Wed Apr 29 22:32:55 2026]
localrule synth_fit:
    input: results/synth/regime=easy/d=10/num_cycles=5/density=0.5/samp_size=50/seed=2/dataset.npz
    output: results/synth/regime=easy/d=10/num_cycles=5/density=0.5/samp_size=50/seed=2/method=lacerda/model.pkl
    jobid: 191
    reason: Missing output files: results/synth/regime=easy/d=10/num_cycles=5/density=0.5/samp_size=50/seed=2/method=lacerda/model.pkl; Input files updated by another job: results/synth/regime=easy/d=10/num_cycles=5/density=0.5/samp_size=50/seed=2/dataset.npz
    wildcards: regime=easy, d=10, num_cycles=5, density=0.5, samp_size=50, seed=2, method=lacerda
    resources: tmpdir=/tmp
[Wed Apr 29 22:32:55 2026]
Finished jobid: 94 (Rule: synth_fit)
270 of 328 steps (82%) done
Select jobs to execute...
Execute 1 jobs...
[Wed Apr 29 22:32:55 2026]
localrule synth_fit:
    input: results/synth/regime=easy/d=10/num_cycles=4/density=0.3/samp_size=500/seed=2/dataset.npz
    output: results/synth/regime=easy/d=10/num_cycles=4/density=0.3/samp_size=500/seed=2/method=lacerda/model.pkl
    jobid: 64
    reason: Missing output files: results/synth/regime=easy/d=10/num_cycles=4/density=0.3/samp_size=500/seed=2/method=lacerda/model.pkl; Input files updated by another job: results/synth/regime=easy/d=10/num_cycles=4/density=0.3/samp_size=500/seed=2/dataset.npz
    wildcards: regime=easy, d=10, num_cycles=4, density=0.3, samp_size=500, seed=2, method=lacerda
    resources: tmpdir=/tmp
Select jobs to execute...
[Wed Apr 29 22:32:55 2026]
Finished jobid: 49 (Rule: synth_fit)
271 of 328 steps (83%) done
Execute 1 jobs...
[Wed Apr 29 22:32:55 2026]
localrule synth_fit:
    input: results/synth/regime=easy/d=10/num_cycles=5/density=0.5/samp_size=50/seed=1/dataset.npz
    output: results/synth/regime=easy/d=10/num_cycles=5/density=0.5/samp_size=50/seed=1/method=lacerda/model.pkl
    jobid: 188
    reason: Missing output files: results/synth/regime=easy/d=10/num_cycles=5/density=0.5/samp_size=50/seed=1/method=lacerda/model.pkl; Input files updated by another job: results/synth/regime=easy/d=10/num_cycles=5/density=0.5/samp_size=50/seed=1/dataset.npz
    wildcards: regime=easy, d=10, num_cycles=5, density=0.5, samp_size=50, seed=1, method=lacerda
    resources: tmpdir=/tmp
Select jobs to execute...
[Wed Apr 29 22:32:55 2026]
Finished jobid: 192 (Rule: synth_evaluate)
272 of 328 steps (83%) done
Execute 1 jobs...
[Wed Apr 29 22:32:55 2026]
localrule synth_evaluate:
    input: results/synth/regime=easy/d=10/num_cycles=4/density=0.3/samp_size=100/seed=0/dataset.npz, results/synth/regime=easy/d=10/num_cycles=4/density=0.3/samp_size=100/seed=0/method=lacerda/model.pkl
    output: results/synth/regime=easy/d=10/num_cycles=4/density=0.3/samp_size=100/seed=0/method=lacerda/metrics.csv
    jobid: 47
    reason: Missing output files: results/synth/regime=easy/d=10/num_cycles=4/density=0.3/samp_size=100/seed=0/method=lacerda/metrics.csv; Input files updated by another job: results/synth/regime=easy/d=10/num_cycles=4/density=0.3/samp_size=100/seed=0/method=lacerda/model.pkl, results/synth/regime=easy/d=10/num_cycles=4/density=0.3/samp_size=100/seed=0/dataset.npz
    wildcards: regime=easy, d=10, num_cycles=4, density=0.3, samp_size=100, seed=0, method=lacerda
    resources: tmpdir=/tmp
Select jobs to execute...
[Wed Apr 29 22:32:55 2026]
Finished jobid: 225 (Rule: synth_fit)
273 of 328 steps (83%) done
Execute 1 jobs...
[Wed Apr 29 22:32:55 2026]
localrule synth_fit:
    input: results/synth/regime=easy/d=10/num_cycles=4/density=0.3/samp_size=500/seed=1/dataset.npz
    output: results/synth/regime=easy/d=10/num_cycles=4/density=0.3/samp_size=500/seed=1/method=lacerda/model.pkl
    jobid: 61
    reason: Missing output files: results/synth/regime=easy/d=10/num_cycles=4/density=0.3/samp_size=500/seed=1/method=lacerda/model.pkl; Input files updated by another job: results/synth/regime=easy/d=10/num_cycles=4/density=0.3/samp_size=500/seed=1/dataset.npz
    wildcards: regime=easy, d=10, num_cycles=4, density=0.3, samp_size=500, seed=1, method=lacerda
    resources: tmpdir=/tmp
Select jobs to execute...
[Wed Apr 29 22:32:55 2026]
Finished jobid: 292 (Rule: synth_evaluate)
274 of 328 steps (84%) done
Execute 1 jobs...
[Wed Apr 29 22:32:55 2026]
localrule synth_evaluate:
    input: results/synth/regime=easy/d=10/num_cycles=5/density=0.3/samp_size=50/seed=2/dataset.npz, results/synth/regime=easy/d=10/num_cycles=5/density=0.3/samp_size=50/seed=2/method=lacerda/model.pkl
    output: results/synth/regime=easy/d=10/num_cycles=5/density=0.3/samp_size=50/seed=2/method=lacerda/metrics.csv
    jobid: 80
    reason: Missing output files: results/synth/regime=easy/d=10/num_cycles=5/density=0.3/samp_size=50/seed=2/method=lacerda/metrics.csv; Input files updated by another job: results/synth/regime=easy/d=10/num_cycles=5/density=0.3/samp_size=50/seed=2/method=lacerda/model.pkl, results/synth/regime=easy/d=10/num_cycles=5/density=0.3/samp_size=50/seed=2/dataset.npz
    wildcards: regime=easy, d=10, num_cycles=5, density=0.3, samp_size=50, seed=2, method=lacerda
    resources: tmpdir=/tmp
Select jobs to execute...
[Wed Apr 29 22:32:55 2026]
Finished jobid: 147 (Rule: synth_evaluate)
275 of 328 steps (84%) done
Execute 1 jobs...
[Wed Apr 29 22:32:55 2026]
localrule synth_evaluate:
    input: results/synth/regime=easy/d=10/num_cycles=5/density=0.3/samp_size=500/seed=0/dataset.npz, results/synth/regime=easy/d=10/num_cycles=5/density=0.3/samp_size=500/seed=0/method=lacerda/model.pkl
    output: results/synth/regime=easy/d=10/num_cycles=5/density=0.3/samp_size=500/seed=0/method=lacerda/metrics.csv
    jobid: 92
    reason: Missing output files: results/synth/regime=easy/d=10/num_cycles=5/density=0.3/samp_size=500/seed=0/method=lacerda/metrics.csv; Input files updated by another job: results/synth/regime=easy/d=10/num_cycles=5/density=0.3/samp_size=500/seed=0/dataset.npz, results/synth/regime=easy/d=10/num_cycles=5/density=0.3/samp_size=500/seed=0/method=lacerda/model.pkl
    wildcards: regime=easy, d=10, num_cycles=5, density=0.3, samp_size=500, seed=0, method=lacerda
    resources: tmpdir=/tmp
Select jobs to execute...
[Wed Apr 29 22:32:55 2026]
Finished jobid: 143 (Rule: synth_fit)
276 of 328 steps (84%) done
Execute 1 jobs...
[Wed Apr 29 22:32:55 2026]
localrule synth_evaluate:
    input: results/synth/regime=easy/d=10/num_cycles=3/density=0.8/samp_size=50/seed=1/dataset.npz, results/synth/regime=easy/d=10/num_cycles=3/density=0.8/samp_size=50/seed=1/method=lacerda/model.pkl
    output: results/synth/regime=easy/d=10/num_cycles=3/density=0.8/samp_size=50/seed=1/method=lacerda/metrics.csv
    jobid: 223
    reason: Missing output files: results/synth/regime=easy/d=10/num_cycles=3/density=0.8/samp_size=50/seed=1/method=lacerda/metrics.csv; Input files updated by another job: results/synth/regime=easy/d=10/num_cycles=3/density=0.8/samp_size=50/seed=1/method=lacerda/model.pkl, results/synth/regime=easy/d=10/num_cycles=3/density=0.8/samp_size=50/seed=1/dataset.npz
    wildcards: regime=easy, d=10, num_cycles=3, density=0.8, samp_size=50, seed=1, method=lacerda
    resources: tmpdir=/tmp
Select jobs to execute...
[Wed Apr 29 22:32:55 2026]
Finished jobid: 247 (Rule: synth_evaluate)
277 of 328 steps (84%) done
Execute 1 jobs...
[Wed Apr 29 22:32:55 2026]
localrule synth_fit:
    input: results/synth/regime=easy/d=10/num_cycles=5/density=0.5/samp_size=50/seed=0/dataset.npz
    output: results/synth/regime=easy/d=10/num_cycles=5/density=0.5/samp_size=50/seed=0/method=lacerda/model.pkl
    jobid: 185
    reason: Missing output files: results/synth/regime=easy/d=10/num_cycles=5/density=0.5/samp_size=50/seed=0/method=lacerda/model.pkl; Input files updated by another job: results/synth/regime=easy/d=10/num_cycles=5/density=0.5/samp_size=50/seed=0/dataset.npz
    wildcards: regime=easy, d=10, num_cycles=5, density=0.5, samp_size=50, seed=0, method=lacerda
    resources: tmpdir=/tmp
Select jobs to execute...
[Wed Apr 29 22:32:55 2026]
Finished jobid: 17 (Rule: synth_evaluate)
278 of 328 steps (85%) done
Execute 1 jobs...
[Wed Apr 29 22:32:55 2026]
localrule synth_evaluate:
    input: results/synth/regime=easy/d=10/num_cycles=3/density=0.5/samp_size=1000/seed=1/dataset.npz, results/synth/regime=easy/d=10/num_cycles=3/density=0.5/samp_size=1000/seed=1/method=lacerda/model.pkl
    output: results/synth/regime=easy/d=10/num_cycles=3/density=0.5/samp_size=1000/seed=1/method=lacerda/metrics.csv
    jobid: 141
    reason: Missing output files: results/synth/regime=easy/d=10/num_cycles=3/density=0.5/samp_size=1000/seed=1/method=lacerda/metrics.csv; Input files updated by another job: results/synth/regime=easy/d=10/num_cycles=3/density=0.5/samp_size=1000/seed=1/dataset.npz, results/synth/regime=easy/d=10/num_cycles=3/density=0.5/samp_size=1000/seed=1/method=lacerda/model.pkl
    wildcards: regime=easy, d=10, num_cycles=3, density=0.5, samp_size=1000, seed=1, method=lacerda
    resources: tmpdir=/tmp
[Wed Apr 29 22:32:55 2026]
Finished jobid: 103 (Rule: synth_fit)
279 of 328 steps (85%) done
Select jobs to execute...
Execute 1 jobs...
[Wed Apr 29 22:32:55 2026]
localrule synth_evaluate:
    input: results/synth/regime=easy/d=10/num_cycles=5/density=0.3/samp_size=1000/seed=0/dataset.npz, results/synth/regime=easy/d=10/num_cycles=5/density=0.3/samp_size=1000/seed=0/method=lacerda/model.pkl
    output: results/synth/regime=easy/d=10/num_cycles=5/density=0.3/samp_size=1000/seed=0/method=lacerda/metrics.csv
    jobid: 101
    reason: Missing output files: results/synth/regime=easy/d=10/num_cycles=5/density=0.3/samp_size=1000/seed=0/method=lacerda/metrics.csv; Input files updated by another job: results/synth/regime=easy/d=10/num_cycles=5/density=0.3/samp_size=1000/seed=0/method=lacerda/model.pkl, results/synth/regime=easy/d=10/num_cycles=5/density=0.3/samp_size=1000/seed=0/dataset.npz
    wildcards: regime=easy, d=10, num_cycles=5, density=0.3, samp_size=1000, seed=0, method=lacerda
    resources: tmpdir=/tmp
[Wed Apr 29 22:32:55 2026]
Finished jobid: 220 (Rule: synth_evaluate)
280 of 328 steps (85%) done
[Wed Apr 29 22:32:55 2026]
Finished jobid: 70 (Rule: synth_fit)
281 of 328 steps (86%) done
Select jobs to execute...
Execute 1 jobs...
[Wed Apr 29 22:32:55 2026]
localrule synth_evaluate:
    input: results/synth/regime=easy/d=10/num_cycles=4/density=0.3/samp_size=1000/seed=1/dataset.npz, results/synth/regime=easy/d=10/num_cycles=4/density=0.3/samp_size=1000/seed=1/method=lacerda/model.pkl
    output: results/synth/regime=easy/d=10/num_cycles=4/density=0.3/samp_size=1000/seed=1/method=lacerda/metrics.csv
    jobid: 68
    reason: Missing output files: results/synth/regime=easy/d=10/num_cycles=4/density=0.3/samp_size=1000/seed=1/method=lacerda/metrics.csv; Input files updated by another job: results/synth/regime=easy/d=10/num_cycles=4/density=0.3/samp_size=1000/seed=1/method=lacerda/model.pkl, results/synth/regime=easy/d=10/num_cycles=4/density=0.3/samp_size=1000/seed=1/dataset.npz
    wildcards: regime=easy, d=10, num_cycles=4, density=0.3, samp_size=1000, seed=1, method=lacerda
    resources: tmpdir=/tmp
[Wed Apr 29 22:32:55 2026]
Finished jobid: 153 (Rule: synth_evaluate)
282 of 328 steps (86%) done
[Wed Apr 29 22:32:55 2026]
Finished jobid: 152 (Rule: synth_fit)
283 of 328 steps (86%) done
Select jobs to execute...
Execute 1 jobs...
[Wed Apr 29 22:32:55 2026]
localrule synth_evaluate:
    input: results/synth/regime=easy/d=10/num_cycles=4/density=0.5/samp_size=50/seed=1/dataset.npz, results/synth/regime=easy/d=10/num_cycles=4/density=0.5/samp_size=50/seed=1/method=lacerda/model.pkl
    output: results/synth/regime=easy/d=10/num_cycles=4/density=0.5/samp_size=50/seed=1/method=lacerda/metrics.csv
    jobid: 150
    reason: Missing output files: results/synth/regime=easy/d=10/num_cycles=4/density=0.5/samp_size=50/seed=1/method=lacerda/metrics.csv; Input files updated by another job: results/synth/regime=easy/d=10/num_cycles=4/density=0.5/samp_size=50/seed=1/method=lacerda/model.pkl, results/synth/regime=easy/d=10/num_cycles=4/density=0.5/samp_size=50/seed=1/dataset.npz
    wildcards: regime=easy, d=10, num_cycles=4, density=0.5, samp_size=50, seed=1, method=lacerda
    resources: tmpdir=/tmp
[Wed Apr 29 22:32:55 2026]
Finished jobid: 65 (Rule: synth_evaluate)
284 of 328 steps (87%) done
[Wed Apr 29 22:32:55 2026]
Finished jobid: 71 (Rule: synth_evaluate)
285 of 328 steps (87%) done
[Wed Apr 29 22:32:55 2026]
Finished jobid: 23 (Rule: synth_evaluate)
286 of 328 steps (87%) done
[Wed Apr 29 22:32:55 2026]
Finished jobid: 159 (Rule: synth_evaluate)
287 of 328 steps (88%) done
[Wed Apr 29 22:32:55 2026]
Finished jobid: 26 (Rule: synth_evaluate)
288 of 328 steps (88%) done
[Wed Apr 29 22:32:55 2026]
Finished jobid: 209 (Rule: synth_fit)
289 of 328 steps (88%) done
Select jobs to execute...
Execute 1 jobs...
[Wed Apr 29 22:32:55 2026]
localrule synth_evaluate:
    input: results/synth/regime=easy/d=10/num_cycles=5/density=0.5/samp_size=500/seed=2/dataset.npz, results/synth/regime=easy/d=10/num_cycles=5/density=0.5/samp_size=500/seed=2/method=lacerda/model.pkl
    output: results/synth/regime=easy/d=10/num_cycles=5/density=0.5/samp_size=500/seed=2/method=lacerda/metrics.csv
    jobid: 207
    reason: Missing output files: results/synth/regime=easy/d=10/num_cycles=5/density=0.5/samp_size=500/seed=2/method=lacerda/metrics.csv; Input files updated by another job: results/synth/regime=easy/d=10/num_cycles=5/density=0.5/samp_size=500/seed=2/method=lacerda/model.pkl, results/synth/regime=easy/d=10/num_cycles=5/density=0.5/samp_size=500/seed=2/dataset.npz
    wildcards: regime=easy, d=10, num_cycles=5, density=0.5, samp_size=500, seed=2, method=lacerda
    resources: tmpdir=/tmp
[Wed Apr 29 22:32:56 2026]
Finished jobid: 138 (Rule: synth_evaluate)
290 of 328 steps (88%) done
[Wed Apr 29 22:32:56 2026]
Finished jobid: 312 (Rule: synth_fit)
291 of 328 steps (89%) done
Select jobs to execute...
Execute 1 jobs...
[Wed Apr 29 22:32:56 2026]
localrule synth_evaluate:
    input: results/synth/regime=easy/d=10/num_cycles=5/density=0.8/samp_size=500/seed=0/dataset.npz, results/synth/regime=easy/d=10/num_cycles=5/density=0.8/samp_size=500/seed=0/method=lacerda/model.pkl
    output: results/synth/regime=easy/d=10/num_cycles=5/density=0.8/samp_size=500/seed=0/method=lacerda/metrics.csv
    jobid: 310
    reason: Missing output files: results/synth/regime=easy/d=10/num_cycles=5/density=0.8/samp_size=500/seed=0/method=lacerda/metrics.csv; Input files updated by another job: results/synth/regime=easy/d=10/num_cycles=5/density=0.8/samp_size=500/seed=0/dataset.npz, results/synth/regime=easy/d=10/num_cycles=5/density=0.8/samp_size=500/seed=0/method=lacerda/model.pkl
    wildcards: regime=easy, d=10, num_cycles=5, density=0.8, samp_size=500, seed=0, method=lacerda
    resources: tmpdir=/tmp
[Wed Apr 29 22:32:56 2026]
Finished jobid: 32 (Rule: synth_evaluate)
292 of 328 steps (89%) done
[Wed Apr 29 22:32:56 2026]
Finished jobid: 204 (Rule: synth_evaluate)
293 of 328 steps (89%) done
[Wed Apr 29 22:32:56 2026]
Finished jobid: 280 (Rule: synth_evaluate)
294 of 328 steps (90%) done
[Wed Apr 29 22:32:56 2026]
Finished jobid: 226 (Rule: synth_evaluate)
295 of 328 steps (90%) done
[Wed Apr 29 22:32:56 2026]
Finished jobid: 20 (Rule: synth_evaluate)
296 of 328 steps (90%) done
[Wed Apr 29 22:32:56 2026]
Finished jobid: 106 (Rule: synth_fit)
297 of 328 steps (91%) done
Select jobs to execute...
Execute 1 jobs...
[Wed Apr 29 22:32:56 2026]
localrule synth_evaluate:
    input: results/synth/regime=easy/d=10/num_cycles=5/density=0.3/samp_size=1000/seed=1/dataset.npz, results/synth/regime=easy/d=10/num_cycles=5/density=0.3/samp_size=1000/seed=1/method=lacerda/model.pkl
    output: results/synth/regime=easy/d=10/num_cycles=5/density=0.3/samp_size=1000/seed=1/method=lacerda/metrics.csv
    jobid: 104
    reason: Missing output files: results/synth/regime=easy/d=10/num_cycles=5/density=0.3/samp_size=1000/seed=1/method=lacerda/metrics.csv; Input files updated by another job: results/synth/regime=easy/d=10/num_cycles=5/density=0.3/samp_size=1000/seed=1/dataset.npz, results/synth/regime=easy/d=10/num_cycles=5/density=0.3/samp_size=1000/seed=1/method=lacerda/model.pkl
    wildcards: regime=easy, d=10, num_cycles=5, density=0.3, samp_size=1000, seed=1, method=lacerda
    resources: tmpdir=/tmp
[Wed Apr 29 22:32:56 2026]
Finished jobid: 188 (Rule: synth_fit)
298 of 328 steps (91%) done
Select jobs to execute...
Execute 1 jobs...
[Wed Apr 29 22:32:56 2026]
localrule synth_evaluate:
    input: results/synth/regime=easy/d=10/num_cycles=5/density=0.5/samp_size=50/seed=1/dataset.npz, results/synth/regime=easy/d=10/num_cycles=5/density=0.5/samp_size=50/seed=1/method=lacerda/model.pkl
    output: results/synth/regime=easy/d=10/num_cycles=5/density=0.5/samp_size=50/seed=1/method=lacerda/metrics.csv
    jobid: 186
    reason: Missing output files: results/synth/regime=easy/d=10/num_cycles=5/density=0.5/samp_size=50/seed=1/method=lacerda/metrics.csv; Input files updated by another job: results/synth/regime=easy/d=10/num_cycles=5/density=0.5/samp_size=50/seed=1/dataset.npz, results/synth/regime=easy/d=10/num_cycles=5/density=0.5/samp_size=50/seed=1/method=lacerda/model.pkl
    wildcards: regime=easy, d=10, num_cycles=5, density=0.5, samp_size=50, seed=1, method=lacerda
    resources: tmpdir=/tmp
[Wed Apr 29 22:32:56 2026]
Finished jobid: 64 (Rule: synth_fit)
299 of 328 steps (91%) done
Select jobs to execute...
Execute 1 jobs...
[Wed Apr 29 22:32:56 2026]
localrule synth_evaluate:
    input: results/synth/regime=easy/d=10/num_cycles=4/density=0.3/samp_size=500/seed=2/dataset.npz, results/synth/regime=easy/d=10/num_cycles=4/density=0.3/samp_size=500/seed=2/method=lacerda/model.pkl
    output: results/synth/regime=easy/d=10/num_cycles=4/density=0.3/samp_size=500/seed=2/method=lacerda/metrics.csv
    jobid: 62
    reason: Missing output files: results/synth/regime=easy/d=10/num_cycles=4/density=0.3/samp_size=500/seed=2/method=lacerda/metrics.csv; Input files updated by another job: results/synth/regime=easy/d=10/num_cycles=4/density=0.3/samp_size=500/seed=2/dataset.npz, results/synth/regime=easy/d=10/num_cycles=4/density=0.3/samp_size=500/seed=2/method=lacerda/model.pkl
    wildcards: regime=easy, d=10, num_cycles=4, density=0.3, samp_size=500, seed=2, method=lacerda
    resources: tmpdir=/tmp
[Wed Apr 29 22:32:56 2026]
Finished jobid: 270 (Rule: synth_fit)
300 of 328 steps (91%) done
Select jobs to execute...
Execute 1 jobs...
[Wed Apr 29 22:32:56 2026]
localrule synth_evaluate:
    input: results/synth/regime=easy/d=10/num_cycles=4/density=0.8/samp_size=100/seed=1/dataset.npz, results/synth/regime=easy/d=10/num_cycles=4/density=0.8/samp_size=100/seed=1/method=lacerda/model.pkl
    output: results/synth/regime=easy/d=10/num_cycles=4/density=0.8/samp_size=100/seed=1/method=lacerda/metrics.csv
    jobid: 268
    reason: Missing output files: results/synth/regime=easy/d=10/num_cycles=4/density=0.8/samp_size=100/seed=1/method=lacerda/metrics.csv; Input files updated by another job: results/synth/regime=easy/d=10/num_cycles=4/density=0.8/samp_size=100/seed=1/method=lacerda/model.pkl, results/synth/regime=easy/d=10/num_cycles=4/density=0.8/samp_size=100/seed=1/dataset.npz
    wildcards: regime=easy, d=10, num_cycles=4, density=0.8, samp_size=100, seed=1, method=lacerda
    resources: tmpdir=/tmp
[Wed Apr 29 22:32:56 2026]
Finished jobid: 47 (Rule: synth_evaluate)
301 of 328 steps (92%) done
[Wed Apr 29 22:32:56 2026]
Finished jobid: 80 (Rule: synth_evaluate)
302 of 328 steps (92%) done
[Wed Apr 29 22:32:56 2026]
Finished jobid: 61 (Rule: synth_fit)
303 of 328 steps (92%) done
Select jobs to execute...
Execute 1 jobs...
[Wed Apr 29 22:32:56 2026]
localrule synth_evaluate:
    input: results/synth/regime=easy/d=10/num_cycles=4/density=0.3/samp_size=500/seed=1/dataset.npz, results/synth/regime=easy/d=10/num_cycles=4/density=0.3/samp_size=500/seed=1/method=lacerda/model.pkl
    output: results/synth/regime=easy/d=10/num_cycles=4/density=0.3/samp_size=500/seed=1/method=lacerda/metrics.csv
    jobid: 59
    reason: Missing output files: results/synth/regime=easy/d=10/num_cycles=4/density=0.3/samp_size=500/seed=1/method=lacerda/metrics.csv; Input files updated by another job: results/synth/regime=easy/d=10/num_cycles=4/density=0.3/samp_size=500/seed=1/method=lacerda/model.pkl, results/synth/regime=easy/d=10/num_cycles=4/density=0.3/samp_size=500/seed=1/dataset.npz
    wildcards: regime=easy, d=10, num_cycles=4, density=0.3, samp_size=500, seed=1, method=lacerda
    resources: tmpdir=/tmp
[Wed Apr 29 22:32:56 2026]
Finished jobid: 191 (Rule: synth_fit)
304 of 328 steps (93%) done
Select jobs to execute...
Execute 1 jobs...
[Wed Apr 29 22:32:56 2026]
localrule synth_evaluate:
    input: results/synth/regime=easy/d=10/num_cycles=5/density=0.5/samp_size=50/seed=2/dataset.npz, results/synth/regime=easy/d=10/num_cycles=5/density=0.5/samp_size=50/seed=2/method=lacerda/model.pkl
    output: results/synth/regime=easy/d=10/num_cycles=5/density=0.5/samp_size=50/seed=2/method=lacerda/metrics.csv
    jobid: 189
    reason: Missing output files: results/synth/regime=easy/d=10/num_cycles=5/density=0.5/samp_size=50/seed=2/method=lacerda/metrics.csv; Input files updated by another job: results/synth/regime=easy/d=10/num_cycles=5/density=0.5/samp_size=50/seed=2/method=lacerda/model.pkl, results/synth/regime=easy/d=10/num_cycles=5/density=0.5/samp_size=50/seed=2/dataset.npz
    wildcards: regime=easy, d=10, num_cycles=5, density=0.5, samp_size=50, seed=2, method=lacerda
    resources: tmpdir=/tmp
[Wed Apr 29 22:32:56 2026]
Finished jobid: 92 (Rule: synth_evaluate)
305 of 328 steps (93%) done
[Wed Apr 29 22:32:56 2026]
Finished jobid: 16 (Rule: synth_fit)
306 of 328 steps (93%) done
Select jobs to execute...
Execute 1 jobs...
[Wed Apr 29 22:32:56 2026]
localrule synth_evaluate:
    input: results/synth/regime=easy/d=10/num_cycles=3/density=0.3/samp_size=100/seed=1/dataset.npz, results/synth/regime=easy/d=10/num_cycles=3/density=0.3/samp_size=100/seed=1/method=lacerda/model.pkl
    output: results/synth/regime=easy/d=10/num_cycles=3/density=0.3/samp_size=100/seed=1/method=lacerda/metrics.csv
    jobid: 14
    reason: Missing output files: results/synth/regime=easy/d=10/num_cycles=3/density=0.3/samp_size=100/seed=1/method=lacerda/metrics.csv; Input files updated by another job: results/synth/regime=easy/d=10/num_cycles=3/density=0.3/samp_size=100/seed=1/method=lacerda/model.pkl, results/synth/regime=easy/d=10/num_cycles=3/density=0.3/samp_size=100/seed=1/dataset.npz
    wildcards: regime=easy, d=10, num_cycles=3, density=0.3, samp_size=100, seed=1, method=lacerda
    resources: tmpdir=/tmp
[Wed Apr 29 22:32:56 2026]
Finished jobid: 223 (Rule: synth_evaluate)
307 of 328 steps (94%) done
[Wed Apr 29 22:32:56 2026]
Finished jobid: 141 (Rule: synth_evaluate)
308 of 328 steps (94%) done
[Wed Apr 29 22:32:56 2026]
Finished jobid: 101 (Rule: synth_evaluate)
309 of 328 steps (94%) done
[Wed Apr 29 22:32:56 2026]
Finished jobid: 68 (Rule: synth_evaluate)
310 of 328 steps (95%) done
[Wed Apr 29 22:32:56 2026]
Finished jobid: 197 (Rule: synth_fit)
311 of 328 steps (95%) done
Select jobs to execute...
Execute 1 jobs...
[Wed Apr 29 22:32:56 2026]
localrule synth_evaluate:
    input: results/synth/regime=easy/d=10/num_cycles=5/density=0.5/samp_size=100/seed=1/dataset.npz, results/synth/regime=easy/d=10/num_cycles=5/density=0.5/samp_size=100/seed=1/method=lacerda/model.pkl
    output: results/synth/regime=easy/d=10/num_cycles=5/density=0.5/samp_size=100/seed=1/method=lacerda/metrics.csv
    jobid: 195
    reason: Missing output files: results/synth/regime=easy/d=10/num_cycles=5/density=0.5/samp_size=100/seed=1/method=lacerda/metrics.csv; Input files updated by another job: results/synth/regime=easy/d=10/num_cycles=5/density=0.5/samp_size=100/seed=1/method=lacerda/model.pkl, results/synth/regime=easy/d=10/num_cycles=5/density=0.5/samp_size=100/seed=1/dataset.npz
    wildcards: regime=easy, d=10, num_cycles=5, density=0.5, samp_size=100, seed=1, method=lacerda
    resources: tmpdir=/tmp
[Wed Apr 29 22:32:56 2026]
Finished jobid: 150 (Rule: synth_evaluate)
312 of 328 steps (95%) done
[Wed Apr 29 22:32:56 2026]
Finished jobid: 207 (Rule: synth_evaluate)
313 of 328 steps (95%) done
[Wed Apr 29 22:32:56 2026]
Finished jobid: 310 (Rule: synth_evaluate)
314 of 328 steps (96%) done
[Wed Apr 29 22:32:56 2026]
Finished jobid: 186 (Rule: synth_evaluate)
315 of 328 steps (96%) done
[Wed Apr 29 22:32:56 2026]
Finished jobid: 185 (Rule: synth_fit)
316 of 328 steps (96%) done
Select jobs to execute...
Execute 1 jobs...
[Wed Apr 29 22:32:56 2026]
localrule synth_evaluate:
    input: results/synth/regime=easy/d=10/num_cycles=5/density=0.5/samp_size=50/seed=0/dataset.npz, results/synth/regime=easy/d=10/num_cycles=5/density=0.5/samp_size=50/seed=0/method=lacerda/model.pkl
    output: results/synth/regime=easy/d=10/num_cycles=5/density=0.5/samp_size=50/seed=0/method=lacerda/metrics.csv
    jobid: 183
    reason: Missing output files: results/synth/regime=easy/d=10/num_cycles=5/density=0.5/samp_size=50/seed=0/method=lacerda/metrics.csv; Input files updated by another job: results/synth/regime=easy/d=10/num_cycles=5/density=0.5/samp_size=50/seed=0/method=lacerda/model.pkl, results/synth/regime=easy/d=10/num_cycles=5/density=0.5/samp_size=50/seed=0/dataset.npz
    wildcards: regime=easy, d=10, num_cycles=5, density=0.5, samp_size=50, seed=0, method=lacerda
    resources: tmpdir=/tmp
[Wed Apr 29 22:32:56 2026]
Finished jobid: 104 (Rule: synth_evaluate)
317 of 328 steps (97%) done
[Wed Apr 29 22:32:56 2026]
Finished jobid: 62 (Rule: synth_evaluate)
318 of 328 steps (97%) done
[Wed Apr 29 22:32:56 2026]
Finished jobid: 268 (Rule: synth_evaluate)
319 of 328 steps (97%) done
Select jobs to execute...
Execute 1 jobs...
[Wed Apr 29 22:32:56 2026]
localrule synth_plot:
    input: results/synth/regime=easy/d=10/num_cycles=3/density=0.8/samp_size=50/seed=0/method=lacerda/metrics.csv, results/synth/regime=easy/d=10/num_cycles=3/density=0.8/samp_size=50/seed=1/method=lacerda/metrics.csv, results/synth/regime=easy/d=10/num_cycles=3/density=0.8/samp_size=50/seed=2/method=lacerda/metrics.csv, results/synth/regime=easy/d=10/num_cycles=3/density=0.8/samp_size=100/seed=0/method=lacerda/metrics.csv, results/synth/regime=easy/d=10/num_cycles=3/density=0.8/samp_size=100/seed=1/method=lacerda/metrics.csv, results/synth/regime=easy/d=10/num_cycles=3/density=0.8/samp_size=100/seed=2/method=lacerda/metrics.csv, results/synth/regime=easy/d=10/num_cycles=3/density=0.8/samp_size=500/seed=0/method=lacerda/metrics.csv, results/synth/regime=easy/d=10/num_cycles=3/density=0.8/samp_size=500/seed=1/method=lacerda/metrics.csv, results/synth/regime=easy/d=10/num_cycles=3/density=0.8/samp_size=500/seed=2/method=lacerda/metrics.csv, results/synth/regime=easy/d=10/num_cycles=3/density=0.8/samp_size=1000/seed=0/method=lacerda/metrics.csv, results/synth/regime=easy/d=10/num_cycles=3/density=0.8/samp_size=1000/seed=1/method=lacerda/metrics.csv, results/synth/regime=easy/d=10/num_cycles=3/density=0.8/samp_size=1000/seed=2/method=lacerda/metrics.csv, results/synth/regime=easy/d=10/num_cycles=4/density=0.8/samp_size=50/seed=0/method=lacerda/metrics.csv, results/synth/regime=easy/d=10/num_cycles=4/density=0.8/samp_size=50/seed=1/method=lacerda/metrics.csv, results/synth/regime=easy/d=10/num_cycles=4/density=0.8/samp_size=50/seed=2/method=lacerda/metrics.csv, results/synth/regime=easy/d=10/num_cycles=4/density=0.8/samp_size=100/seed=0/method=lacerda/metrics.csv, results/synth/regime=easy/d=10/num_cycles=4/density=0.8/samp_size=100/seed=1/method=lacerda/metrics.csv, results/synth/regime=easy/d=10/num_cycles=4/density=0.8/samp_size=100/seed=2/method=lacerda/metrics.csv, results/synth/regime=easy/d=10/num_cycles=4/density=0.8/samp_size=500/seed=0/method=lacerda/metrics.csv, results/synth/regime=easy/d=10/num_cycles=4/density=0.8/samp_size=500/seed=1/method=lacerda/metrics.csv, results/synth/regime=easy/d=10/num_cycles=4/density=0.8/samp_size=500/seed=2/method=lacerda/metrics.csv, results/synth/regime=easy/d=10/num_cycles=4/density=0.8/samp_size=1000/seed=0/method=lacerda/metrics.csv, results/synth/regime=easy/d=10/num_cycles=4/density=0.8/samp_size=1000/seed=1/method=lacerda/metrics.csv, results/synth/regime=easy/d=10/num_cycles=4/density=0.8/samp_size=1000/seed=2/method=lacerda/metrics.csv, results/synth/regime=easy/d=10/num_cycles=5/density=0.8/samp_size=50/seed=0/method=lacerda/metrics.csv, results/synth/regime=easy/d=10/num_cycles=5/density=0.8/samp_size=50/seed=1/method=lacerda/metrics.csv, results/synth/regime=easy/d=10/num_cycles=5/density=0.8/samp_size=50/seed=2/method=lacerda/metrics.csv, results/synth/regime=easy/d=10/num_cycles=5/density=0.8/samp_size=100/seed=0/method=lacerda/metrics.csv, results/synth/regime=easy/d=10/num_cycles=5/density=0.8/samp_size=100/seed=1/method=lacerda/metrics.csv, results/synth/regime=easy/d=10/num_cycles=5/density=0.8/samp_size=100/seed=2/method=lacerda/metrics.csv, results/synth/regime=easy/d=10/num_cycles=5/density=0.8/samp_size=500/seed=0/method=lacerda/metrics.csv, results/synth/regime=easy/d=10/num_cycles=5/density=0.8/samp_size=500/seed=1/method=lacerda/metrics.csv, results/synth/regime=easy/d=10/num_cycles=5/density=0.8/samp_size=500/seed=2/method=lacerda/metrics.csv, results/synth/regime=easy/d=10/num_cycles=5/density=0.8/samp_size=1000/seed=0/method=lacerda/metrics.csv, results/synth/regime=easy/d=10/num_cycles=5/density=0.8/samp_size=1000/seed=1/method=lacerda/metrics.csv, results/synth/regime=easy/d=10/num_cycles=5/density=0.8/samp_size=1000/seed=2/method=lacerda/metrics.csv
    output: results/synth_main_regime=easy_density=0.8.pdf
    jobid: 219
    reason: Missing output files: results/synth_main_regime=easy_density=0.8.pdf; Input files updated by another job: results/synth/regime=easy/d=10/num_cycles=4/density=0.8/samp_size=500/seed=1/method=lacerda/metrics.csv, results/synth/regime=easy/d=10/num_cycles=5/density=0.8/samp_size=1000/seed=1/method=lacerda/metrics.csv, results/synth/regime=easy/d=10/num_cycles=5/density=0.8/samp_size=50/seed=2/method=lacerda/metrics.csv, results/synth/regime=easy/d=10/num_cycles=4/density=0.8/samp_size=500/seed=0/method=lacerda/metrics.csv, results/synth/regime=easy/d=10/num_cycles=3/density=0.8/samp_size=1000/seed=2/method=lacerda/metrics.csv, results/synth/regime=easy/d=10/num_cycles=3/density=0.8/samp_size=50/seed=1/method=lacerda/metrics.csv, results/synth/regime=easy/d=10/num_cycles=4/density=0.8/samp_size=50/seed=0/method=lacerda/metrics.csv, results/synth/regime=easy/d=10/num_cycles=4/density=0.8/samp_size=100/seed=0/method=lacerda/metrics.csv, results/synth/regime=easy/d=10/num_cycles=4/density=0.8/samp_size=100/seed=1/method=lacerda/metrics.csv, results/synth/regime=easy/d=10/num_cycles=4/density=0.8/samp_size=1000/seed=0/method=lacerda/metrics.csv, results/synth/regime=easy/d=10/num_cycles=4/density=0.8/samp_size=1000/seed=2/method=lacerda/metrics.csv, results/synth/regime=easy/d=10/num_cycles=5/density=0.8/samp_size=500/seed=0/method=lacerda/metrics.csv, results/synth/regime=easy/d=10/num_cycles=4/density=0.8/samp_size=1000/seed=1/method=lacerda/metrics.csv, results/synth/regime=easy/d=10/num_cycles=3/density=0.8/samp_size=1000/seed=0/method=lacerda/metrics.csv, results/synth/regime=easy/d=10/num_cycles=3/density=0.8/samp_size=500/seed=0/method=lacerda/metrics.csv, results/synth/regime=easy/d=10/num_cycles=3/density=0.8/samp_size=500/seed=1/method=lacerda/metrics.csv, results/synth/regime=easy/d=10/num_cycles=5/density=0.8/samp_size=50/seed=0/method=lacerda/metrics.csv, results/synth/regime=easy/d=10/num_cycles=5/density=0.8/samp_size=100/seed=2/method=lacerda/metrics.csv, results/synth/regime=easy/d=10/num_cycles=3/density=0.8/samp_size=100/seed=1/method=lacerda/metrics.csv, results/synth/regime=easy/d=10/num_cycles=5/density=0.8/samp_size=50/seed=1/method=lacerda/metrics.csv, results/synth/regime=easy/d=10/num_cycles=3/density=0.8/samp_size=500/seed=2/method=lacerda/metrics.csv, results/synth/regime=easy/d=10/num_cycles=5/density=0.8/samp_size=1000/seed=2/method=lacerda/metrics.csv, results/synth/regime=easy/d=10/num_cycles=4/density=0.8/samp_size=50/seed=1/method=lacerda/metrics.csv, results/synth/regime=easy/d=10/num_cycles=5/density=0.8/samp_size=1000/seed=0/method=lacerda/metrics.csv, results/synth/regime=easy/d=10/num_cycles=3/density=0.8/samp_size=50/seed=2/method=lacerda/metrics.csv, results/synth/regime=easy/d=10/num_cycles=3/density=0.8/samp_size=1000/seed=1/method=lacerda/metrics.csv, results/synth/regime=easy/d=10/num_cycles=4/density=0.8/samp_size=500/seed=2/method=lacerda/metrics.csv, results/synth/regime=easy/d=10/num_cycles=3/density=0.8/samp_size=50/seed=0/method=lacerda/metrics.csv, results/synth/regime=easy/d=10/num_cycles=5/density=0.8/samp_size=100/seed=1/method=lacerda/metrics.csv, results/synth/regime=easy/d=10/num_cycles=5/density=0.8/samp_size=100/seed=0/method=lacerda/metrics.csv, results/synth/regime=easy/d=10/num_cycles=5/density=0.8/samp_size=500/seed=2/method=lacerda/metrics.csv, results/synth/regime=easy/d=10/num_cycles=4/density=0.8/samp_size=100/seed=2/method=lacerda/metrics.csv, results/synth/regime=easy/d=10/num_cycles=4/density=0.8/samp_size=50/seed=2/method=lacerda/metrics.csv, results/synth/regime=easy/d=10/num_cycles=3/density=0.8/samp_size=100/seed=2/method=lacerda/metrics.csv, results/synth/regime=easy/d=10/num_cycles=3/density=0.8/samp_size=100/seed=0/method=lacerda/metrics.csv, results/synth/regime=easy/d=10/num_cycles=5/density=0.8/samp_size=500/seed=1/method=lacerda/metrics.csv
    wildcards: regime=easy, density=0.8
    resources: tmpdir=/tmp
[Wed Apr 29 22:32:56 2026]
Finished jobid: 59 (Rule: synth_evaluate)
320 of 328 steps (98%) done
[Wed Apr 29 22:32:56 2026]
Finished jobid: 189 (Rule: synth_evaluate)
321 of 328 steps (98%) done
[Wed Apr 29 22:32:56 2026]
Finished jobid: 14 (Rule: synth_evaluate)
322 of 328 steps (98%) done
Select jobs to execute...
Execute 1 jobs...
[Wed Apr 29 22:32:56 2026]
localrule synth_plot:
    input: results/synth/regime=easy/d=10/num_cycles=3/density=0.3/samp_size=50/seed=0/method=lacerda/metrics.csv, results/synth/regime=easy/d=10/num_cycles=3/density=0.3/samp_size=50/seed=1/method=lacerda/metrics.csv, results/synth/regime=easy/d=10/num_cycles=3/density=0.3/samp_size=50/seed=2/method=lacerda/metrics.csv, results/synth/regime=easy/d=10/num_cycles=3/density=0.3/samp_size=100/seed=0/method=lacerda/metrics.csv, results/synth/regime=easy/d=10/num_cycles=3/density=0.3/samp_size=100/seed=1/method=lacerda/metrics.csv, results/synth/regime=easy/d=10/num_cycles=3/density=0.3/samp_size=100/seed=2/method=lacerda/metrics.csv, results/synth/regime=easy/d=10/num_cycles=3/density=0.3/samp_size=500/seed=0/method=lacerda/metrics.csv, results/synth/regime=easy/d=10/num_cycles=3/density=0.3/samp_size=500/seed=1/method=lacerda/metrics.csv, results/synth/regime=easy/d=10/num_cycles=3/density=0.3/samp_size=500/seed=2/method=lacerda/metrics.csv, results/synth/regime=easy/d=10/num_cycles=3/density=0.3/samp_size=1000/seed=0/method=lacerda/metrics.csv, results/synth/regime=easy/d=10/num_cycles=3/density=0.3/samp_size=1000/seed=1/method=lacerda/metrics.csv, results/synth/regime=easy/d=10/num_cycles=3/density=0.3/samp_size=1000/seed=2/method=lacerda/metrics.csv, results/synth/regime=easy/d=10/num_cycles=4/density=0.3/samp_size=50/seed=0/method=lacerda/metrics.csv, results/synth/regime=easy/d=10/num_cycles=4/density=0.3/samp_size=50/seed=1/method=lacerda/metrics.csv, results/synth/regime=easy/d=10/num_cycles=4/density=0.3/samp_size=50/seed=2/method=lacerda/metrics.csv, results/synth/regime=easy/d=10/num_cycles=4/density=0.3/samp_size=100/seed=0/method=lacerda/metrics.csv, results/synth/regime=easy/d=10/num_cycles=4/density=0.3/samp_size=100/seed=1/method=lacerda/metrics.csv, results/synth/regime=easy/d=10/num_cycles=4/density=0.3/samp_size=100/seed=2/method=lacerda/metrics.csv, results/synth/regime=easy/d=10/num_cycles=4/density=0.3/samp_size=500/seed=0/method=lacerda/metrics.csv, results/synth/regime=easy/d=10/num_cycles=4/density=0.3/samp_size=500/seed=1/method=lacerda/metrics.csv, results/synth/regime=easy/d=10/num_cycles=4/density=0.3/samp_size=500/seed=2/method=lacerda/metrics.csv, results/synth/regime=easy/d=10/num_cycles=4/density=0.3/samp_size=1000/seed=0/method=lacerda/metrics.csv, results/synth/regime=easy/d=10/num_cycles=4/density=0.3/samp_size=1000/seed=1/method=lacerda/metrics.csv, results/synth/regime=easy/d=10/num_cycles=4/density=0.3/samp_size=1000/seed=2/method=lacerda/metrics.csv, results/synth/regime=easy/d=10/num_cycles=5/density=0.3/samp_size=50/seed=0/method=lacerda/metrics.csv, results/synth/regime=easy/d=10/num_cycles=5/density=0.3/samp_size=50/seed=1/method=lacerda/metrics.csv, results/synth/regime=easy/d=10/num_cycles=5/density=0.3/samp_size=50/seed=2/method=lacerda/metrics.csv, results/synth/regime=easy/d=10/num_cycles=5/density=0.3/samp_size=100/seed=0/method=lacerda/metrics.csv, results/synth/regime=easy/d=10/num_cycles=5/density=0.3/samp_size=100/seed=1/method=lacerda/metrics.csv, results/synth/regime=easy/d=10/num_cycles=5/density=0.3/samp_size=100/seed=2/method=lacerda/metrics.csv, results/synth/regime=easy/d=10/num_cycles=5/density=0.3/samp_size=500/seed=0/method=lacerda/metrics.csv, results/synth/regime=easy/d=10/num_cycles=5/density=0.3/samp_size=500/seed=1/method=lacerda/metrics.csv, results/synth/regime=easy/d=10/num_cycles=5/density=0.3/samp_size=500/seed=2/method=lacerda/metrics.csv, results/synth/regime=easy/d=10/num_cycles=5/density=0.3/samp_size=1000/seed=0/method=lacerda/metrics.csv, results/synth/regime=easy/d=10/num_cycles=5/density=0.3/samp_size=1000/seed=1/method=lacerda/metrics.csv, results/synth/regime=easy/d=10/num_cycles=5/density=0.3/samp_size=1000/seed=2/method=lacerda/metrics.csv
    output: results/synth_main_regime=easy_density=0.3.pdf
    jobid: 1
    reason: Missing output files: results/synth_main_regime=easy_density=0.3.pdf; Input files updated by another job: results/synth/regime=easy/d=10/num_cycles=3/density=0.3/samp_size=1000/seed=0/method=lacerda/metrics.csv, results/synth/regime=easy/d=10/num_cycles=3/density=0.3/samp_size=500/seed=2/method=lacerda/metrics.csv, results/synth/regime=easy/d=10/num_cycles=4/density=0.3/samp_size=100/seed=0/method=lacerda/metrics.csv, results/synth/regime=easy/d=10/num_cycles=5/density=0.3/samp_size=50/seed=1/method=lacerda/metrics.csv, results/synth/regime=easy/d=10/num_cycles=4/density=0.3/samp_size=500/seed=2/method=lacerda/metrics.csv, results/synth/regime=easy/d=10/num_cycles=5/density=0.3/samp_size=1000/seed=1/method=lacerda/metrics.csv, results/synth/regime=easy/d=10/num_cycles=5/density=0.3/samp_size=500/seed=0/method=lacerda/metrics.csv, results/synth/regime=easy/d=10/num_cycles=4/density=0.3/samp_size=100/seed=2/method=lacerda/metrics.csv, results/synth/regime=easy/d=10/num_cycles=4/density=0.3/samp_size=50/seed=2/method=lacerda/metrics.csv, results/synth/regime=easy/d=10/num_cycles=3/density=0.3/samp_size=100/seed=2/method=lacerda/metrics.csv, results/synth/regime=easy/d=10/num_cycles=4/density=0.3/samp_size=500/seed=0/method=lacerda/metrics.csv, results/synth/regime=easy/d=10/num_cycles=4/density=0.3/samp_size=50/seed=0/method=lacerda/metrics.csv, results/synth/regime=easy/d=10/num_cycles=5/density=0.3/samp_size=500/seed=1/method=lacerda/metrics.csv, results/synth/regime=easy/d=10/num_cycles=4/density=0.3/samp_size=1000/seed=2/method=lacerda/metrics.csv, results/synth/regime=easy/d=10/num_cycles=3/density=0.3/samp_size=1000/seed=1/method=lacerda/metrics.csv, results/synth/regime=easy/d=10/num_cycles=5/density=0.3/samp_size=1000/seed=0/method=lacerda/metrics.csv, results/synth/regime=easy/d=10/num_cycles=3/density=0.3/samp_size=100/seed=0/method=lacerda/metrics.csv, results/synth/regime=easy/d=10/num_cycles=5/density=0.3/samp_size=100/seed=0/method=lacerda/metrics.csv, results/synth/regime=easy/d=10/num_cycles=5/density=0.3/samp_size=100/seed=1/method=lacerda/metrics.csv, results/synth/regime=easy/d=10/num_cycles=4/density=0.3/samp_size=1000/seed=0/method=lacerda/metrics.csv, results/synth/regime=easy/d=10/num_cycles=5/density=0.3/samp_size=50/seed=0/method=lacerda/metrics.csv, results/synth/regime=easy/d=10/num_cycles=5/density=0.3/samp_size=500/seed=2/method=lacerda/metrics.csv, results/synth/regime=easy/d=10/num_cycles=3/density=0.3/samp_size=50/seed=2/method=lacerda/metrics.csv, results/synth/regime=easy/d=10/num_cycles=3/density=0.3/samp_size=50/seed=0/method=lacerda/metrics.csv, results/synth/regime=easy/d=10/num_cycles=3/density=0.3/samp_size=1000/seed=2/method=lacerda/metrics.csv, results/synth/regime=easy/d=10/num_cycles=4/density=0.3/samp_size=100/seed=1/method=lacerda/metrics.csv, results/synth/regime=easy/d=10/num_cycles=3/density=0.3/samp_size=100/seed=1/method=lacerda/metrics.csv, results/synth/regime=easy/d=10/num_cycles=5/density=0.3/samp_size=1000/seed=2/method=lacerda/metrics.csv, results/synth/regime=easy/d=10/num_cycles=5/density=0.3/samp_size=50/seed=2/method=lacerda/metrics.csv, results/synth/regime=easy/d=10/num_cycles=4/density=0.3/samp_size=500/seed=1/method=lacerda/metrics.csv, results/synth/regime=easy/d=10/num_cycles=4/density=0.3/samp_size=1000/seed=1/method=lacerda/metrics.csv, results/synth/regime=easy/d=10/num_cycles=3/density=0.3/samp_size=50/seed=1/method=lacerda/metrics.csv, results/synth/regime=easy/d=10/num_cycles=4/density=0.3/samp_size=50/seed=1/method=lacerda/metrics.csv, results/synth/regime=easy/d=10/num_cycles=3/density=0.3/samp_size=500/seed=1/method=lacerda/metrics.csv, results/synth/regime=easy/d=10/num_cycles=5/density=0.3/samp_size=100/seed=2/method=lacerda/metrics.csv, results/synth/regime=easy/d=10/num_cycles=3/density=0.3/samp_size=500/seed=0/method=lacerda/metrics.csv
    wildcards: regime=easy, density=0.3
    resources: tmpdir=/tmp
[Wed Apr 29 22:32:57 2026]
Finished jobid: 195 (Rule: synth_evaluate)
323 of 328 steps (98%) done
[Wed Apr 29 22:32:57 2026]
Finished jobid: 183 (Rule: synth_evaluate)
324 of 328 steps (99%) done
Select jobs to execute...
Execute 1 jobs...
[Wed Apr 29 22:32:57 2026]
localrule synth_plot:
    input: results/synth/regime=easy/d=10/num_cycles=3/density=0.5/samp_size=50/seed=0/method=lacerda/metrics.csv, results/synth/regime=easy/d=10/num_cycles=3/density=0.5/samp_size=50/seed=1/method=lacerda/metrics.csv, results/synth/regime=easy/d=10/num_cycles=3/density=0.5/samp_size=50/seed=2/method=lacerda/metrics.csv, results/synth/regime=easy/d=10/num_cycles=3/density=0.5/samp_size=100/seed=0/method=lacerda/metrics.csv, results/synth/regime=easy/d=10/num_cycles=3/density=0.5/samp_size=100/seed=1/method=lacerda/metrics.csv, results/synth/regime=easy/d=10/num_cycles=3/density=0.5/samp_size=100/seed=2/method=lacerda/metrics.csv, results/synth/regime=easy/d=10/num_cycles=3/density=0.5/samp_size=500/seed=0/method=lacerda/metrics.csv, results/synth/regime=easy/d=10/num_cycles=3/density=0.5/samp_size=500/seed=1/method=lacerda/metrics.csv, results/synth/regime=easy/d=10/num_cycles=3/density=0.5/samp_size=500/seed=2/method=lacerda/metrics.csv, results/synth/regime=easy/d=10/num_cycles=3/density=0.5/samp_size=1000/seed=0/method=lacerda/metrics.csv, results/synth/regime=easy/d=10/num_cycles=3/density=0.5/samp_size=1000/seed=1/method=lacerda/metrics.csv, results/synth/regime=easy/d=10/num_cycles=3/density=0.5/samp_size=1000/seed=2/method=lacerda/metrics.csv, results/synth/regime=easy/d=10/num_cycles=4/density=0.5/samp_size=50/seed=0/method=lacerda/metrics.csv, results/synth/regime=easy/d=10/num_cycles=4/density=0.5/samp_size=50/seed=1/method=lacerda/metrics.csv, results/synth/regime=easy/d=10/num_cycles=4/density=0.5/samp_size=50/seed=2/method=lacerda/metrics.csv, results/synth/regime=easy/d=10/num_cycles=4/density=0.5/samp_size=100/seed=0/method=lacerda/metrics.csv, results/synth/regime=easy/d=10/num_cycles=4/density=0.5/samp_size=100/seed=1/method=lacerda/metrics.csv, results/synth/regime=easy/d=10/num_cycles=4/density=0.5/samp_size=100/seed=2/method=lacerda/metrics.csv, results/synth/regime=easy/d=10/num_cycles=4/density=0.5/samp_size=500/seed=0/method=lacerda/metrics.csv, results/synth/regime=easy/d=10/num_cycles=4/density=0.5/samp_size=500/seed=1/method=lacerda/metrics.csv, results/synth/regime=easy/d=10/num_cycles=4/density=0.5/samp_size=500/seed=2/method=lacerda/metrics.csv, results/synth/regime=easy/d=10/num_cycles=4/density=0.5/samp_size=1000/seed=0/method=lacerda/metrics.csv, results/synth/regime=easy/d=10/num_cycles=4/density=0.5/samp_size=1000/seed=1/method=lacerda/metrics.csv, results/synth/regime=easy/d=10/num_cycles=4/density=0.5/samp_size=1000/seed=2/method=lacerda/metrics.csv, results/synth/regime=easy/d=10/num_cycles=5/density=0.5/samp_size=50/seed=0/method=lacerda/metrics.csv, results/synth/regime=easy/d=10/num_cycles=5/density=0.5/samp_size=50/seed=1/method=lacerda/metrics.csv, results/synth/regime=easy/d=10/num_cycles=5/density=0.5/samp_size=50/seed=2/method=lacerda/metrics.csv, results/synth/regime=easy/d=10/num_cycles=5/density=0.5/samp_size=100/seed=0/method=lacerda/metrics.csv, results/synth/regime=easy/d=10/num_cycles=5/density=0.5/samp_size=100/seed=1/method=lacerda/metrics.csv, results/synth/regime=easy/d=10/num_cycles=5/density=0.5/samp_size=100/seed=2/method=lacerda/metrics.csv, results/synth/regime=easy/d=10/num_cycles=5/density=0.5/samp_size=500/seed=0/method=lacerda/metrics.csv, results/synth/regime=easy/d=10/num_cycles=5/density=0.5/samp_size=500/seed=1/method=lacerda/metrics.csv, results/synth/regime=easy/d=10/num_cycles=5/density=0.5/samp_size=500/seed=2/method=lacerda/metrics.csv, results/synth/regime=easy/d=10/num_cycles=5/density=0.5/samp_size=1000/seed=0/method=lacerda/metrics.csv, results/synth/regime=easy/d=10/num_cycles=5/density=0.5/samp_size=1000/seed=1/method=lacerda/metrics.csv, results/synth/regime=easy/d=10/num_cycles=5/density=0.5/samp_size=1000/seed=2/method=lacerda/metrics.csv
    output: results/synth_main_regime=easy_density=0.5.pdf
    jobid: 110
    reason: Missing output files: results/synth_main_regime=easy_density=0.5.pdf; Input files updated by another job: results/synth/regime=easy/d=10/num_cycles=3/density=0.5/samp_size=500/seed=1/method=lacerda/metrics.csv, results/synth/regime=easy/d=10/num_cycles=3/density=0.5/samp_size=1000/seed=1/method=lacerda/metrics.csv, results/synth/regime=easy/d=10/num_cycles=5/density=0.5/samp_size=100/seed=2/method=lacerda/metrics.csv, results/synth/regime=easy/d=10/num_cycles=3/density=0.5/samp_size=50/seed=1/method=lacerda/metrics.csv, results/synth/regime=easy/d=10/num_cycles=4/density=0.5/samp_size=100/seed=0/method=lacerda/metrics.csv, results/synth/regime=easy/d=10/num_cycles=4/density=0.5/samp_size=500/seed=0/method=lacerda/metrics.csv, results/synth/regime=easy/d=10/num_cycles=4/density=0.5/samp_size=1000/seed=1/method=lacerda/metrics.csv, results/synth/regime=easy/d=10/num_cycles=5/density=0.5/samp_size=500/seed=0/method=lacerda/metrics.csv, results/synth/regime=easy/d=10/num_cycles=4/density=0.5/samp_size=1000/seed=2/method=lacerda/metrics.csv, results/synth/regime=easy/d=10/num_cycles=5/density=0.5/samp_size=500/seed=1/method=lacerda/metrics.csv, results/synth/regime=easy/d=10/num_cycles=5/density=0.5/samp_size=50/seed=0/method=lacerda/metrics.csv, results/synth/regime=easy/d=10/num_cycles=5/density=0.5/samp_size=1000/seed=0/method=lacerda/metrics.csv, results/synth/regime=easy/d=10/num_cycles=4/density=0.5/samp_size=100/seed=1/method=lacerda/metrics.csv, results/synth/regime=easy/d=10/num_cycles=4/density=0.5/samp_size=50/seed=1/method=lacerda/metrics.csv, results/synth/regime=easy/d=10/num_cycles=5/density=0.5/samp_size=1000/seed=2/method=lacerda/metrics.csv, results/synth/regime=easy/d=10/num_cycles=3/density=0.5/samp_size=100/seed=0/method=lacerda/metrics.csv, results/synth/regime=easy/d=10/num_cycles=4/density=0.5/samp_size=500/seed=1/method=lacerda/metrics.csv, results/synth/regime=easy/d=10/num_cycles=5/density=0.5/samp_size=50/seed=2/method=lacerda/metrics.csv, results/synth/regime=easy/d=10/num_cycles=3/density=0.5/samp_size=50/seed=2/method=lacerda/metrics.csv, results/synth/regime=easy/d=10/num_cycles=4/density=0.5/samp_size=100/seed=2/method=lacerda/metrics.csv, results/synth/regime=easy/d=10/num_cycles=3/density=0.5/samp_size=1000/seed=2/method=lacerda/metrics.csv, results/synth/regime=easy/d=10/num_cycles=5/density=0.5/samp_size=1000/seed=1/method=lacerda/metrics.csv, results/synth/regime=easy/d=10/num_cycles=3/density=0.5/samp_size=50/seed=0/method=lacerda/metrics.csv, results/synth/regime=easy/d=10/num_cycles=3/density=0.5/samp_size=1000/seed=0/method=lacerda/metrics.csv, results/synth/regime=easy/d=10/num_cycles=4/density=0.5/samp_size=500/seed=2/method=lacerda/metrics.csv, results/synth/regime=easy/d=10/num_cycles=5/density=0.5/samp_size=50/seed=1/method=lacerda/metrics.csv, results/synth/regime=easy/d=10/num_cycles=5/density=0.5/samp_size=100/seed=0/method=lacerda/metrics.csv, results/synth/regime=easy/d=10/num_cycles=3/density=0.5/samp_size=100/seed=2/method=lacerda/metrics.csv, results/synth/regime=easy/d=10/num_cycles=4/density=0.5/samp_size=50/seed=0/method=lacerda/metrics.csv, results/synth/regime=easy/d=10/num_cycles=4/density=0.5/samp_size=50/seed=2/method=lacerda/metrics.csv, results/synth/regime=easy/d=10/num_cycles=4/density=0.5/samp_size=1000/seed=0/method=lacerda/metrics.csv, results/synth/regime=easy/d=10/num_cycles=5/density=0.5/samp_size=100/seed=1/method=lacerda/metrics.csv, results/synth/regime=easy/d=10/num_cycles=5/density=0.5/samp_size=500/seed=2/method=lacerda/metrics.csv, results/synth/regime=easy/d=10/num_cycles=3/density=0.5/samp_size=500/seed=2/method=lacerda/metrics.csv, results/synth/regime=easy/d=10/num_cycles=3/density=0.5/samp_size=500/seed=0/method=lacerda/metrics.csv, results/synth/regime=easy/d=10/num_cycles=3/density=0.5/samp_size=100/seed=1/method=lacerda/metrics.csv
    wildcards: regime=easy, density=0.5
    resources: tmpdir=/tmp
[Wed Apr 29 22:32:58 2026]
Finished jobid: 219 (Rule: synth_plot)
325 of 328 steps (99%) done
[Wed Apr 29 22:32:58 2026]
Finished jobid: 1 (Rule: synth_plot)
326 of 328 steps (99%) done
[Wed Apr 29 22:32:58 2026]
Finished jobid: 110 (Rule: synth_plot)
327 of 328 steps (99.7%) done
Select jobs to execute...
Execute 1 jobs...
[Wed Apr 29 22:32:58 2026]
localrule all:
    input: results/synth_main_regime=easy_density=0.3.pdf, results/synth_main_regime=easy_density=0.5.pdf, results/synth_main_regime=easy_density=0.8.pdf
    jobid: 0
    reason: Input files updated by another job: results/synth_main_regime=easy_density=0.8.pdf, results/synth_main_regime=easy_density=0.3.pdf, results/synth_main_regime=easy_density=0.5.pdf
    resources: tmpdir=/tmp
[Wed Apr 29 22:32:58 2026]
Finished jobid: 0 (Rule: all)
328 of 328 steps (100%) done
Complete log(s): /home/fmfsa/Repositories/repare_cycle/src/expt/workflow/.snakemake/log/2026-04-29T223244.068772.snakemake.log
